97046 97152
3.508
3.508
3.508
3.508
3.508
3.508
3.508
3.508
3.508
3.508
3.508
3.508
3.508
3.508
3.508
3.508
3.508
3.508
3.508
3.508
3.508
3.508
3.508
3.508
3.508
3.508
3.508
3.508
3.508
3.508
3.508
3.508
3.508
3.508
3.508
3.508
3.508
3.508
3.508
3.508
3.508
3.508
3.508
3.508
3.508
3.508
3.508
3.508
3.508
3.508
3.508
3.508
3.508
3.508
3.508
3.508
3.508
3.508
3.508
3.508
3.508
3.508
3.508
3.508
3.508
3.508
3.508
3.508
3.508
3.508
3.508
3.508
3.508
3.508
3.508
3.508
3.508
3.508
3.508
3.508
3.508
3.508
3.508
3.508
3.508
3.508
3.508
3.508
3.508
3.508
3.508
3.508
3.508
3.508
3.508
3.508
3.508
3.508
3.508
3.508
3.508
3.508
3.508
3.508
3.508
3.508
3.508
3.508
3.508
3.508
3.508
3.508
3.508
3.508
3.508
3.508
3.508
3.508
3.508
3.508
3.508
3.508
3.508
3.508
3.508
3.508
3.508
3.508
3.508
3.508
3.508
3.508
3.508
3.508
3.508
3.508
3.508
3.508
3.508
3.508
3.508
3.508
3.508
3.508
3.508
3.508
3.508
3.508
3.508
3.508
3.508
3.508
3.508
3.508
3.508
3.508
3.508
3.508
3.508
3.508
3.508
3.508
3.508
3.508
3.508
3.508
3.508
3.508
3.508
3.508
3.508
3.508
3.508
3.508
3.508
3.508
3.508
3.508
3.508
3.508
3.508
3.508
3.508
3.508
3.508
3.508
3.508
3.508
3.508
3.508
3.508
3.508
3.508
3.508
3.508
3.508
3.508
3.508
3.508
3.508
3.508
3.508
3.508
3.508
3.508
3.508
3.508
3.508
3.508
3.508
3.508
3.508
3.508
3.508
3.508
3.508
3.508
3.508
3.508
3.508
3.508
3.508
3.508
3.508
3.508
3.508
3.508
3.508
3.508
3.508
3.508
3.508
3.508
3.508
3.508
3.508
3.508
3.508
3.508
3.508
3.508
3.508
3.508
3.508
3.508
3.508
3.508
3.508
3.508
3.508
3.508
3.508
3.508
3.508
3.508
3.508
3.508
3.508
3.508
3.508
3.508
3.508
3.508
3.508
3.508
3.508
3.508
3.508
3.508
3.508
3.508
3.508
3.508
3.508
3.508
3.508
3.508
3.508
3.508
3.508
3.508
3.508
3.508
3.508
3.508
3.508
3.508
3.508
3.508
3.508
3.508
3.508
3.508
3.508
3.508
3.508
3.508
3.508
3.508
3.508
3.508
3.508
3.508
3.508
3.508
3.508
3.508
3.508
3.508
3.508
3.508
3.508
3.508
3.508
3.508
3.508
3.508
3.508
3.508
3.508
3.508
3.508
3.508
3.508
3.508
3.508
3.508
3.508
3.508
3.508
3.508
3.508
3.508
3.508
3.508
3.508
3.508
3.508
3.508
3.508
3.508
3.508
3.508
3.508
3.508
3.508
3.508
3.508
3.508
3.508
3.508
3.508
3.508
3.508
3.508
3.508
3.508
3.508
3.508
3.508
3.508
3.508
3.508
3.508
3.508
3.508
3.508
3.508
3.508
3.508
3.508
3.508
3.508
3.508
3.508
3.508
3.508
3.508
3.508
3.508
3.508
3.508
3.508
3.508
3.508
3.508
3.508
3.508
3.508
3.508
3.508
3.508
3.508
3.508
3.508
3.508
3.508
3.508
3.508
3.508
3.508
3.508
3.508
3.508
3.508
3.508
3.508
3.508
3.508
3.508
3.508
3.508
3.508
3.508
3.508
3.508
3.508
3.508
3.508
3.508
3.508
3.508
3.508
3.508
3.508
3.508
3.508
3.508
3.508
3.508
3.508
3.508
3.508
3.508
3.508
3.508
3.508
3.508
3.508
3.508
3.508
3.508
3.508
3.508
3.508
3.508
3.508
3.508
3.508
3.508
3.508
3.508
3.508
3.508
3.508
3.508
3.508
3.508
3.508
3.508
3.508
3.508
3.508
3.508
3.508
3.508
3.508
3.508
3.508
3.508
3.508
3.508
3.508
3.508
3.508
3.508
3.508
3.508
3.508
3.508
3.508
3.508
3.508
3.508
3.508
3.508
3.508
3.508
3.508
3.508
3.508
3.508
3.508
3.508
3.508
3.508
3.508
3.508
3.508
3.508
3.508
3.508
3.508
3.508
3.508
3.508
3.508
3.508
3.508
3.508
3.508
3.508
3.508
3.508
3.508
3.508
3.508
3.508
3.508
3.508
3.508
3.508
3.508
3.508
3.508
3.508
3.508
3.508
3.508
3.508
3.508
3.508
3.508
3.508
3.508
3.508
3.508
3.508
3.508
3.508
3.508
3.508
3.508
3.508
3.508
3.508
3.508
3.508
3.508
3.508
3.508
3.508
3.508
3.508
3.508
3.508
3.508
3.508
3.508
3.508
3.508
3.508
3.508
3.508
3.508
3.508
3.508
3.508
3.508
3.508
3.508
3.508
3.508
3.508
3.508
3.508
3.508
3.508
3.508
3.508
3.508
3.508
3.508
3.508
3.508
3.508
3.508
3.508
3.508
3.508
3.508
3.508
3.508
3.508
3.508
3.508
3.508
3.508
3.508
3.508
3.508
3.508
3.508
3.508
3.508
3.508
3.508
3.508
3.508
3.508
3.508
3.508
3.508
3.508
3.508
3.508
3.508
3.508
3.508
3.508
3.508
3.508
3.508
3.508
3.508
3.508
3.508
3.508
3.508
3.508
3.508
3.508
3.508
3.508
3.508
3.508
3.508
3.508
3.508
3.508
3.508
3.508
3.508
3.508
3.508
3.508
3.508
3.508
3.508
3.508
3.508
3.508
3.508
3.508
3.508
3.508
3.508
3.508
3.508
3.508
3.508
3.508
3.508
3.508
3.508
3.508
3.508
3.508
3.508
3.508
3.508
3.508
3.508
3.508
3.508
3.508
3.508
3.508
3.508
3.508
3.508
3.508
3.508
3.508
3.508
3.508
3.508
3.508
3.508
3.508
3.508
3.508
3.508
3.508
3.508
3.508
3.508
3.508
3.508
3.508
3.508
3.508
3.508
3.508
3.508
3.508
3.508
3.508
3.508
3.508
3.508
3.508
3.508
3.508
3.508
3.508
3.508
3.508
3.508
3.508
3.508
3.508
3.508
3.508
3.508
3.508
3.508
3.508
3.508
3.508
3.508
3.508
3.508
3.508
3.508
3.508
3.508
3.508
3.508
3.508
3.508
3.508
3.508
3.508
3.508
3.508
3.508
3.508
3.508
3.508
3.508
3.508
3.508
3.508
3.508
3.508
3.508
3.508
3.508
3.508
3.508
3.508
3.508
3.508
3.508
3.508
3.508
3.508
3.508
3.508
3.508
3.508
3.508
3.508
3.508
3.508
3.508
3.508
3.508
3.508
3.508
3.508
3.508
3.508
3.508
3.508
3.508
3.508
3.508
3.508
3.508
3.508
3.508
3.508
3.508
3.508
3.508
3.508
3.508
3.508
3.508
3.508
3.508
3.508
3.508
3.508
3.508
3.508
3.508
3.508
3.508
3.508
3.508
3.508
3.508
3.508
3.508
3.508
3.508
3.508
3.508
3.508
3.508
3.508
3.508
3.508
3.508
3.508
3.508
3.508
3.508
3.508
3.508
3.508
3.508
3.508
3.508
3.508
3.508
3.508
3.508
3.508
3.508
3.508
3.508
3.508
3.508
3.508
3.508
3.508
3.508
3.508
3.508
3.508
3.508
3.508
3.508
3.508
3.508
3.508
3.508
3.508
3.508
3.508
3.508
3.508
3.508
3.508
3.508
3.508
3.508
3.508
3.508
3.508
3.508
3.508
3.508
3.508
3.508
3.508
3.508
3.508
3.508
3.508
3.508
3.508
3.508
3.508
3.508
3.508
3.508
3.508
3.508
3.508
3.508
3.508
3.508
3.508
3.508
3.508
3.508
3.508
3.508
3.508
3.508
3.508
3.508
3.508
3.508
3.508
3.508
3.508
3.508
3.508
3.508
3.508
3.508
3.508
3.508
3.508
3.508
3.508
3.508
3.508
3.508
3.508
3.508
3.508
3.508
3.508
3.508
3.508
3.508
3.508
3.508
3.508
3.508
3.508
3.508
3.508
3.508
3.508
3.508
3.508
3.508
3.508
3.508
3.508
3.508
3.508
3.508
3.508
3.508
3.508
3.508
3.508
3.508
3.508
3.508
3.508
3.508
3.508
3.508
3.508
3.508
3.508
3.508
3.508
3.508
3.508
3.508
3.508
3.508
3.508
3.508
3.508
3.508
3.508
3.508
3.508
3.508
3.508
3.508
3.508
3.508
3.508
3.508
3.508
3.508
3.508
3.508
3.508
3.508
3.508
3.508
3.508
3.508
3.508
3.508
3.508
3.508
3.508
3.508
3.508
3.508
3.508
3.508
3.508
3.508
3.508
3.508
3.508
3.508
3.508
3.508
3.508
3.508
3.508
3.508
3.508
3.508
3.508
3.508
3.508
3.508
3.508
3.508
3.508
3.508
3.508
3.508
3.508
3.508
3.508
3.508
3.508
3.508
3.508
3.508
3.508
3.508
3.508
3.508
3.508
3.508
3.508
3.508
3.508
3.508
3.508
3.508
3.508
3.508
3.508
3.508
3.508
3.508
3.508
3.508
3.508
3.508
3.508
3.508
3.508
3.508
3.508
3.508
3.508
3.508
3.508
3.508
3.508
3.508
3.508
3.508
3.508
3.508
3.508
3.508
3.508
3.508
3.508
3.508
3.508
3.508
3.508
3.508
3.508
3.508
3.508
3.508
3.508
3.508
3.508
3.508
3.508
3.508
3.508
3.508
3.508
3.508
3.508
3.508
3.508
3.508
3.508
3.508
3.508
3.508
3.508
3.508
3.508
3.508
3.508
3.508
3.508
3.508
3.508
3.508
3.508
3.508
3.508
3.508
3.508
3.508
3.508
3.508
3.508
3.508
3.508
3.508
3.508
3.508
3.508
3.508
3.508
3.508
3.508
3.508
3.508
3.508
3.508
3.508
3.508
3.508
3.508
3.508
3.508
3.508
3.508
3.508
3.508
3.508
3.508
3.508
3.508
3.508
3.508
3.508
3.508
3.508
3.508
3.508
3.508
3.508
3.508
3.508
3.508
3.508
3.508
3.508
3.508
3.508
3.508
3.508
3.508
3.508
3.508
3.508
3.508
3.508
3.508
3.508
3.508
3.508
3.508
3.508
3.508
3.508
3.508
3.508
3.508
3.508
3.508
3.508
3.508
3.508
3.508
3.508
3.508
3.508
3.508
3.508
3.508
3.508
3.508
3.508
3.508
3.508
3.508
3.508
3.508
3.508
3.508
3.508
3.508
3.508
3.508
3.508
3.508
3.508
3.508
3.508
3.508
3.508
3.508
3.508
3.508
3.508
3.508
3.508
3.508
3.508
3.508
3.508
3.508
3.508
3.508
3.508
3.508
3.508
3.508
3.508
3.508
3.508
3.508
3.508
3.508
3.508
3.508
3.508
3.508
3.508
3.508
3.508
3.508
3.508
3.508
3.508
3.508
3.508
3.508
3.508
3.508
3.508
3.508
3.508
3.508
3.508
3.508
3.508
3.508
3.508
3.508
3.508
3.508
3.508
3.508
3.508
3.508
3.508
3.508
3.508
3.508
3.508
3.508
3.508
3.508
3.508
3.508
3.508
3.508
3.508
3.508
3.508
3.508
3.508
3.508
3.508
3.508
3.508
3.508
3.508
3.508
3.508
3.508
3.508
3.508
3.508
3.508
3.508
3.508
3.508
3.508
3.508
3.508
3.508
3.508
3.508
3.508
3.508
3.508
3.508
3.508
3.508
3.508
3.508
3.508
3.508
3.508
3.508
3.508
3.508
3.508
3.508
3.508
3.508
3.508
3.508
3.508
3.508
3.508
3.508
3.508
3.508
3.508
3.508
3.508
3.508
3.508
3.508
3.508
3.508
3.508
3.508
3.508
3.508
3.508
3.508
3.508
3.508
3.508
3.508
3.508
3.508
3.508
3.508
3.508
3.508
3.508
3.508
3.508
3.508
3.508
3.508
3.508
3.508
3.508
3.508
3.508
3.508
3.508
3.508
3.508
3.508
3.508
3.508
3.508
3.508
3.508
3.508
3.508
3.508
3.508
3.508
3.508
3.508
3.508
3.508
3.508
3.508
3.508
3.508
3.508
3.508
3.508
3.508
3.508
3.508
3.508
3.508
3.508
3.508
3.508
3.508
3.508
3.508
3.508
3.508
3.508
3.508
3.508
3.508
3.508
3.508
3.508
3.508
3.508
3.508
3.508
3.508
3.508
3.508
3.508
3.508
3.508
3.508
3.508
3.508
3.508
3.508
3.508
3.508
3.508
3.508
3.508
3.508
3.508
3.508
3.508
3.508
3.508
3.508
3.508
3.508
3.508
3.508
3.508
3.508
3.508
3.508
3.508
3.508
3.508
3.508
3.508
3.508
3.508
3.508
3.508
3.508
3.508
3.508
3.508
3.508
3.508
3.508
3.508
3.508
3.508
3.508
3.508
3.508
3.508
3.508
3.508
3.508
3.508
3.508
3.508
3.508
3.508
3.508
3.508
3.508
3.508
3.508
3.508
3.508
3.508
3.508
3.508
3.508
3.508
3.508
3.508
3.508
3.508
3.508
3.508
3.508
3.508
3.508
3.508
3.508
3.508
3.508
3.508
3.508
3.508
3.508
3.508
3.508
3.508
3.508
3.508
3.508
3.508
3.508
3.508
3.508
3.508
3.508
3.508
3.508
3.508
3.508
3.508
3.508
3.508
3.508
3.508
3.508
3.508
3.508
3.508
3.508
3.508
3.508
3.508
3.508
3.508
3.508
3.508
3.508
3.508
3.508
3.508
3.508
3.508
3.508
3.508
3.508
3.508
3.508
3.508
3.508
3.508
3.508
3.508
3.508
3.508
3.508
3.508
3.508
3.508
3.508
3.508
3.508
3.508
3.508
3.508
3.508
3.508
3.508
3.508
3.508
3.508
3.508
3.508
3.508
3.508
3.508
3.508
3.508
3.508
3.508
3.508
3.508
3.508
3.508
3.508
3.508
3.508
3.508
3.508
3.508
3.508
3.508
3.508
3.508
3.508
3.508
3.508
3.508
3.508
3.508
3.508
3.508
3.508
3.508
3.508
3.508
3.508
3.508
3.508
3.508
3.508
3.508
3.508
3.508
3.508
3.508
3.508
3.508
3.508
3.508
3.508
3.508
3.508
3.508
3.508
3.508
3.508
3.508
3.508
3.508
3.508
3.508
3.508
3.508
3.508
3.508
3.508
3.508
3.508
3.508
3.508
3.508
3.508
3.508
3.508
3.508
3.508
3.508
3.508
3.508
3.508
3.508
3.508
3.508
3.508
3.508
3.508
3.508
3.508
3.508
3.508
3.508
3.508
3.508
3.508
3.508
3.508
3.508
3.508
3.508
3.508
3.508
3.508
3.508
3.508
3.508
3.508
3.508
3.508
3.508
3.508
3.508
3.508
3.508
3.508
3.508
3.508
3.508
3.508
3.508
3.508
3.508
3.508
3.508
3.508
3.508
3.508
3.508
3.508
3.508
3.508
3.508
3.508
3.508
3.508
3.508
3.508
3.508
3.508
3.508
3.508
3.508
3.508
3.508
3.508
3.508
3.508
3.508
3.508
3.508
3.508
3.508
3.508
3.508
3.508
3.508
3.508
3.508
3.508
3.508
3.508
3.508
3.508
3.508
3.508
3.508
3.508
3.508
3.508
3.508
3.508
3.508
3.508
3.508
3.508
3.508
3.508
3.508
3.508
3.508
3.508
3.508
3.508
3.508
3.508
3.508
3.508
3.508
3.508
3.508
3.508
3.508
3.508
3.508
3.508
3.508
3.508
3.508
3.508
3.508
3.508
3.508
3.508
3.508
3.508
3.508
3.508
3.508
3.508
3.508
3.508
3.508
3.508
3.508
3.508
3.508
3.508
3.508
3.508
3.508
3.508
3.508
3.508
3.508
3.508
3.508
3.508
3.508
3.508
3.508
3.508
3.508
3.508
3.508
3.508
3.508
3.508
3.508
3.508
3.508
3.508
3.508
3.508
3.508
3.508
3.508
3.508
3.508
3.508
3.508
3.508
3.508
3.508
3.508
3.508
3.508
3.508
3.508
3.508
3.508
3.508
3.508
3.508
3.508
3.508
3.508
3.508
3.508
3.508
3.508
3.508
3.508
3.508
3.508
3.508
3.508
3.508
3.508
3.508
3.508
3.508
3.508
3.508
3.508
3.508
3.508
3.508
3.508
3.508
3.508
3.508
3.508
3.508
3.508
3.508
3.508
3.508
3.508
3.508
3.508
3.508
3.508
3.508
3.508
3.508
3.508
3.508
3.508
3.508
3.508
3.508
3.508
3.508
3.508
3.508
3.508
3.508
3.508
3.508
3.508
3.508
3.508
3.508
3.508
3.508
3.508
3.508
3.508
3.508
3.508
3.508
3.508
3.508
3.508
3.508
3.508
3.508
3.508
3.508
3.508
3.508
3.508
3.508
3.508
3.508
3.508
3.508
3.508
3.508
3.508
3.508
3.508
3.508
3.508
3.508
3.508
3.508
3.508
3.508
3.508
3.508
3.508
3.508
3.508
3.508
3.508
3.508
3.508
3.508
3.508
3.508
3.508
3.508
3.508
3.508
3.508
3.508
3.508
3.508
3.508
3.508
3.508
3.508
3.508
3.508
3.508
3.508
3.508
3.508
3.508
3.508
3.508
3.508
3.508
3.508
3.508
3.508
3.508
3.508
3.508
3.508
3.508
3.508
3.508
3.508
3.508
3.508
3.508
3.508
3.508
3.508
3.508
3.508
3.508
3.508
3.508
3.508
3.508
3.508
3.508
3.508
3.508
3.508
3.508
3.508
3.508
3.508
3.508
3.508
3.508
3.508
3.508
3.508
3.508
3.508
3.508
3.508
3.508
3.508
3.508
3.508
3.508
3.508
3.508
3.508
3.508
3.508
3.508
3.508
3.508
3.508
3.508
3.508
3.508
3.508
3.508
3.508
3.508
3.508
3.508
3.508
3.508
3.508
3.508
3.508
3.508
3.508
3.508
3.508
3.508
3.508
3.508
3.508
3.508
3.508
3.508
3.508
3.508
3.508
3.508
3.508
3.508
3.508
3.508
3.508
3.508
3.508
3.508
3.508
3.508
3.508
3.508
3.508
3.508
3.508
3.508
3.508
3.508
3.508
3.508
3.508
3.508
3.508
3.508
3.508
3.508
3.508
3.508
3.508
3.508
3.508
3.508
3.508
3.508
3.508
3.508
3.508
3.508
3.508
3.508
3.508
3.508
3.508
3.508
3.508
3.508
3.508
3.508
3.508
3.508
3.508
3.508
3.508
3.508
3.508
3.508
3.508
3.508
3.508
3.508
3.508
3.508
3.508
3.508
3.508
3.508
3.508
3.508
3.508
3.508
3.508
3.508
3.508
3.508
3.508
3.508
3.508
3.508
3.508
3.508
3.508
3.508
3.508
3.508
3.508
3.508
3.508
3.508
3.508
3.508
3.508
3.508
3.508
3.508
3.508
3.508
3.508
3.508
3.508
3.508
3.508
3.508
3.508
3.508
3.508
3.508
3.508
3.508
3.508
3.508
3.508
3.508
3.508
3.508
3.508
3.508
3.508
3.508
3.508
3.508
3.508
3.508
3.508
3.508
3.508
3.508
3.508
3.508
3.508
3.508
3.508
3.508
3.508
3.508
3.508
3.508
3.508
3.508
3.508
3.508
3.508
3.508
3.508
3.508
3.508
3.508
3.508
3.508
3.508
3.508
3.508
3.508
3.508
3.508
3.508
3.508
3.508
3.508
3.508
3.508
3.508
3.508
3.508
3.508
3.508
3.508
3.508
3.508
3.508
3.508
3.508
3.508
3.508
3.508
3.508
3.508
3.508
3.508
3.508
3.508
3.508
3.508
3.508
3.508
3.508
3.508
3.508
3.508
3.508
3.508
3.508
3.508
3.508
3.508
3.508
3.508
3.508
3.508
3.508
3.508
3.508
3.508
3.508
3.508
3.508
3.508
3.508
3.508
3.508
3.508
3.508
3.508
3.508
3.508
3.508
3.508
3.508
3.508
3.508
3.508
3.508
3.508
3.508
3.508
3.508
3.508
3.508
3.508
3.508
3.508
3.508
3.508
3.508
3.508
3.508
3.508
3.508
3.508
3.508
3.508
3.508
3.508
3.508
3.508
3.508
3.508
3.508
3.508
3.508
3.508
3.508
3.508
3.508
3.508
3.508
3.508
3.508
3.508
3.508
3.508
3.508
3.508
3.508
3.508
3.508
3.508
3.508
3.508
3.508
3.508
3.508
3.508
3.508
3.508
3.508
3.508
3.508
3.508
3.508
3.508
3.508
3.508
3.508
3.508
3.508
3.508
3.508
3.508
3.508
3.508
3.508
3.508
3.508
3.508
3.508
3.508
3.508
3.508
3.508
3.508
3.508
3.508
3.508
3.508
3.508
3.508
3.508
3.508
3.508
3.508
3.508
3.508
3.508
3.508
3.508
3.508
3.508
3.508
3.508
3.508
3.508
3.508
3.508
3.508
3.508
3.508
3.508
3.508
3.508
3.508
3.508
3.508
3.508
3.508
3.508
3.508
3.508
3.508
3.508
3.508
3.508
3.508
3.508
3.508
3.508
3.508
3.508
3.508
3.508
3.508
3.508
3.508
3.508
3.508
3.508
3.508
3.508
3.508
3.508
3.508
3.508
3.508
3.508
3.508
3.508
3.508
3.508
3.508
3.508
3.508
3.508
3.508
3.508
3.508
3.508
3.508
3.508
3.508
3.508
3.508
3.508
3.508
3.508
3.508
3.508
3.508
3.508
3.508
3.508
3.508
3.508
3.508
3.508
3.508
3.508
3.508
3.508
3.508
3.508
3.508
3.508
3.508
3.508
3.508
3.508
3.508
3.508
3.508
3.508
3.508
3.508
3.508
3.508
3.508
3.508
3.508
3.508
3.508
3.508
3.508
3.508
3.508
3.508
3.508
3.508
3.508
3.508
3.508
3.508
3.508
3.508
3.508
3.508
3.508
3.508
3.508
3.508
3.508
3.508
3.508
3.508
3.508
3.508
3.508
3.508
3.508
3.508
3.508
3.508
3.508
3.508
3.508
3.508
3.508
3.508
3.508
3.508
3.508
3.508
3.508
3.508
3.508
3.508
3.508
3.508
3.508
3.508
3.508
3.508
3.508
3.508
3.508
3.508
3.508
3.508
3.508
3.508
3.508
3.508
3.508
3.508
3.508
3.508
3.508
3.508
3.508
3.508
3.508
3.508
3.508
3.508
3.508
3.508
3.508
3.508
3.508
3.508
3.508
3.508
3.508
3.508
3.508
3.508
3.508
3.508
3.508
3.508
3.508
3.508
3.508
3.508
3.508
3.508
3.508
3.508
3.508
3.508
3.508
3.508
3.508
3.508
3.508
3.508
3.508
3.508
3.508
3.508
3.508
3.508
3.508
3.508
3.508
3.508
3.508
3.508
3.508
3.508
3.508
3.508
3.508
3.508
3.508
3.508
3.508
3.508
3.508
3.508
3.508
3.508
3.508
3.508
3.508
3.508
3.508
3.508
3.508
3.508
3.508
3.508
3.508
3.508
3.508
3.508
3.508
3.508
3.508
3.508
3.508
3.508
3.508
3.508
3.508
3.508
3.508
3.508
3.508
3.508
3.508
3.508
3.508
3.508
3.508
3.508
3.508
3.508
3.508
3.508
3.508
3.508
3.508
3.508
3.508
3.508
3.508
3.508
3.508
3.508
3.508
3.508
3.508
3.508
3.508
3.508
3.508
3.508
3.508
3.508
3.508
3.508
3.508
3.508
3.508
3.508
3.508
3.508
3.508
3.508
3.508
3.508
3.508
3.508
3.508
3.508
3.508
3.508
3.508
3.508
3.508
3.508
3.508
3.508
3.508
3.508
3.508
3.508
3.508
3.508
3.508
3.508
3.508
3.508
3.508
3.508
3.508
3.508
3.508
3.508
3.508
3.508
3.508
3.508
3.508
3.508
3.508
3.508
3.508
3.508
3.508
3.508
3.508
3.508
3.508
3.508
3.508
3.508
3.508
3.508
3.508
3.508
3.508
3.508
3.508
3.508
3.508
3.508
3.508
3.508
3.508
3.508
3.508
3.508
3.508
3.508
3.508
3.508
3.508
3.508
3.508
3.508
3.508
3.508
3.508
3.508
3.508
3.508
3.508
3.508
3.508
3.508
3.508
3.508
3.508
3.508
3.508
3.508
3.508
3.508
3.508
3.508
3.508
3.508
3.508
3.508
3.508
3.508
3.508
3.508
3.508
3.508
3.508
3.508
3.508
3.508
3.508
3.508
3.508
3.508
3.508
3.508
3.508
3.508
3.508
3.508
3.508
3.508
3.508
3.508
3.508
3.508
3.508
3.508
3.508
3.508
3.508
3.508
3.508
3.508
3.508
3.508
3.508
3.508
3.508
3.508
3.508
3.508
3.508
3.508
3.508
3.508
3.508
3.508
3.508
3.508
3.508
3.508
3.508
3.508
3.508
3.508
3.508
3.508
3.508
3.508
3.508
3.508
3.508
3.508
3.508
3.508
3.508
3.508
3.508
3.508
3.508
3.508
3.508
3.508
3.508
3.508
3.508
3.508
3.508
3.508
3.508
3.508
3.508
3.508
3.508
3.508
3.508
3.508
3.508
3.508
3.508
3.508
3.508
3.508
3.508
3.508
3.508
3.508
3.508
3.508
3.508
3.508
3.508
3.508
3.508
3.508
3.508
3.508
3.508
3.508
3.508
3.508
3.508
3.508
3.508
3.508
3.508
3.508
3.508
3.508
3.508
3.508
3.508
3.508
3.508
3.508
3.508
3.508
3.508
3.508
3.508
3.508
3.508
3.508
3.508
3.508
3.508
3.508
3.508
3.508
3.508
3.508
3.508
3.508
3.508
3.508
3.508
3.508
3.508
3.508
3.508
3.508
3.508
3.508
3.508
3.508
3.508
3.508
3.508
3.508
3.508
3.508
3.508
3.508
3.508
3.508
3.508
3.508
3.508
3.508
3.508
3.508
3.508
3.508
3.508
3.508
3.508
3.508
3.508
3.508
3.508
3.508
3.508
3.508
3.508
3.508
3.508
3.508
3.508
3.508
3.508
3.508
3.508
3.508
3.508
3.508
3.508
3.508
3.508
3.508
3.508
3.508
3.508
3.508
3.508
3.508
3.508
3.508
3.508
3.508
3.508
3.508
3.508
3.508
3.508
3.508
3.508
3.508
3.508
3.508
3.508
3.508
3.508
3.508
3.508
3.508
3.508
3.508
3.508
3.508
3.508
3.508
3.508
3.508
3.508
3.508
3.508
3.508
3.508
3.508
3.508
3.508
3.508
3.508
3.508
3.508
3.508
3.508
3.508
3.508
3.508
3.508
3.508
3.508
3.508
3.508
3.508
3.508
3.508
3.508
3.508
3.508
3.508
3.508
3.508
3.508
3.508
3.508
3.508
3.508
3.508
3.508
3.508
3.508
3.508
3.508
3.508
3.508
3.508
3.508
3.508
3.508
3.508
3.508
3.508
3.508
3.508
3.508
3.508
3.508
3.508
3.508
3.508
3.508
3.508
3.508
3.508
3.508
3.508
3.508
3.508
3.508
3.508
3.508
3.508
3.508
3.508
3.508
3.508
3.508
3.508
3.508
3.508
3.508
3.508
3.508
3.508
3.508
3.508
3.508
3.508
3.508
3.508
3.508
3.508
3.508
3.508
3.508
3.508
3.508
3.508
3.508
3.508
3.508
3.508
3.508
3.508
3.508
3.508
3.508
3.508
3.508
3.508
3.508
3.508
3.508
3.508
3.508
3.508
3.508
3.508
3.508
3.508
3.508
3.508
3.508
3.508
3.508
3.508
3.508
3.508
3.508
3.508
3.508
3.508
3.508
3.508
3.508
3.508
3.508
3.508
3.508
3.508
3.508
3.508
3.508
3.508
3.508
3.508
3.508
3.508
3.508
3.508
3.508
3.508
3.508
3.508
3.508
3.508
3.508
3.508
3.508
3.508
3.508
3.508
3.508
3.508
3.508
3.508
3.508
3.508
3.508
3.508
3.508
3.508
3.508
3.508
3.508
3.508
3.508
3.508
3.508
3.508
3.508
3.508
3.508
3.508
3.508
3.508
3.508
3.508
3.508
3.508
3.508
3.508
3.508
3.508
3.508
3.508
3.508
3.508
3.508
3.508
3.508
3.508
3.508
3.508
3.508
3.508
3.508
3.508
3.508
3.508
3.508
3.508
3.508
3.508
3.508
3.508
3.508
3.508
3.508
3.508
3.508
3.508
3.508
3.508
3.508
3.508
3.508
3.508
3.508
3.508
3.508
3.508
3.508
3.508
3.508
3.508
3.508
3.508
3.508
3.508
3.508
3.508
3.508
3.508
3.508
3.508
3.508
3.508
3.508
3.508
3.508
3.508
3.508
3.508
3.508
3.508
3.508
3.508
3.508
3.508
3.508
3.508
3.508
3.508
3.508
3.508
3.508
3.508
3.508
3.508
3.508
3.508
3.508
3.508
3.508
3.508
3.508
3.508
3.508
3.508
3.508
3.508
3.508
3.508
3.508
3.508
3.508
3.508
3.508
3.508
3.508
3.508
3.508
3.508
3.508
3.508
3.508
3.508
3.508
3.508
3.508
3.508
3.508
3.508
3.508
3.508
3.508
3.508
3.508
3.508
3.508
3.508
3.508
3.508
3.508
3.508
3.508
3.508
3.508
3.508
3.508
3.508
3.508
3.508
3.508
3.508
3.508
3.508
3.508
3.508
3.508
3.508
3.508
3.508
3.508
3.508
3.508
3.508
3.508
3.508
3.508
3.508
3.508
3.508
3.508
3.508
3.508
3.508
3.508
3.508
3.508
3.508
3.508
3.508
3.508
3.508
3.508
3.508
3.508
3.508
3.508
3.508
3.508
3.508
3.508
3.508
3.508
3.508
3.508
3.508
3.508
3.508
3.508
3.508
3.508
3.508
3.508
3.508
3.508
3.508
3.508
3.508
3.508
3.508
3.508
3.508
3.508
3.508
3.508
3.508
3.508
3.508
3.508
3.508
3.508
3.508
3.508
3.508
3.508
3.508
3.508
3.508
3.508
3.508
3.508
3.508
3.508
3.508
3.508
3.508
3.508
3.508
3.508
3.508
3.508
3.508
3.508
3.508
3.508
3.508
3.508
3.508
3.508
3.508
3.508
3.508
3.508
3.508
3.508
3.508
3.508
3.508
3.508
3.508
3.508
3.508
3.508
3.508
3.508
3.508
3.508
3.508
3.508
3.508
3.508
3.508
3.508
3.508
3.508
3.508
3.508
3.508
3.508
3.508
3.508
3.508
3.508
3.508
3.508
3.508
3.508
3.508
3.508
3.508
3.508
3.508
3.508
3.508
3.508
3.508
3.508
3.508
3.508
3.508
3.508
3.508
3.508
3.508
3.508
3.508
3.508
3.508
3.508
3.508
3.508
3.508
3.508
3.508
3.508
3.508
3.508
3.508
3.508
3.508
3.508
3.508
3.508
3.508
3.508
3.508
3.508
3.508
3.508
3.508
3.508
3.508
3.508
3.508
3.508
3.508
3.508
3.508
3.508
3.508
3.508
3.508
3.508
3.508
3.508
3.508
3.508
3.508
3.508
3.508
3.508
3.508
3.508
3.508
3.508
3.508
3.508
3.508
3.508
3.508
3.508
3.508
3.508
3.508
3.508
3.508
3.508
3.508
3.508
3.508
3.508
3.508
3.508
3.508
3.508
3.508
3.508
3.508
3.508
3.508
3.508
3.508
3.508
3.508
3.508
3.508
3.508
3.508
3.508
3.508
3.508
3.508
3.508
3.508
3.508
3.508
3.508
3.508
3.508
3.508
3.508
3.508
3.508
3.508
3.508
3.508
3.508
3.508
3.508
3.508
3.508
3.508
3.508
3.508
3.508
3.508
3.508
3.508
3.508
3.508
3.508
3.508
3.508
3.508
3.508
3.508
3.508
3.508
3.508
3.508
3.508
3.508
3.508
3.508
3.508
3.508
3.508
3.508
3.508
3.508
3.508
3.508
3.508
3.508
3.508
3.508
3.508
3.508
3.508
3.508
3.508
3.508
3.508
3.508
3.508
3.508
3.508
3.508
3.508
3.508
3.508
3.508
3.508
3.508
3.508
3.508
3.508
3.508
3.508
3.508
3.508
3.508
3.508
3.508
3.508
3.508
3.508
3.508
3.508
3.508
3.508
3.508
3.508
3.508
3.508
3.508
3.508
3.508
3.508
3.508
3.508
3.508
3.508
3.508
3.508
3.508
3.508
3.508
3.508
3.508
3.508
3.508
3.508
3.508
3.508
3.508
3.508
3.508
3.508
3.508
3.508
3.508
3.508
3.508
3.508
3.508
3.508
3.508
3.508
3.508
3.508
3.508
3.508
3.508
3.508
3.508
3.508
3.508
3.508
3.508
3.50801
3.508
3.508
3.508
3.508
3.508
3.508
3.508
3.508
3.508
3.508
3.508
3.508
3.508
3.508
3.508
3.508
3.508
3.508
3.508
3.508
3.508
3.508
3.508
3.508
3.508
3.508
3.508
3.508
3.508
3.508
3.508
3.508
3.508
3.508
3.508
3.508
3.508
3.508
3.508
3.508
3.508
3.508
3.508
3.508
3.508
3.508
3.508
3.508
3.508
3.508
3.508
3.508
3.508
3.508
3.508
3.508
3.508
3.508
3.508
3.508
3.508
3.508
3.508
3.508
3.508
3.508
3.508
3.508
3.508
3.508
3.508
3.508
3.508
3.508
3.508
3.508
3.508
3.508
3.508
3.508
3.508
3.508
3.508
3.508
3.508
3.508
3.508
3.508
3.508
3.508
3.508
3.508
3.508
3.508
3.508
3.508
3.508
3.508
3.508
3.508
3.508
3.508
3.508
3.508
3.508
3.508
3.508
3.508
3.508
3.508
3.508
3.508
3.508
3.508
3.508
3.508
3.508
3.508
3.508
3.508
3.508
3.508
3.508
3.508
3.508
3.508
3.508
3.508
3.508
3.508
3.508
3.508
3.508
3.508
3.508
3.508
3.508
3.508
3.508
3.508
3.508
3.508
3.508
3.508
3.508
3.508
3.508
3.508
3.508
3.508
3.508
3.508
3.508
3.508
3.508
3.508
3.508
3.508
3.508
3.508
3.508
3.508
3.508
3.508
3.508
3.508
3.508
3.508
3.508
3.508
3.508
3.508
3.508
3.508
3.508
3.508
3.508
3.508
3.508
3.508
3.508
3.508
3.508
3.508
3.508
3.508
3.508
3.508
3.508
3.508
3.508
3.508
3.508
3.508
3.508
3.508
3.508
3.508
3.508
3.508
3.508
3.508
3.508
3.508
3.508
3.508
3.508
3.508
3.508
3.508
3.508
3.508
3.508
3.508
3.508
3.508
3.508
3.508
3.508
3.508
3.508
3.508
3.508
3.508
3.508
3.508
3.508
3.508
3.508
3.508
3.508
3.508
3.508
3.508
3.508
3.508
3.508
3.508
3.508
3.508
3.508
3.508
3.508
3.508
3.508
3.508
3.508
3.508
3.508
3.508
3.508
3.508
3.508
3.508
3.508
3.508
3.508
3.508
3.508
3.508
3.508
3.508
3.508
3.508
3.508
3.508
3.50801
3.508
3.508
3.508
3.508
3.508
3.508
3.508
3.508
3.508
3.508
3.508
3.508
3.508
3.508
3.508
3.508
3.508
3.508
3.508
3.508
3.508
3.508
3.508
3.508
3.508
3.508
3.508
3.508
3.508
3.508
3.508
3.508
3.508
3.508
3.508
3.508
3.508
3.508
3.508
3.508
3.508
3.508
3.508
3.508
3.508
3.508
3.508
3.508
3.508
3.508
3.508
3.508
3.508
3.508
3.508
3.508
3.508
3.508
3.508
3.508
3.508
3.508
3.508
3.508
3.508
3.508
3.508
3.508
3.508
3.508
3.508
3.508
3.508
3.508
3.508
3.508
3.508
3.508
3.508
3.508
3.508
3.508
3.508
3.508
3.508
3.508
3.508
3.508
3.508
3.508
3.508
3.508
3.508
3.508
3.508
3.508
3.508
3.508
3.508
3.508
3.508
3.508
3.508
3.508
3.508
3.508
3.508
3.50801
3.50801
3.508
3.508
3.508
3.508
3.508
3.508
3.508
3.508
3.508
3.508
3.508
3.508
3.508
3.508
3.508
3.508
3.508
3.508
3.508
3.508
3.508
3.508
3.508
3.508
3.508
3.508
3.508
3.508
3.508
3.508
3.508
3.508
3.508
3.508
3.508
3.508
3.508
3.508
3.508
3.508
3.508
3.508
3.508
3.508
3.508
3.508
3.508
3.508
3.508
3.508
3.508
3.508
3.508
3.508
3.508
3.508
3.508
3.508
3.508
3.50801
3.50801
3.50801
3.50802
3.50801
3.508
3.508
3.508
3.508
3.508
3.508
3.508
3.508
3.508
3.508
3.508
3.508
3.508
3.508
3.508
3.508
3.508
3.508
3.508
3.508
3.508
3.508
3.508
3.508
3.508
3.508
3.508
3.508
3.508
3.508
3.508
3.508
3.508
3.508
3.508
3.508
3.508
3.508
3.508
3.508
3.508
3.508
3.508
3.508
3.508
3.508
3.508
3.508
3.508
3.508
3.508
3.508
3.508
3.508
3.508
3.508
3.508
3.508
3.508
3.508
3.508
3.508
3.508
3.508
3.508
3.508
3.508
3.508
3.508
3.50801
3.50801
3.508
3.50801
3.508
3.508
3.508
3.508
3.508
3.508
3.508
3.508
3.508
3.508
3.508
3.508
3.508
3.508
3.508
3.508
3.508
3.508
3.508
3.508
3.508
3.508
3.508
3.508
3.508
3.508
3.508
3.508
3.508
3.508
3.508
3.508
3.508
3.508
3.508
3.508
3.508
3.508
3.508
3.508
3.508
3.508
3.508
3.508
3.508
3.508
3.508
3.508
3.508
3.508
3.508
3.508
3.508
3.508
3.508
3.508
3.508
3.508
3.508
3.508
3.508
3.508
3.508
3.508
3.508
3.508
3.508
3.508
3.508
3.508
3.508
3.508
3.508
3.508
3.508
3.508
3.508
3.508
3.508
3.508
3.508
3.508
3.508
3.508
3.508
3.508
3.508
3.508
3.508
3.508
3.508
3.508
3.508
3.508
3.508
3.508
3.508
3.508
3.50801
3.508
3.508
3.50802
3.50801
3.50801
3.508
3.508
3.508
3.508
3.508
3.508
3.508
3.508
3.508
3.508
3.508
3.508
3.508
3.508
3.508
3.508
3.508
3.508
3.508
3.508
3.508
3.508
3.508
3.508
3.508
3.508
3.508
3.508
3.508
3.508
3.508
3.508
3.508
3.508
3.508
3.508
3.508
3.508
3.508
3.508
3.508
3.508
3.508
3.508
3.508
3.508
3.508
3.508
3.508
3.508
3.508
3.508
3.508
3.508
3.508
3.508
3.508
3.508
3.508
3.508
3.508
3.508
3.508
3.508
3.508
3.508
3.508
3.508
3.508
3.508
3.508
3.508
3.508
3.508
3.508
3.508
3.508
3.508
3.508
3.508
3.508
3.508
3.508
3.508
3.508
3.508
3.508
3.508
3.508
3.508
3.508
3.508
3.508
3.508
3.508
3.508
3.508
3.508
3.508
3.508
3.508
3.508
3.508
3.508
3.508
3.508
3.508
3.508
3.508
3.508
3.508
3.508
3.508
3.508
3.508
3.508
3.508
3.508
3.508
3.508
3.508
3.508
3.508
3.508
3.508
3.508
3.508
3.508
3.50801
3.50801
3.50801
3.508
3.508
3.508
3.508
3.508
3.508
3.508
3.508
3.508
3.508
3.508
3.508
3.508
3.508
3.508
3.508
3.508
3.508
3.508
3.508
3.508
3.508
3.508
3.508
3.508
3.508
3.508
3.508
3.508
3.508
3.508
3.508
3.508
3.508
3.508
3.508
3.508
3.508
3.508
3.508
3.508
3.508
3.50801
3.508
3.508
3.508
3.508
3.508
3.508
3.508
3.508
3.508
3.508
3.508
3.508
3.508
3.508
3.508
3.508
3.508
3.508
3.508
3.508
3.508
3.508
3.508
3.508
3.508
3.508
3.508
3.508
3.508
3.508
3.508
3.508
3.508
3.508
3.508
3.508
3.508
3.508
3.508
3.508
3.508
3.508
3.508
3.508
3.508
3.508
3.508
3.508
3.508
3.508
3.508
3.508
3.508
3.508
3.508
3.508
3.508
3.508
3.508
3.508
3.508
3.508
3.508
3.50801
3.508
3.508
3.508
3.508
3.508
3.508
3.508
3.508
3.508
3.508
3.508
3.508
3.508
3.508
3.508
3.508
3.508
3.508
3.508
3.508
3.508
3.508
3.508
3.508
3.508
3.508
3.508
3.508
3.508
3.508
3.508
3.508
3.508
3.508
3.508
3.508
3.508
3.508
3.508
3.508
3.508
3.508
3.508
3.508
3.508
3.50801
3.50801
3.50801
3.508
3.508
3.508
3.508
3.508
3.508
3.508
3.508
3.508
3.508
3.508
3.508
3.508
3.508
3.508
3.508
3.508
3.508
3.508
3.508
3.508
3.508
3.508
3.508
3.508
3.508
3.508
3.508
3.508
3.508
3.508
3.508
3.508
3.508
3.508
3.508
3.508
3.508
3.508
3.508
3.508
3.508
3.508
3.508
3.508
3.508
3.508
3.508
3.508
3.508
3.508
3.508
3.508
3.508
3.508
3.508
3.508
3.508
3.508
3.508
3.508
3.508
3.508
3.508
3.508
3.508
3.508
3.508
3.508
3.508
3.508
3.508
3.508
3.50801
3.50801
3.50801
3.50801
3.508
3.508
3.50801
3.50801
3.50801
3.508
3.508
3.508
3.508
3.508
3.508
3.508
3.508
3.508
3.508
3.508
3.508
3.508
3.508
3.508
3.508
3.508
3.508
3.508
3.508
3.508
3.508
3.508
3.508
3.508
3.508
3.508
3.508
3.508
3.508
3.508
3.508
3.508
3.508
3.508
3.508
3.508
3.508
3.508
3.508
3.508
3.508
3.508
3.508
3.508
3.508
3.508
3.508
3.508
3.508
3.508
3.508
3.508
3.508
3.508
3.508
3.508
3.508
3.508
3.508
3.508
3.508
3.508
3.508
3.508
3.508
3.508
3.508
3.508
3.508
3.508
3.508
3.508
3.508
3.508
3.508
3.508
3.508
3.508
3.508
3.508
3.508
3.508
3.508
3.508
3.508
3.508
3.508
3.508
3.508
3.508
3.508
3.508
3.508
3.508
3.508
3.508
3.508
3.508
3.508
3.50801
3.50801
3.50801
3.50801
3.508
3.508
3.508
3.508
3.508
3.508
3.508
3.508
3.508
3.508
3.508
3.508
3.508
3.508
3.508
3.508
3.508
3.508
3.508
3.508
3.508
3.508
3.508
3.508
3.508
3.508
3.508
3.50801
3.508
3.50801
3.50803
3.50805
3.50802
3.50802
3.50801
3.50801
3.508
3.50801
3.508
3.50801
3.508
3.508
3.508
3.508
3.508
3.508
3.508
3.508
3.508
3.508
3.508
3.50802
3.50801
3.50801
3.50802
3.508
3.508
3.508
3.508
3.508
3.508
3.508
3.508
3.508
3.508
3.508
3.508
3.508
3.508
3.508
3.508
3.508
3.508
3.508
3.508
3.508
3.508
3.508
3.508
3.508
3.508
3.508
3.508
3.508
3.508
3.508
3.508
3.508
3.508
3.508
3.508
3.508
3.508
3.508
3.508
3.508
3.508
3.508
3.508
3.508
3.508
3.508
3.508
3.508
3.508
3.508
3.508
3.508
3.508
3.508
3.508
3.508
3.508
3.508
3.508
3.508
3.50801
3.50801
3.50804
3.50803
3.50803
3.50801
3.50805
3.50803
3.508
3.508
3.508
3.50801
3.50804
3.50806
3.50803
3.50802
3.50801
3.508
3.508
3.508
3.508
3.508
3.508
3.508
3.508
3.508
3.508
3.508
3.508
3.508
3.508
3.508
3.508
3.508
3.508
3.508
3.508
3.508
3.508
3.508
3.508
3.508
3.508
3.508
3.508
3.508
3.508
3.508
3.508
3.508
3.508
3.508
3.508
3.508
3.508
3.508
3.508
3.508
3.508
3.508
3.508
3.508
3.508
3.50801
3.50805
3.50802
3.508
3.508
3.508
3.508
3.508
3.508
3.508
3.508
3.508
3.508
3.508
3.50801
3.50801
3.50801
3.50803
3.50803
3.50805
3.50802
3.50803
3.508
3.508
3.508
3.508
3.50802
3.50801
3.508
3.508
3.508
3.508
3.508
3.508
3.508
3.508
3.508
3.508
3.508
3.508
3.508
3.508
3.508
3.508
3.508
3.508
3.508
3.508
3.508
3.508
3.508
3.508
3.508
3.508
3.508
3.508
3.508
3.508
3.508
3.508
3.508
3.508
3.508
3.50801
3.50801
3.508
3.50801
3.50805
3.50802
3.50802
3.50802
3.508
3.508
3.508
3.508
3.508
3.508
3.508
3.508
3.508
3.508
3.508
3.508
3.508
3.508
3.508
3.508
3.508
3.508
3.508
3.508
3.508
3.508
3.508
3.508
3.508
3.508
3.508
3.508
3.508
3.508
3.508
3.508
3.508
3.50805
3.50802
3.50803
3.50801
3.50801
3.508
3.508
3.508
3.508
3.508
3.508
3.508
3.508
3.508
3.508
3.508
3.508
3.508
3.508
3.508
3.508
3.508
3.508
3.508
3.508
3.508
3.508
3.508
3.508
3.508
3.508
3.508
3.508
3.508
3.508
3.50802
3.50802
3.50801
3.50801
3.50801
3.508
3.508
3.508
3.508
3.508
3.508
3.508
3.508
3.508
3.508
3.508
3.508
3.508
3.508
3.508
3.508
3.508
3.508
3.508
3.508
3.508
3.508
3.508
3.508
3.508
3.508
3.508
3.508
3.508
3.508
3.508
3.508
3.508
3.508
3.508
3.508
3.508
3.508
3.508
3.508
3.508
3.508
3.508
3.508
3.508
3.508
3.508
3.508
3.508
3.508
3.508
3.50801
3.50801
3.50801
3.508
3.508
3.508
3.508
3.508
3.508
3.50802
3.50802
3.50801
3.50801
3.508
3.508
3.508
3.508
3.508
3.508
3.508
3.508
3.508
3.508
3.508
3.508
3.508
3.508
3.508
3.508
3.508
3.508
3.508
3.508
3.508
3.50801
3.50801
3.508
3.508
3.508
3.508
3.508
3.508
3.508
3.508
3.508
3.508
3.508
3.508
3.508
3.508
3.508
3.508
3.508
3.508
3.508
3.508
3.508
3.508
3.508
3.508
3.508
3.508
3.508
3.508
3.50801
3.508
3.508
3.508
3.508
3.508
3.508
3.508
3.508
3.508
3.508
3.508
3.508
3.508
3.508
3.508
3.508
3.508
3.508
3.508
3.508
3.508
3.508
3.508
3.508
3.508
3.508
3.508
3.508
3.508
3.508
3.508
3.508
3.508
3.508
3.508
3.508
3.508
3.508
3.508
3.508
3.508
3.508
3.50801
3.50801
3.50801
3.508
3.508
3.508
3.508
3.508
3.508
3.508
3.508
3.508
3.508
3.50801
3.508
3.508
3.508
3.508
3.508
3.508
3.508
3.508
3.508
3.50801
3.508
3.508
3.508
3.508
3.508
3.508
3.508
3.508
3.508
3.508
3.508
3.508
3.508
3.508
3.508
3.508
3.508
3.508
3.508
3.508
3.508
3.508
3.508
3.508
3.508
3.50801
3.50801
3.508
3.508
3.508
3.508
3.508
3.508
3.508
3.508
3.508
3.508
3.508
3.508
3.508
3.508
3.508
3.508
3.508
3.508
3.508
3.508
3.508
3.508
3.508
3.508
3.508
3.508
3.50801
3.50801
3.508
3.508
3.508
3.50801
3.50801
3.508
3.508
3.508
3.508
3.508
3.508
3.508
3.508
3.508
3.508
3.508
3.50801
3.508
3.508
3.508
3.508
3.508
3.50801
3.508
3.50802
3.50803
3.50801
3.508
3.508
3.508
3.508
3.508
3.508
3.508
3.508
3.508
3.508
3.508
3.508
3.508
3.508
3.508
3.508
3.508
3.508
3.508
3.508
3.508
3.508
3.508
3.50801
3.50806
3.50805
3.50803
3.50801
3.50801
3.50803
3.508
3.508
3.508
3.508
3.508
3.508
3.508
3.508
3.508
3.508
3.508
3.508
3.508
3.508
3.508
3.508
3.508
3.508
3.508
3.508
3.508
3.508
3.508
3.508
3.508
3.508
3.50801
3.508
3.508
3.508
3.508
3.508
3.508
3.508
3.508
3.508
3.508
3.508
3.508
3.508
3.508
3.508
3.508
3.508
3.508
3.508
3.508
3.508
3.508
3.508
3.508
3.508
3.508
3.508
3.508
3.508
3.508
3.50802
3.50801
3.50801
3.50803
3.50803
3.50801
3.508
3.508
3.508
3.508
3.508
3.508
3.508
3.508
3.508
3.508
3.508
3.508
3.508
3.508
3.508
3.508
3.508
3.508
3.508
3.508
3.508
3.508
3.508
3.50804
3.50802
3.50802
3.50809
3.50803
3.50801
3.508
3.508
3.508
3.508
3.508
3.508
3.508
3.508
3.508
3.508
3.508
3.508
3.508
3.508
3.508
3.508
3.508
3.508
3.508
3.508
3.508
3.508
3.508
3.508
3.508
3.508
3.508
3.508
3.508
3.508
3.508
3.508
3.508
3.508
3.508
3.508
3.508
3.508
3.508
3.508
3.508
3.50801
3.50801
3.50801
3.50802
3.50801
3.508
3.508
3.508
3.508
3.508
3.508
3.508
3.508
3.508
3.508
3.508
3.508
3.508
3.508
3.508
3.508
3.508
3.508
3.508
3.508
3.508
3.508
3.508
3.508
3.508
3.508
3.508
3.508
3.508
3.508
3.508
3.508
3.508
3.508
3.508
3.508
3.508
3.508
3.508
3.508
3.508
3.508
3.508
3.508
3.508
3.508
3.508
3.508
3.508
3.508
3.50806
3.50811
3.50802
3.50804
3.50808
3.50802
3.50802
3.508
3.508
3.508
3.508
3.508
3.508
3.508
3.508
3.508
3.508
3.508
3.508
3.508
3.508
3.508
3.508
3.508
3.508
3.508
3.508
3.508
3.508
3.508
3.508
3.508
3.508
3.508
3.508
3.508
3.508
3.508
3.508
3.508
3.508
3.508
3.508
3.508
3.508
3.508
3.508
3.508
3.508
3.508
3.508
3.508
3.508
3.508
3.508
3.508
3.508
3.508
3.508
3.508
3.508
3.508
3.508
3.508
3.50801
3.50801
3.508
3.50801
3.508
3.508
3.508
3.508
3.50802
3.508
3.50802
3.50801
3.50802
3.508
3.508
3.508
3.508
3.508
3.508
3.508
3.508
3.508
3.508
3.50801
3.50801
3.50801
3.508
3.50801
3.50802
3.508
3.508
3.508
3.508
3.508
3.508
3.50801
3.50801
3.50801
3.508
3.508
3.508
3.508
3.508
3.508
3.508
3.508
3.508
3.508
3.508
3.508
3.508
3.508
3.508
3.508
3.508
3.508
3.508
3.508
3.508
3.508
3.508
3.508
3.508
3.508
3.50801
3.50801
3.50802
3.50802
3.50801
3.508
3.508
3.508
3.508
3.508
3.508
3.508
3.508
3.508
3.508
3.50801
3.50801
3.508
3.508
3.508
3.508
3.508
3.508
3.508
3.508
3.508
3.508
3.508
3.508
3.508
3.508
3.508
3.508
3.508
3.508
3.508
3.508
3.508
3.508
3.508
3.508
3.508
3.508
3.508
3.508
3.508
3.508
3.508
3.508
3.508
3.508
3.508
3.508
3.508
3.508
3.508
3.50803
3.50807
3.50814
3.50804
3.50805
3.50802
3.508
3.508
3.508
3.508
3.508
3.508
3.508
3.508
3.508
3.508
3.508
3.508
3.508
3.508
3.508
3.50801
3.508
3.508
3.508
3.508
3.508
3.508
3.508
3.508
3.508
3.508
3.508
3.508
3.508
3.508
3.508
3.508
3.508
3.508
3.508
3.508
3.508
3.508
3.508
3.508
3.508
3.508
3.508
3.508
3.508
3.508
3.508
3.508
3.508
3.508
3.508
3.508
3.508
3.508
3.508
3.508
3.50801
3.50801
3.508
3.508
3.508
3.50801
3.508
3.508
3.508
3.508
3.508
3.508
3.508
3.508
3.508
3.508
3.508
3.508
3.508
3.508
3.50801
3.50801
3.508
3.508
3.508
3.508
3.508
3.508
3.508
3.508
3.508
3.508
3.508
3.508
3.508
3.508
3.508
3.508
3.508
3.508
3.508
3.508
3.508
3.508
3.508
3.508
3.508
3.508
3.508
3.508
3.508
3.50804
3.50806
3.50813
3.50806
3.50808
3.50806
3.508
3.508
3.508
3.508
3.508
3.508
3.508
3.508
3.508
3.50801
3.50802
3.50801
3.508
3.508
3.508
3.50802
3.50802
3.50801
3.508
3.508
3.508
3.508
3.508
3.508
3.508
3.508
3.508
3.508
3.508
3.508
3.508
3.508
3.508
3.508
3.508
3.508
3.508
3.508
3.508
3.508
3.508
3.508
3.508
3.508
3.508
3.508
3.508
3.508
3.508
3.508
3.508
3.508
3.508
3.508
3.508
3.508
3.508
3.508
3.508
3.508
3.508
3.508
3.508
3.508
3.508
3.508
3.508
3.508
3.508
3.508
3.508
3.508
3.508
3.508
3.508
3.508
3.508
3.508
3.508
3.508
3.508
3.508
3.508
3.508
3.508
3.508
3.508
3.508
3.508
3.508
3.508
3.508
3.508
3.508
3.508
3.508
3.508
3.508
3.508
3.508
3.508
3.508
3.508
3.508
3.508
3.508
3.508
3.508
3.508
3.508
3.508
3.508
3.508
3.508
3.508
3.508
3.508
3.508
3.508
3.508
3.508
3.508
3.508
3.508
3.508
3.508
3.508
3.508
3.508
3.508
3.508
3.508
3.50801
3.50801
3.50801
3.50803
3.50806
3.50803
3.50804
3.50811
3.50805
3.50822
3.50804
3.50805
3.508
3.508
3.508
3.508
3.508
3.508
3.50802
3.50805
3.50804
3.50803
3.50812
3.50806
3.508
3.508
3.508
3.508
3.50801
3.508
3.508
3.508
3.508
3.508
3.508
3.508
3.508
3.508
3.508
3.508
3.508
3.508
3.508
3.508
3.508
3.508
3.508
3.508
3.508
3.508
3.508
3.508
3.508
3.508
3.508
3.508
3.508
3.508
3.508
3.508
3.508
3.508
3.508
3.508
3.508
3.508
3.508
3.508
3.50802
3.50802
3.50801
3.508
3.508
3.508
3.508
3.508
3.508
3.508
3.508
3.508
3.508
3.508
3.508
3.508
3.508
3.508
3.508
3.508
3.508
3.508
3.508
3.508
3.508
3.508
3.508
3.508
3.508
3.508
3.508
3.508
3.508
3.508
3.508
3.508
3.508
3.508
3.508
3.508
3.508
3.508
3.508
3.508
3.508
3.508
3.508
3.508
3.508
3.508
3.508
3.508
3.508
3.508
3.508
3.50802
3.50802
3.50801
3.50802
3.50801
3.508
3.508
3.508
3.508
3.508
3.508
3.508
3.508
3.508
3.508
3.508
3.508
3.508
3.508
3.508
3.508
3.508
3.508
3.508
3.508
3.508
3.508
3.508
3.508
3.508
3.508
3.508
3.508
3.508
3.508
3.508
3.508
3.508
3.508
3.508
3.508
3.508
3.508
3.508
3.508
3.50801
3.508
3.50801
3.50801
3.50801
3.508
3.508
3.508
3.508
3.508
3.508
3.508
3.508
3.508
3.508
3.508
3.508
3.508
3.508
3.508
3.508
3.508
3.508
3.508
3.508
3.508
3.508
3.508
3.508
3.508
3.508
3.50801
3.508
3.508
3.508
3.508
3.508
3.50801
3.50801
3.508
3.508
3.508
3.508
3.508
3.508
3.508
3.508
3.508
3.508
3.508
3.508
3.508
3.508
3.508
3.508
3.508
3.508
3.508
3.508
3.508
3.508
3.50801
3.50801
3.508
3.508
3.508
3.508
3.508
3.508
3.508
3.508
3.508
3.508
3.508
3.508
3.508
3.508
3.508
3.508
3.508
3.508
3.508
3.508
3.508
3.508
3.508
3.508
3.50801
3.508
3.50801
3.508
3.508
3.508
3.508
3.508
3.508
3.508
3.508
3.508
3.508
3.508
3.508
3.508
3.508
3.508
3.508
3.508
3.508
3.508
3.508
3.508
3.508
3.508
3.508
3.508
3.508
3.508
3.508
3.508
3.508
3.508
3.508
3.508
3.508
3.508
3.508
3.508
3.508
3.508
3.508
3.508
3.508
3.508
3.508
3.508
3.508
3.508
3.508
3.508
3.508
3.508
3.508
3.508
3.508
3.508
3.508
3.508
3.508
3.508
3.508
3.508
3.508
3.508
3.508
3.508
3.508
3.50801
3.50802
3.50803
3.50802
3.50804
3.50805
3.50809
3.50803
3.50807
3.50802
3.50802
3.508
3.508
3.508
3.508
3.508
3.508
3.508
3.508
3.508
3.508
3.508
3.508
3.508
3.508
3.508
3.508
3.508
3.508
3.508
3.508
3.508
3.508
3.508
3.50801
3.50803
3.50804
3.50802
3.50802
3.508
3.508
3.508
3.508
3.508
3.508
3.508
3.508
3.508
3.508
3.508
3.508
3.508
3.508
3.508
3.508
3.508
3.508
3.50801
3.508
3.508
3.508
3.508
3.508
3.508
3.508
3.508
3.508
3.508
3.508
3.508
3.508
3.508
3.508
3.508
3.508
3.508
3.508
3.50801
3.508
3.50801
3.508
3.508
3.508
3.508
3.508
3.508
3.508
3.508
3.508
3.508
3.508
3.508
3.508
3.508
3.508
3.508
3.508
3.508
3.508
3.508
3.508
3.508
3.508
3.508
3.508
3.508
3.50801
3.50801
3.50801
3.508
3.50801
3.50801
3.50801
3.50801
3.50802
3.50804
3.50802
3.50803
3.50804
3.508
3.508
3.508
3.508
3.508
3.508
3.508
3.508
3.508
3.508
3.508
3.508
3.508
3.508
3.508
3.508
3.508
3.508
3.508
3.508
3.508
3.50801
3.50801
3.508
3.508
3.508
3.508
3.508
3.508
3.508
3.508
3.508
3.508
3.508
3.508
3.508
3.508
3.508
3.508
3.508
3.508
3.508
3.508
3.508
3.508
3.508
3.508
3.508
3.508
3.508
3.50801
3.50801
3.508
3.508
3.508
3.508
3.508
3.508
3.508
3.508
3.508
3.508
3.508
3.508
3.508
3.508
3.508
3.508
3.508
3.508
3.508
3.508
3.508
3.508
3.508
3.508
3.50802
3.508
3.50802
3.508
3.508
3.508
3.508
3.508
3.508
3.508
3.50801
3.50801
3.508
3.508
3.508
3.508
3.508
3.50804
3.50806
3.50814
3.5081
3.50803
3.5081
3.50815
3.50804
3.50802
3.508
3.508
3.508
3.508
3.508
3.508
3.508
3.508
3.508
3.508
3.50801
3.508
3.508
3.508
3.508
3.508
3.508
3.508
3.508
3.508
3.508
3.508
3.508
3.508
3.508
3.508
3.508
3.508
3.508
3.508
3.508
3.508
3.508
3.508
3.508
3.508
3.508
3.508
3.508
3.508
3.508
3.508
3.508
3.508
3.508
3.508
3.508
3.508
3.508
3.508
3.508
3.508
3.508
3.508
3.508
3.508
3.508
3.508
3.508
3.508
3.508
3.508
3.508
3.508
3.50801
3.50801
3.50801
3.50801
3.50802
3.50802
3.508
3.508
3.508
3.508
3.508
3.508
3.508
3.508
3.50801
3.508
3.50801
3.50801
3.50802
3.508
3.508
3.508
3.508
3.508
3.508
3.508
3.508
3.508
3.508
3.508
3.508
3.508
3.508
3.508
3.508
3.508
3.508
3.508
3.508
3.508
3.508
3.508
3.508
3.508
3.508
3.508
3.508
3.508
3.508
3.50801
3.50803
3.50803
3.50801
3.50801
3.50801
3.50801
3.50803
3.50809
3.50803
3.50804
3.50802
3.508
3.508
3.508
3.508
3.508
3.508
3.508
3.508
3.508
3.508
3.508
3.508
3.508
3.508
3.508
3.508
3.508
3.508
3.50802
3.50802
3.50805
3.50802
3.50802
3.50803
3.50803
3.50804
3.50809
3.5081
3.50805
3.50803
3.508
3.508
3.508
3.508
3.508
3.508
3.508
3.508
3.508
3.508
3.50801
3.508
3.508
3.508
3.508
3.508
3.50801
3.50803
3.50804
3.50803
3.50818
3.50806
3.50809
3.5082
3.50829
3.50806
3.508
3.50801
3.50805
3.50803
3.50802
3.50801
3.50801
3.50802
3.50802
3.50808
3.50811
3.508
3.508
3.508
3.508
3.508
3.508
3.508
3.508
3.508
3.508
3.508
3.508
3.508
3.508
3.508
3.508
3.508
3.508
3.50807
3.50809
3.50809
3.50813
3.50811
3.508
3.508
3.508
3.508
3.508
3.508
3.508
3.508
3.508
3.50801
3.50805
3.50807
3.5081
3.50813
3.50806
3.50806
3.50812
3.508
3.508
3.508
3.508
3.508
3.508
3.508
3.508
3.508
3.508
3.508
3.508
3.508
3.508
3.508
3.508
3.508
3.508
3.508
3.508
3.508
3.508
3.508
3.508
3.508
3.508
3.50805
3.50841
3.50866
3.50842
3.50828
3.50861
3.50817
3.50813
3.50815
3.50838
3.508
3.508
3.508
3.508
3.508
3.508
3.508
3.508
3.508
3.508
3.508
3.508
3.508
3.508
3.508
3.508
3.508
3.508
3.508
3.508
3.508
3.508
3.508
3.508
3.508
3.50801
3.50802
3.50801
3.508
3.508
3.508
3.508
3.508
3.508
3.50801
3.508
3.508
3.508
3.508
3.508
3.508
3.508
3.508
3.508
3.508
3.508
3.508
3.50801
3.50802
3.50802
3.50806
3.50806
3.50819
3.508
3.508
3.508
3.508
3.508
3.508
3.508
3.508
3.508
3.508
3.508
3.508
3.508
3.508
3.508
3.508
3.508
3.508
3.508
3.508
3.508
3.508
3.50801
3.508
3.50801
3.50804
3.50802
3.50803
3.50801
3.508
3.50801
3.508
3.508
3.508
3.508
3.508
3.508
3.508
3.508
3.508
3.508
3.508
3.508
3.508
3.508
3.508
3.508
3.508
3.508
3.50801
3.508
3.508
3.508
3.508
3.508
3.508
3.508
3.508
3.508
3.508
3.508
3.508
3.508
3.508
3.508
3.508
3.508
3.508
3.508
3.508
3.508
3.508
3.508
3.508
3.508
3.508
3.508
3.508
3.508
3.508
3.508
3.508
3.508
3.508
3.508
3.508
3.50804
3.5082
3.5083
3.5082
3.50815
3.508
3.508
3.508
3.508
3.508
3.508
3.508
3.508
3.508
3.508
3.50809
3.50806
3.50804
3.5081
3.50849
3.5084
3.50819
3.5081
3.50815
3.508
3.508
3.508
3.508
3.508
3.508
3.508
3.508
3.508
3.508
3.508
3.508
3.508
3.508
3.508
3.508
3.508
3.508
3.508
3.508
3.508
3.508
3.508
3.508
3.508
3.508
3.508
3.508
3.508
3.508
3.508
3.508
3.508
3.50801
3.508
3.508
3.508
3.508
3.508
3.508
3.508
3.508
3.508
3.508
3.508
3.508
3.508
3.508
3.508
3.508
3.508
3.508
3.508
3.508
3.508
3.508
3.50801
3.50801
3.50802
3.50801
3.50802
3.50805
3.50806
3.50806
3.50809
3.50802
3.50806
3.50802
3.50802
3.508
3.508
3.508
3.508
3.508
3.508
3.508
3.508
3.508
3.50801
3.508
3.508
3.50801
3.50801
3.508
3.508
3.508
3.50802
3.50801
3.50801
3.50801
3.50801
3.50803
3.50819
3.50807
3.50807
3.50803
3.50826
3.50813
3.50805
3.50805
3.50813
3.508
3.508
3.508
3.508
3.508
3.50801
3.50802
3.508
3.50801
3.508
3.50804
3.50802
3.50801
3.50805
3.50802
3.508
3.508
3.508
3.508
3.508
3.508
3.508
3.508
3.508
3.508
3.508
3.508
3.508
3.508
3.508
3.508
3.508
3.508
3.508
3.50801
3.50801
3.50801
3.50801
3.50802
3.508
3.508
3.508
3.50801
3.50804
3.50803
3.50802
3.50801
3.50801
3.50801
3.508
3.508
3.508
3.508
3.508
3.508
3.508
3.508
3.508
3.508
3.508
3.50801
3.50807
3.50806
3.50804
3.50817
3.50813
3.50836
3.50812
3.50807
3.50815
3.508
3.508
3.508
3.508
3.508
3.508
3.508
3.508
3.508
3.508
3.508
3.508
3.508
3.508
3.508
3.50801
3.50803
3.508
3.50801
3.508
3.508
3.508
3.508
3.508
3.508
3.508
3.508
3.508
3.508
3.508
3.508
3.508
3.508
3.508
3.508
3.508
3.50805
3.50805
3.50805
3.50829
3.50876
3.50889
3.50834
3.50836
3.508
3.508
3.508
3.508
3.508
3.508
3.508
3.508
3.50801
3.50802
3.50801
3.50803
3.50801
3.50801
3.508
3.508
3.508
3.508
3.508
3.508
3.508
3.508
3.508
3.508
3.508
3.508
3.508
3.508
3.50801
3.50801
3.50802
3.50801
3.50801
3.50802
3.508
3.508
3.508
3.508
3.508
3.508
3.508
3.508
3.508
3.508
3.508
3.508
3.508
3.508
3.508
3.508
3.508
3.508
3.508
3.508
3.508
3.508
3.508
3.508
3.508
3.508
3.508
3.50802
3.50805
3.50807
3.50804
3.50803
3.50808
3.50811
3.508
3.508
3.508
3.508
3.508
3.508
3.508
3.508
3.508
3.508
3.508
3.508
3.50802
3.508
3.50801
3.508
3.50804
3.50803
3.50801
3.50801
3.50804
3.50803
3.508
3.508
3.508
3.508
3.508
3.508
3.508
3.50801
3.50801
3.508
3.50801
3.50801
3.50801
3.508
3.508
3.508
3.508
3.508
3.508
3.508
3.508
3.508
3.508
3.508
3.508
3.508
3.508
3.508
3.508
3.508
3.508
3.50801
3.50801
3.508
3.508
3.508
3.508
3.508
3.508
3.508
3.508
3.508
3.508
3.508
3.508
3.508
3.508
3.508
3.508
3.508
3.508
3.508
3.508
3.508
3.508
3.508
3.508
3.508
3.508
3.508
3.508
3.508
3.508
3.508
3.508
3.508
3.508
3.508
3.508
3.508
3.508
3.508
3.508
3.508
3.508
3.508
3.508
3.508
3.508
3.508
3.508
3.508
3.508
3.508
3.508
3.508
3.508
3.50801
3.508
3.508
3.50802
3.508
3.508
3.508
3.508
3.508
3.508
3.508
3.508
3.508
3.508
3.508
3.508
3.508
3.508
3.508
3.508
3.508
3.508
3.508
3.508
3.508
3.508
3.508
3.508
3.508
3.508
3.508
3.508
3.508
3.50801
3.50802
3.50801
3.50805
3.508
3.508
3.508
3.508
3.508
3.508
3.508
3.508
3.508
3.508
3.508
3.508
3.508
3.508
3.508
3.508
3.508
3.508
3.508
3.508
3.508
3.50801
3.50801
3.50801
3.50801
3.50801
3.50801
3.50802
3.50801
3.508
3.508
3.508
3.508
3.508
3.508
3.508
3.508
3.508
3.508
3.508
3.508
3.508
3.508
3.508
3.508
3.508
3.508
3.508
3.508
3.508
3.50801
3.50801
3.50802
3.50802
3.50801
3.508
3.508
3.508
3.508
3.508
3.508
3.508
3.508
3.508
3.508
3.508
3.508
3.508
3.508
3.508
3.508
3.508
3.508
3.508
3.508
3.508
3.508
3.508
3.508
3.508
3.508
3.508
3.508
3.508
3.508
3.508
3.50801
3.50801
3.50802
3.50802
3.50803
3.50814
3.50804
3.508
3.508
3.50801
3.508
3.508
3.50801
3.50803
3.50801
3.50802
3.50803
3.508
3.508
3.508
3.508
3.508
3.508
3.508
3.508
3.508
3.508
3.508
3.508
3.508
3.508
3.508
3.508
3.508
3.508
3.508
3.508
3.508
3.508
3.508
3.508
3.508
3.508
3.508
3.508
3.508
3.508
3.508
3.508
3.508
3.508
3.508
3.508
3.508
3.508
3.50801
3.50801
3.508
3.508
3.508
3.508
3.508
3.508
3.508
3.508
3.508
3.508
3.508
3.508
3.508
3.508
3.508
3.508
3.508
3.508
3.508
3.508
3.508
3.508
3.508
3.508
3.508
3.508
3.508
3.508
3.508
3.508
3.50801
3.508
3.50801
3.508
3.50801
3.508
3.508
3.508
3.508
3.508
3.508
3.508
3.50801
3.508
3.508
3.508
3.508
3.508
3.508
3.508
3.508
3.508
3.508
3.50801
3.50801
3.50802
3.50802
3.50806
3.50809
3.50805
3.50806
3.50803
3.50819
3.50816
3.50812
3.50816
3.5083
3.508
3.508
3.508
3.508
3.508
3.508
3.508
3.508
3.508
3.508
3.508
3.508
3.508
3.508
3.508
3.508
3.508
3.508
3.50801
3.50802
3.50802
3.50802
3.50803
3.508
3.50801
3.508
3.508
3.508
3.50803
3.50802
3.50802
3.50803
3.50802
3.50802
3.508
3.508
3.508
3.508
3.508
3.508
3.508
3.508
3.508
3.508
3.508
3.50801
3.50803
3.50801
3.50823
3.50808
3.50819
3.508
3.508
3.508
3.50801
3.50801
3.50802
3.50801
3.50803
3.50802
3.50801
3.50802
3.50801
3.50801
3.50801
3.50804
3.508
3.50803
3.50801
3.508
3.508
3.508
3.508
3.508
3.508
3.508
3.508
3.508
3.508
3.508
3.508
3.508
3.508
3.508
3.50801
3.508
3.508
3.50808
3.50813
3.50805
3.50802
3.50843
3.50817
3.50805
3.50814
3.50806
3.50816
3.508
3.508
3.508
3.508
3.508
3.508
3.508
3.508
3.508
3.50802
3.50804
3.50802
3.50805
3.50806
3.508
3.508
3.508
3.508
3.508
3.508
3.508
3.508
3.508
3.508
3.508
3.508
3.508
3.508
3.508
3.50801
3.508
3.50801
3.50802
3.50803
3.50801
3.50823
3.50804
3.50808
3.50806
3.50815
3.50825
3.508
3.508
3.508
3.508
3.508
3.508
3.508
3.50801
3.50801
3.50806
3.5081
3.50807
3.50839
3.50811
3.50812
3.50825
3.508
3.508
3.508
3.508
3.508
3.508
3.508
3.508
3.508
3.508
3.508
3.508
3.508
3.508
3.508
3.508
3.508
3.508
3.508
3.508
3.508
3.508
3.508
3.50802
3.50813
3.50806
3.50811
3.50833
3.50816
3.50811
3.5081
3.508
3.508
3.508
3.508
3.508
3.508
3.508
3.508
3.508
3.508
3.508
3.508
3.508
3.508
3.508
3.508
3.508
3.508
3.508
3.508
3.508
3.508
3.508
3.508
3.508
3.508
3.508
3.508
3.508
3.508
3.508
3.50801
3.50802
3.50802
3.50801
3.50802
3.508
3.508
3.508
3.508
3.508
3.508
3.50802
3.50802
3.50801
3.50801
3.508
3.508
3.508
3.508
3.508
3.508
3.508
3.508
3.508
3.508
3.508
3.508
3.508
3.508
3.508
3.508
3.508
3.508
3.508
3.508
3.508
3.508
3.508
3.508
3.508
3.508
3.508
3.508
3.508
3.508
3.508
3.50801
3.50804
3.508
3.50801
3.5081
3.50803
3.50803
3.50801
3.50802
3.50805
3.50801
3.50804
3.50801
3.50801
3.508
3.508
3.508
3.508
3.508
3.508
3.508
3.508
3.508
3.508
3.508
3.508
3.508
3.508
3.508
3.508
3.508
3.508
3.508
3.508
3.508
3.508
3.508
3.508
3.508
3.508
3.508
3.508
3.508
3.508
3.508
3.508
3.508
3.508
3.508
3.508
3.508
3.508
3.508
3.508
3.508
3.508
3.508
3.508
3.508
3.508
3.508
3.508
3.508
3.508
3.508
3.508
3.508
3.508
3.508
3.508
3.508
3.508
3.508
3.50801
3.50801
3.50801
3.50801
3.50801
3.508
3.508
3.508
3.508
3.508
3.508
3.50801
3.50801
3.50801
3.508
3.508
3.508
3.508
3.508
3.508
3.508
3.50801
3.508
3.50801
3.508
3.508
3.508
3.508
3.508
3.508
3.508
3.508
3.508
3.508
3.508
3.508
3.508
3.508
3.508
3.508
3.508
3.508
3.508
3.508
3.508
3.508
3.508
3.508
3.508
3.508
3.508
3.508
3.508
3.508
3.50801
3.50806
3.50808
3.50807
3.50808
3.508
3.508
3.508
3.508
3.508
3.508
3.508
3.508
3.508
3.508
3.508
3.508
3.508
3.508
3.508
3.508
3.508
3.508
3.50801
3.508
3.508
3.508
3.50801
3.50801
3.50802
3.50804
3.50814
3.50804
3.50813
3.50803
3.50804
3.508
3.508
3.508
3.508
3.508
3.508
3.508
3.508
3.508
3.508
3.50801
3.50802
3.50801
3.50801
3.50801
3.50812
3.50804
3.508
3.508
3.508
3.508
3.508
3.508
3.508
3.508
3.50801
3.50801
3.50801
3.50803
3.50802
3.50802
3.50802
3.50802
3.50801
3.50802
3.50805
3.50803
3.50805
3.50805
3.5081
3.50819
3.50828
3.50838
3.50823
3.50852
3.50868
3.508
3.508
3.50801
3.50801
3.508
3.508
3.508
3.508
3.508
3.50801
3.508
3.50801
3.508
3.50801
3.50803
3.50804
3.50802
3.50811
3.50806
3.508
3.508
3.508
3.508
3.508
3.508
3.508
3.508
3.508
3.508
3.508
3.508
3.508
3.508
3.508
3.508
3.508
3.508
3.508
3.50801
3.50802
3.50801
3.50802
3.50801
3.508
3.508
3.508
3.508
3.508
3.508
3.508
3.508
3.508
3.50801
3.50801
3.508
3.50801
3.50802
3.50801
3.50802
3.508
3.508
3.508
3.508
3.508
3.508
3.50805
3.50809
3.50811
3.50808
3.50803
3.50801
3.50803
3.50809
3.508
3.508
3.508
3.508
3.508
3.508
3.508
3.508
3.508
3.508
3.508
3.508
3.508
3.508
3.508
3.508
3.508
3.508
3.508
3.508
3.508
3.508
3.508
3.508
3.508
3.508
3.50801
3.508
3.508
3.508
3.508
3.508
3.508
3.508
3.508
3.508
3.508
3.508
3.508
3.508
3.50801
3.508
3.50801
3.50803
3.50801
3.50805
3.50801
3.50813
3.50811
3.50803
3.50808
3.50803
3.50803
3.5081
3.50808
3.50803
3.50812
3.50837
3.508
3.508
3.508
3.508
3.508
3.508
3.508
3.508
3.508
3.508
3.508
3.50801
3.50801
3.50807
3.50802
3.50802
3.50802
3.508
3.508
3.508
3.508
3.508
3.508
3.508
3.508
3.508
3.508
3.508
3.508
3.508
3.508
3.508
3.508
3.508
3.5081
3.50812
3.50827
3.50799
3.50818
3.50813
3.50801
3.50802
3.50801
3.50812
3.50809
3.50813
3.50809
3.508
3.508
3.508
3.508
3.508
3.508
3.508
3.508
3.508
3.508
3.508
3.508
3.50801
3.50801
3.508
3.50801
3.508
3.508
3.508
3.508
3.508
3.508
3.508
3.508
3.508
3.508
3.508
3.508
3.50802
3.50803
3.50804
3.50804
3.50803
3.50803
3.508
3.508
3.508
3.508
3.508
3.508
3.508
3.508
3.508
3.508
3.508
3.508
3.508
3.508
3.508
3.508
3.508
3.508
3.508
3.508
3.508
3.508
3.508
3.508
3.508
3.508
3.508
3.508
3.50802
3.50803
3.50803
3.50805
3.50826
3.50831
3.50826
3.50823
3.50857
3.50846
3.5081
3.50822
3.50814
3.50821
3.50806
3.50818
3.50806
3.508
3.508
3.508
3.508
3.508
3.508
3.508
3.508
3.50801
3.50802
3.50801
3.50804
3.50802
3.50803
3.508
3.508
3.508
3.508
3.508
3.508
3.508
3.508
3.508
3.508
3.508
3.508
3.508
3.508
3.508
3.508
3.508
3.508
3.508
3.508
3.508
3.508
3.508
3.508
3.508
3.508
3.508
3.508
3.508
3.508
3.50801
3.50801
3.508
3.508
3.50801
3.50802
3.50801
3.508
3.508
3.508
3.508
3.508
3.508
3.508
3.508
3.508
3.508
3.508
3.508
3.508
3.508
3.508
3.508
3.50801
3.508
3.508
3.50801
3.50801
3.50801
3.50801
3.50805
3.50803
3.5081
3.50804
3.50807
3.508
3.508
3.508
3.508
3.508
3.508
3.508
3.508
3.508
3.508
3.508
3.508
3.508
3.508
3.508
3.508
3.508
3.508
3.508
3.508
3.508
3.508
3.508
3.508
3.508
3.508
3.508
3.50801
3.508
3.50801
3.508
3.508
3.508
3.508
3.508
3.508
3.508
3.508
3.508
3.508
3.508
3.508
3.508
3.508
3.508
3.508
3.50803
3.50805
3.50804
3.50806
3.50802
3.50829
3.50817
3.50809
3.50803
3.50803
3.50808
3.50804
3.50803
3.50804
3.50804
3.50801
3.50802
3.50801
3.50801
3.50813
3.50833
3.50817
3.50811
3.50808
3.508
3.508
3.508
3.508
3.508
3.508
3.508
3.508
3.508
3.508
3.508
3.508
3.508
3.508
3.508
3.508
3.508
3.508
3.508
3.508
3.508
3.508
3.508
3.508
3.508
3.508
3.508
3.508
3.508
3.508
3.508
3.508
3.508
3.508
3.508
3.508
3.508
3.508
3.508
3.508
3.508
3.508
3.508
3.508
3.508
3.508
3.508
3.508
3.508
3.508
3.508
3.508
3.508
3.508
3.508
3.508
3.508
3.508
3.508
3.508
3.508
3.508
3.508
3.508
3.508
3.508
3.508
3.508
3.508
3.508
3.508
3.508
3.50801
3.50801
3.50803
3.50801
3.50806
3.50803
3.50803
3.50803
3.50803
3.50835
3.5083
3.50829
3.50827
3.51086
3.51128
3.50939
3.50958
3.508
3.508
3.508
3.508
3.508
3.508
3.50802
3.50802
3.50802
3.50802
3.50802
3.508
3.508
3.508
3.50801
3.50802
3.50806
3.50804
3.50806
3.50805
3.50801
3.50802
3.50809
3.50818
3.50806
3.50812
3.508
3.50802
3.50801
3.50801
3.50802
3.508
3.508
3.508
3.508
3.508
3.508
3.50857
3.50812
3.50834
3.50823
3.50825
3.50807
3.508
3.508
3.508
3.508
3.508
3.508
3.508
3.508
3.508
3.508
3.508
3.508
3.508
3.508
3.508
3.508
3.50803
3.50806
3.50819
3.50817
3.50807
3.50802
3.50807
3.508
3.508
3.508
3.508
3.508
3.50801
3.50802
3.508
3.50814
3.50804
3.50802
3.508
3.508
3.508
3.508
3.508
3.508
3.508
3.508
3.508
3.508
3.50804
3.50802
3.50801
3.50804
3.50801
3.50809
3.50805
3.508
3.508
3.508
3.508
3.508
3.508
3.50802
3.50801
3.50804
3.50804
3.50806
3.50803
3.50807
3.50804
3.508
3.508
3.508
3.508
3.508
3.508
3.508
3.50801
3.50801
3.508
3.50801
3.50819
3.50814
3.5081
3.5081
3.50807
3.50805
3.50801
3.50801
3.50802
3.50804
3.50806
3.508
3.508
3.508
3.508
3.508
3.508
3.508
3.508
3.508
3.508
3.508
3.508
3.508
3.508
3.508
3.508
3.508
3.508
3.50805
3.50807
3.50853
3.50833
3.50829
3.5082
3.50801
3.50805
3.50811
3.50807
3.50804
3.50807
3.50815
3.50823
3.50806
3.50803
3.50827
3.50806
3.50829
3.50809
3.5081
3.5087
3.50857
3.50852
3.50814
3.50818
3.508
3.508
3.508
3.508
3.508
3.508
3.508
3.508
3.508
3.508
3.508
3.508
3.508
3.508
3.508
3.508
3.508
3.508
3.508
3.508
3.508
3.508
3.508
3.508
3.50809
3.50806
3.50802
3.50802
3.50824
3.50802
3.50808
3.50815
3.50803
3.50803
3.50803
3.50819
3.5081
3.50815
3.50811
3.5089
3.508
3.508
3.508
3.508
3.508
3.508
3.508
3.508
3.508
3.508
3.508
3.508
3.50801
3.50802
3.50801
3.50806
3.50801
3.50801
3.50802
3.50801
3.50801
3.50805
3.50804
3.50807
3.50806
3.50803
3.5081
3.50802
3.50805
3.50803
3.50803
3.508
3.508
3.508
3.508
3.508
3.508
3.508
3.508
3.508
3.508
3.508
3.508
3.508
3.508
3.50809
3.50806
3.50816
3.50806
3.50813
3.50807
3.508
3.508
3.508
3.508
3.508
3.508
3.508
3.508
3.508
3.508
3.508
3.508
3.508
3.508
3.508
3.508
3.508
3.508
3.50802
3.50803
3.50804
3.50805
3.50809
3.50804
3.50806
3.50808
3.50811
3.50802
3.50801
3.50804
3.50804
3.50808
3.508
3.50801
3.508
3.508
3.508
3.50801
3.508
3.50803
3.50802
3.50801
3.50803
3.50802
3.50802
3.50803
3.50806
3.50808
3.50803
3.50804
3.508
3.508
3.508
3.50843
3.50813
3.50834
3.508
3.508
3.508
3.508
3.508
3.508
3.50802
3.50806
3.50803
3.50815
3.50802
3.50805
3.50812
3.5082
3.50802
3.50801
3.50828
3.50813
3.50806
3.50811
3.50805
3.50807
3.50812
3.50808
3.50802
3.50844
3.50833
3.5081
3.50806
3.50818
3.5092
3.50872
3.50845
3.50837
3.508
3.50801
3.50802
3.50801
3.50804
3.50838
3.50817
3.5086
3.50821
3.50837
3.50815
3.50819
3.50857
3.50854
3.50825
3.50817
3.508
3.508
3.508
3.508
3.508
3.50801
3.508
3.508
3.508
3.508
3.508
3.508
3.508
3.508
3.508
3.508
3.508
3.508
3.50801
3.50803
3.50801
3.50802
3.50802
3.50801
3.508
3.50811
3.50804
3.50802
3.50803
3.508
3.508
3.50801
3.508
3.50801
3.50801
3.50801
3.50807
3.50807
3.50815
3.50805
3.50802
3.50808
3.50805
3.508
3.508
3.508
3.508
3.50802
3.50801
3.50801
3.50801
3.508
3.508
3.508
3.508
3.508
3.508
3.508
3.508
3.508
3.508
3.508
3.508
3.508
3.508
3.508
3.508
3.508
3.508
3.508
3.508
3.508
3.50802
3.50803
3.50803
3.508
3.508
3.508
3.508
3.508
3.508
3.508
3.508
3.508
3.50805
3.50818
3.50814
3.50804
3.50806
3.50804
3.50813
3.50804
3.50804
3.50803
3.50801
3.50803
3.50803
3.50811
3.50814
3.50805
3.5081
3.50813
3.50804
3.50807
3.508
3.508
3.508
3.508
3.508
3.50801
3.50803
3.50801
3.50801
3.50801
3.50801
3.50803
3.50806
3.50807
3.50808
3.50803
3.50805
3.50803
3.50808
3.50819
3.50817
3.5087
3.508
3.508
3.508
3.508
3.508
3.508
3.508
3.50801
3.50801
3.50801
3.50804
3.508
3.50801
3.50811
3.50801
3.50801
3.50809
3.50811
3.50805
3.50811
3.50813
3.508
3.508
3.508
3.508
3.508
3.508
3.508
3.508
3.508
3.508
3.50802
3.50803
3.50803
3.50803
3.50804
3.50804
3.50804
3.508
3.508
3.508
3.50801
3.50801
3.508
3.508
3.508
3.50801
3.508
3.508
3.508
3.50801
3.50801
3.50801
3.50803
3.50808
3.50827
3.50904
3.50858
3.5082
3.508
3.508
3.508
3.508
3.508
3.508
3.50801
3.508
3.508
3.508
3.508
3.508
3.508
3.50801
3.508
3.508
3.50807
3.50811
3.50806
3.50807
3.50815
3.50875
3.50853
3.50865
3.50853
3.50838
3.50801
3.50801
3.50802
3.50806
3.50808
3.50806
3.50838
3.50862
3.50841
3.50873
3.50868
3.508
3.508
3.50801
3.50808
3.50802
3.50807
3.50803
3.508
3.508
3.508
3.508
3.508
3.508
3.508
3.508
3.508
3.508
3.508
3.508
3.50801
3.50801
3.508
3.508
3.50802
3.508
3.508
3.508
3.50802
3.50801
3.508
3.508
3.508
3.50801
3.50801
3.508
3.50821
3.50817
3.50825
3.50815
3.50808
3.50806
3.50854
3.50833
3.508
3.50801
3.50801
3.50804
3.50805
3.50809
3.50809
3.50809
3.50804
3.508
3.508
3.508
3.508
3.508
3.50813
3.50819
3.50827
3.50851
3.50847
3.50861
3.50969
3.5092
3.50839
3.50845
3.50825
3.508
3.50801
3.50801
3.50801
3.50802
3.50809
3.50815
3.5081
3.50811
3.50813
3.50806
3.5085
3.50832
3.50993
3.50873
3.50893
3.50882
3.50846
3.508
3.508
3.508
3.508
3.50801
3.508
3.50804
3.50801
3.50802
3.50804
3.50806
3.50829
3.50811
3.50817
3.50805
3.508
3.508
3.508
3.508
3.508
3.508
3.50801
3.50834
3.50812
3.50813
3.50869
3.50825
3.50903
3.50823
3.50901
3.50839
3.50826
3.508
3.508
3.508
3.508
3.508
3.50801
3.50801
3.50802
3.508
3.50801
3.50803
3.50801
3.508
3.508
3.508
3.508
3.50801
3.50801
3.508
3.50804
3.50803
3.50802
3.50802
3.50804
3.50802
3.508
3.508
3.508
3.508
3.508
3.50802
3.50801
3.50801
3.50801
3.50801
3.508
3.508
3.508
3.508
3.508
3.508
3.508
3.508
3.508
3.508
3.50801
3.50804
3.50801
3.50801
3.508
3.508
3.508
3.508
3.508
3.508
3.50801
3.508
3.508
3.508
3.508
3.508
3.50807
3.50804
3.50891
3.50874
3.50877
3.50901
3.50827
3.50881
3.50821
3.50827
3.508
3.508
3.508
3.50801
3.50801
3.508
3.50801
3.50801
3.508
3.50801
3.50801
3.50802
3.50803
3.50808
3.50827
3.50824
3.509
3.50943
3.5094
3.51042
3.51
3.50811
3.50824
3.50823
3.50818
3.50815
3.508
3.508
3.508
3.508
3.50801
3.508
3.508
3.50801
3.50802
3.508
3.50801
3.508
3.508
3.508
3.508
3.50801
3.50801
3.50801
3.50801
3.50803
3.50804
3.50801
3.50802
3.50802
3.508
3.508
3.50801
3.50801
3.50803
3.50804
3.50803
3.50802
3.50803
3.50801
3.50802
3.50801
3.508
3.508
3.508
3.508
3.50802
3.50802
3.508
3.508
3.508
3.508
3.508
3.508
3.508
3.508
3.508
3.508
3.508
3.50801
3.50801
3.50801
3.50801
3.50801
3.50807
3.5081
3.50806
3.50803
3.50802
3.50801
3.508
3.508
3.508
3.508
3.50801
3.50802
3.50802
3.508
3.508
3.508
3.508
3.508
3.50801
3.50801
3.508
3.50806
3.50801
3.50801
3.50802
3.50801
3.508
3.50801
3.50804
3.50804
3.50802
3.50806
3.508
3.508
3.50802
3.50805
3.50801
3.50803
3.50801
3.50801
3.508
3.508
3.508
3.508
3.50801
3.508
3.50803
3.50801
3.50802
3.50801
3.50802
3.50801
3.50801
3.50802
3.50801
3.50806
3.50819
3.50804
3.50811
3.50808
3.50819
3.50861
3.50835
3.50829
3.50817
3.508
3.508
3.508
3.50801
3.508
3.508
3.508
3.50801
3.508
3.508
3.508
3.50801
3.50802
3.50802
3.50803
3.50807
3.50803
3.50803
3.50806
3.508
3.508
3.508
3.50801
3.508
3.50801
3.50801
3.50802
3.50801
3.50813
3.50803
3.50805
3.50804
3.50806
3.50822
3.50813
3.5081
3.50805
3.508
3.508
3.508
3.508
3.508
3.508
3.508
3.50867
3.50851
3.50867
3.50815
3.50808
3.50812
3.50826
3.50882
3.508
3.508
3.50801
3.50801
3.50801
3.50801
3.50802
3.508
3.508
3.50801
3.508
3.50801
3.50801
3.50813
3.50811
3.50804
3.50807
3.50815
3.50805
3.50808
3.50804
3.508
3.50802
3.50801
3.50802
3.508
3.508
3.508
3.50801
3.508
3.50801
3.50801
3.50802
3.50806
3.50803
3.50803
3.50802
3.508
3.508
3.508
3.508
3.508
3.508
3.50801
3.508
3.508
3.50801
3.508
3.508
3.508
3.50801
3.50801
3.50801
3.50805
3.50805
3.50803
3.50802
3.50804
3.50803
3.50803
3.50805
3.50833
3.50816
3.5082
3.50811
3.50807
3.50809
3.50942
3.50842
3.508
3.508
3.50801
3.50801
3.508
3.508
3.508
3.508
3.50801
3.50804
3.50807
3.50805
3.50802
3.50831
3.50816
3.50813
3.5081
3.50803
3.508
3.50802
3.50801
3.508
3.50805
3.50801
3.50801
3.50812
3.50801
3.50804
3.50803
3.50801
3.50831
3.50818
3.50832
3.50845
3.508
3.508
3.508
3.508
3.508
3.50801
3.50801
3.50802
3.50801
3.508
3.50801
3.50804
3.50801
3.50806
3.50811
3.50806
3.50807
3.50803
3.50836
3.50819
3.50863
3.51018
3.50956
3.50917
3.50827
3.50899
3.50802
3.50809
3.50819
3.50806
3.50834
3.50898
3.50812
3.50834
3.50818
3.50827
3.50823
3.50824
3.50896
3.50875
3.50876
3.508
3.50801
3.508
3.508
3.50802
3.50804
3.50801
3.50801
3.508
3.508
3.508
3.508
3.50801
3.508
3.50802
3.50801
3.50801
3.50802
3.50802
3.50802
3.50808
3.50808
3.50815
3.50839
3.50812
3.50841
3.50809
3.50809
3.50953
3.51181
3.50907
3.51146
3.50903
3.50878
3.50999
3.508
3.50802
3.50806
3.50802
3.50804
3.50818
3.50801
3.508
3.50801
3.508
3.50801
3.50802
3.50805
3.50802
3.50895
3.50847
3.50857
3.50829
3.50819
3.50815
3.508
3.50801
3.50801
3.50803
3.50801
3.50809
3.50806
3.50819
3.50803
3.50808
3.50802
3.50804
3.50806
3.50803
3.50814
3.50812
3.50808
3.50831
3.508
3.508
3.50801
3.508
3.50801
3.50801
3.50806
3.50801
3.50801
3.50801
3.50802
3.50802
3.50805
3.50806
3.508
3.50801
3.508
3.508
3.508
3.50802
3.50805
3.50801
3.508
3.50801
3.50822
3.5082
3.50811
3.50808
3.508
3.508
3.508
3.50801
3.508
3.50801
3.50801
3.50804
3.50801
3.508
3.508
3.508
3.508
3.50801
3.508
3.508
3.50801
3.50801
3.50801
3.508
3.508
3.508
3.508
3.508
3.508
3.508
3.50802
3.50805
3.50802
3.508
3.508
3.508
3.508
3.508
3.508
3.50802
3.50811
3.50803
3.50802
3.50802
3.508
3.508
3.508
3.508
3.508
3.50802
3.50803
3.50805
3.50805
3.50801
3.50801
3.508
3.50801
3.50801
3.50801
3.508
3.50801
3.50803
3.5081
3.50804
3.50808
3.50804
3.508
3.508
3.508
3.508
3.508
3.508
3.508
3.508
3.50801
3.50801
3.508
3.508
3.50801
3.50801
3.508
3.508
3.50802
3.50802
3.508
3.50801
3.508
3.50802
3.50801
3.50803
3.50802
3.50801
3.50808
3.50808
3.50804
3.50806
3.50816
3.50813
3.50811
3.50818
3.50823
3.50801
3.508
3.50801
3.508
3.508
3.508
3.50803
3.50806
3.50802
3.50801
3.50801
3.50802
3.50801
3.50803
3.50817
3.50819
3.50815
3.50827
3.50853
3.50802
3.50804
3.50804
3.50845
3.50835
3.50826
3.50823
3.50811
3.50815
3.50832
3.50822
3.50806
3.50804
3.50885
3.50827
3.50819
3.50816
3.50802
3.50805
3.50804
3.50812
3.50813
3.50808
3.50811
3.50813
3.508
3.508
3.508
3.508
3.508
3.508
3.508
3.50801
3.50801
3.50803
3.50802
3.50801
3.50801
3.508
3.508
3.50801
3.508
3.508
3.50805
3.50808
3.50803
3.50804
3.50801
3.50802
3.508
3.508
3.50803
3.50802
3.50802
3.50808
3.50818
3.50809
3.50815
3.50812
3.50801
3.50802
3.50802
3.508
3.50804
3.50804
3.50807
3.5082
3.50809
3.50804
3.50807
3.50805
3.508
3.508
3.50801
3.508
3.50801
3.50801
3.508
3.508
3.508
3.508
3.508
3.508
3.508
3.50802
3.50804
3.50801
3.50801
3.508
3.508
3.508
3.508
3.508
3.508
3.50801
3.50802
3.50803
3.50802
3.50801
3.50801
3.50802
3.50802
3.50801
3.50802
3.50824
3.50809
3.50875
3.50807
3.50841
3.5081
3.508
3.508
3.508
3.508
3.50802
3.508
3.508
3.50802
3.508
3.508
3.50803
3.50801
3.50801
3.50801
3.50809
3.50808
3.5082
3.50808
3.50809
3.508
3.508
3.508
3.508
3.508
3.50801
3.50803
3.508
3.50801
3.508
3.508
3.50801
3.508
3.508
3.50801
3.50802
3.50802
3.50801
3.508
3.508
3.508
3.508
3.508
3.508
3.508
3.50801
3.50804
3.50803
3.50802
3.50801
3.50801
3.50806
3.50804
3.50807
3.50805
3.508
3.508
3.50801
3.508
3.50806
3.50805
3.50801
3.508
3.508
3.508
3.508
3.50801
3.50801
3.50804
3.50807
3.50813
3.50802
3.50802
3.50806
3.50808
3.50836
3.5084
3.50809
3.50814
3.50809
3.50801
3.50802
3.50801
3.50805
3.50802
3.50804
3.50807
3.50808
3.50827
3.50809
3.5083
3.50813
3.508
3.508
3.508
3.50803
3.50802
3.50801
3.50801
3.50805
3.50802
3.50802
3.50808
3.50816
3.50809
3.50803
3.50804
3.50893
3.50971
3.50916
3.50927
3.50887
3.508
3.508
3.50802
3.50803
3.50802
3.50801
3.50802
3.508
3.508
3.508
3.508
3.50801
3.50801
3.508
3.508
3.508
3.508
3.508
3.508
3.50801
3.50802
3.508
3.508
3.50802
3.50803
3.50807
3.50806
3.50805
3.50803
3.50801
3.50801
3.50804
3.50811
3.50812
3.50816
3.50804
3.50807
3.50804
3.50801
3.508
3.508
3.50801
3.508
3.50801
3.50801
3.50801
3.50802
3.50801
3.50802
3.508
3.508
3.50801
3.508
3.508
3.508
3.508
3.508
3.50801
3.508
3.50801
3.508
3.508
3.508
3.50801
3.508
3.508
3.50801
3.50803
3.50809
3.50806
3.508
3.508
3.50801
3.50801
3.50804
3.50803
3.50801
3.50804
3.50804
3.50806
3.50807
3.50805
3.50851
3.50808
3.50843
3.50822
3.50819
3.508
3.508
3.508
3.508
3.508
3.50801
3.50802
3.50802
3.50801
3.50802
3.50806
3.50803
3.50806
3.508
3.50801
3.508
3.50802
3.50802
3.50801
3.50812
3.50809
3.50824
3.50808
3.50813
3.508
3.508
3.50801
3.508
3.508
3.508
3.50802
3.50805
3.50804
3.50801
3.50803
3.50824
3.50806
3.50812
3.50811
3.50826
3.50817
3.50812
3.50812
3.50868
3.5086
3.50912
3.50913
3.508
3.508
3.508
3.508
3.50801
3.50801
3.508
3.508
3.508
3.508
3.50803
3.50805
3.50801
3.50801
3.50809
3.50803
3.50801
3.50801
3.508
3.50801
3.50801
3.50801
3.50801
3.50801
3.508
3.50802
3.508
3.50802
3.508
3.508
3.50803
3.50801
3.50801
3.50809
3.50806
3.50806
3.50815
3.50825
3.508
3.50802
3.508
3.50801
3.508
3.508
3.508
3.50803
3.50801
3.50804
3.50803
3.50801
3.50807
3.50829
3.50822
3.50817
3.50888
3.50837
3.50864
3.50832
3.508
3.50801
3.50801
3.50804
3.50801
3.50801
3.508
3.50805
3.5081
3.50805
3.50802
3.50801
3.50803
3.50802
3.50805
3.50801
3.50807
3.50821
3.50807
3.50812
3.50805
3.50807
3.50819
3.50836
3.50819
3.50813
3.508
3.50802
3.508
3.50802
3.508
3.50801
3.508
3.508
3.50801
3.50802
3.50803
3.50802
3.50802
3.50819
3.50815
3.50863
3.50913
3.50889
3.5087
3.50837
3.508
3.508
3.508
3.50801
3.508
3.50802
3.50801
3.50802
3.50806
3.50803
3.50804
3.508
3.508
3.50802
3.50801
3.50801
3.50801
3.50801
3.508
3.50801
3.50802
3.50805
3.50804
3.50808
3.50803
3.50807
3.50802
3.50809
3.50818
3.5084
3.50845
3.50849
3.50803
3.50801
3.50801
3.508
3.508
3.50801
3.50837
3.50829
3.50819
3.50825
3.50885
3.50817
3.50851
3.508
3.508
3.508
3.508
3.50804
3.508
3.508
3.50802
3.50804
3.50805
3.50804
3.50804
3.508
3.508
3.50801
3.50804
3.50802
3.50802
3.50801
3.50803
3.50802
3.50888
3.50858
3.50817
3.50829
3.50873
3.50801
3.50801
3.50803
3.50807
3.50809
3.50819
3.50806
3.50805
3.50812
3.50806
3.508
3.50801
3.50802
3.50801
3.50802
3.50801
3.50801
3.508
3.50801
3.508
3.508
3.508
3.508
3.50801
3.508
3.508
3.50802
3.50802
3.50801
3.50801
3.508
3.508
3.508
3.508
3.50804
3.50813
3.50804
3.50803
3.50812
3.50802
3.50809
3.50804
3.50812
3.50822
3.50805
3.50801
3.50803
3.50802
3.50801
3.50801
3.50812
3.50809
3.50807
3.50804
3.50813
3.50803
3.50808
3.50806
3.50808
3.508
3.50801
3.508
3.508
3.50801
3.50884
3.50856
3.50932
3.5085
3.50814
3.508
3.508
3.50801
3.50802
3.50802
3.50801
3.508
3.50801
3.50803
3.508
3.508
3.50802
3.50805
3.50802
3.508
3.508
3.508
3.508
3.508
3.50801
3.50801
3.50805
3.50802
3.50803
3.508
3.508
3.508
3.508
3.508
3.50801
3.50801
3.50801
3.50801
3.50801
3.5081
3.50812
3.50823
3.50814
3.50829
3.5086
3.50801
3.50801
3.50827
3.50843
3.50811
3.50815
3.50816
3.5082
3.50802
3.50801
3.50806
3.50812
3.50822
3.50814
3.50814
3.5081
3.508
3.508
3.508
3.50802
3.50803
3.50801
3.50803
3.50801
3.50801
3.50806
3.50807
3.50803
3.50823
3.50813
3.50813
3.50811
3.508
3.508
3.50801
3.508
3.50801
3.50801
3.50801
3.50801
3.50801
3.508
3.508
3.508
3.50805
3.50806
3.50806
3.50806
3.508
3.508
3.50801
3.508
3.508
3.508
3.508
3.50801
3.50801
3.50801
3.508
3.50802
3.50801
3.508
3.508
3.50801
3.508
3.508
3.50801
3.50802
3.50801
3.50801
3.508
3.508
3.508
3.508
3.50806
3.50808
3.50801
3.50803
3.50801
3.508
3.508
3.508
3.508
3.508
3.508
3.50801
3.508
3.50802
3.50801
3.50801
3.50801
3.50801
3.50854
3.50885
3.50821
3.50815
3.50812
3.50851
3.50827
3.50806
3.50805
3.50807
3.50816
3.50804
3.50816
3.508
3.50802
3.508
3.50801
3.50801
3.50802
3.50802
3.50802
3.50803
3.508
3.508
3.508
3.50801
3.50801
3.50802
3.50801
3.50801
3.50801
3.50805
3.50804
3.50807
3.50813
3.50827
3.50817
3.5081
3.50802
3.5081
3.50803
3.50894
3.50871
3.50823
3.50814
3.50914
3.50858
3.5081
3.50808
3.50801
3.50832
3.50819
3.50811
3.508
3.50801
3.508
3.508
3.50802
3.50802
3.50801
3.50802
3.50802
3.50803
3.50802
3.50803
3.50811
3.50817
3.5081
3.50805
3.50803
3.50803
3.50806
3.50806
3.50802
3.50802
3.508
3.508
3.508
3.50802
3.50801
3.50803
3.50805
3.50802
3.50804
3.50799
3.50801
3.508
3.508
3.50804
3.50806
3.50805
3.50841
3.50902
3.50936
3.50876
3.50876
3.50917
3.508
3.508
3.50801
3.50802
3.508
3.50824
3.50883
3.50926
3.50847
3.50891
3.50831
3.50811
3.50801
3.508
3.50801
3.50801
3.50801
3.508
3.508
3.50801
3.50802
3.50805
3.50813
3.50806
3.50808
3.50807
3.50802
3.50802
3.50803
3.50802
3.50801
3.508
3.50803
3.50802
3.50802
3.50802
3.50803
3.50801
3.50801
3.50802
3.508
3.508
3.50803
3.50801
3.50801
3.50803
3.508
3.508
3.50801
3.508
3.508
3.50801
3.508
3.50803
3.50801
3.50801
3.508
3.508
3.50801
3.50801
3.50801
3.50801
3.50801
3.50813
3.50825
3.50846
3.50811
3.5082
3.50811
3.50825
3.508
3.508
3.508
3.508
3.508
3.508
3.50802
3.50804
3.50813
3.5081
3.5083
3.50827
3.50823
3.50805
3.50861
3.50887
3.509
3.50835
3.50834
3.508
3.508
3.50801
3.50803
3.50802
3.508
3.508
3.50819
3.50807
3.50806
3.50808
3.50822
3.50843
3.50844
3.50881
3.50889
3.508
3.50805
3.50806
3.50807
3.50805
3.50808
3.50826
3.50839
3.5083
3.50807
3.5082
3.50815
3.50801
3.508
3.508
3.50802
3.50802
3.508
3.508
3.50801
3.508
3.50808
3.50813
3.50845
3.50816
3.50813
3.50911
3.50946
3.5099
3.50816
3.50801
3.508
3.508
3.508
3.508
3.508
3.508
3.508
3.508
3.50801
3.508
3.508
3.508
3.508
3.508
3.508
3.508
3.50893
3.51627
3.51037
3.508
3.508
3.508
3.50802
3.50802
3.50802
3.50802
3.50801
3.50801
3.50807
3.50807
3.50806
3.50819
3.50812
3.50829
3.50818
3.50807
3.50809
3.508
3.508
3.50802
3.50806
3.50801
3.508
3.50801
3.50803
3.50803
3.50801
3.50801
3.50802
3.508
3.508
3.508
3.508
3.50801
3.50802
3.50803
3.50802
3.50803
3.508
3.50801
3.508
3.50802
3.50801
3.50804
3.50806
3.50804
3.50803
3.50803
3.50804
3.50806
3.50801
3.50803
3.50801
3.50807
3.50827
3.50821
3.50816
3.50804
3.50816
3.50825
3.508
3.50801
3.508
3.50801
3.50801
3.50801
3.50801
3.50801
3.50801
3.50801
3.508
3.508
3.50801
3.508
3.508
3.508
3.50803
3.50802
3.50802
3.50801
3.50802
3.50803
3.508
3.50803
3.508
3.50801
3.50819
3.50805
3.50806
3.50811
3.50807
3.50808
3.50822
3.50813
3.50809
3.50812
3.50813
3.50826
3.50825
3.50816
3.508
3.508
3.508
3.50801
3.50802
3.50801
3.50801
3.50802
3.508
3.50802
3.50802
3.50801
3.50803
3.50804
3.50801
3.50805
3.50817
3.50809
3.50813
3.50868
3.50856
3.50921
3.50874
3.50803
3.508
3.50801
3.508
3.50804
3.50805
3.50801
3.50819
3.50811
3.50801
3.508
3.50801
3.508
3.50801
3.508
3.50806
3.50805
3.50807
3.50815
3.50856
3.50821
3.5082
3.50858
3.50802
3.50801
3.50801
3.50801
3.50801
3.50801
3.508
3.508
3.50802
3.50802
3.508
3.508
3.50801
3.508
3.50826
3.50863
3.50816
3.50816
3.50883
3.50833
3.50985
3.50891
3.50804
3.50815
3.50808
3.50821
3.5081
3.50802
3.50806
3.50808
3.50819
3.50806
3.50804
3.50805
3.50802
3.50801
3.50802
3.508
3.50803
3.50801
3.50801
3.50802
3.50806
3.50802
3.50802
3.50811
3.50802
3.50806
3.50828
3.508
3.50801
3.508
3.50801
3.50801
3.508
3.50801
3.50802
3.50802
3.50801
3.50802
3.50802
3.508
3.50801
3.50801
3.50802
3.50802
3.50801
3.508
3.50814
3.50816
3.50816
3.50805
3.50806
3.50805
3.5081
3.50816
3.50814
3.50801
3.50804
3.50802
3.50801
3.508
3.508
3.50801
3.50801
3.50801
3.50801
3.50801
3.50839
3.50897
3.50838
3.50885
3.50908
3.51104
3.50803
3.50801
3.50801
3.50802
3.50804
3.50802
3.50802
3.50804
3.50801
3.508
3.50801
3.5086
3.50908
3.50834
3.50834
3.50821
3.50922
3.50865
3.50822
3.50815
3.5088
3.50828
3.508
3.50801
3.50801
3.50803
3.50804
3.50811
3.50804
3.50816
3.50808
3.50802
3.508
3.50803
3.508
3.50801
3.50801
3.50801
3.50802
3.50801
3.50801
3.50801
3.508
3.50801
3.50801
3.50801
3.50802
3.50802
3.50802
3.50803
3.50801
3.50803
3.50802
3.50802
3.50802
3.508
3.508
3.508
3.508
3.508
3.508
3.508
3.508
3.508
3.50801
3.50802
3.50802
3.50806
3.50803
3.50801
3.50801
3.50801
3.50802
3.50801
3.50802
3.50802
3.50801
3.50801
3.5081
3.50805
3.50811
3.50801
3.50801
3.50803
3.50803
3.50806
3.50806
3.50813
3.50819
3.50827
3.508
3.508
3.508
3.508
3.508
3.508
3.50801
3.50801
3.50801
3.50802
3.50803
3.50804
3.50808
3.50805
3.50807
3.50801
3.50812
3.50808
3.50811
3.5081
3.5081
3.50803
3.50805
3.50833
3.50904
3.50825
3.50822
3.50849
3.50904
3.50822
3.50831
3.50918
3.50829
3.50817
3.50812
3.50846
3.50799
3.50896
3.509
3.5088
3.50869
3.50765
3.508
3.508
3.508
3.508
3.508
3.508
3.50823
3.50892
3.50861
3.50848
3.50883
3.50828
3.50825
3.50818
3.50811
3.50833
3.50819
3.508
3.50801
3.508
3.50801
3.50801
3.50815
3.50807
3.50808
3.50806
3.50806
3.50802
3.50802
3.508
3.50801
3.50801
3.508
3.508
3.50802
3.50802
3.50801
3.50801
3.50801
3.50802
3.50802
3.50802
3.50801
3.50801
3.50801
3.50803
3.50801
3.50801
3.50801
3.50801
3.508
3.50802
3.50801
3.50802
3.50802
3.50802
3.50806
3.50803
3.50803
3.50806
3.50806
3.50807
3.50939
3.5089
3.50859
3.50881
3.50805
3.50901
3.5082
3.50815
3.5084
3.50923
3.51062
3.50862
3.50944
3.50853
3.508
3.50803
3.50801
3.50801
3.50804
3.50802
3.50801
3.50801
3.5081
3.50812
3.50802
3.50801
3.50801
3.50801
3.50801
3.508
3.50802
3.50801
3.508
3.50908
3.50857
3.50876
3.5091
3.50876
3.50807
3.50805
3.50805
3.50805
3.50814
3.50803
3.50809
3.50805
3.50815
3.50822
3.50811
3.50812
3.50822
3.50828
3.50846
3.50827
3.5082
3.50833
3.50801
3.50802
3.50803
3.50801
3.50802
3.508
3.50808
3.50807
3.50807
3.50807
3.50801
3.50801
3.50803
3.50802
3.50801
3.50803
3.50804
3.50801
3.508
3.50801
3.50802
3.508
3.50802
3.50802
3.50806
3.50805
3.50808
3.50833
3.50811
3.50813
3.50838
3.50814
3.5084
3.50801
3.508
3.50801
3.50804
3.50986
3.50813
3.5093
3.51413
3.50876
3.51283
3.50947
3.50837
3.51209
3.50928
3.51187
3.50871
3.50936
3.50807
3.50915
3.5081
3.5086
3.5083
3.51018
3.50826
3.50838
3.50831
3.50816
3.50858
3.50814
3.50814
3.50817
3.50868
3.50853
3.50876
3.50907
3.51092
3.50989
3.50855
3.50942
3.508
3.508
3.50801
3.50802
3.50799
3.50801
3.50801
3.50802
3.50807
3.50801
3.50801
3.50802
3.50801
3.50807
3.50807
3.50825
3.50813
3.50849
3.50806
3.50828
3.50808
3.50814
3.50836
3.5083
3.50952
3.5084
3.50833
3.50836
3.50802
3.50805
3.508
3.508
3.50801
3.50803
3.508
3.508
3.508
3.508
3.508
3.508
3.508
3.508
3.50809
3.50804
3.50801
3.50817
3.50801
3.50812
3.50803
3.50852
3.50915
3.50829
3.5084
3.508
3.508
3.508
3.508
3.508
3.508
3.508
3.508
3.508
3.508
3.508
3.508
3.508
3.508
3.508
3.508
3.50802
3.50802
3.50803
3.50801
3.50805
3.50801
3.50836
3.50917
3.50828
3.50842
3.51124
3.51099
3.50964
3.51075
3.50802
3.50807
3.50813
3.50811
3.50805
3.50845
3.50923
3.5083
3.50838
3.50883
3.50896
3.50815
3.50819
3.50859
3.50839
3.50807
3.50805
3.50808
3.50805
3.5081
3.50816
3.50801
3.50802
3.50809
3.50927
3.50832
3.50834
3.50914
3.50942
3.51025
3.50949
3.50804
3.50802
3.50811
3.50811
3.50817
3.50838
3.50804
3.50805
3.50803
3.50806
3.50805
3.50806
3.50816
3.50823
3.50815
3.50818
3.5081
3.50973
3.5084
3.50887
3.508
3.508
3.50802
3.50801
3.50801
3.50801
3.50801
3.50802
3.50806
3.50806
3.50804
3.50802
3.50802
3.50804
3.50805
3.50801
3.50801
3.50812
3.50832
3.50869
3.50873
3.50837
3.50872
3.50802
3.50804
3.50811
3.50811
3.50817
3.50839
3.50802
3.50801
3.5081
3.50817
3.50809
3.50808
3.50823
3.50808
3.50818
3.50842
3.50814
3.50815
3.5086
3.50846
3.50815
3.50815
3.50859
3.50902
3.50854
3.51359
3.5114
3.5094
3.50854
3.50867
3.508
3.508
3.508
3.508
3.508
3.508
3.50811
3.50838
3.50822
3.5084
3.50831
3.50947
3.50956
3.50859
3.50876
3.50841
3.50802
3.50802
3.50804
3.50802
3.50803
3.50966
3.50943
3.50859
3.5086
3.50801
3.508
3.50802
3.50801
3.50802
3.508
3.508
3.508
3.50809
3.50815
3.50815
3.50811
3.50812
3.50924
3.50853
3.50856
3.5083
3.50883
3.50891
3.50859
3.50842
3.51191
3.50981
3.51448
3.51289
3.5099
3.50815
3.5082
3.50807
3.50805
3.5081
3.50803
3.50829
3.50842
3.50822
3.50875
3.5152
3.51149
3.51128
3.51086
3.50822
3.50808
3.50841
3.50808
3.50826
3.50828
3.50816
3.50924
3.50875
3.51041
3.51985
3.53622
3.51651
3.5212
3.50841
3.50815
3.50876
3.50818
3.50892
3.50996
3.50894
3.50814
3.50822
3.5081
3.50871
3.5084
3.50835
3.50811
3.50816
3.508
3.508
3.508
3.508
3.50802
3.50801
3.508
3.50801
3.50808
3.50804
3.50801
3.50804
3.50805
3.50823
3.50831
3.50826
3.50858
3.50929
3.50866
3.50802
3.508
3.50813
3.50816
3.50803
3.50808
3.50797
3.50827
3.50808
3.50903
3.50791
3.50819
3.50803
3.50847
3.50817
3.5082
3.50813
3.50811
3.50839
3.5088
3.5086
3.50825
3.50802
3.5083
3.5081
3.50819
3.50857
3.50818
3.50847
3.50813
3.51017
3.50977
3.50847
3.50839
3.50831
3.50855
3.50986
3.50829
3.50924
3.5079
3.50909
3.5083
3.50846
3.50842
3.50803
3.50813
3.5081
3.50822
3.50808
3.50814
3.50824
3.5088
3.50909
3.50814
3.50859
3.50834
3.50818
3.50852
3.50879
3.50892
3.50856
3.5084
3.50853
3.50876
3.50848
3.50958
3.50872
3.50929
3.5111
3.5082
3.51077
3.50899
3.50843
3.50874
3.51178
3.5098
3.50875
3.50904
3.50842
3.50827
3.50964
3.50951
3.50878
3.50957
3.51108
3.50947
3.50908
3.5088
3.50812
3.5082
3.50816
3.50851
3.51002
3.50865
3.50821
3.51009
3.50869
3.50868
3.50832
3.50811
3.5081
3.50814
3.50844
3.50824
3.50813
3.50833
3.50848
3.50873
3.50841
3.50893
3.50973
3.50975
3.51088
3.51457
3.51058
3.50911
3.5092
3.50986
3.50934
3.50936
3.509
3.508
3.508
3.508
3.508
3.508
3.508
3.508
3.508
3.50801
3.508
3.50801
3.5082
3.50812
3.50834
3.50839
3.50838
3.50818
3.51163
3.51291
3.51221
3.50972
3.50905
3.50801
3.50801
3.50807
3.50805
3.5082
3.50849
3.50806
3.50809
3.50807
3.5089
3.50867
3.50872
3.50894
3.50994
3.50862
3.50939
3.51595
3.51351
3.50887
3.50811
3.5081
3.50824
3.50855
3.50824
3.51077
3.50869
3.50931
3.5088
3.51362
3.51591
3.50998
3.51026
3.50917
3.50874
3.50899
3.5104
3.50895
3.50892
3.50936
3.50827
3.5084
3.50864
3.50893
3.50837
3.50832
3.50822
3.50948
3.50854
3.50825
3.50905
3.50906
3.50846
3.50859
3.51012
3.5095
3.50814
3.50893
3.50858
3.50846
3.50855
3.50853
3.5088
3.50934
3.51013
3.50863
3.50895
3.50846
3.51117
3.51507
3.50987
3.51534
3.51117
3.5086
3.51699
3.51199
3.51019
3.51348
3.50812
3.50808
3.50811
3.50807
3.50847
3.50819
3.50981
3.50876
3.50843
3.50822
3.508
3.50804
3.50807
3.50811
3.50813
3.50806
3.50906
3.50845
3.50898
3.50859
3.50839
3.50947
3.50865
3.50826
3.50805
3.50866
3.50881
3.50827
3.50862
3.50834
3.50832
3.50811
3.50809
3.50814
3.50838
3.50811
3.50833
3.50952
3.5113
3.50828
3.5087
3.50893
3.50811
3.5081
3.5081
3.50812
3.50811
3.50841
3.50826
3.50838
3.50833
3.51008
3.50911
3.50864
3.5085
3.50807
3.5081
3.50834
3.50838
3.50808
3.50811
3.50806
3.50915
3.50822
3.50883
3.50817
3.50813
3.50928
3.50828
3.50853
3.50814
3.50815
3.50861
3.50812
3.50813
3.51093
3.51079
3.50863
3.50802
3.508
3.50801
3.50812
3.50805
3.50807
3.5081
3.50828
3.50809
3.50848
3.5082
3.50808
3.50808
3.50907
3.50824
3.50967
3.50844
3.50821
3.51045
3.50883
3.50815
3.50814
3.50883
3.50863
3.5084
3.50845
3.50938
3.51079
3.50993
3.51229
3.51057
3.50888
3.50854
3.50853
3.50919
3.51365
3.51357
3.51089
3.50914
3.50962
3.51213
3.50811
3.50823
3.50879
3.50912
3.5087
3.51211
3.50866
3.50824
3.50831
3.50951
3.50854
3.50837
3.50843
3.50976
3.51201
3.51
3.50914
3.50988
3.50806
3.50807
3.50805
3.50803
3.50811
3.50831
3.50914
3.50863
3.50908
3.50955
3.5081
3.50811
3.50809
3.50887
3.50873
3.5097
3.5085
3.50858
3.50802
3.50812
3.50802
3.50806
3.50801
3.508
3.508
3.508
3.508
3.508
3.50804
3.50802
3.50825
3.50861
3.50846
3.508
3.50825
3.51071
3.51055
3.50973
3.50926
3.50953
3.5121
3.51256
3.50813
3.50807
3.50811
3.50861
3.50837
3.51048
3.50958
3.50843
3.50838
3.50851
3.51073
3.51122
3.51201
3.51173
3.51002
3.50807
3.50805
3.50807
3.50821
3.50822
3.50808
3.50907
3.5082
3.50809
3.51011
3.50998
3.50858
3.5084
3.50821
3.50825
3.5083
3.50812
3.50811
3.50846
3.5081
3.50813
3.51113
3.51101
3.5087
3.50806
3.50807
3.50835
3.50813
3.50842
3.50815
3.50816
3.51023
3.51054
3.50872
3.50827
3.50878
3.50832
3.50842
3.50819
3.50972
3.50919
3.5098
3.50953
3.50811
3.50809
3.50811
3.50852
3.50812
3.50857
3.50843
3.50825
3.51027
3.50958
3.50835
3.50872
3.50811
3.508
3.508
3.508
3.50801
3.508
3.508
3.50895
3.50898
3.50988
3.51421
3.51056
3.51166
3.5108
3.50944
3.50974
3.5081
3.50814
3.50806
3.50811
3.50868
3.50865
3.51068
3.50969
3.50824
3.50842
3.50853
3.50813
3.50811
3.50814
3.50867
3.50815
3.50824
3.50857
3.50864
3.5092
3.51115
3.50859
3.51118
3.50887
3.50941
3.50859
3.50816
3.51018
3.50828
3.50869
3.50819
3.50827
3.5097
3.50896
3.5081
3.50817
3.50807
3.50812
3.50815
3.50841
3.51108
3.50828
3.50867
3.50876
3.50825
3.50844
3.50816
3.50834
3.50867
3.50828
3.5103
3.50982
3.50993
3.51036
3.51198
3.50919
3.50857
3.51298
3.5103
3.51008
3.50823
3.50884
3.51043
3.50966
3.50886
3.50982
3.50873
3.50847
3.5089
3.50898
3.50928
3.51019
3.50964
3.50812
3.50808
3.50887
3.50862
3.50882
3.50902
3.50828
3.50906
3.50836
3.50842
3.5081
3.50958
3.50836
3.50972
3.50934
3.50961
3.50835
3.50829
3.50815
3.50809
3.50816
3.50844
3.50828
3.50993
3.5084
3.51122
3.50902
3.50888
3.50875
3.51431
3.50917
3.50982
3.50863
3.508
3.508
3.508
3.508
3.50806
3.50806
3.50817
3.50809
3.50809
3.50824
3.5083
3.50871
3.5091
3.51004
3.50858
3.50818
3.50817
3.5083
3.50814
3.50814
3.50811
3.50823
3.50814
3.50841
3.50824
3.50873
3.50885
3.50907
3.51064
3.50875
3.51121
3.50884
3.50951
3.50942
3.50834
3.50857
3.51023
3.51191
3.50903
3.50861
3.50896
3.51422
3.50936
3.51071
3.50891
3.50899
3.50848
3.50864
3.50906
3.50942
3.51027
3.51003
3.51345
3.51207
3.5105
3.51489
3.51193
3.50942
3.50934
3.50869
3.50816
3.50817
3.50818
3.50824
3.50878
3.50887
3.50902
3.51058
3.51016
3.51035
3.50882
3.50968
3.5085
3.51212
3.51527
3.51335
3.51147
3.51035
3.5081
3.50812
3.50811
3.50812
3.50812
3.50903
3.50827
3.50865
3.51057
3.50904
3.51102
3.50999
3.50863
3.50886
3.50888
3.50848
3.50841
3.50812
3.51079
3.51227
3.50859
3.5082
3.51031
3.51079
3.51663
3.51641
3.50902
3.50822
3.5085
3.50825
3.50819
3.51167
3.51035
3.50927
3.51005
3.50877
3.50811
3.50846
3.50812
3.50812
3.5084
3.51138
3.51079
3.50823
3.50853
3.50875
3.50831
3.50861
3.50814
3.51029
3.51016
3.51045
3.50859
3.5088
3.50874
3.50823
3.51029
3.50893
3.50861
3.50815
3.50812
3.50821
3.50959
3.50841
3.51059
3.51024
3.50845
3.50807
3.5082
3.50812
3.50921
3.5093
3.50836
3.50854
3.50964
3.50806
3.51016
3.50838
3.50889
3.50965
3.51043
3.50837
3.50881
3.50893
3.50808
3.50827
3.50925
3.5084
3.50965
3.51077
3.50886
3.50824
3.50907
3.50824
3.5081
3.50809
3.50807
3.50801
3.50802
3.50801
3.50813
3.50812
3.50813
3.50812
3.50854
3.50862
3.50863
3.50816
3.51036
3.51038
3.50864
3.50827
3.50821
3.50969
3.50839
3.50829
3.50824
3.50864
3.50778
3.51045
3.5085
3.50947
3.50868
3.50868
3.52224
3.51937
3.51979
3.51989
3.50862
3.50865
3.51025
3.50857
3.50832
3.50866
3.50911
3.50894
3.51213
3.50915
3.51492
3.51249
3.5105
3.5605
3.5281
3.53565
3.517
3.51771
3.50853
3.50812
3.50814
3.50858
3.5081
3.50809
3.51056
3.51
3.50827
3.5085
3.50864
3.5081
3.50814
3.50807
3.50813
3.50867
3.50867
3.51103
3.50995
3.50835
3.50846
3.50847
3.50809
3.50834
3.50867
3.50862
3.50936
3.5089
3.50874
3.50908
3.50861
3.51081
3.50873
3.50884
3.52157
3.51981
3.52023
3.517
3.50859
3.50813
3.50815
3.50869
3.50812
3.50812
3.51124
3.51107
3.50823
3.50858
3.50868
3.50821
3.50938
3.50983
3.50866
3.50822
3.50917
3.50843
3.50813
3.50822
3.50861
3.50906
3.50903
3.51032
3.51333
3.51222
3.51021
3.51469
3.51185
3.50815
3.50816
3.5087
3.50824
3.50886
3.51041
3.50902
3.51048
3.50987
3.50874
3.50869
3.50884
3.50944
3.5081
3.50811
3.50853
3.50812
3.50814
3.5085
3.50811
3.50814
3.51128
3.51056
3.50826
3.50865
3.50885
3.50817
3.50857
3.50826
3.50843
3.50814
3.51121
3.51004
3.5092
3.51452
3.50833
3.51054
3.50848
3.51102
3.50875
3.50828
3.50815
3.5084
3.50873
3.50888
3.50931
3.5096
3.51045
3.50897
3.51148
3.51058
3.50809
3.50833
3.50812
3.50812
3.5085
3.50811
3.50814
3.51165
3.51166
3.50833
3.50876
3.50881
3.50891
3.50865
3.51029
3.5094
3.50877
3.50885
3.51201
3.50904
3.50809
3.50812
3.50862
3.50822
3.50896
3.51094
3.50968
3.51011
3.50845
3.50815
3.51434
3.50979
3.51186
3.50884
3.50854
3.50949
3.50884
3.50848
3.50844
3.50982
3.50888
3.50885
3.50838
3.50807
3.50838
3.51443
3.51062
3.51081
3.50877
3.5095
3.51041
3.50864
3.51143
3.51162
3.51035
3.50873
3.50896
3.50822
3.50811
3.50813
3.50879
3.50876
3.50867
3.50839
3.51103
3.511
3.50913
3.5083
3.51261
3.50841
3.50823
3.50942
3.50818
3.50814
3.50989
3.50976
3.5094
3.50854
3.50859
3.50831
3.50984
3.50908
3.50879
3.51148
3.51399
3.51006
3.50919
3.50981
3.50983
3.50942
3.51859
3.52128
3.51175
3.51917
3.5129
3.51566
3.5083
3.50951
3.51223
3.51339
3.5364
3.52744
3.5615
3.54266
3.50813
3.50846
3.51112
3.51076
3.5082
3.50867
3.50869
3.50879
3.51247
3.51163
3.51195
3.51805
3.51359
3.51066
3.50959
3.50959
3.50815
3.5082
3.50881
3.50919
3.51206
3.51283
3.50953
3.50948
3.50849
3.5085
3.50832
3.50812
3.50811
3.5085
3.50811
3.50814
3.51125
3.51131
3.50825
3.5087
3.50879
3.51025
3.50953
3.50858
3.51066
3.51105
3.50932
3.51063
3.51184
3.51067
3.51006
3.50824
3.50855
3.50807
3.50808
3.50812
3.50807
3.50874
3.50823
3.50871
3.51032
3.50897
3.51061
3.50964
3.50845
3.50823
3.50918
3.50834
3.50912
3.50816
3.50916
3.50815
3.5085
3.50818
3.51083
3.50983
3.50934
3.50831
3.50864
3.50817
3.5091
3.50818
3.51019
3.50842
3.50819
3.50823
3.50998
3.50933
3.50848
3.50863
3.50831
3.50769
3.5104
3.52111
3.51916
3.51225
3.51264
3.50808
3.50811
3.50849
3.50812
3.50859
3.50821
3.50831
3.50962
3.50917
3.50848
3.50816
3.50827
3.50949
3.50824
3.52358
3.51339
3.51044
3.50926
3.50953
3.50909
3.50853
3.50824
3.50868
3.5101
3.51172
3.50888
3.50931
3.51215
3.50856
3.50894
3.50893
3.50997
3.50861
3.5104
3.50978
3.51086
3.50957
3.50877
3.51397
3.51644
3.51016
3.51032
3.5091
3.50813
3.50869
3.50896
3.51205
3.51199
3.50924
3.50874
3.51091
3.50904
3.50812
3.50812
3.50844
3.5081
3.50811
3.50859
3.51092
3.51068
3.50816
3.50867
3.50871
3.50815
3.50869
3.50822
3.50882
3.51036
3.5102
3.51013
3.5099
3.50822
3.50842
3.51107
3.50867
3.50906
3.50841
3.50803
3.50811
3.50802
3.50819
3.50827
3.50863
3.50829
3.5093
3.51498
3.51004
3.5097
3.51026
3.51312
3.50813
3.50873
3.50823
3.50873
3.51039
3.50902
3.51084
3.50958
3.50827
3.50844
3.50855
3.50803
3.50843
3.50828
3.50804
3.50846
3.50828
3.50806
3.50802
3.50808
3.50811
3.50809
3.50806
3.50866
3.50983
3.50911
3.50828
3.50812
3.50823
3.50866
3.50829
3.50814
3.51027
3.51125
3.51116
3.51374
3.50878
3.50836
3.51077
3.50992
3.50825
3.5097
3.50854
3.50853
3.50814
3.50808
3.50818
3.50835
3.51014
3.5102
3.50812
3.50849
3.51007
3.50841
3.50809
3.50833
3.50813
3.50813
3.50855
3.50845
3.51169
3.51203
3.50871
3.51023
3.50886
3.50991
3.50849
3.51073
3.50945
3.5133
3.51641
3.52584
3.5243
3.50874
3.51008
3.50893
3.50842
3.5095
3.51066
3.50894
3.50893
3.50852
3.50824
3.50934
3.50827
3.50885
3.5081
3.51027
3.51083
3.50844
3.50823
3.51025
3.50917
3.50809
3.5114
3.51069
3.51235
3.51087
3.51076
3.51021
3.50825
3.50861
3.50854
3.50821
3.50812
3.51192
3.51036
3.51102
3.51068
3.50984
3.50822
3.50864
3.5085
3.50816
3.50813
3.50863
3.50809
3.50812
3.50896
3.50831
3.51073
3.51045
3.50828
3.50876
3.50853
3.50866
3.50812
3.50812
3.50854
3.50849
3.51136
3.51078
3.50819
3.50862
3.50875
3.50867
3.50923
3.50893
3.51291
3.51165
3.51098
3.50941
3.50914
3.50802
3.508
3.50802
3.50801
3.50802
3.50808
3.50826
3.50905
3.51134
3.51253
3.51088
3.51117
3.50931
3.51446
3.52975
3.51545
3.51602
3.51166
3.5251
3.50872
3.51048
3.51202
3.51203
3.51525
3.51082
3.5101
3.50836
3.50875
3.50858
3.50841
3.50819
3.50821
3.50816
3.51499
3.51803
3.51278
3.51045
3.5103
3.50878
3.50867
3.51189
3.51184
3.51022
3.50868
3.50887
3.50831
3.50809
3.50807
3.50808
3.50831
3.50829
3.50986
3.50974
3.50882
3.51022
3.50934
3.5145
3.50981
3.50887
3.51145
3.51329
3.50812
3.50806
3.51
3.50867
3.51054
3.50919
3.50905
3.50822
3.50824
3.50808
3.50808
3.51028
3.50957
3.50923
3.50837
3.50827
3.50811
3.50807
3.50812
3.50824
3.50859
3.50895
3.50819
3.51065
3.51122
3.50867
3.50854
3.50864
3.51127
3.50984
3.50914
3.50979
3.5096
3.51367
3.51588
3.50811
3.5083
3.50908
3.5081
3.5105
3.50856
3.50896
3.52377
3.52088
3.5214
3.51676
3.50868
3.50821
3.50875
3.50827
3.51073
3.50994
3.50922
3.50832
3.50823
3.50849
3.50844
3.51017
3.50868
3.50885
3.51118
3.51063
3.51047
3.50859
3.50978
3.51146
3.50931
3.50918
3.50834
3.50839
3.50815
3.50868
3.50892
3.51043
3.51008
3.50857
3.5082
3.50848
3.5084
3.50827
3.50891
3.51074
3.51163
3.50836
3.50844
3.51005
3.51097
3.50855
3.51009
3.50889
3.51324
3.51028
3.50962
3.50901
3.52364
3.51282
3.51655
3.51143
3.5083
3.50833
3.50821
3.50938
3.50956
3.50841
3.50817
3.50892
3.50974
3.50855
3.50857
3.50928
3.50816
3.50827
3.50849
3.50868
3.50801
3.50825
3.50857
3.51061
3.50883
3.51206
3.50893
3.52388
3.5206
3.52028
3.5191
3.51032
3.50955
3.50893
3.51145
3.51022
3.50946
3.50812
3.50814
3.50851
3.50858
3.5081
3.5081
3.51099
3.51053
3.50824
3.50868
3.50872
3.50816
3.50815
3.50844
3.50866
3.50855
3.50823
3.51125
3.51068
3.50827
3.51104
3.50874
3.50859
3.5109
3.5115
3.50979
3.50919
3.51617
3.5101
3.50902
3.509
3.50916
3.51222
3.51036
3.53034
3.55369
3.52597
3.51579
3.56526
3.51725
3.52795
3.50807
3.50809
3.50808
3.50846
3.50808
3.50826
3.50809
3.50997
3.50968
3.50824
3.50811
3.51008
3.50835
3.50821
3.50831
3.50934
3.50888
3.50859
3.51897
3.51415
3.51847
3.52057
3.51666
3.5105
3.51054
3.50911
3.50826
3.50932
3.50822
3.5102
3.50857
3.50818
3.50829
3.50831
3.50847
3.51017
3.51043
3.5162
3.51709
3.50812
3.50811
3.50873
3.50822
3.50866
3.51059
3.50938
3.51024
3.50845
3.50823
3.51056
3.51007
3.51119
3.5088
3.50845
3.51299
3.51124
3.51236
3.52018
3.51981
3.54185
3.51548
3.52209
3.51513
3.55108
3.55819
3.50811
3.50811
3.50837
3.50841
3.50888
3.50827
3.50874
3.51095
3.51034
3.50996
3.50959
3.50947
3.50932
3.50911
3.50834
3.50818
3.51212
3.51242
3.50945
3.50902
3.50932
3.50946
3.50896
3.50927
3.51411
3.50912
3.51507
3.51035
3.50878
3.51049
3.5081
3.50858
3.50886
3.51134
3.51131
3.51239
3.51218
3.50892
3.51181
3.5092
3.5102
3.50966
3.51022
3.51211
3.50977
3.50878
3.50812
3.50814
3.5087
3.50812
3.50811
3.5087
3.51085
3.51047
3.50818
3.50859
3.50839
3.50814
3.51056
3.5088
3.50888
3.51141
3.51032
3.51034
3.50857
3.51178
3.50941
3.50902
3.50868
3.5123
3.50894
3.51026
3.50883
3.50923
3.51025
3.50856
3.50824
3.5132
3.51122
3.51169
3.50966
3.50965
3.50815
3.50848
3.51176
3.51225
3.50887
3.51042
3.50915
3.50814
3.50827
3.50867
3.50822
3.50873
3.51055
3.50902
3.51084
3.50998
3.50872
3.50837
3.51076
3.51718
3.51113
3.50962
3.52053
3.51121
3.50726
3.51021
3.50811
3.5081
3.50835
3.50813
3.50845
3.50818
3.50817
3.50819
3.5086
3.5107
3.51131
3.51055
3.50857
3.50852
3.50817
3.50812
3.50822
3.50848
3.50877
3.50852
3.50826
3.50896
3.50896
3.51132
3.50912
3.50977
3.50921
3.50972
3.513
3.51164
3.51044
3.50867
3.5116
3.51155
3.51043
3.50886
3.50903
3.50934
3.51796
3.51412
3.51517
3.51468
3.51363
3.52302
3.51128
3.52134
3.50807
3.50832
3.50926
3.50826
3.5102
3.50813
3.50953
3.50835
3.51018
3.51127
3.50851
3.50812
3.50809
3.50926
3.50919
3.5108
3.50938
3.51106
3.50834
3.50815
3.51673
3.51199
3.51027
3.5088
3.50815
3.50815
3.50867
3.50824
3.50882
3.51065
3.50912
3.50819
3.51011
3.51058
3.50886
3.51051
3.50887
3.51055
3.5096
3.51894
3.52019
3.51151
3.51353
3.51096
3.51131
3.51047
3.50866
3.51194
3.51189
3.51034
3.50871
3.50887
3.50823
3.5082
3.50985
3.50952
3.50989
3.51138
3.51164
3.50848
3.50855
3.50815
3.51024
3.50812
3.51043
3.50977
3.51011
3.50838
3.50846
3.51063
3.5104
3.50879
3.51316
3.50978
3.50832
3.50976
3.50821
3.51055
3.51023
3.51146
3.51177
3.50814
3.5157
3.51955
3.51507
3.51194
3.50989
3.50955
3.50811
3.50881
3.50897
3.51102
3.5104
3.50973
3.50932
3.50972
3.50929
3.50959
3.50933
3.50966
3.50818
3.50902
3.50942
3.50874
3.51024
3.50822
3.51037
3.51013
3.51098
3.50839
3.50848
3.508
3.50801
3.508
3.508
3.50801
3.508
3.50836
3.50849
3.51102
3.51431
3.51091
3.51009
3.51652
3.51055
3.50761
3.50959
3.51174
3.5122
3.52164
3.5176
3.51356
3.51608
3.51202
3.53185
3.60672
3.56505
3.55591
3.73568
3.68615
3.50812
3.50815
3.50812
3.50885
3.50886
3.50882
3.51133
3.51077
3.51
3.50894
3.50813
3.50964
3.50867
3.51075
3.51496
3.52848
3.51352
3.51288
3.50997
3.50815
3.50817
3.50823
3.50882
3.51024
3.50827
3.50903
3.51164
3.50917
3.51108
3.50932
3.51042
3.50871
3.50885
3.51191
3.51179
3.51046
3.50863
3.51213
3.51321
3.51055
3.50984
3.50857
3.50824
3.50947
3.51144
3.50845
3.50926
3.51015
3.5151
3.51091
3.51193
3.51109
3.51199
3.51152
3.50954
3.50896
3.50845
3.50848
3.50812
3.5106
3.5093
3.50946
3.50871
3.50859
3.50933
3.50987
3.50905
3.51769
3.51499
3.51133
3.51173
3.51039
3.51198
3.51397
3.51537
3.51731
3.51196
3.51316
3.50932
3.51676
3.51101
3.50964
3.50998
3.50809
3.50817
3.50963
3.50889
3.51137
3.50914
3.50987
3.50836
3.50814
3.5106
3.51114
3.50845
3.50911
3.50817
3.50856
3.50836
3.50962
3.5098
3.5106
3.51157
3.50923
3.50916
3.50807
3.50835
3.50946
3.50897
3.50902
3.50913
3.50819
3.50826
3.50795
3.50921
3.50999
3.50901
3.50905
3.52499
3.52101
3.52143
3.52154
3.5105
3.50969
3.50911
3.5125
3.51527
3.51146
3.50891
3.50839
3.50813
3.51062
3.51067
3.51087
3.5087
3.50865
3.50819
3.5108
3.50901
3.50825
3.51048
3.50899
3.50863
3.50825
3.51015
3.5099
3.5107
3.50878
3.50823
3.50844
3.50809
3.50817
3.50967
3.50888
3.51137
3.50913
3.50981
3.50834
3.50812
3.51061
3.51113
3.50846
3.50905
3.50819
3.50812
3.50806
3.50842
3.50814
3.51096
3.51084
3.50951
3.50841
3.50842
3.50828
3.50818
3.51062
3.50985
3.50938
3.50848
3.50855
3.50814
3.50829
3.50882
3.50875
3.5109
3.51034
3.50828
3.50956
3.50895
3.50862
3.50852
3.50816
3.50826
3.50826
3.50858
3.50821
3.50841
3.50936
3.51236
3.50923
3.51597
3.51464
3.50855
3.51244
3.50882
3.5103
3.51102
3.51123
3.50944
3.51528
3.52114
3.51264
3.50931
3.50824
3.50821
3.50936
3.51104
3.51255
3.50916
3.50996
3.50896
3.51224
3.51039
3.5083
3.51058
3.50929
3.50899
3.51039
3.52029
3.50943
3.51119
3.50927
3.50837
3.509
3.50818
3.51105
3.5084
3.50902
3.50892
3.52598
3.52377
3.52333
3.5186
3.51371
3.50879
3.51474
3.51181
3.51024
3.50885
3.51059
3.51222
3.50999
3.51217
3.5082
3.50814
3.50893
3.50864
3.50908
3.51101
3.51056
3.50861
3.50826
3.50836
3.50821
3.50823
3.51077
3.5109
3.51043
3.50872
3.50863
3.50879
3.50825
3.50896
3.51028
3.5093
3.51202
3.50832
3.51042
3.51049
3.50902
3.50885
3.50855
3.50828
3.50867
3.50947
3.509
3.50863
3.51325
3.50957
3.5148
3.51047
3.50995
3.5113
3.50815
3.50813
3.508
3.508
3.508
3.508
3.50801
3.508
3.50835
3.5103
3.51004
3.50921
3.51964
3.50964
3.50949
3.51119
3.52029
3.51533
3.51034
3.50881
3.50828
3.50906
3.51255
3.5135
3.5103
3.50893
3.50894
3.51056
3.50864
3.5121
3.51197
3.51063
3.50874
3.50883
3.50861
3.50943
3.5097
3.50821
3.50861
3.50818
3.50977
3.51004
3.50944
3.50837
3.50819
3.50855
3.51187
3.51117
3.51657
3.51674
3.51229
3.51388
3.52156
3.53591
3.56137
3.55787
3.57971
3.64772
3.50819
3.5081
3.50908
3.5101
3.50835
3.50953
3.51219
3.51339
3.50995
3.50815
3.50877
3.50867
3.511
3.51164
3.51129
3.50951
3.51122
3.50834
3.50899
3.51582
3.51262
3.51314
3.51136
3.51186
3.5276
3.51626
3.50812
3.50806
3.50844
3.51092
3.5097
3.50879
3.51113
3.50927
3.51064
3.51938
3.51119
3.51132
3.51131
3.55215
3.51693
3.52027
3.51648
3.51093
3.50895
3.50849
3.50818
3.50916
3.50916
3.51071
3.51307
3.51046
3.50893
3.50871
3.50816
3.50864
3.50818
3.50813
3.51087
3.50884
3.50835
3.50815
3.51185
3.51153
3.51017
3.50858
3.50834
3.50877
3.51221
3.51366
3.51006
3.51272
3.5097
3.51054
3.50885
3.50869
3.51208
3.51194
3.51066
3.50874
3.50889
3.51051
3.50875
3.51501
3.50946
3.50883
3.51323
3.50965
3.5155
3.51018
3.51193
3.50849
3.50935
3.51203
3.512
3.51118
3.52892
3.525
3.52138
3.50989
3.51983
3.51297
3.50811
3.50831
3.50835
3.50803
3.5086
3.50997
3.51053
3.5094
3.50897
3.52354
3.52092
3.51952
3.51636
3.50971
3.51706
3.51721
3.51049
3.51376
3.50979
3.50929
3.50821
3.50902
3.50844
3.50955
3.51044
3.50921
3.51486
3.5178
3.51969
3.52243
3.508
3.508
3.508
3.508
3.508
3.508
3.508
3.508
3.50826
3.51258
3.51098
3.50855
3.50956
3.50972
3.50832
3.51123
3.50878
3.50849
3.50882
3.51865
3.51899
3.51515
3.51826
3.51153
3.51687
3.5109
3.51134
3.5107
3.50925
3.51107
3.51215
3.5088
3.50832
3.50927
3.50835
3.51122
3.50877
3.50896
3.5084
3.50837
3.51077
3.5116
3.5121
3.51145
3.5108
3.51159
3.51009
3.5378
3.54416
3.52045
3.51161
3.5123
3.52017
3.5113
3.50945
3.51238
3.50942
3.51719
3.51844
3.50864
3.50873
3.50833
3.50806
3.50803
3.50873
3.50839
3.50819
3.50811
3.50808
3.51033
3.50891
3.50886
3.51135
3.51217
3.51201
3.51063
3.51069
3.50873
3.50883
3.51203
3.512
3.51055
3.50866
3.50873
3.50825
3.5086
3.50999
3.50932
3.50985
3.5097
3.51057
3.50827
3.50811
3.50839
3.50989
3.5105
3.50947
3.51519
3.5092
3.51218
3.51064
3.51
3.50892
3.50849
3.51435
3.51571
3.50997
3.50822
3.51341
3.51047
3.50996
3.51011
3.51031
3.50834
3.50896
3.51181
3.50945
3.51231
3.54061
3.52739
3.51462
3.51538
3.50881
3.50894
3.50874
3.50871
3.51259
3.5089
3.51428
3.51183
3.51039
3.50837
3.50822
3.50892
3.50822
3.50828
3.50953
3.5099
3.5086
3.51089
3.50918
3.50959
3.51301
3.51153
3.50877
3.51024
3.50909
3.50928
3.51359
3.51305
3.51262
3.51202
3.51346
3.51431
3.51314
3.51385
3.51831
3.52231
3.5116
3.51314
3.51073
3.50801
3.508
3.50803
3.50801
3.50805
3.50802
3.50971
3.50867
3.5129
3.51423
3.50958
3.50967
3.51004
3.50843
3.50842
3.50897
3.50909
3.50848
3.51106
3.51002
3.50843
3.51047
3.5104
3.50831
3.50828
3.50946
3.50941
3.51169
3.51181
3.51791
3.51228
3.51138
3.51375
3.51265
3.51427
3.51277
3.5176
3.53733
3.5113
3.51001
3.51686
3.51012
3.51785
3.51644
3.51066
3.50869
3.52184
3.52252
3.50811
3.50879
3.50826
3.50858
3.51055
3.50908
3.51078
3.51028
3.51078
3.5085
3.50816
3.50841
3.51154
3.51551
3.52048
3.51423
3.50961
3.51039
3.51136
3.50879
3.51697
3.51011
3.50599
3.51004
3.50945
3.50935
3.50989
3.51273
3.51775
3.51107
3.51272
3.51173
3.51299
3.51017
3.512
3.51318
3.51027
3.51118
3.51306
3.51793
3.51107
3.5088
3.51092
3.511
3.51175
3.51142
3.51281
3.50852
3.51073
3.5088
3.50844
3.50832
3.51036
3.51078
3.51013
3.51029
3.51043
3.51121
3.51171
3.50868
3.50812
3.50815
3.50879
3.51122
3.51037
3.50855
3.5119
3.51315
3.51014
3.512
3.5133
3.51096
3.51007
3.50808
3.50811
3.50848
3.50842
3.50943
3.50834
3.50818
3.50838
3.50978
3.51042
3.50926
3.50846
3.5088
3.50808
3.50811
3.50847
3.50836
3.5094
3.50829
3.50816
3.50823
3.50975
3.5104
3.5092
3.50843
3.50861
3.50931
3.51331
3.51801
3.51176
3.50889
3.51048
3.50903
3.50881
3.51283
3.51286
3.51036
3.50887
3.50901
3.5091
3.50973
3.51312
3.51156
3.51065
3.51198
3.51235
3.50926
3.50975
3.51166
3.51305
3.51195
3.51193
3.50929
3.52035
3.5113
3.51019
3.50853
3.50827
3.51062
3.50925
3.50873
3.51154
3.50889
3.51191
3.51042
3.50922
3.51154
3.51238
3.51025
3.51265
3.51226
3.50931
3.50878
3.51738
3.51158
3.51065
3.50998
3.51144
3.50981
3.51169
3.50874
3.50909
3.5216
3.51559
3.51007
3.51036
3.51577
3.51648
3.51334
3.52379
3.52054
3.51667
3.51419
3.50888
3.51094
3.50899
3.51117
3.51045
3.51173
3.50929
3.50872
3.51527
3.51141
3.51002
3.51145
3.51179
3.51369
3.51073
3.50887
3.51315
3.50893
3.51181
3.50908
3.51261
3.51442
3.51704
3.51861
3.52172
3.50817
3.50916
3.50869
3.5111
3.50895
3.51003
3.50821
3.50928
3.5086
3.50954
3.51285
3.51215
3.51142
3.50964
3.5132
3.51025
3.52318
3.52343
3.51537
3.51205
3.51179
3.52357
3.51748
3.50902
3.50819
3.5129
3.51203
3.51032
3.51147
3.50895
3.51163
3.51154
3.50932
3.50821
3.50817
3.50889
3.50874
3.50903
3.51101
3.50947
3.50872
3.50843
3.50837
3.51094
3.5108
3.51066
3.50881
3.50883
3.5086
3.50861
3.50954
3.50881
3.50928
3.5104
3.51679
3.50922
3.51226
3.51124
3.5129
3.51234
3.51183
3.50932
3.51024
3.50886
3.50951
3.50894
3.50891
3.50813
3.50941
3.51128
3.50901
3.51229
3.51488
3.51407
3.51289
3.50923
3.50927
3.51009
3.50853
3.51187
3.51083
3.51187
3.51003
3.51025
3.51364
3.51101
3.51019
3.51001
3.50825
3.5086
3.50916
3.50884
3.51076
3.50908
3.51049
3.50879
3.51058
3.51133
3.51067
3.512
3.50946
3.51344
3.5125
3.50966
3.5095
3.50858
3.50839
3.51108
3.509
3.50886
3.51273
3.51315
3.51085
3.50911
3.50965
3.51195
3.51196
3.50879
3.52437
3.52871
3.57497
3.51681
3.5192
3.56137
3.64015
3.58997
3.68325
3.52723
3.53754
3.55585
3.61098
3.70162
3.56971
3.50989
3.51528
3.52567
3.51208
3.51253
3.5126
3.51004
3.5091
3.50935
3.50892
3.50826
3.51402
3.51337
3.51329
3.5105
3.51047
3.54759
3.52611
3.58307
3.54829
3.53337
3.5263
3.52346
3.56348
3.56236
3.56654
3.51958
3.54482
3.54304
3.50899
3.50926
3.50859
3.51414
3.514
3.51305
3.51563
3.52482
3.52396
3.52254
3.51101
3.50897
3.51231
3.51376
3.51196
3.5108
3.51373
3.51353
3.51684
3.51101
3.51104
3.51011
3.50895
3.51821
3.51887
3.50971
3.51166
3.51065
3.51324
3.51273
3.50898
3.51034
3.51099
3.51054
3.50925
3.5118
3.50893
3.51189
3.51314
3.51011
3.51443
3.51073
3.51172
3.52136
3.51649
3.52558
3.53677
3.54269
3.58534
3.50902
3.50901
3.51345
3.51301
3.51134
3.51088
3.50903
3.50885
3.5124
3.51227
3.51049
3.50876
3.509
3.50805
3.50805
3.50802
3.50801
3.50963
3.51055
3.51165
3.5102
3.50896
3.50882
3.50856
3.50941
3.51048
3.50877
3.50901
3.51098
3.51022
3.50994
3.51019
3.51014
3.51165
3.51302
3.51017
3.51162
3.51194
3.51275
3.51016
3.51559
3.51088
3.51144
3.51598
3.51209
3.51598
3.51089
3.5087
3.50879
3.50986
3.5091
3.51229
3.5137
3.51642
3.52296
3.52524
3.50858
3.50942
3.51606
3.52065
3.51114
3.5124
3.51009
3.51016
3.51091
3.51052
3.51104
3.51191
3.51279
3.51094
3.51145
3.53692
3.52024
3.51848
3.63527
3.58327
3.54857
3.5591
3.51004
3.52518
3.53819
3.52043
3.51225
3.50892
3.50839
3.5084
3.51096
3.51182
3.51229
3.51209
3.51108
3.51176
3.50925
3.50903
3.51218
3.51247
3.51365
3.51108
3.51277
3.51326
3.5115
3.51131
3.5154
3.51869
3.51156
3.50737
3.51043
3.51195
3.51328
3.51017
3.51283
3.51272
3.51461
3.5167
3.51035
3.51043
3.50923
3.50921
3.50931
3.51178
3.50898
3.51107
3.51055
3.51037
3.51102
3.5126
3.51
3.50901
3.51579
3.51083
3.51625
3.52076
3.52235
3.51074
3.52293
3.52614
3.5227
3.51682
3.51142
3.50927
3.51208
3.51106
3.51367
3.51179
3.51377
3.51157
3.5094
3.50825
3.50944
3.50976
3.51252
3.50896
3.5082
3.51174
3.51338
3.51084
3.50873
3.50862
3.50933
3.50822
3.5088
3.50839
3.50813
3.50852
3.51014
3.51384
3.50848
3.5097
3.51229
3.50817
3.50871
3.50906
3.50823
3.51583
3.51204
3.51415
3.50824
3.50947
3.50923
3.50886
3.50842
3.51027
3.52031
3.51854
3.51902
3.51646
3.50819
3.51142
3.50915
3.51406
3.50899
3.50894
3.51752
3.51165
3.51076
3.51182
3.53037
3.53296
3.55088
3.53411
3.51092
3.51312
3.5104
3.51344
3.51854
3.51504
3.51638
3.51889
3.51073
3.51601
3.51779
3.51376
3.51879
3.51264
3.51056
3.51282
3.51222
3.51262
3.51248
3.50974
3.50977
3.55253
3.53362
3.5451
3.52525
3.50886
3.50932
3.51309
3.51268
3.5114
3.51114
3.51356
3.51384
3.51171
3.51112
3.51231
3.51018
3.51164
3.50957
3.53083
3.52075
3.52649
3.54039
3.50952
3.51193
3.51011
3.5109
3.5099
3.50878
3.51315
3.51258
3.51561
3.51247
3.51038
3.51056
3.51296
3.51146
3.50973
3.51392
3.51265
3.51165
3.51177
3.51482
3.50839
3.50821
3.50927
3.50858
3.50874
3.51146
3.50904
3.51046
3.50995
3.51144
3.50878
3.50828
3.50821
3.50818
3.50824
3.50839
3.50844
3.51069
3.51587
3.51845
3.50894
3.5089
3.51227
3.50992
3.50949
3.50837
3.51057
3.5126
3.51151
3.50902
3.50868
3.51085
3.51145
3.50817
3.5081
3.51191
3.50883
3.51222
3.50993
3.51317
3.51012
3.51288
3.50902
3.50889
3.51453
3.51147
3.51031
3.51139
3.51354
3.51335
3.5121
3.51154
3.5117
3.5128
3.51193
3.51253
3.50902
3.51232
3.51578
3.51127
3.50926
3.5153
3.51625
3.51189
3.51221
3.51105
3.51095
3.51461
3.51208
3.50943
3.51322
3.5129
3.51355
3.51171
3.51454
3.50882
3.51894
3.51153
3.51594
3.50037
3.56133
3.51621
3.56934
3.57005
3.51171
3.51263
3.51228
3.51097
3.50921
3.50896
3.50833
3.51352
3.5129
3.5124
3.50947
3.50964
3.51319
3.51213
3.51327
3.5091
3.51392
3.51287
3.51355
3.51208
3.54121
3.52353
3.55556
3.54368
3.51073
3.5132
3.5089
3.50932
3.51808
3.51577
3.52965
3.52512
3.50918
3.509
3.51083
3.51903
3.52142
3.53292
3.52797
3.508
3.508
3.508
3.508
3.508
3.50852
3.5086
3.51511
3.51452
3.51348
3.5101
3.50955
3.51275
3.51233
3.51219
3.51297
3.51192
3.51142
3.50801
3.50803
3.50801
3.50869
3.50817
3.50822
3.50806
3.50813
3.51745
3.51111
3.52053
3.51589
3.51348
3.51015
3.51019
3.51527
3.51552
3.51345
3.51451
3.51051
3.53422
3.53404
3.50994
3.52036
3.51435
3.51343
3.50951
3.51824
3.52088
3.51664
3.51578
3.51434
3.5151
3.51613
3.53501
3.51215
3.53993
3.51168
3.50868
3.50876
3.51154
3.50907
3.51033
3.50979
3.51037
3.50864
3.51706
3.52843
3.52249
3.51993
3.55662
3.61902
3.53983
3.54549
3.52524
3.50883
3.5091
3.51197
3.5125
3.51219
3.51161
3.51258
3.51194
3.51014
3.51072
3.50989
3.51635
3.51013
3.51309
3.50888
3.50807
3.50797
3.51096
3.51277
3.51048
3.5136
3.51491
3.51909
3.51276
3.50932
3.50814
3.50908
3.50857
3.50992
3.50924
3.50873
3.51074
3.51182
3.51086
3.51313
3.51371
3.50994
3.51108
3.54451
3.5254
3.5384
3.55404
3.51075
3.51132
3.51277
3.51269
3.51169
3.51222
3.5131
3.51363
3.51142
3.51261
3.51078
3.51129
3.51432
3.51576
3.51615
3.51306
3.50804
3.50803
3.50818
3.50806
3.50801
3.508
3.50801
3.51042
3.51007
3.51195
3.51408
3.50979
3.50902
3.51173
3.51163
3.51393
3.51179
3.5092
3.51294
3.5122
3.51309
3.5136
3.51146
3.5126
3.51079
3.51419
3.51212
3.51365
3.51328
3.50989
3.5421
3.52387
3.55813
3.54496
3.51012
3.51391
3.51516
3.51003
3.51311
3.5126
3.51274
3.51056
3.51196
3.51264
3.51427
3.51133
3.51211
3.51341
3.50904
3.50962
3.51092
3.50921
3.51299
3.51007
3.50943
3.51089
3.51399
3.52077
3.51045
3.51269
3.51277
3.51264
3.51251
3.51413
3.5127
3.51448
3.51432
3.5146
3.51348
3.51003
3.511
3.51088
3.51181
3.51371
3.52506
3.56678
3.5373
3.56741
3.5306
3.53852
3.57932
3.55652
3.52784
3.64473
3.67021
3.57061
3.55499
3.61657
3.51051
3.51081
3.50987
3.51161
3.50936
3.51507
3.51037
3.51058
3.51648
3.51616
3.51669
3.51456
3.51047
3.52618
3.51668
3.51123
3.51318
3.51266
3.51021
3.51107
3.50856
3.50847
3.51546
3.51313
3.51038
3.51064
3.50995
3.50943
3.51536
3.51042
3.51231
3.5091
3.56164
3.55096
3.55629
3.57104
3.51158
3.51632
3.51999
3.51956
3.53792
3.53396
3.51644
3.51716
3.51144
3.51137
3.5101
3.51355
3.51609
3.51192
3.50957
3.51116
3.5087
3.50839
3.51006
3.50933
3.5218
3.52131
3.52775
3.52225
3.51109
3.51145
3.51256
3.51078
3.51357
3.51068
3.51331
3.51153
3.51202
3.51694
3.51454
3.51197
3.5117
3.51979
3.53466
3.5202
3.52998
3.52935
3.52129
3.51836
3.51107
3.51401
3.51359
3.51415
3.51693
3.51097
3.51619
3.50957
3.51027
3.51662
3.5138
3.51657
3.51611
3.50837
3.50911
3.5081
3.50804
3.50801
3.50803
3.50808
3.50838
3.50802
3.50816
3.50802
3.51378
3.51053
3.5099
3.51095
3.50886
3.51251
3.5097
3.51094
3.50849
3.50867
3.50957
3.50859
3.55726
3.51958
3.51841
3.52544
3.52765
3.51217
3.51111
3.51463
3.51287
3.51247
3.51346
3.51139
3.50855
3.50878
3.50901
3.50865
3.51262
3.51617
3.51028
3.50925
3.50858
3.51062
3.51132
3.51469
3.5192
3.51177
3.50998
3.51401
3.51193
3.51176
3.51268
3.51377
3.55478
3.53208
3.52678
3.59906
3.54719
3.50952
3.51027
3.51208
3.517
3.51096
3.51462
3.51576
3.50812
3.50805
3.50832
3.50804
3.5081
3.50875
3.50987
3.50825
3.50821
3.50876
3.50867
3.5098
3.50875
3.50832
3.50905
3.50992
3.51093
3.51155
3.51068
3.50952
3.50953
3.50899
3.51235
3.51863
3.51159
3.51275
3.5126
3.51402
3.51668
3.51134
3.51168
3.52265
3.51782
3.52312
3.5426
3.53687
3.51159
3.51027
3.51746
3.51183
3.51999
3.51196
3.50988
3.51679
3.52139
3.51377
3.51546
3.51515
3.51001
3.51107
3.51864
3.51644
3.52819
3.51222
3.50874
3.51336
3.50928
3.508
3.50812
3.50823
3.50807
3.50826
3.50808
3.50804
3.50816
3.50801
3.50806
3.50801
3.52495
3.53026
3.56248
3.54703
3.52772
3.58958
3.67549
3.55859
3.56757
3.53581
3.51461
3.52504
3.51492
3.50976
3.51763
3.51507
3.51154
3.52249
3.51452
3.51296
3.51022
3.50984
3.54802
3.5495
3.53796
3.52187
3.52315
3.50806
3.50814
3.50803
3.5086
3.50807
3.50832
3.50802
3.50809
3.50802
3.517
3.51763
3.5112
3.51129
3.5147
3.51686
3.52025
3.50829
3.50824
3.50998
3.51581
3.51191
3.51216
3.50927
3.50865
3.51087
3.50965
3.52171
3.51947
3.51355
3.51142
3.51788
3.55755
3.53261
3.51921
3.52495
3.53563
3.52546
3.51108
3.51073
3.51642
3.51593
3.508
3.50801
3.508
3.508
3.508
3.508
3.51053
3.51189
3.53023
3.52568
3.51945
3.56776
3.5479
3.52222
3.52138
3.54864
3.52445
3.54453
3.63764
3.58376
3.64744
3.57519
3.6283
3.60721
3.53388
3.52574
3.51278
3.51173
3.51132
3.51416
3.5144
3.51689
3.51693
3.5242
3.53938
3.54383
3.52152
3.52405
3.51593
3.55955
3.55905
3.51142
3.52251
3.55067
3.54704
3.52214
3.51753
3.51353
3.5096
3.5144
3.51043
3.51299
3.5115
3.5102
3.50895
3.51091
3.51525
3.51147
3.51082
3.51087
3.51812
3.51902
3.51821
3.56342
3.54657
3.51824
3.51969
3.55998
3.54895
3.56239
3.52635
3.57483
3.53586
3.54337
3.59792
3.52833
3.83524
3.73943
3.60541
3.56981
3.53794
3.51328
3.51017
3.50943
3.53165
3.53303
3.5151
3.5112
3.51287
3.53155
3.5226
3.52779
3.52222
3.51638
3.51852
3.53579
3.53162
3.50963
3.51144
3.51611
3.51014
3.51148
3.51531
3.52195
3.52053
3.51839
3.54525
3.65247
3.56645
3.53642
3.5277
3.5568
3.51536
3.51368
3.51188
3.51418
3.51589
3.51544
3.50807
3.50801
3.50801
3.50802
3.508
3.50801
3.508
3.56456
3.5453
3.65793
3.55165
3.60024
3.53071
3.53279
3.96245
3.66182
3.78738
3.58827
3.56159
3.51639
3.51729
3.51683
3.50917
3.51441
3.5107
3.5138
3.51382
3.50803
3.50809
3.50803
3.50854
3.50837
3.54231
3.52379
3.56437
3.54438
3.51232
3.50924
3.52097
3.52691
3.51378
3.51908
3.52955
3.51573
3.51096
3.51281
3.51033
3.51316
3.51092
3.51498
3.51805
3.51604
3.5085
3.50827
3.51006
3.5089
3.51099
3.5116
3.51694
3.51133
3.55364
3.52375
3.51366
3.51271
3.54806
3.54217
3.52041
3.51466
3.72044
3.58608
3.74967
3.60368
3.51403
3.50937
3.50911
3.50798
3.50895
3.51138
3.5131
3.51481
3.52687
3.51894
3.51766
3.5634
3.5697
3.531
3.52256
3.54008
3.6081
3.54107
3.53188
3.84692
3.65721
3.55029
3.53356
3.65409
3.54256
3.87022
3.60749
3.52699
3.51336
3.51203
3.51005
3.52624
3.5159
3.53099
3.51224
3.51334
3.50815
3.50815
3.50914
3.50852
3.50892
3.50832
3.51032
3.50816
3.50895
3.50835
3.51059
3.51129
3.51111
3.50884
3.50974
3.51029
3.51991
3.51373
3.55393
3.5496
3.62721
3.54594
3.61446
3.53769
3.87482
3.76037
3.60822
3.58174
3.53467
3.54061
3.53424
3.78196
3.61017
3.70287
3.5707
3.61841
3.52479
3.54705
3.51032
3.51069
3.51041
3.51333
3.52282
3.51629
3.51596
3.5197
3.50801
3.508
3.508
3.508
3.508
3.508
3.50803
3.50803
3.50801
3.508
3.50801
3.51681
3.51507
3.50981
3.51845
3.51392
3.51065
3.51335
3.55585
3.54781
3.647
3.54796
3.59498
3.90763
3.74267
3.62207
3.56302
3.53768
3.54235
3.80859
3.58516
3.53559
3.95552
3.64056
3.6287
3.54362
3.53837
3.50836
3.50989
3.5096
3.50899
3.52824
3.51719
3.51777
3.52265
3.51879
3.51636
3.508
3.508
3.508
3.508
3.508
3.508
3.508
3.508
3.53209
3.52735
3.6043
3.52824
3.60952
3.53216
3.52515
3.93783
3.79096
3.62385
3.57992
3.53786
3.56211
3.55242
3.65006
3.54713
3.91699
3.6187
3.53511
3.78933
3.62501
3.57469
3.53497
3.5294
3.56404
3.53036
3.51533
3.51775
3.55153
3.56447
3.60751
3.71428
3.5568
3.56428
3.69495
3.56409
3.56077
3.68587
3.57103
3.66267
3.73686
3.57885
4.40114
4.83361
4.40454
4.43926
3.5248
3.5236
3.58636
3.83362
3.66782
3.53414
3.58515
3.5094
3.50943
3.5104
3.50982
3.51157
3.50942
3.54896
3.6298
3.56067
3.54842
3.60576
3.90785
3.77267
3.60979
3.57303
3.53486
3.51767
3.51861
3.53158
3.53733
3.52987
3.58527
3.53394
3.52695
3.5612
3.56901
3.55355
3.5254
3.53214
3.53656
3.53066
3.52679
3.56509
3.52319
3.52287
3.7712
3.56796
3.52861
3.5263
3.58009
3.52638
3.58327
3.54007
3.56076
3.57259
3.51861
3.52008
3.96785
3.80299
3.67936
3.55769
3.57084
3.55138
3.55152
3.61478
3.53382
3.62172
3.53597
3.53104
3.85539
3.92851
3.60948
3.6096
3.54269
3.57801
3.52682
3.52439
3.79489
3.5736
3.52762
3.80798
3.59499
3.59391
3.52877
3.52524
3.52407
3.51973
3.57073
3.75996
3.79775
3.66583
3.56967
3.54185
3.53751
3.52235
3.59091
3.70857
3.65912
3.57449
3.55476
3.5223
3.55097
3.80112
3.63001
3.57443
3.53102
3.5345
3.57498
3.51072
3.51075
3.50906
3.5325
3.52692
3.51143
3.51579
3.50953
3.51756
3.51097
3.51083
3.54951
3.6196
3.55809
3.55235
3.6214
3.53145
3.96052
3.83898
3.63876
3.60059
3.54223
3.5492
3.63039
3.55804
3.55167
3.61016
3.53174
3.52592
3.90339
3.76641
3.63543
3.57928
3.56847
3.61976
3.56754
3.55402
3.8663
3.77956
3.60892
3.579
3.53806
3.52286
3.56641
3.53811
3.53573
3.56456
3.51611
3.52948
3.51542
3.53946
3.52322
3.53754
3.55159
3.6398
3.61851
3.5315
3.52968
3.93194
3.78549
3.62797
3.5854
3.53882
3.51362
3.52236
3.51365
3.54758
3.57651
3.53469
3.523
3.51326
3.51325
3.59122
3.5548
3.54081
3.53197
3.61467
3.55389
3.53473
3.59903
3.53614
3.94889
3.82761
3.58662
3.54136
3.61139
3.5543
3.55346
3.63143
3.86533
3.95641
3.63388
3.50601
3.56281
3.51355
3.51091
3.50933
3.52455
3.53688
3.55682
3.53795
3.51199
3.55731
3.53404
3.51662
3.54934
3.61986
3.55629
3.55155
3.61269
3.52968
3.92527
3.78383
3.63285
3.5787
3.54187
3.85421
3.60376
3.52749
3.52551
3.7475
3.58324
3.5711
3.53217
3.54168
3.53873
3.64793
3.54984
3.63739
3.56633
3.5445
3.72588
3.6494
3.54876
3.57025
4.42623
4.43688
4.79451
4.32794
3.55024
3.61691
3.55653
3.55233
3.61515
3.53449
3.5241
3.92769
3.78559
3.62842
3.57744
3.53831
3.52234
3.58947
3.52794
3.75225
3.82081
3.57069
3.5735
3.52644
3.52461
3.54888
3.52417
3.66511
3.54692
3.57345
3.89718
3.59289
3.52748
3.52008
3.76395
3.58992
3.56715
3.52907
3.5247
3.517
3.52475
3.51794
3.50929
3.53026
3.52782
3.51504
3.51483
3.51218
3.53787
3.52012
3.52448
3.51896
3.51623
3.51398
3.51199
3.51204
3.52481
3.50999
3.51565
3.51014
3.51081
3.55651
3.54834
3.62073
3.5395
3.60198
3.52479
3.52511
3.86464
3.87025
3.61867
3.60523
3.54792
3.63197
3.70825
4.27629
4.48236
4.5347
4.2909
3.51995
3.5166
3.51914
3.60003
3.57247
3.57999
4.05602
3.83508
3.8714
3.59893
3.58424
3.54983
3.62245
3.55808
3.55266
3.63323
3.55459
3.97906
3.87197
3.6431
3.54494
3.67467
3.55746
3.55075
3.63766
3.56178
3.55284
3.60912
3.93661
3.7769
3.62716
3.57467
3.53636
3.56861
3.54274
3.6709
3.54345
3.5288
3.60034
3.52902
3.90958
3.75383
3.60153
3.56067
3.52571
3.52077
3.59194
3.72097
4.28255
4.10789
4.28893
4.45196
3.54928
3.63879
3.5415
3.6056
3.52916
3.52886
3.97132
3.81224
3.64374
3.60074
3.56321
3.52122
3.51851
3.51816
3.51833
3.69238
3.58316
3.5777
3.53594
3.51496
3.57893
3.55498
3.55177
3.53658
3.59601
3.52982
3.53167
3.51478
3.52849
3.61026
3.6058
3.59494
3.86497
3.80346
3.56978
3.5581
3.61444
3.54891
3.54861
3.6188
3.5343
3.52942
3.82586
3.90842
3.60179
3.54533
3.64632
3.53699
3.90709
3.62708
3.54134
3.84501
3.65068
3.5466
3.60353
3.53171
3.88853
3.59978
3.52936
3.52428
3.7416
3.56399
3.58185
3.82522
3.53087
3.73241
3.57897
3.52725
3.65102
3.63543
3.55461
4.24315
4.58767
4.38663
4.337
3.53446
3.62184
3.55266
3.55329
3.62141
3.53464
3.52865
3.85526
3.90525
3.6026
3.59607
3.53876
3.55196
3.62894
3.56219
3.55314
3.62021
3.54684
3.5343
3.9664
3.78992
3.63703
3.57945
3.54026
3.53014
3.53292
3.53421
3.51364
3.55732
3.642
3.55
3.91559
3.6202
3.53552
3.81419
3.59308
3.5855
3.52732
3.87092
3.78995
3.58634
3.52795
3.65657
3.55183
3.56288
3.53988
3.53486
3.52586
3.55642
3.71816
3.59251
3.56452
3.99299
3.61984
3.53109
3.52155
3.8123
3.61958
3.58882
3.65139
3.56174
3.68341
3.56473
3.69523
4.38687
4.76411
4.41252
4.39703
3.6619
3.56819
3.55019
3.9504
3.881
3.66993
3.60848
3.55655
3.51708
3.52475
3.53279
3.58335
3.66736
3.53339
3.51325
3.54198
3.52778
3.81509
3.81798
3.77486
3.637
3.62604
3.54925
3.54838
3.6008
3.53285
3.61324
3.53412
3.53384
3.89382
3.9376
3.62165
3.6177
3.54554
3.55311
3.63188
3.5603
3.55385
3.61915
3.53216
3.52348
3.96849
3.80077
3.63928
3.58081
3.5387
3.51024
3.50914
3.50905
3.51185
3.52546
3.51552
3.51325
3.51692
3.55686
3.6509
3.89168
3.52555
3.7527
3.57495
3.54933
3.64789
3.54646
3.96179
3.65888
3.5928
4.05367
3.67666
3.5757
3.58717
3.75414
3.62803
3.52583
3.51728
3.66138
3.5355
3.6393
3.55819
3.53772
3.91507
3.84186
3.63242
3.59808
3.54447
3.64512
3.55877
3.53717
3.91088
3.83603
3.6308
3.6039
3.54654
3.55816
3.55165
3.63706
3.55069
3.60436
3.53032
3.52573
3.91396
3.78083
3.62555
3.58817
3.55193
3.57369
3.54106
3.71389
3.56846
3.74339
3.71217
3.60577
3.5766
4.01148
3.65431
3.55301
3.60761
4.88813
4.47136
4.51625
4.58301
3.52396
3.54101
3.57827
3.5726
3.52473
3.52382
3.7999
3.70694
3.62819
3.51902
3.52276
3.53096
3.53204
3.54496
3.51632
3.5503
3.51473
3.52177
3.56031
3.52258
3.59706
3.53546
3.97214
3.85777
3.60339
3.5808
3.77642
3.5081
3.50802
3.50801
3.50812
3.50802
3.51207
3.51092
3.5307
3.51391
3.53183
3.51921
3.5365
3.5136
3.5165
3.54954
3.53145
3.6954
3.55504
3.62367
4.05162
3.84191
3.64587
3.58721
3.5415
3.82249
3.70295
3.60501
3.55801
3.56714
3.53305
3.55123
3.64606
3.55939
3.53736
3.9434
3.63246
3.54159
3.85453
3.63342
3.61334
3.54701
3.53884
3.68097
3.57689
3.5599
3.5699
3.64323
4.06686
3.53922
3.56439
3.95538
3.64362
3.55288
3.62635
3.54914
3.95972
3.63812
3.54179
3.86353
3.60803
3.5526
3.63457
3.56526
3.55352
3.60194
3.98515
3.77887
3.64253
3.57161
3.53975
3.55265
3.63316
3.56154
3.55384
3.62141
3.53293
3.52399
3.97684
3.80328
3.64118
3.58279
3.53938
3.53929
3.64309
3.56638
3.54702
3.52625
3.58005
3.89288
3.60779
3.53091
3.5228
3.57139
3.75346
4.05615
3.65121
3.55524
3.89055
3.8719
3.68303
3.60641
3.56137
3.53223
3.53063
3.52779
3.60821
3.53705
3.93181
3.59186
3.52968
3.518
3.61732
3.5355
3.57445
3.59902
3.60951
3.54836
3.55163
3.55077
3.65254
3.56606
3.55146
3.61722
3.53315
3.52877
3.97403
3.80056
3.63965
3.58301
3.54101
3.60344
3.53433
3.52696
3.53588
3.55323
3.52161
3.51271
3.53313
3.52035
3.51918
3.51641
3.50969
3.51329
3.50908
3.51071
3.56252
3.58424
3.52809
3.62671
3.61851
3.77463
3.70313
3.55422
3.52353
3.7056
3.58486
3.58502
3.53836
3.53549
3.54038
3.52672
3.55018
3.5546
3.53366
3.52475
3.57177
3.5448
3.67275
3.5413
3.52893
3.60582
3.52925
3.93546
3.77254
3.60724
3.56493
3.52859
3.52184
3.52832
3.5357
3.55057
3.54262
3.57795
3.65797
3.59122
3.53866
3.55443
3.67076
3.56142
3.55326
3.94599
3.81423
3.63114
3.57811
3.53859
3.55947
3.6411
3.55033
3.97158
3.8305
3.63927
3.59381
3.54113
3.66781
3.57607
3.54174
3.93154
3.61515
3.53065
3.79553
3.57878
3.51179
3.51522
3.51591
3.51326
3.51903
3.51997
3.51411
3.51192
3.50852
3.51468
3.50813
3.50897
3.51146
3.55066
3.66145
3.56772
3.54888
3.65647
3.54946
4.01341
3.81429
3.64204
3.56826
3.54356
3.52529
3.64191
3.92175
3.76793
3.6032
3.56568
3.53285
3.52371
3.5158
3.53599
3.53506
3.5227
3.56028
3.61247
3.53073
3.57097
3.55436
3.65689
3.5506
3.61976
3.53431
3.52789
3.97189
3.79613
3.63898
3.57977
3.54174
3.55094
3.64078
3.55922
3.53553
3.60794
3.53851
3.97297
3.84014
3.6413
3.58722
3.53945
3.54988
3.60861
3.53505
3.54144
3.90583
4.0972
3.62337
3.61061
3.57523
3.55447
3.68641
3.56866
3.54423
4.02314
3.7764
3.56713
3.64403
3.55023
3.65088
3.56038
3.53763
3.9235
3.62192
3.53363
3.8447
3.63639
3.59788
3.54563
3.51356
3.51074
3.53357
3.55948
3.52851
3.52187
3.51873
3.51458
3.54944
3.58477
3.5418
3.55165
3.62377
3.52644
3.86825
3.92297
3.59291
3.66977
4.68995
4.29982
4.21482
4.3139
3.60243
3.56146
3.97395
3.85046
3.60819
3.65024
3.53287
3.54783
3.56314
3.54548
3.64308
3.54157
3.64304
3.5381
3.53419
3.94848
4.02907
3.61986
3.62616
3.54162
3.55253
3.62924
3.5457
3.952
3.62699
3.54109
3.83828
3.64827
3.54688
3.67621
3.57181
3.55191
3.96038
3.9048
3.68188
3.61698
3.55939
3.52016
3.51605
3.58414
3.85095
3.6839
3.56796
3.55215
3.70366
3.61893
3.55399
3.52728
3.52217
3.52343
3.51818
3.51919
3.61677
3.51331
3.51988
3.56114
3.62158
3.55512
3.55378
3.52265
3.54875
3.52042
3.51832
3.51315
3.5467
3.56253
3.59421
3.83949
3.54864
3.75919
3.87249
3.71647
3.54711
3.51882
3.55681
3.68825
3.57001
3.55672
3.64275
3.55681
3.53275
4.05931
3.84416
3.67295
3.59768
3.54256
3.78417
3.59347
3.52818
3.56319
3.55407
3.67467
3.54713
3.53749
3.62207
3.53565
3.52805
4.01095
3.82744
3.58525
3.62068
3.54874
3.6488
3.61626
3.56199
3.99872
3.79282
3.64102
3.56162
3.54472
3.52752
3.58572
3.92701
3.52027
3.50812
3.50818
3.50803
3.50811
3.50805
3.50833
3.50816
3.50818
3.50812
3.57578
3.54394
3.67232
3.57134
3.54556
3.91049
3.5941
3.52708
3.52006
3.75481
3.60292
3.56106
3.52913
3.55627
3.62305
3.53102
3.93586
3.97754
3.61124
3.51478
3.5126
3.51521
3.50953
3.50961
3.5116
3.51831
3.87496
3.76844
3.57344
3.51707
3.51157
3.52366
3.52704
3.5151
3.51263
3.51097
3.69458
4.44242
4.80068
4.46136
4.38872
3.56519
3.7857
3.77183
3.57864
3.64486
3.54808
3.52487
3.94586
3.80694
3.61737
3.57334
3.53998
3.56446
3.6617
3.54553
3.98088
3.86472
3.64041
3.60107
3.53882
3.5292
3.54887
3.52582
3.51899
3.5315
3.52014
3.5905
3.56289
3.53343
3.52712
3.83101
3.76582
3.71244
3.57553
3.55605
4.62369
4.74556
4.73092
4.54325
3.54844
3.66872
3.5752
3.55116
3.61934
3.53307
4.04875
3.83332
3.64528
3.58538
3.54331
3.52599
3.90534
3.79535
3.58246
3.57745
3.52842
3.80924
3.60237
3.56696
3.53233
3.5268
3.51739
3.53872
3.66316
3.54117
3.92996
3.60014
3.53189
3.52368
3.89499
3.67546
3.59929
3.5515
3.95231
3.54364
3.88441
3.56043
3.61892
3.53266
3.52962
3.97759
3.82016
3.61082
3.56187
3.53416
3.51993
3.55222
3.53209
3.69796
3.58201
3.54666
3.62627
3.5318
4.02456
3.82477
3.63057
3.59022
3.53334
3.52714
3.51118
3.50809
3.50805
3.50837
3.50944
3.50996
3.50856
3.51181
3.50836
3.509
3.55265
3.53222
3.69805
3.58196
3.54646
4.02842
3.63112
3.53336
3.52654
3.82942
3.62783
3.59453
3.53229
3.55686
3.62148
3.53155
3.52913
3.99862
3.81478
3.64088
3.57812
3.54264
3.69818
3.56299
3.66346
3.56339
3.70163
4.42402
4.83613
4.5022
4.47571
3.65407
3.55757
3.67019
4.37267
4.71726
4.43747
4.41011
3.55647
3.61548
3.53844
3.55691
3.53395
3.95715
4.02332
3.61838
3.63366
3.54554
3.56428
3.54888
3.62122
3.55838
3.54302
3.62693
3.55269
3.50787
4.07349
4.026
3.67765
3.53868
3.5594
3.54774
3.51418
3.51098
3.53261
3.53533
3.52056
3.60684
3.54927
3.51957
3.51485
3.6664
3.56352
3.5549
4.0107
3.83995
3.64338
3.59723
3.54022
3.55566
3.67796
3.56365
3.55022
3.97585
3.61873
3.53298
3.82225
3.63377
3.5937
3.54005
3.67253
3.56094
3.68934
4.72557
4.3622
4.24383
4.44747
3.68424
3.5693
3.55021
3.97786
3.78314
3.62116
3.56691
3.53136
3.52258
3.65859
3.57366
4.06128
3.94818
3.62741
3.54406
3.53126
3.6878
3.5568
3.60609
3.53047
3.52702
4.09104
3.82576
3.65714
3.59197
3.54627
3.55608
3.68006
3.5671
3.55415
3.99309
3.62171
3.83367
3.64427
3.59653
3.54218
3.55846
3.65993
3.67074
3.67075
4.40821
4.69131
4.52574
4.40276
3.55852
3.66279
3.617
3.53303
3.52379
4.00314
3.81232
3.64812
3.57981
3.53983
3.55589
3.62475
3.53587
3.94081
4.02362
3.63451
3.53818
3.58519
3.5769
3.76119
3.82558
3.74648
3.59692
3.55104
3.66859
3.57049
3.56254
3.98649
3.63592
3.53833
3.86436
3.67732
3.6043
3.5442
3.5285
3.55989
3.65922
3.65782
3.67318
4.38427
4.71165
4.50313
4.43838
3.55561
3.64501
4.61411
4.1792
4.17904
4.33097
3.6249
3.55654
3.53299
3.93534
4.02083
3.62131
3.56991
3.55502
3.67326
3.5463
4.01562
3.64601
3.54371
3.53505
3.95085
3.65734
3.59079
3.58254
3.56315
3.54067
3.67194
3.55258
3.95785
3.61615
3.81929
3.62436
3.59044
3.53715
3.71586
3.67848
3.5686
4.45302
4.88061
4.57049
4.51532
3.55554
3.68764
3.56769
3.5537
4.00462
3.62691
3.53414
3.83309
3.64144
3.59795
3.53965
3.65157
3.55724
4.58651
4.19866
4.20381
4.42668
3.50918
3.50826
3.50863
3.55057
3.62298
3.53433
3.52506
4.00641
3.81343
3.63584
3.57744
3.53757
3.67548
4.89575
4.44677
4.53131
4.52506
3.66021
3.54016
3.53476
3.53649
3.52512
3.54051
3.55732
3.62756
3.53281
3.95336
4.03044
3.62115
3.6442
3.56182
3.54743
3.95994
3.64386
3.5503
3.52631
3.85171
3.60049
3.64744
3.59094
3.72439
4.42234
4.77815
4.48337
4.36254
3.67784
3.57242
3.54839
3.76102
3.58248
3.55453
3.70149
3.76266
3.57778
5.10876
4.63925
4.52386
4.58092
3.67901
4.73599
4.35832
4.25586
4.44856
3.65442
3.56406
3.52793
3.98481
3.81035
3.58532
3.55314
3.52744
3.52262
3.55607
3.67459
3.53079
3.55866
3.52275
3.52514
3.76877
3.62423
3.589
3.54087
3.53923
3.64173
3.55921
3.55367
3.62072
3.5341
3.5275
3.97323
3.80487
3.58331
3.5618
3.6789
3.97835
3.82356
3.59644
3.68751
3.66378
4.37129
4.70882
4.56264
4.46752
4.75272
4.37346
4.2555
4.45149
3.65768
4.33967
4.60065
4.51973
4.40184
3.55187
4.0138
3.66907
3.54811
3.86465
3.64121
3.59685
3.54208
3.6859
4.77188
4.36928
4.25433
4.39761
3.55831
3.69775
3.57007
3.55578
4.02591
3.62667
3.5299
3.85401
3.64789
3.59018
3.5377
3.55458
3.56721
3.73136
3.56154
4.00153
3.62356
3.536
3.78936
3.63181
3.53139
3.72022
3.56441
3.65932
3.95045
3.80929
3.58989
3.72393
4.59114
4.8183
4.57136
4.3654
3.65959
3.56529
3.55496
3.63706
3.53451
3.52669
4.11151
3.88715
3.59688
3.69705
3.57489
3.55566
3.61104
3.53372
4.04841
3.85048
3.64151
3.54242
3.55902
3.52553
3.73505
3.54573
3.68822
3.56345
3.54939
4.00319
3.94619
3.68784
3.63585
3.55616
3.56685
3.67359
3.5561
4.03931
3.88708
3.6501
3.55129
3.55415
3.57716
3.54153
3.69156
3.60135
3.57302
3.73173
3.57319
3.75296
3.69831
4.56046
4.98495
4.60751
4.58366
3.55943
3.67269
3.68545
4.76323
4.36268
4.25777
4.41382
3.96
3.81746
3.58963
3.67499
3.56163
3.69429
4.75193
4.36749
4.25788
4.45754
3.66842
3.56497
3.55467
4.00252
3.88369
3.66619
3.59279
3.54952
3.50913
3.5178
3.51776
3.51315
3.52009
3.57853
3.53301
3.53122
3.51655
3.51406
3.51021
3.51132
3.51887
3.53268
3.6304
3.98504
3.63063
3.96288
3.70333
3.63166
3.56158
3.91964
3.63368
3.75243
3.62195
3.52944
3.66499
3.5598
3.67706
4.41438
4.75002
4.52008
4.45366
3.65307
3.56625
4.01094
3.82276
3.58521
3.68567
3.57435
3.54958
3.76689
3.58296
3.55507
3.70673
3.7718
3.5791
5.14349
4.66563
4.55032
4.60548
3.70513
3.71574
4.57933
4.8548
4.57259
4.41261
3.67889
3.56879
3.54893
3.99406
3.63872
3.56636
3.75791
3.68766
3.58752
4.51276
4.93877
4.65132
4.5532
3.58271
3.54233
3.69111
3.54937
3.61985
3.53358
3.52694
4.0933
3.89491
3.6682
3.59681
3.55609
3.66257
4.38978
4.7453
4.51038
4.47173
3.57918
3.58085
3.70096
3.55525
3.69448
3.55997
3.53402
4.13019
3.88662
3.73126
3.59379
3.56713
3.52199
3.53562
3.58774
3.69452
3.54924
3.86096
3.82168
3.7203
3.77961
3.58201
3.66
4.12911
3.86237
3.59269
3.5317
3.61656
3.76108
3.59436
3.75845
3.58055
3.61043
4.30281
3.75331
3.94609
5.05707
5.55212
4.84794
4.83039
3.58631
3.99562
3.89092
3.6355
3.58142
3.53559
3.52549
3.53194
3.51468
3.5109
3.51114
3.54078
3.51583
3.51842
3.51184
3.61777
3.58434
3.72035
3.57366
3.68159
3.55609
3.54357
3.85472
3.71711
3.60839
5.1885
5.16476
4.69263
4.40004
3.7134
4.92261
4.42864
4.58414
4.53607
3.51718
3.51544
3.51908
3.54144
3.55334
3.55673
3.52686
3.52092
3.64003
3.56313
3.53109
3.91763
3.95139
3.60325
3.58451
3.69002
3.57894
3.57549
4.07844
3.83653
3.72159
3.59107
3.5562
3.53108
3.57164
3.81718
3.8666
3.57522
3.52334
3.80815
3.70539
3.69301
3.56901
3.72553
4.50276
4.93767
4.58932
4.55105
3.57609
3.70559
3.69407
3.55586
3.98032
3.62274
5.15316
5.11803
4.51801
4.31924
3.72145
3.58325
3.53881
3.77483
3.69569
3.59565
5.19424
5.0337
4.64681
4.32431
3.91554
3.8025
3.59763
3.70385
3.55636
3.53724
3.52786
3.7769
3.61555
3.54247
3.83627
3.57937
3.69262
3.66711
4.39798
4.73682
4.57249
4.4801
3.66183
3.57008
4.03113
3.82651
4.79318
4.39295
4.2735
4.45569
3.52942
3.55507
3.51863
3.51541
3.53183
3.55303
3.51533
3.52075
3.50998
3.5114
3.68276
3.55484
3.5673
3.5198
3.63422
3.5338
3.55827
4.04831
3.91099
3.70034
3.55454
3.56771
3.667
4.03682
3.93683
3.59507
3.56561
3.97499
3.84355
3.58323
3.54356
3.53607
3.92821
3.64009
3.63836
3.55126
3.92473
3.6147
3.70738
3.59625
3.5218
3.78716
3.82755
3.50878
3.57181
3.62122
3.57164
3.6766
3.97034
3.7893
4.01061
3.88924
3.51642
4.8815
4.45573
4.4889
4.51424
3.60655
3.73157
3.70445
3.73914
3.5713
5.0009
4.57997
4.57312
4.63739
4.03061
3.85494
3.60322
3.57441
3.7289
5.03217
4.55149
4.5592
4.58648
3.8469
3.61482
3.61746
3.54468
3.54876
3.52199
3.50829
3.50805
3.50802
3.50846
3.50814
3.50813
3.50841
3.54781
3.55151
3.52785
3.739
3.59184
3.68903
3.55659
3.58103
3.54782
3.70551
3.57328
3.55657
3.64505
4.08377
3.87752
3.64178
3.59169
3.53784
3.68633
3.65016
4.34712
4.60267
4.60151
4.3876
3.54286
3.66735
3.56845
3.55182
3.6003
3.53053
3.95712
3.78253
3.62018
3.56761
3.53284
3.52088
4.00301
3.83408
3.605
4.00185
3.85263
3.55519
3.71976
4.52405
4.9563
4.56651
4.53889
3.72038
3.58613
3.59369
4.04555
3.70025
3.55237
3.54704
3.84993
3.6167
3.53507
3.72173
3.54591
3.57017
3.52387
3.74309
3.59443
3.52873
3.52609
3.54243
3.595
3.55668
3.65341
3.93138
3.78287
3.56914
3.52279
3.53746
3.94734
3.77651
3.67486
4.63184
4.20969
3.89582
4.00105
5.03371
4.49791
6.1608
5.35701
3.52088
3.77755
3.63095
3.55456
3.54154
3.54338
3.6701
3.56973
3.55297
3.6005
3.5303
3.96366
3.78301
3.6226
3.56742
3.53566
3.52246
3.62144
3.93385
3.96314
3.69051
3.6274
3.55315
3.5122
3.50896
3.51249
3.50957
3.51359
3.5099
3.56334
3.54658
3.68572
3.54765
3.98238
3.62189
3.53453
3.52531
3.80659
3.61527
3.60305
3.53569
3.76667
3.68583
3.58777
3.54858
5.22619
4.64454
4.56711
4.47401
3.98797
3.84665
3.57393
3.58976
3.55087
3.73553
3.55511
3.69414
3.56265
3.53464
4.14411
3.93282
3.64932
3.61393
3.54446
3.58333
3.74905
3.60529
4.11582
3.64302
3.98499
3.84183
3.58713
3.66543
3.70592
3.56715
3.5317
4.02911
3.83873
3.58991
3.55776
3.69339
3.55524
3.57412
3.63494
3.53189
3.52525
4.07458
3.84472
3.65749
3.58761
3.54141
3.66522
3.57188
3.52828
4.07791
3.86075
3.57483
3.62148
3.53185
3.52364
4.01151
3.82687
3.57407
3.72077
4.97405
4.4882
4.60475
4.59744
3.72053
3.68925
3.59314
3.80982
3.63841
3.83846
3.69233
3.77826
3.57984
3.55646
3.70905
3.6076
3.70121
3.78309
3.57759
5.21095
4.5202
4.72061
4.61959
3.75209
3.70418
3.57862
3.74295
4.55251
4.98292
4.6849
4.63135
3.585
3.5475
3.68691
3.57863
3.76863
3.56015
3.58103
3.70216
3.78729
3.57421
4.66182
5.21414
4.59584
4.64834
3.67164
3.56991
3.55627
3.63748
3.53367
3.52664
4.14336
3.89942
3.59936
3.73436
3.75556
4.50762
5.06309
4.52884
4.52034
3.82291
3.92203
3.58798
3.57533
3.89992
3.68587
3.99392
3.84666
3.58599
3.64959
3.56689
3.94297
3.60352
3.60821
3.64387
3.53886
4.45702
3.98204
3.96545
3.61974
3.61549
3.67756
4.0103
3.84729
3.78294
3.58534
3.55026
3.77441
3.68788
3.58259
4.59323
5.22049
4.56086
4.67555
3.54635
3.72725
4.7402
4.4236
5.01832
5.02103
3.99813
3.85007
3.584
3.51644
3.51047
3.52138
3.50874
3.51223
3.50907
3.69869
4.52156
4.8508
4.5959
4.47253
3.73143
3.74986
4.70563
4.9129
4.70308
4.43991
3.53663
3.57848
3.58642
3.54515
3.52612
3.73304
3.57765
3.74108
5.06706
4.58366
4.54127
4.58183
3.55943
3.65666
3.53961
3.52866
4.18228
3.97916
3.69279
3.6145
3.55531
3.70755
4.86899
4.29168
4.57134
4.53157
3.55347
3.66734
3.54821
3.61676
3.5341
3.52698
4.09579
3.89608
3.67952
3.60295
3.55572
4.04179
3.86013
3.58242
3.55718
3.55545
3.54004
3.5394
3.63299
3.5531
3.53776
3.67434
4.10094
3.63485
3.95911
3.6655
3.72407
3.55651
3.55391
3.51911
3.5148
3.53016
3.53578
3.54022
3.5178
3.51767
3.51291
3.98171
3.63906
3.68541
3.5525
3.94813
3.69227
3.6168
3.55428
3.68606
3.57726
3.55316
3.62773
3.53663
3.52496
4.04836
3.83568
3.57523
3.68967
3.72558
4.39834
4.82892
4.50789
4.47064
3.7769
3.63637
3.53434
4.11791
3.85806
3.58676
3.52721
3.73382
4.56053
5.00427
4.63632
4.58338
3.93468
3.50738
3.92637
3.54442
3.76891
3.94774
3.6682
4.00135
3.62217
3.63774
3.73709
3.67875
3.57432
4.55541
4.62455
4.481
5.08572
3.51025
3.53505
3.51896
3.52826
4.0298
3.91499
3.61808
3.95035
3.69146
3.61667
3.55403
3.98785
3.64051
3.689
3.55301
3.52541
3.51501
3.51384
3.613
3.52269
3.54319
3.66424
3.57285
3.61593
3.59646
3.54912
3.62163
3.53148
4.00076
3.80816
3.62554
3.57931
3.53348
3.52417
3.51034
3.51413
3.66229
3.65143
3.56991
3.56057
3.5236
3.52065
3.5563
3.61458
3.74227
3.57374
3.69385
5.00477
4.53485
4.62347
4.6737
3.7416
3.7171
3.78561
4.57155
5.16632
4.63013
4.69646
3.83705
3.61338
3.56589
3.6422
3.56921
3.5602
3.96898
4.01877
4.0579
3.6224
3.66555
5.06962
4.57273
4.64346
4.65124
4.0131
3.85291
3.59282
3.69759
3.64831
3.54399
5.12434
4.60318
4.51546
4.54806
3.56449
3.58421
3.53765
3.6071
3.52841
4.06278
3.84129
3.59469
3.5311
3.62461
3.53135
3.52508
4.02912
3.82766
3.58047
4.01318
3.84818
3.60077
3.56277
3.70577
3.62242
3.55181
3.86104
3.62119
3.90178
3.78474
3.628
3.57152
5.24487
5.31792
4.95323
4.55574
3.76624
3.59609
3.59219
3.53545
3.53641
4.0741
3.88374
3.58342
3.55224
3.67335
3.54781
3.58396
3.76333
5.15445
4.60258
4.6286
4.61396
3.99667
3.85284
3.57655
3.68684
3.72763
4.62095
5.06028
4.54948
4.49547
3.70837
3.79608
3.59168
5.09984
4.58484
4.71509
4.64999
3.5624
3.82123
3.8391
3.6769
3.56309
3.72332
4.67193
4.56108
4.62745
3.98648
4.01781
3.70881
4.03919
3.83335
3.58054
3.52305
3.58756
3.68933
4.37262
4.5801
4.72892
5.0774
4.53601
4.12675
5.32453
6.2102
3.74717
3.84519
3.73767
3.58824
3.56144
4.78647
5.40699
4.64164
4.59636
3.50825
3.50814
3.50804
3.50816
3.5084
3.50893
3.5081
3.62828
3.53612
3.56061
3.52172
4.07273
3.91648
3.65511
3.53956
3.76162
3.55536
3.53736
3.55783
3.69932
3.59051
3.95699
3.76986
3.56329
3.52487
3.58525
3.54586
3.74153
3.55343
4.02929
3.62476
3.53536
3.52411
3.84179
3.69595
3.58962
3.55529
3.72089
3.58161
3.76416
3.58854
3.72901
3.79286
5.307
4.68309
4.70017
4.58971
3.76905
4.68254
5.15404
4.64539
4.52391
3.63537
4.05669
3.83873
3.59786
3.76688
3.5562
3.70257
3.55054
3.65902
3.62772
3.53754
3.52183
3.5449
3.54298
3.72058
3.70798
3.61419
3.61809
3.5961
3.55443
3.72282
3.54093
3.52154
3.79098
3.62168
3.53059
3.55871
3.55473
3.64212
3.56438
4.10231
3.907
3.64589
3.54941
3.54215
3.53197
3.77348
4.68102
5.15842
4.65928
4.53824
3.80747
3.61696
3.57793
3.80181
3.68685
3.96655
4.00706
4.07168
3.52363
3.89611
3.59537
3.64569
4.19892
4.17468
3.75021
3.66928
3.58264
3.9619
3.77828
3.56835
3.52549
3.67584
3.5378
3.56217
3.52085
3.52284
4.03522
3.92841
3.61106
3.73446
3.77105
3.58007
4.7071
5.25627
4.58902
4.58769
3.58258
3.53556
4.02299
3.68601
3.94756
3.77255
3.9749
3.5471
3.54172
3.54972
3.51905
3.8475
3.87635
3.68456
3.52907
3.53553
3.53843
3.53478
3.6975
4.03633
3.85437
3.59389
4.68867
4.93912
4.67461
4.45083
3.58613
3.54862
3.7294
3.59096
4.09189
3.62887
3.53364
3.52723
3.95606
3.60871
3.53344
3.87421
3.77932
3.65561
3.57567
3.62954
4.03865
3.86709
3.59556
3.55545
3.62977
3.53637
4.12051
3.86984
3.58756
3.52768
3.5846
3.54097
3.87349
3.66919
3.50996
3.52329
3.51259
3.51614
3.51065
3.53365
3.55316
3.64635
3.54433
3.56935
3.54113
3.51976
3.51423
3.51118
3.54882
3.55777
3.54181
3.52017
3.52249
3.5465
3.7095
3.64771
3.54363
3.531
4.05553
3.86325
3.61735
3.63741
3.8656
4.77103
5.07467
5.01549
4.75894
3.51664
3.5105
3.52083
3.51089
3.51618
3.52651
3.51534
4.03453
3.52287
3.87432
3.58205
3.92007
3.69677
3.56602
3.57217
3.79144
3.79448
3.61728
3.54614
3.87948
3.62541
3.54911
3.58517
3.53588
3.508
3.508
3.508
3.50801
3.50801
3.50801
3.508
3.508
3.508
3.81025
3.60397
3.64775
4.17393
3.85036
3.67155
3.54213
3.56443
3.52591
3.60929
3.57397
3.55679
3.54093
3.5561
3.52343
3.51932
3.53966
3.97908
3.84207
3.5746
3.53685
3.53008
3.52501
3.57127
3.54627
3.52743
3.53052
3.55636
3.54934
3.52719
4.56695
5.10137
4.63216
4.61874
4.61091
5.01681
4.71572
4.60657
3.50928
3.50932
3.51
3.50957
3.50917
3.50908
3.50843
3.50866
3.5185
3.51408
3.51434
3.51093
3.511
3.5799
3.71675
4.03206
3.8237
3.57047
3.52349
3.55956
3.55486
3.51713
3.58126
3.60108
3.5344
3.53796
4.0144
3.52334
3.90974
3.58467
4.49072
4.96398
4.70093
4.62437
3.75173
3.79371
3.55683
3.68713
3.65302
3.87328
3.63973
3.57744
3.94115
3.67193
4.04559
3.52464
3.8868
3.59437
3.52315
3.53206
3.51663
3.50869
3.51027
3.50875
3.5092
3.50897
3.50838
3.51767
3.52016
3.65014
3.57208
3.57288
3.56027
3.53907
3.55668
3.63031
3.53619
4.13392
3.87345
3.5891
3.52811
3.58787
3.54499
3.88244
3.67819
3.72558
4.10271
3.88589
3.59587
3.67631
3.78544
3.55441
3.58203
4.69351
4.93348
4.81121
4.48214
4.17946
3.9442
3.61175
3.58958
3.54959
3.77248
3.59318
3.53843
3.86603
3.57568
3.61173
3.52445
3.52806
3.51917
3.51483
3.53293
3.51421
3.537
3.51847
3.51774
3.70771
4.08868
3.85861
3.57574
3.52343
3.6979
4.24539
3.99998
4.16479
3.68546
3.566
3.54125
3.53382
3.74863
3.58489
3.55571
3.85816
3.59519
3.66344
3.80501
3.72213
3.95743
3.70376
3.8059
5.37591
4.63609
4.70068
4.53097
3.51509
3.53623
3.51959
3.51517
3.51734
3.61835
3.60511
3.65863
3.55889
3.63849
3.55342
3.58015
3.82149
3.90077
3.62985
3.60681
3.54934
3.53247
4.74728
4.9763
4.76222
4.46127
3.53309
3.51403
3.51951
3.54597
3.54566
3.53498
3.51503
3.5184
3.55003
3.62591
3.53388
4.05577
3.83798
3.64495
3.58776
3.5393
3.52599
3.54836
3.53885
3.55312
3.52827
3.52302
3.52506
4.06314
3.84995
3.5899
3.50808
3.50934
3.50844
3.50854
3.51293
3.50969
3.99099
3.80813
3.56802
3.51994
5.13805
4.6527
4.46467
6.60496
4.15365
8.20897
5.29322
5.24752
4.43611
3.71038
4.09192
3.85836
3.57534
3.52338
3.52995
3.53093
3.51381
3.54919
3.51483
3.52101
3.50802
3.50801
3.50803
3.50821
3.50812
3.70482
4.07421
3.88208
3.60047
3.70481
4.07835
3.83747
3.59292
3.54262
3.6801
4.76227
4.67547
4.59427
5.10782
3.59222
3.8465
3.63293
3.86865
3.60183
3.56087
3.54725
3.99392
3.90412
3.68859
4.85723
4.95366
5.11288
4.91635
3.9974
3.84938
3.81378
3.60417
3.54906
3.90005
4.07865
3.63923
3.67659
3.56113
3.75148
3.58738
4.18786
3.93393
3.60221
3.62783
4.01239
3.78713
3.62851
3.56946
4.53734
3.81631
3.74733
5.14589
4.58948
4.70366
4.66212
4.05961
3.90847
3.60533
4.78796
5.04816
4.79015
4.50367
3.52118
3.68473
3.53725
3.52177
3.52201
3.56459
3.5474
3.52677
3.72296
3.92559
3.56486
3.96065
3.70489
3.79406
3.58456
3.57677
3.52907
3.51778
3.51016
3.53418
3.50902
3.51285
3.71478
4.07557
3.94473
3.61024
3.71691
4.0559
3.83036
3.57109
3.52402
3.70848
4.04758
3.83924
3.58761
3.508
3.508
3.508
3.508
3.508
3.508
3.508
3.51823
3.51382
3.5574
3.54552
3.53108
3.53528
3.54508
3.58634
3.56116
4.07458
3.89549
3.59842
4.87595
4.2392
4.27016
4.40583
3.52167
3.52093
3.5227
3.54123
3.51308
3.55791
3.54337
3.51545
3.51698
3.52462
3.53424
3.79769
3.59021
3.74671
3.8141
3.59385
3.56175
4.94016
5.46603
4.72939
4.68273
5.20132
4.70548
4.32716
4.51638
3.76441
5.20156
4.5547
4.76141
4.70283
3.72119
4.12835
4.00841
3.63085
5.15443
4.69479
4.59479
4.76391
3.70325
4.1629
5.24286
4.70138
4.99
4.92148
3.5354
3.88759
4.01175
3.6224
3.54682
3.62723
3.52507
3.55831
3.61444
3.55088
4.01379
3.65481
3.93418
3.9821
4.07343
4.16837
3.70604
3.59899
3.59455
3.52822
3.5779
3.58896
5.32544
4.75133
4.60321
4.64618
3.67435
4.46901
4.91952
5.22619
5.52697
3.71513
4.06544
3.85425
3.58078
3.65329
4.24216
5.03454
4.88768
5.58863
3.621
3.54969
3.93927
3.95675
3.6691
3.60292
3.57781
3.54611
4.02492
3.95357
3.68898
5.33377
4.96139
4.84089
4.37025
3.55687
3.52408
3.82582
3.62216
3.5757
3.87198
3.63643
3.70604
4.05097
3.93329
3.61932
3.51386
3.51496
3.53429
3.51772
3.55801
3.52774
3.53118
3.62852
3.58901
3.61634
3.63607
5.34955
4.76596
4.62532
4.66357
3.55746
3.82882
3.62286
3.57678
3.87172
3.6265
3.5674
3.52785
3.51726
3.5144
3.55951
3.53308
3.52489
3.66551
3.60189
3.6817
3.63431
3.72639
4.11373
3.87818
3.58715
3.72427
4.87827
4.45662
5.33747
5.2979
5.37188
4.67567
4.74619
4.67023
4.22038
3.94938
3.71838
3.6
3.55991
4.0461
3.84604
3.59828
3.79063
3.53065
3.85553
3.56475
3.61916
3.78075
3.58819
3.56207
3.71
4.07235
3.84391
3.58942
3.70484
3.5706
4.30016
4.5816
4.42745
4.58526
4.1939
3.7101
3.71243
3.59216
3.60208
3.51912
3.54395
3.64406
3.72766
3.54406
3.74062
3.59622
3.61904
4.13016
3.81808
3.57296
3.78518
3.63909
3.66728
4.40186
4.87591
5.26897
5.58748
3.56029
3.54016
3.58579
3.9977
4.02607
3.67621
3.95303
4.14647
3.71004
3.60502
3.92339
3.74894
3.67075
3.62282
3.94864
3.70052
3.84501
5.73659
5.51191
5.37577
4.67918
4.83607
4.66177
5.42555
4.61451
3.67648
3.75462
3.84622
3.63939
3.56093
4.11966
3.68645
3.99428
3.68199
3.57707
3.55323
3.55401
3.62319
3.55782
3.88975
3.62515
3.65554
3.71468
4.80094
5.32155
4.72322
4.69621
3.75917
4.99552
5.48156
4.94217
4.76018
4.1571
4.09988
3.6543
4.814
5.43852
4.58426
4.66009
4.10428
3.65318
3.508
3.508
3.508
3.50801
3.508
3.61984
3.53471
3.54234
3.67516
3.53768
3.56259
3.52316
3.5948
3.57015
4.76524
5.41943
4.50013
4.34645
3.53096
3.51723
3.61567
3.6324
3.57495
3.53043
3.53825
3.58464
3.67306
3.73662
3.74618
3.71895
3.55142
3.53289
3.90872
4.01252
3.85995
3.66914
3.62937
3.53351
3.92512
3.66846
3.5909
3.92108
3.65612
3.51094
3.51214
3.51025
3.51048
3.51817
3.51586
3.51678
3.51552
3.70419
3.80013
3.8573
3.74831
3.95329
3.55288
4.046
3.72477
3.61184
4.05405
3.73007
3.63918
4.00202
3.82891
3.5994
3.79569
3.81421
3.85397
5.51542
4.7176
4.70196
7.21336
6.25411
5.1992
4.76094
4.10911
4.47387
3.98098
3.62896
3.57019
3.54187
3.77991
3.60975
3.51013
3.5145
3.51656
3.51209
3.5274
3.51447
3.72304
4.15729
4.01003
3.63685
3.8281
3.80435
3.58805
3.55203
3.62854
4.10569
5.34185
5.04315
5.15269
5.61085
3.70721
3.87927
3.60226
3.90176
3.67823
3.78909
3.69752
3.53888
3.79942
3.95331
3.62361
3.55888
3.6462
3.54921
3.86185
3.6134
3.56635
3.94302
3.93519
4.04911
3.63116
3.62653
3.72364
5.39399
4.70285
4.88503
4.74169
3.54086
3.53653
3.542
3.51945
3.52002
3.5129
3.94885
3.9198
3.64538
3.61021
3.55333
3.83457
4.80725
5.51053
4.69146
4.73449
3.79544
3.60607
3.56148
3.65091
3.58187
3.54671
4.01138
4.10773
4.01411
3.53845
3.67398
3.55913
3.87631
3.62921
3.57503
4.0063
4.02292
4.09921
3.63341
3.65567
3.89802
3.86342
3.94569
3.64142
3.55859
3.63391
4.88147
5.33221
4.77019
4.65491
3.77198
3.59992
3.8343
3.97141
3.61489
3.65291
3.5679
3.55193
3.86442
3.99495
3.64234
4.1379
3.54511
3.92316
3.64461
3.61839
3.53864
4.18087
3.75988
3.64932
3.62733
3.54018
4.45287
4.27085
5.43276
5.30807
3.80054
3.61966
3.56367
3.79443
3.96875
3.60538
3.54631
3.64556
3.53341
3.74399
3.57019
3.54643
3.93838
3.72686
3.53023
3.78168
3.59379
3.53728
3.52977
3.84176
3.9612
3.63604
3.6305
3.78032
3.595
3.82741
3.91199
3.61852
3.54064
3.63055
3.5323
3.55125
3.53092
3.71269
3.84896
3.59663
3.90463
3.76199
3.60756
3.73696
3.83613
3.60345
5.44898
4.75361
4.92642
4.768
3.87583
3.88311
4.05413
3.65511
3.59349
3.87296
3.7066
3.88111
3.91482
4.01616
3.74192
3.85481
3.72049
3.73074
3.61368
3.94385
3.82027
4.48787
3.85281
5.43991
5.05545
5.29954
5.85708
3.82078
3.60968
3.55124
3.82703
3.62119
3.51231
3.51084
3.59919
3.56462
3.58754
3.53537
3.51782
3.57187
3.53996
3.53009
3.52199
3.55253
3.57841
3.54255
3.55204
3.52165
3.62169
3.54582
3.86878
3.84644
3.60538
3.8016
3.60173
3.83773
3.54434
3.5311
3.86784
3.60827
3.81109
3.70142
3.96144
4.12159
3.71923
3.66813
3.5315
3.56355
3.53535
3.80577
3.60433
3.82676
3.6037
4.03384
3.65753
3.85113
3.70844
3.77954
3.60654
3.54796
3.53969
3.93741
3.63762
3.5515
3.62428
4.23749
3.94401
3.59583
3.53167
3.64191
3.52423
3.53188
3.51668
3.53031
3.8408
3.99457
4.73007
5.13246
5.02293
4.69981
3.72064
3.91168
3.59922
3.64294
3.93609
3.7841
3.63005
4.17781
3.67877
4.67714
4.42042
4.03729
4.54734
4.3927
5.7511
5.10996
3.58567
4.21869
3.71155
3.55797
3.5101
3.50878
3.50879
3.51209
3.51073
3.51
3.50924
3.8307
3.617
3.54902
3.53168
3.89029
4.0103
3.65544
3.64856
3.72046
3.8165
3.8396
3.61348
3.82013
3.63253
3.57847
3.93831
3.62316
3.56573
3.60235
3.58438
3.83304
4.02261
3.63021
3.95435
3.98244
3.54681
4.02314
4.80002
3.99226
3.83761
5.10457
4.86735
5.85526
6.41567
3.51035
3.51545
3.60412
3.55294
3.60696
3.58607
3.58988
3.59316
3.55248
3.59284
3.53049
3.52661
3.5553
3.89111
3.63115
3.57099
3.54524
3.97016
3.9877
4.09025
3.58646
3.62693
5.28816
5.18409
4.82833
3.94905
4.39486
3.52031
3.5928
3.56392
3.87576
3.93167
3.55368
3.78396
3.60877
3.55913
3.79227
3.54942
3.56562
3.90823
4.21801
3.90562
3.66772
3.75872
3.54629
3.53628
3.5256
3.53457
3.53688
3.52567
3.51854
3.52975
3.53519
3.84003
3.60013
3.7836
3.65557
3.52736
3.79054
3.57341
3.94016
4.02878
4.03575
3.83571
3.56951
3.79766
3.59067
3.63592
3.77216
3.54098
3.68378
4.95021
4.42347
5.40562
5.06769
3.51109
3.50974
3.52055
3.52473
3.5298
3.5224
3.51463
3.5122
4.69641
4.50785
4.31992
3.7054
4.67125
5.20094
4.7634
4.6863
3.88435
5.05799
5.66151
4.858
4.85564
3.82389
3.89078
3.79957
3.94253
3.79065
3.58739
3.74455
3.57611
3.71071
3.54161
3.81868
3.61395
3.55244
3.90786
3.65879
3.52467
3.51736
3.56244
3.51304
3.54184
3.58313
3.58178
3.5399
3.53161
3.55634
3.63911
3.61309
3.76558
3.58775
3.55551
3.64544
3.57758
3.5506
4.03876
4.10564
4.00621
3.54974
3.69307
4.10136
4.61709
4.03447
3.62775
3.5477
3.71496
3.57529
3.55864
3.87965
3.93617
3.58417
3.628
4.03123
3.63663
3.67661
3.55692
3.78625
3.60448
3.54628
4.02879
3.56273
3.62868
3.93238
3.90612
3.85876
3.60551
3.61709
3.56236
3.5682
4.01052
4.0494
4.00531
3.61035
3.67086
3.55394
3.53951
3.52166
3.52941
3.68716
3.63007
3.58909
3.57077
3.84134
4.84225
4.73932
4.98557
5.49965
3.57335
3.57554
3.60972
3.82449
3.59566
4.60125
4.50983
4.46867
4.14427
4.08291
3.7209
3.84359
3.6172
3.55257
3.56259
3.9182
3.7484
3.61041
3.55981
3.54277
3.85556
3.61565
3.56668
3.99399
3.94035
4.06673
3.59761
3.60777
3.79575
3.57937
3.5388
3.98262
3.63552
3.63897
3.55989
3.50801
3.50803
3.50802
3.50801
3.80545
3.60227
3.54806
3.61588
3.54149
4.01881
3.99505
4.13991
3.59058
3.70453
3.5904
3.63885
3.87452
3.62426
3.62567
4.99424
4.74999
4.34008
3.99374
3.8925
3.88146
3.61537
3.50803
3.50805
3.57067
3.59322
3.64038
3.54014
3.60237
3.69209
3.66967
3.5515
3.56525
3.53493
4.0051
3.52903
3.91389
3.91985
3.62749
3.55794
3.64212
3.72904
3.88145
3.9557
3.81109
3.70924
3.57603
3.79252
3.73237
3.52694
3.64137
3.55906
3.85132
3.5956
3.73097
3.63468
3.86637
3.93278
3.74493
3.96546
3.64156
3.57167
3.53614
4.00514
3.95448
4.15104
3.62053
3.6362
3.53017
3.51505
3.51431
3.51314
3.57363
3.58229
3.54296
3.53596
3.73725
3.55588
3.98988
4.0773
3.65306
3.56965
3.95027
3.88118
3.88442
3.62162
3.62925
4.014
4.01894
3.61452
3.90277
4.17749
3.7281
3.56979
3.6548
3.508
3.50804
3.50801
3.50801
3.50802
3.508
3.50801
3.5102
3.51284
3.51004
3.508
3.508
3.508
3.508
3.508
3.508
3.508
3.71685
3.65412
3.56256
3.99629
3.62205
3.53785
3.6213
3.60641
3.74861
3.6041
3.5608
3.88045
3.63347
3.57261
4.06706
3.679
3.56713
3.67935
3.54827
3.53292
3.86556
3.9636
3.62394
3.99544
4.05067
3.63212
3.95047
4.18477
4.26564
5.70393
4.85756
5.49097
5.27087
3.53881
3.53223
3.51468
3.52867
3.60657
3.5576
3.52245
4.38102
4.07012
4.09101
3.66761
3.54979
3.56019
3.52766
3.52263
3.53816
3.52048
3.53919
3.51459
3.52396
3.51069
3.51394
3.79255
3.8178
3.90309
3.6574
3.61406
4.76156
5.10199
3.98109
4.04841
4.72288
3.62508
3.57591
3.81673
3.7529
3.62614
3.54574
3.94817
4.02905
4.04248
3.54683
3.83184
3.59148
3.53836
3.58792
3.86791
3.91615
4.04426
4.14772
3.64556
3.58113
3.68103
3.55605
4.8735
4.83592
5.06068
5.76795
4.95714
4.74483
5.66391
4.65519
3.76975
3.84214
3.81452
3.61492
3.59322
3.73036
3.76214
4.00831
4.05518
3.73299
3.8057
3.77761
3.58643
3.8422
3.9045
3.57786
3.60117
5.19717
4.78077
4.98422
5.3329
3.54159
3.94974
4.01034
3.99262
4.17195
3.60752
3.61337
3.85958
3.53246
4.00399
3.6332
3.63121
3.55274
4.03616
3.55563
3.71798
3.90582
3.62963
3.57259
3.97863
4.09108
3.58488
3.97625
3.53066
3.94071
3.94238
3.57983
3.87982
4.07786
3.66014
3.56363
3.64441
3.63723
3.57643
4.00454
4.07014
4.09873
3.61382
3.70769
3.56444
3.62899
3.56133
3.93144
4.01593
4.01064
3.57858
3.66986
3.54805
3.51313
3.63296
3.56727
3.55521
3.53119
3.9475
3.85494
3.68435
3.81422
3.56958
3.77424
3.54673
3.62082
3.5206
3.51555
3.52577
3.53764
3.52692
3.84944
3.98658
3.55647
4.24755
3.77109
3.76725
4.7902
4.73759
4.32876
4.43329
5.20006
5.05298
6.33581
3.87488
3.88296
3.63418
3.84745
4.15008
3.70295
3.51045
3.51441
3.5089
3.50901
3.50921
3.87812
3.88335
3.59895
3.67744
4.62549
4.31405
5.03668
4.61825
3.54464
3.89147
4.03487
3.65858
4.41298
3.83104
3.68315
7.08954
4.5938
4.40985
3.9747
4.23503
4.47434
3.8824
4.95873
4.34035
4.01227
5.69071
4.95446
5.56375
4.9193
5.00021
5.89687
6.23605
5.01271
5.74813
4.78512
4.83847
3.70881
4.01558
3.612
3.95584
3.94772
3.80823
3.7788
5.41399
5.17839
5.96696
5.46045
5.86932
7.40304
7.04224
3.72924
3.86173
3.5638
3.95007
3.76153
4.16073
5.74447
6.03567
5.90313
5.56574
3.53986
3.91757
4.03377
4.03152
4.15224
3.60296
3.62491
3.7944
3.60353
3.82979
3.74202
5.11645
4.84659
4.42228
5.16123
6.68215
4.25245
5.33854
4.22717
3.54129
3.65601
3.5882
3.95007
3.96535
4.0453
3.59811
3.46218
3.97617
3.69034
3.59928
3.64444
3.57612
3.54765
4.04419
4.02362
4.24659
3.63399
3.6487
3.5501
3.56704
3.52434
3.83597
3.9798
4.05828
4.02486
3.65001
3.6378
3.55467
3.52027
3.54654
3.52622
3.54529
3.70873
3.63382
3.63922
3.62259
3.78613
3.62279
3.94017
3.88413
3.96689
3.64842
3.89349
4.06771
3.67039
3.57382
3.65825
3.50801
3.50803
3.50801
3.50802
3.86457
3.92988
3.61294
3.9669
3.63634
4.06161
4.03016
3.94783
3.7887
3.64439
3.81531
3.96907
3.66229
4.11135
3.75103
5.01872
5.40963
4.4398
4.36019
4.01699
3.9946
4.07979
3.70361
4.03334
3.66277
3.574
5.96075
5.4034
5.82165
3.8652
3.63242
3.57861
4.02926
3.64052
3.67278
3.56679
3.54607
3.89387
3.80576
3.76795
3.6562
5.09311
4.19851
4.9528
5.60042
3.84293
3.53862
4.04745
4.03465
4.08398
3.60028
3.62012
3.52772
3.72177
3.95301
3.66249
3.64197
3.58098
3.53694
4.01534
4.04544
3.96112
3.62207
3.56956
3.57293
3.53755
3.72207
3.54766
3.77692
3.64934
3.74627
3.84706
3.68997
3.54306
3.60825
3.53219
3.53304
3.55422
3.58683
3.60465
3.56162
3.62434
3.58818
3.71425
3.54686
3.63556
3.58924
3.98435
3.93374
4.24965
3.60811
3.767
3.57497
3.50918
3.50926
3.50835
3.50859
3.53673
3.94182
3.95184
4.02768
3.59527
3.59297
3.50835
3.50854
3.50808
3.50807
3.50909
3.50837
3.50891
3.51266
3.5127
3.70666
3.58886
3.67269
3.5685
3.78
3.51413
3.53088
3.75857
3.84162
3.55811
3.93003
3.65099
3.93541
3.66809
3.51642
3.51984
3.57907
3.57294
3.53641
3.62074
3.51065
3.55708
3.51959
3.60534
3.56826
3.54201
3.51318
3.53158
3.54207
3.6389
3.90759
5.43591
4.79082
4.19028
4.01383
5.41888
3.90248
4.04526
3.63364
3.55969
3.99855
3.6572
4.18907
3.98024
4.183
3.62292
3.61399
3.64197
3.57068
3.55095
3.99048
4.01038
3.9532
3.58861
3.63469
3.72576
3.63091
3.56744
3.76171
3.90515
3.72353
3.69175
3.55502
3.60224
3.97577
3.87018
3.60015
3.97412
4.08896
3.60996
3.67213
3.7072
3.54167
4.67411
5.4324
4.20024
6.595
5.25464
4.8137
4.50794
3.5628
3.65124
3.54659
3.76835
4.10808
4.16858
3.85794
3.88
3.89433
3.95227
4.13138
3.68771
3.65631
3.56128
3.56052
3.50862
3.51944
3.51074
3.52129
3.51956
3.5105
3.51005
3.57641
3.54503
3.66789
3.60257
3.54642
3.75375
3.53958
3.58862
3.64189
3.78359
3.74083
3.55923
3.50976
3.51238
3.51076
3.50845
3.50996
3.51444
3.53707
3.69181
3.58908
3.61253
3.62662
3.52444
3.56188
3.55318
3.68348
3.62076
3.64166
3.64726
3.73248
3.70984
4.70966
4.89046
4.77759
4.20294
4.2261
3.90003
3.91591
4.09625
3.55764
3.5438
3.85989
4.02873
3.53295
3.70144
3.93554
4.04021
3.65459
3.52187
3.5355
3.52199
3.51401
3.51717
3.54755
3.56051
3.53299
3.60119
3.6023
3.62036
3.57477
3.54897
3.59192
3.51034
3.52534
3.52674
3.52398
3.50982
3.51342
3.51367
4.89818
5.48774
5.8893
5.33155
4.88769
6.27129
7.25737
5.02028
5.73411
5.16326
4.67826
7.19214
5.39866
10.9702
11.2379
7.01213
6.47161
5.40935
4.76249
3.9913
4.18651
4.27646
4.1311
3.65305
3.64644
3.55502
3.95827
4.07147
4.14421
4.08987
3.63192
3.65648
3.51088
3.52105
3.54909
3.50815
3.50821
3.50802
3.50809
3.50802
3.50826
3.50862
3.50808
3.52192
3.55705
3.52774
3.52734
3.53066
3.54031
3.51397
3.51284
3.51246
3.50924
3.51039
3.50986
3.509
3.51145
3.50866
4.88787
5.70844
4.94291
5.01351
10.8436
7.13826
5.397
4.54336
5.44843
6.74606
3.62078
3.58119
3.80725
3.8246
3.73533
3.60784
3.5631
3.6255
3.53443
3.51126
3.54717
3.54152
3.51767
3.52254
3.56645
3.87757
3.67545
4.78337
4.6217
4.45382
6.47004
5.1738
4.14381
5.01887
4.00748
4.0077
4.03812
3.66472
3.93075
4.11905
3.68348
4.65121
4.56989
5.0006
5.08772
10.829
4.87403
6.07726
6.78848
6.51925
3.74744
3.6786
3.54176
4.12889
4.20082
4.11551
3.6833
4.17121
3.60794
3.53857
11.0493
6.91223
5.42016
4.53101
6.9953
5.41003
3.50802
3.50813
3.50801
3.50811
3.50837
3.50803
3.50801
3.50815
3.51814
3.51049
3.50895
3.51558
3.51025
3.53891
3.55128
3.52455
3.71607
3.75771
3.69892
3.59628
3.5783
3.66725
3.74025
3.51102
3.51948
3.51419
3.65241
3.57733
4.15942
4.00237
3.55713
3.95151
3.97354
3.65199
4.0568
3.50947
3.50949
3.5354
3.52002
3.54175
3.58492
3.52792
3.55369
3.53217
3.54069
3.51516
3.52278
3.52461
3.54164
4.62785
5.05093
5.69801
11.6503
7.17496
5.39994
4.80459
11.0231
7.14936
6.72636
5.49338
5.04633
4.92095
5.54602
4.76126
11.1386
7.0415
5.98347
4.70129
5.44242
7.20709
3.52899
3.54623
3.539
3.52488
3.52167
3.5159
3.68534
3.61278
3.82791
3.7043
4.86026
4.62654
4.38114
4.28624
6.00282
5.45662
11.4731
5.31564
7.1251
10.5075
6.79333
6.88052
5.61042
11.336
4.77366
11.0825
7.07964
6.34731
5.42545
11.1261
7.05121
5.66791
4.82588
7.2068
5.11669
5.45178
6.26308
5.07699
11.8638
11.0841
7.49263
6.73027
5.67073
4.9149
5.36775
4.71996
4.35831
6.36921
4.64237
4.92382
3.97335
3.87489
9.00749
6.22504
5.81939
5.16707
4.71291
6.60452
5.03975
3.86363
9.69034
6.25991
4.64697
8.41254
6.12655
5.7109
5.01298
3.7271
3.56423
3.58224
3.58182
3.81483
4.99856
4.89438
4.67412
4.4084
5.05264
5.82471
11.7165
7.35327
5.47678
4.55011
11.3909
6.76068
4.16203
4.1003
3.73121
3.64205
4.0949
3.68344
6.18631
7.46044
5.47311
11.6115
11.7422
6.71788
4.66463
3.79362
3.59553
3.75297
3.85384
3.61413
3.53456
3.64361
3.63325
3.66985
3.53834
3.57975
3.82273
3.94979
3.90494
3.59568
3.59798
3.54997
3.75539
3.82709
3.5936
3.62903
3.81106
3.87944
3.89942
3.8019
3.69896
3.61899
3.69959
3.62116
3.83819
3.79855
3.66086
3.65556
6.52665
7.54274
5.66147
11.1799
11.355
7.90255
6.86824
5.88555
5.00752
4.73007
5.20654
11.2233
5.00293
6.62224
6.7659
6.32327
7.37822
5.64952
11.9129
11.3176
7.36537
6.98179
5.61197
4.9674
5.58019
5.80096
11.1704
4.97923
7.47014
3.70919
3.58462
3.56409
3.7875
3.62658
11.688
4.98684
11.2198
7.41231
7.08474
5.74224
6.04639
11.6974
5.59638
8.04253
10.7218
7.54686
7.22059
6.07235
6.35996
11.9157
11.1792
7.47369
6.92966
5.59697
4.97099
3.64908
3.74836
3.823
5.06943
4.4112
4.32409
4.70145
3.79779
3.75657
3.69643
4.27206
4.51569
4.1566
4.2486
11.3556
7.15063
5.69392
4.90773
7.942
6.34954
11.7544
4.98841
11.3448
7.45132
6.94104
5.57036
5.21293
6.04521
11.5618
11.7645
7.51725
6.62544
5.92446
4.76113
3.50853
3.5087
3.50829
3.50823
3.50805
3.50804
11.4733
7.45785
5.61796
5.03636
11.7082
7.48238
7.11805
5.74314
3.50801
3.50802
6.46375
11.8975
11.0128
6.83936
4.91471
11.4066
4.89719
5.37728
7.29053
6.6988
11.2193
11.7461
11.2379
7.82667
7.04063
5.97472
4.77392
11.6653
4.98754
11.5243
7.4757
6.97567
5.78129
6.4051
11.943
10.9934
7.72994
6.54759
5.89787
4.81059
3.81371
3.86864
6.26382
6.06606
6.27024
5.11961
5.20445
6.33777
11.4319
5.27691
7.44898
10.9572
7.0781
6.89198
5.66894
11.9696
7.53231
5.99553
4.956
10.8901
7.21353
3.82331
3.90035
3.63075
6.45933
12.0297
11.6477
7.6763
7.84094
5.83608
5.14567
6.10487
4.70098
5.23234
11.4844
7.24612
5.73218
4.87305
7.04051
11.4348
5.11263
6.87945
6.90621
6.41198
11.5921
5.01747
11.4717
7.46803
6.93394
5.77135
11.8777
5.12866
11.3542
7.57804
7.22048
5.83163
6.39605
7.63563
12.0095
11.2276
3.91801
4.06926
4.32657
3.98772
3.76715
3.74498
3.59176
3.6856
4.33933
4.60274
4.57493
4.28313
5.70906
4.85905
4.19878
4.60945
3.50806
3.50806
3.50805
3.50803
3.50802
3.50801
6.45554
11.7828
5.11389
11.3033
7.58156
7.20543
5.85158
11.5852
5.01604
11.4347
7.44833
7.00483
5.79401
11.4044
11.594
7.46438
7.20587
6.52895
12.108
11.0451
7.69923
6.85863
5.78221
4.90188
3.69557
3.59381
3.51079
3.51572
3.51587
3.51728
3.52074
3.5128
3.5127
3.52358
3.51692
3.52516
5.81152
6.42838
11.508
5.36752
7.7598
11.0002
7.59698
6.87892
5.77675
6.0292
11.2361
7.17027
5.75713
4.96545
7.8061
11.3285
11.6283
7.57883
6.75117
5.79234
4.98669
11.9526
11.661
7.90525
7.2786
6.08737
4.90347
5.90478
6.39296
11.4469
5.37576
7.9077
10.8994
7.16644
6.90443
5.70764
6.56853
7.65627
6.02465
12.02
11.0183
7.64456
7.35632
5.88207
5.13637
6.00372
6.37571
11.3831
5.42087
7.98242
10.9787
7.22263
7.10151
5.82699
6.03831
11.6912
5.09721
11.2688
7.57189
7.19432
5.83606
3.88069
4.23025
4.99868
6.31291
4.37075
4.47045
5.63861
6.03445
11.8807
7.49356
5.77576
4.99583
11.1599
7.59995
7.32082
6.02382
5.65348
11.4963
5.16823
7.48779
11.2113
6.71192
5.68499
5.68019
11.4042
7.21172
5.97274
4.8032
7.54387
11.6271
5.00469
11.424
7.60463
7.0313
5.85829
11.0773
7.06941
5.80653
5.06809
7.89383
6.06556
11.8898
7.58842
6.1473
5.21949
11.2118
7.65794
7.33702
6.03382
11.5497
5.05317
7.60717
11.4183
7.3743
4.2927
3.6965
5.68474
5.14684
4.43491
4.28761
8.13268
5.69502
5.099
4.86973
4.38802
5.9675
11.2286
5.05324
7.97708
5.97741
6.45048
11.5491
5.45832
7.98476
10.9019
7.05401
6.42798
11.659
4.837
11.2956
7.09536
5.98161
11.4866
5.55885
7.98338
10.7761
7.14149
6.53663
11.439
7.62449
5.77901
5.00204
11.5489
7.56877
6.9843
5.80936
6.63334
12.0937
11.0606
7.75177
7.22964
5.8347
5.10188
3.84247
3.8251
3.56855
11.25
5.10067
8.00934
5.72051
6.07375
11.2533
7.20834
5.88026
4.9991
7.62106
6.4851
11.6063
5.25664
7.61859
11.0877
7.68972
6.8894
5.79432
11.2456
5.03445
7.99651
12.1052
11.1524
7.73116
6.75714
5.71027
4.8431
6.48209
5.75243
11.477
5.25625
7.64509
10.9324
7.22667
6.84389
5.71449
11.9493
7.61164
6.02141
5.1357
11.2322
7.67941
7.3727
6.00054
6.46938
11.5158
5.01379
11.4381
7.545
7.01
5.85381
3.54367
3.53334
3.68667
3.61424
3.81567
3.65917
3.58815
11.6549
5.34729
11.3417
7.90908
7.44417
6.11158
11.8745
5.28604
11.2974
7.75509
7.44205
6.02142
11.4381
5.56025
7.96189
10.8769
7.17708
7.17271
5.85449
6.57863
11.489
7.77847
5.95136
4.9799
11.7298
7.72861
7.02181
5.70343
5.8175
11.1793
7.04311
5.78346
5.07719
8.07698
6.07558
11.7274
5.17482
11.2769
7.67155
7.33202
5.93874
6.62538
11.893
8.3045
6.01911
11.1131
7.62186
7.09634
5.6952
6.57568
11.4725
5.04952
11.5385
7.72967
7.07354
5.94495
11.7163
4.87249
11.3982
7.06462
11.2507
5.01678
7.68381
6.58473
11.4208
11.5482
7.72953
7.07584
6.01142
4.91862
6.61967
11.6972
5.13267
11.4191
7.7295
7.33122
5.9234
3.51165
3.51304
3.51168
3.51426
3.51128
3.51123
5.27575
6.6731
5.46052
5.73066
7.92349
5.96064
12.2497
11.1867
8.3065
7.20735
6.08659
4.82958
11.5985
5.08838
11.4187
7.62376
7.10593
5.9074
6.53919
6.03766
11.4862
5.58505
8.05096
10.8482
7.20183
11.6835
11.3589
8.07762
7.4069
6.11123
5.14108
6.13343
11.7645
5.18189
11.2527
7.73525
7.36349
5.97743
7.64452
6.09773
11.8475
10.7902
7.74493
7.37195
5.84316
5.28216
11.755
4.98697
11.3128
7.69079
7.04893
5.99442
11.8622
7.6712
5.96608
5.18419
11.2129
7.71905
7.38113
5.9912
11.7802
5.08937
11.3228
7.79961
7.33267
5.99998
3.66751
3.61734
3.56932
3.6748
3.58767
11.7025
4.96671
11.4141
7.74717
6.91988
5.78371
11.2531
5.03904
8.06428
6.62102
11.7389
11.4928
7.18454
5.17033
3.51644
3.6114
3.6722
3.60046
3.53214
3.58125
3.53561
3.5383
3.56403
3.60936
11.3386
7.78113
5.97456
5.07405
11.8697
7.12386
11.6541
8.06948
6.52724
5.10765
11.2523
6.98232
6.57912
11.4362
5.20075
11.1125
7.75822
7.43938
6.31634
6.70849
12.187
11.0167
7.83635
7.08087
5.90402
4.98017
11.6831
11.7648
7.00775
4.93819
5.73884
11.3694
7.94903
6.10813
5.17375
11.6917
7.98515
7.17956
5.96955
11.937
4.95756
11.3348
7.77598
7.54449
6.17258
11.9127
11.0625
7.78432
7.00848
5.88482
4.95891
11.6873
5.11613
11.5109
7.78066
7.23754
6.04868
5.13007
5.61239
6.4977
6.47061
11.3087
7.7021
8.30463
11.2206
11.7621
7.79194
7.1018
5.82435
5.13487
9.74714
6.23105
4.95861
5.22378
6.581
6.67336
11.887
5.28232
11.331
7.81901
7.50159
6.10004
11.6451
5.10155
11.4209
7.16172
11.8629
7.48371
6.16264
4.85131
7.7163
6.6958
11.8337
7.77941
5.98908
5.20707
11.2757
7.82573
7.39001
6.07885
6.72197
5.67858
5.34992
12.1594
11.0786
7.91388
6.98997
5.93012
4.99431
11.5274
5.08348
11.5608
7.74305
7.14105
5.94155
6.67882
11.7044
5.18847
11.3564
7.71838
7.34474
5.96236
6.06251
6.50583
11.4744
5.7061
8.06092
10.8268
7.70255
7.01937
5.94934
11.3259
8.15961
6.18054
5.23733
11.6108
7.42164
6.76777
11.7543
11.0565
7.81584
7.37383
6.12275
5.1942
6.77459
5.74083
5.27645
11.7066
7.8864
6.03006
5.18952
11.4227
7.82574
7.41731
6.01127
3.94092
3.56767
3.59637
5.03253
4.88805
4.2055
6.40536
11.9891
7.68263
6.59822
11.1532
3.52708
3.64488
3.53852
3.59408
3.57193
3.5187
3.51011
3.50971
3.5277
3.51787
6.72813
11.5961
5.07829
11.4924
7.16159
6.33519
5.78993
11.4517
7.41417
5.97176
5.163
7.74161
5.12742
4.84705
7.83479
9.84255
5.08959
6.15839
6.19751
6.72418
7.82711
5.82397
11.9497
11.0207
6.81457
6.78273
11.6198
11.7475
7.927
5.70475
5.35826
6.77424
12.134
11.0735
7.91877
7.09763
5.94098
5.03569
11.6035
5.07327
11.239
7.15002
3.7901
3.66653
4.27574
4.64169
5.4781
5.18627
4.44347
4.50415
6.78214
11.2106
7.91227
6.205
5.17461
11.6769
7.80027
7.22419
5.94768
6.77427
7.85933
5.93597
11.3187
11.4924
7.80245
6.93277
5.62706
4.84889
11.3166
11.7807
7.84936
7.27471
5.94315
5.25039
6.68166
11.8125
5.07148
11.2556
7.97292
7.39471
6.15578
11.4143
5.2498
11.1394
7.88591
7.51887
6.35581
6.69155
11.4773
5.40131
7.79288
11.3269
7.84702
7.23999
6.12055
6.74971
7.80125
12.0006
10.7475
7.22464
4.90522
6.756
11.6691
5.28367
11.4629
7.88963
7.48125
6.04461
6.77245
11.6878
11.5763
7.98106
7.14128
6.2355
5.12205
6.74054
11.5239
4.97696
11.126
7.47844
7.11986
6.11916
6.25128
11.5965
5.27902
8.36595
11.0395
7.2465
6.71438
11.1387
5.38488
11.6244
7.86214
7.25673
5.93814
11.3873
5.03773
11.3976
7.76296
7.0704
6.0016
6.77357
11.8043
5.25539
11.3083
7.93853
7.45453
6.09379
11.9464
10.909
7.89414
7.24055
6.18708
5.07506
6.7093
11.8177
5.07533
11.1278
7.93266
7.35788
6.16116
11.0854
7.81737
5.86105
5.16459
11.7342
7.94634
7.48587
6.08774
11.4966
7.85309
6.025
5.03676
11.3895
7.80772
7.07794
5.99137
5.49786
12.4379
11.5104
7.18487
5.26101
11.0599
8.26357
7.03502
5.98457
6.84202
8.05071
6.01749
11.7148
11.2372
7.98461
7.26809
6.1535
5.20002
11.6693
5.21331
11.1498
7.88362
7.44775
6.1549
11.7583
7.8525
6.04951
5.12388
11.2988
7.34641
6.8513
8.01986
5.98596
11.7057
11.2473
7.99775
7.23291
6.14863
5.18576
11.7736
7.96023
6.1542
5.11052
11.2288
7.23708
8.40796
8.16783
10.7099
8.72988
10.8601
7.52436
10.7513
11.29
11.8717
7.92
7.57112
5.9177
5.38683
8.09533
5.82413
11.6591
11.9071
7.57803
5.45565
6.90235
11.4292
5.13556
11.6285
7.2112
11.1863
11.7615
7.29954
5.2358
6.83484
11.7374
11.3585
6.78494
11.7719
7.89077
6.08169
5.22392
11.4302
8.04259
7.50487
6.17548
5.95202
11.2881
7.47338
6.24892
5.31445
8.29732
11.2915
5.22585
11.7634
7.94972
7.40824
6.02259
11.5226
5.06996
11.4322
7.11411
7.0635
11.9876
11.2191
8.00957
7.22664
5.99706
5.04781
11.163
7.41957
5.9575
5.05209
8.06985
11.605
8.34946
6.75429
5.31063
6.99366
11.3906
3.60914
3.58692
3.53831
3.516
11.5382
5.03728
11.4875
7.17572
11.526
5.10753
11.4123
7.90372
7.23797
6.14413
11.6802
11.6123
7.97408
7.07083
5.89732
4.97984
11.6238
5.2856
11.307
8.04175
7.60559
6.24756
11.7046
11.6103
8.01049
7.05835
5.92842
4.97563
6.80442
7.91831
6.1329
11.7231
10.9765
7.09239
4.89291
11.194
11.7398
7.36828
5.26926
6.8775
11.6357
5.25698
11.2738
8.00438
7.48276
6.12872
11.4966
11.8983
7.16009
5.1757
11.5979
5.23488
11.2322
7.95001
7.22241
6.07224
7.49828
6.4138
5.76733
10.7539
8.41595
5.84708
5.82887
11.8391
8.50562
7.82388
6.32131
6.92698
11.8899
10.9698
8.0459
7.29673
6.21448
5.10737
4.82446
4.96468
9.36611
4.81873
6.0524
6.30102
7.05367
11.1771
8.02784
6.28193
5.29392
11.6739
7.92293
7.36457
6.07948
11.9092
8.03537
6.19112
5.12788
10.9545
7.30308
8.05874
5.78894
11.8249
11.5928
7.16046
5.30373
11.7007
8.0396
11.0375
6.88573
11.5247
7.94983
6.35011
5.38205
11.2915
8.13829
7.55085
6.29342
6.96585
11.8721
10.9796
8.08075
7.28756
6.23006
5.1044
6.90205
11.4161
5.89185
8.70028
10.7226
7.19902
6.9081
11.1701
5.08969
11.7896
7.97811
7.17849
6.00442
7.01139
11.6955
11.068
8.14059
7.6507
6.45843
3.56151
3.52048
3.55778
3.50894
3.51157
7.09016
11.2318
8.09578
6.42776
5.24586
11.9617
8.118
7.26132
5.99826
6.63436
11.0446
8.3206
6.61146
5.39344
11.7462
6.95104
11.3947
11.9504
7.22859
5.09533
11.3535
5.29541
11.3071
7.30793
7.13582
11.233
8.02925
6.30189
5.33718
11.5396
7.57973
6.93523
11.4258
8.09618
11.5237
7.51639
4.08807
3.94666
3.66682
4.22346
3.75062
6.8324
11.3106
8.20823
6.46623
5.25012
11.4779
7.36922
11.9581
10.9733
8.19103
7.3337
6.39259
5.09989
11.4818
5.02492
11.4414
7.96995
7.07715
7.1411
11.1434
8.13036
6.15832
5.24306
11.6734
7.99615
7.41019
6.13238
6.85258
11.279
4.99338
11.3704
8.38911
7.0241
6.17075
8.00773
6.17263
12.1099
10.9615
7.64946
5.4022
3.77649
3.63891
4.07959
3.71651
6.63394
6.06379
11.556
5.0563
7.92793
11.3958
11.9359
8.03761
7.25331
6.05556
5.08577
6.96966
11.1513
5.141
11.7846
7.23736
11.2235
5.18461
12.1331
8.03972
7.42561
5.79211
3.84453
5.22626
4.42864
9.64691
6.77658
5.64888
5.09885
7.0558
11.013
5.23127
11.9228
8.12418
7.4507
6.17585
6.99782
11.6395
5.01908
11.5239
8.21888
7.43545
6.38156
7.10218
11.8363
11.2065
8.03519
7.14317
6.00046
5.02385
7.12049
8.17008
6.3313
11.8634
11.3363
7.64847
5.12768
3.9062
6.20949
4.58926
10.2458
6.69926
9.34062
5.40643
4.86754
11.2874
5.14664
11.1849
7.1745
7.07947
11.8395
11.1967
8.0722
7.13233
6.06406
5.029
11.7993
8.18047
6.27763
5.0057
11.1213
7.22744
11.5786
5.30306
11.3624
8.15944
7.3066
6.10857
7.12054
11.068
8.3597
6.26204
5.14049
11.6845
8.1007
7.31922
6.11768
11.9353
10.9793
8.24541
7.34072
6.43271
5.10921
7.12144
11.1496
5.4059
11.711
8.16075
7.6339
6.37219
7.0066
11.5849
10.9868
8.04126
7.51525
7.15904
11.09
5.32193
11.6362
7.71095
7.30223
11.3176
11.0187
8.77403
7.22744
6.54235
5.158
11.84
5.21322
11.3061
8.15059
7.4245
6.23834
7.07894
11.4133
5.19515
11.5016
7.42546
7.16522
10.8648
10.8957
6.33339
7.05426
11.1578
5.33747
11.6178
8.21099
7.46998
6.28182
3.67503
3.60441
3.71674
3.68498
4.66685
4.75485
4.79231
4.14097
4.17336
11.8548
11.231
8.14492
7.2171
6.17672
5.08026
11.8478
8.10612
6.16213
5.05033
11.3778
7.40389
11.3074
5.11141
11.644
8.1013
7.22819
6.1143
11.0875
5.09654
11.7458
8.1207
7.22402
5.98924
7.35651
11.322
8.21324
6.50134
5.29183
11.4481
7.63347
11.8626
11.3085
7.37828
5.1372
11.4372
5.07759
11.7628
7.20943
7.19664
11.3518
11.152
7.30965
3.53626
3.55825
3.7295
3.65822
3.52428
3.55009
3.53099
11.1055
11.4345
8.66466
7.27053
6.39897
5.20964
7.22229
11.73
5.37962
8.05995
10.9243
7.63094
4.67614
4.99478
9.46397
5.16431
6.11832
6.11197
3.62182
3.51806
3.63509
3.54313
3.51984
3.5109
3.51209
3.51821
11.6034
8.77388
10.5605
7.55913
7.53903
11.6297
5.5693
10.5392
8.22999
8.47674
11.0759
5.60062
11.5601
8.30791
7.95515
6.56069
3.8764
4.12705
3.63048
4.03889
3.69662
3.76208
11.1719
5.2526
11.7636
8.63445
7.42451
6.47065
7.4588
11.7319
10.9466
7.30032
5.0207
11.9431
8.34943
6.59509
5.24115
11.0673
7.52187
11.619
8.34449
6.39874
5.19057
11.2002
8.21341
7.33139
6.29882
11.6431
8.19623
10.6647
7.75212
3.52409
3.63257
3.56206
3.53448
3.9589
3.63833
3.78168
3.76142
4.31608
4.93294
4.45658
7.28158
11.8924
5.26252
10.9582
8.30484
7.70047
6.52409
7.48893
11.144
8.266
11.5087
7.37332
11.1132
5.47466
11.6949
8.39826
7.55858
6.40078
11.3203
8.34772
11.577
5.28745
11.2251
8.16729
7.66676
6.38459
11.4284
5.11432
11.5914
7.232
11.9024
8.41967
6.65162
5.25925
11.0613
7.55042
11.6723
5.36102
10.9736
7.9022
11.2066
5.11976
11.7391
8.21859
7.70317
6.41372
11.4175
11.5828
8.02536
5.59151
10.4085
6.41282
5.20916
4.83475
9.92085
6.15136
11.1617
5.07153
11.5897
8.20549
7.22678
6.05028
4.38886
5.94374
5.155
4.09215
8.8894
6.1285
5.05148
5.27295
4.21592
3.78981
3.70177
3.73623
3.87144
3.63692
4.49644
4.42008
4.8123
4.45586
3.53996
3.56346
3.61714
3.79516
3.84699
3.94013
3.6418
3.62447
3.56787
7.53911
11.4477
5.02218
11.3998
7.48923
9.99225
6.36216
6.07399
4.65708
4.42883
4.84995
5.18277
9.79541
4.91196
6.13562
6.65394
4.26504
4.43123
3.96344
3.8282
3.64514
4.46263
4.77512
10.0588
6.25148
4.5739
5.71803
7.75621
11.0473
8.63451
6.60092
5.41236
11.1431
7.75047
11.3132
5.36905
11.5897
7.78829
11.0601
5.08229
11.6374
8.31713
7.26992
3.63491
3.80822
3.96307
3.57552
3.65907
3.6647
3.75507
3.86924
4.29489
4.82214
9.8845
6.13261
5.79081
4.97245
7.7322
11.2146
8.72165
7.08911
5.37663
11.5498
7.66493
3.53456
3.53855
3.53003
3.52444
3.55127
3.60133
3.56563
3.54603
4.98888
9.90713
6.49157
5.69879
4.9099
11.8511
12.2167
4.85242
5.17709
9.98934
5.3671
6.58118
6.43176
4.14622
5.2488
4.06055
4.13449
3.86259
3.62614
3.76284
6.44714
5.06119
4.45594
5.66155
6.82838
4.84106
5.0473
4.45549
11.2122
11.5295
7.77696
5.08027
4.79409
10.4704
10.442
5.41774
6.35
6.6074
5.44908
9.91611
5.11874
7.08525
6.11688
4.4824
5.6283
9.99407
7.06697
5.91035
5.39265
8.32675
10.924
11.0985
8.92791
7.64329
7.12007
5.65131
7.35287
6.77491
8.64845
12.1781
11.6269
8.58678
7.49734
6.42355
3.83117
10.6582
10.3585
9.31385
8.44852
5.09871
10.0579
10.8065
5.40827
6.88392
6.7359
9.98324
6.50208
4.50018
3.62432
4.56761
4.65025
3.76247
3.68398
3.97351
3.79623
4.46747
4.52125
11.1867
5.19877
11.9047
7.59465
4.85
10.7895
6.29513
9.61447
6.41294
6.15128
3.57149
4.71215
4.29293
4.05889
3.89415
5.66209
4.07297
3.89904
3.73112
3.75074
4.35056
4.0585
4.46728
5.37834
10.1287
6.93772
5.93535
5.27894
8.88308
10.5189
10.2947
8.51201
4.85584
10.2174
6.39747
10.3747
7.07283
5.8373
6.47897
10.5061
10.3686
6.58322
7.96278
4.78294
5.54718
3.55715
3.94847
4.07389
3.72962
3.59388
4.16509
3.7576
3.72951
3.6208
3.62885
3.75497
3.68457
3.76031
3.85865
3.60945
3.54421
3.51435
3.51146
3.51005
3.53498
3.52261
4.4208
10.0896
6.29793
5.86744
5.02927
10.6433
6.77365
5.46185
9.75017
6.39922
6.39636
5.40928
4.89221
4.82063
10.0005
5.3186
6.39226
6.43235
9.97642
5.49894
10.848
5.18825
6.74838
7.08438
3.99539
3.73237
3.5965
4.0228
3.56469
3.68961
10.7185
10.9851
9.32937
7.68365
7.40937
5.62322
3.701
4.31428
8.63776
5.21915
4.04017
11.5008
10.9655
7.87308
10.9936
10.7444
9.06133
7.35459
4.88415
5.29942
9.85053
5.29246
6.7921
6.43273
3.75855
3.77957
5.70379
4.67533
6.98136
6.93527
5.47067
5.38485
4.13892
4.70792
4.97963
4.26518
10.5002
6.03452
4.54588
5.8143
10.6636
9.55531
10.4818
10.1348
8.3507
7.99256
3.90404
3.88478
3.66059
3.55112
3.57548
4.05635
3.73166
3.59902
3.70559
3.7044
3.98496
3.84313
4.10581
3.7906
4.04419
3.56964
3.68636
4.06711
3.67796
3.68681
3.59134
3.55846
3.87432
3.85676
3.91266
3.74443
3.78997
3.70686
3.73717
3.8351
3.55304
3.52433
10.7533
7.15971
9.61875
6.525
4.4377
10.2266
6.46163
5.91416
5.13009
11.0674
11.5253
7.00827
8.48735
9.85176
10.2388
7.03184
8.39349
4.904
6.1765
5.01012
10.3626
6.83902
8.35305
10.9173
5.38367
11.184
7.60615
10.687
10.4212
9.8296
7.98306
7.17678
10.8462
10.4677
10.1382
7.59428
5.23509
9.55775
5.52474
4.71387
6.62171
4.45148
5.04375
10.33
6.52548
6.02948
5.13898
4.02792
3.98374
3.67638
3.61064
4.17666
3.78489
3.64726
3.74417
3.50809
3.50804
3.50804
3.50811
3.50811
3.50802
3.50802
5.07463
9.99593
4.90914
6.44197
5.10147
10.082
5.20516
6.29085
6.6093
4.89171
4.65018
10.4297
6.56563
6.29546
5.18043
4.79784
5.07464
3.84005
9.61087
4.79239
6.39465
6.23384
3.83043
3.69068
3.62205
4.01632
3.80451
3.62357
3.64043
4.83013
4.76428
4.89814
4.18344
4.11406
9.9512
5.48556
6.96651
6.2821
5.41894
10.1278
6.94376
5.97072
5.38671
5.10001
9.96737
5.3609
6.60372
6.52109
3.57076
3.59448
3.85254
3.85854
3.67404
5.4813
3.65253
6.67688
5.33015
4.44775
4.24495
5.51741
6.8358
4.77995
4.4612
4.03051
4.02498
3.73105
4.09001
4.7951
4.88803
5.5209
10.0419
5.51526
6.34492
7.22615
3.95685
7.00234
4.99326
4.47595
4.1924
4.71548
4.63268
10.3581
6.72783
6.21833
5.34877
10.3634
10.174
8.32016
6.02024
4.72829
4.81262
9.89138
5.04616
6.056
6.21724
10.6291
10.191
6.65166
5.40493
6.02528
4.51412
5.26809
5.08312
3.99053
9.62241
4.95305
6.37767
6.23103
4.09001
5.31408
4.14737
5.79675
4.85837
4.29824
6.971
7.25447
4.90426
4.32325
5.58341
7.04225
4.63386
4.88596
4.27205
5.18053
5.57022
9.69441
5.38915
6.86099
6.43654
5.0409
5.48005
10.0317
5.54081
6.80199
6.5587
3.50866
3.50847
3.51793
3.51127
3.50973
5.03087
5.46279
10.146
5.1548
6.47233
7.17633
10.5282
6.40902
10.03
5.2911
6.60462
6.55657
4.47102
10.4999
6.89531
5.98596
5.22703
4.86507
5.17339
10.178
4.85939
6.52278
6.2842
5.07751
10.3308
6.71516
6.00552
5.17713
5.03768
4.50872
10.4645
6.5465
6.12252
5.18479
4.7868
5.41161
9.84836
6.78789
4.9466
6.33117
5.05961
5.0694
10.0972
6.5188
7.00459
5.66347
5.07592
4.97411
3.84461
10.1814
4.87345
6.24124
6.61213
5.04569
10.5475
6.62306
3.82552
3.67756
4.22396
3.8519
3.61341
5.50644
4.75802
4.40399
4.23312
4.88201
10.8488
6.84843
10.9422
7.2943
10.3703
5.04771
5.33208
9.96887
5.1851
7.01651
6.35318
4.47957
5.09665
10.4953
6.68516
6.07296
5.16053
10.4269
7.07006
5.19654
7.13839
10.2517
5.96639
5.12231
5.09673
10.3674
6.75179
6.02646
5.20043
6.83671
11.5094
10.2971
7.19867
9.89134
6.82535
3.77273
3.67921
4.05791
3.83386
3.85542
4.95109
5.23406
4.45613
4.52576
6.66355
10.1524
6.98449
10.5492
3.5294
3.54597
3.51767
3.53694
3.53534
3.55199
3.52908
3.51353
10.1726
6.52138
5.22944
4.47734
10.5172
6.68233
6.09516
5.15781
4.87942
4.90932
10.425
4.85462
6.33268
6.42943
5.03628
5.29674
10.2192
5.0689
6.55732
6.40378
5.06628
5.44288
10.0748
5.65569
6.53858
7.15067
4.92568
10.2203
6.51597
6.71221
4.53957
6.77828
4.88681
10.7415
9.93944
5.97823
5.57028
4.64963
5.06168
10.3702
5.39153
6.94046
6.60817
5.14239
5.31551
10.031
5.31019
6.72999
6.52128
3.72902
3.62855
3.99594
3.7006
4.50356
5.02448
10.6413
6.41738
6.36879
5.16253
4.99389
4.63179
10.3816
6.48789
6.27905
5.32235
5.93573
8.56868
5.11882
4.2701
10.3537
6.71474
5.31612
6.30777
4.62687
7.29342
11.2158
9.92907
6.14471
7.00746
4.94726
10.173
5.17951
6.51969
6.2454
4.63821
5.05241
10.263
6.6012
6.22762
5.28222
4.96676
10.0856
4.87405
6.26171
6.52551
5.15131
5.39453
10.2443
5.23252
6.80873
6.53506
3.63657
3.62569
3.73323
3.5663
3.52855
3.72703
3.8357
3.59348
3.55832
3.54173
3.6843
3.69746
3.76607
5.23431
4.63595
10.1051
6.75367
6.04294
5.37383
5.05211
10.2478
6.59732
6.23149
5.30069
4.29422
4.21278
5.46397
4.21261
3.77294
4.12801
4.14757
4.63411
5.34834
10.1215
6.98597
6.01759
5.43404
10.4905
7.41979
10.3083
5.37449
5.38997
11.008
5.30225
6.97789
7.21987
5.27415
5.20595
3.89254
10.1359
5.05802
6.88345
6.58983
5.18372
10.294
6.5848
4.65237
5.34227
10.2876
6.78584
6.24944
5.37777
9.05943
6.08677
5.02555
4.25806
5.12514
3.55963
3.86498
3.6173
3.7356
3.62102
10.391
5.23522
6.48218
6.45764
5.34598
7.52379
10.9616
6.80111
9.77238
6.38826
4.82976
3.90369
3.62473
4.62248
4.04167
3.65273
5.3467
5.55897
9.76383
5.41531
6.91236
6.553
5.22931
5.48616
9.99856
5.87114
6.85371
6.89846
4.98324
10.1392
4.7981
6.20668
6.32037
10.5695
6.47066
5.98382
5.13848
5.03646
10.1402
4.88828
6.43437
6.53996
4.02345
3.88445
3.84093
5.22153
5.38009
9.96976
5.16028
6.66216
6.54889
5.08336
5.3277
10.2702
5.13014
6.61504
6.51411
5.27592
10.1182
5.0962
6.66759
6.69249
10.411
6.66418
6.16882
5.3178
4.50825
5.27304
10.3763
7.04242
6.0746
5.26632
10.6731
6.84914
5.42513
6.56789
3.75273
3.81133
4.02909
5.47712
5.60104
4.81626
4.13213
4.29194
4.98379
5.3335
10.1337
4.98469
6.36573
6.81207
4.98837
5.04825
10.374
4.96226
6.61648
6.67572
5.22285
10.1331
5.04861
6.66718
6.59055
5.05771
5.56311
10.0082
5.6237
6.87764
6.53967
4.796
9.87773
5.2173
6.47569
6.36825
3.51805
3.51117
3.52833
3.53206
3.52022
3.54995
3.52214
3.5213
3.51675
3.51097
3.52084
3.51274
3.50954
3.52091
3.51919
3.51127
10.2443
5.02263
6.83742
6.42234
10.5886
6.75562
5.94053
5.16002
4.73892
5.71829
10.4107
7.3854
6.55116
5.60268
5.08089
5.47645
10.0291
5.46525
6.895
6.5099
3.77962
3.84051
3.82799
3.70216
3.6756
3.56196
3.67515
3.55767
5.02894
5.38242
10.1221
5.48644
6.89954
6.67128
5.07986
5.23123
10.1175
5.00405
6.55824
6.46199
5.69916
7.25872
5.32636
10.7344
7.61394
9.99962
6.42189
5.38326
4.6045
4.98267
4.77764
5.94069
4.45945
4.93732
4.88635
4.3477
4.33033
10.5941
6.39944
6.94527
4.89588
10.2454
4.82923
6.41058
6.20715
4.64787
10.6123
6.94848
6.33105
10.148
5.18914
6.78034
6.89564
5.12025
9.95787
5.54826
6.86517
6.6955
10.6816
5.4912
11.1088
5.25027
7.25552
6.67676
6.25295
5.40161
4.21907
9.16324
5.27773
4.18356
10.0432
5.55622
7.1749
6.57587
6.93076
5.54054
10.4644
10.1159
7.08834
6.77288
10.1116
5.16655
6.9376
5.67126
7.21307
10.3594
6.75405
7.0039
5.72846
5.10508
10.1757
4.9889
6.69913
6.44793
10.5716
5.06108
6.39583
6.54262
11.0395
6.85491
6.47492
5.25971
10.5103
11.2708
5.11011
4.39475
10.311
6.67988
6.01743
5.22341
10.306
5.29813
6.54928
6.93629
4.42578
8.87319
6.10677
5.3375
5.06437
4.44581
9.02482
6.1429
4.47078
5.66691
9.33086
3.74888
3.80127
3.60495
4.53417
8.94949
6.05154
5.21399
5.39219
4.43898
3.75069
4.44369
9.01693
5.39339
4.45784
9.24522
6.03952
5.25337
4.147
9.20206
6.10591
5.21766
5.17677
4.19063
8.74802
4.34428
9.07237
5.39276
4.44283
4.20469
9.15759
5.38563
4.16966
5.07267
5.23191
10.1891
4.87476
6.70622
6.38351
10.5691
5.27423
6.32812
6.63895
10.3897
5.21907
6.26749
6.74525
5.07907
6.83789
5.24052
10.9947
6.82669
5.45999
9.6435
6.8963
3.98134
4.79836
6.76118
10.2215
5.75164
6.76008
7.18976
6.90959
5.09253
10.7563
7.25112
9.79633
6.19716
5.13094
4.62695
10.5807
6.95324
6.53904
5.43224
10.4011
7.16805
6.83072
4.78163
5.24358
10.969
6.66102
4.92094
5.01157
10.3286
4.79515
6.2942
6.50897
10.4116
6.77448
6.88445
10.6147
11.214
7.18638
6.31474
5.50279
10.1765
5.43283
6.95506
7.28125
3.75978
3.68075
3.95918
3.96314
3.67859
4.23076
5.66054
4.92991
4.17045
4.7521
5.46478
4.62811
6.86393
3.88431
3.71497
3.66891
4.02504
3.89345
4.00359
3.94085
3.84693
3.68777
10.5114
5.43997
11.1269
5.26573
7.22177
6.80531
10.6589
6.77048
4.59518
5.43075
10.5615
4.95706
7.19372
6.1166
4.01932
4.19843
3.80235
3.62884
10.9124
4.72709
3.86519
3.74481
6.31885
5.23035
4.35553
6.64935
7.55247
5.64654
4.85097
4.59322
10.6022
6.77678
5.11259
10.141
5.10024
6.79228
6.68553
10.5067
10.2983
7.29272
6.42325
4.08998
5.34968
4.34464
4.60796
4.22649
5.66773
4.45336
6.84748
7.13004
4.91068
4.43012
5.42601
10.5967
5.08643
6.08816
7.35031
9.64762
10.2115
8.41166
6.36051
10.7644
6.66169
5.0001
5.8563
10.454
5.0402
6.36222
7.3667
3.86906
3.87181
3.59841
3.57098
3.62522
3.92207
3.688
4.97477
5.19934
10.3239
4.84917
6.66612
6.37626
8.1167
6.16163
8.52814
7.74917
5.41239
5.94128
8.12886
5.56467
4.57884
4.63362
10.4873
5.36812
7.19582
6.97084
5.30725
10.8972
10.7486
6.47331
4.08825
3.66694
4.56101
6.11352
4.63354
9.16344
6.08664
5.42961
5.58002
4.30335
4.0232
4.9772
10.3487
5.51288
6.36661
7.17877
10.2883
5.17041
6.67375
6.82148
10.3096
5.11436
6.64763
7.08416
10.5695
7.08051
10.5733
6.80812
6.19323
5.32821
9.57262
9.84736
8.22248
4.90373
10.116
4.97925
6.72851
6.38729
10.5299
5.59333
11.2194
5.3392
7.49188
6.87991
5.2534
10.3249
5.5261
6.84146
6.9442
5.15561
5.61009
10.2526
5.16748
6.87234
6.60415
5.16923
10.2534
5.05789
6.86566
6.62027
3.72126
5.02412
4.41272
5.24925
4.48692
5.29184
10.6467
6.85566
6.87224
10.5882
6.78527
6.22863
5.29658
10.472
5.00763
6.81881
6.65308
10.5028
7.06119
5.14249
9.95161
5.1976
6.46506
6.4115
10.936
7.61562
9.96796
3.54241
3.54312
3.52207
3.5168
3.54967
3.57321
3.52716
3.5351
5.26485
10.3613
5.36533
6.73672
6.92695
10.6539
6.91497
4.98186
4.06017
3.77728
3.63274
3.64588
4.96953
4.82735
4.946
4.15587
4.11036
10.6448
7.04945
10.4125
6.19903
5.07046
10.9534
6.83048
10.0603
6.83371
5.52326
5.55889
10.2016
5.2919
6.96634
6.67657
4.69962
11.5006
10.3503
5.80812
10.3096
5.7589
3.52156
3.51793
3.51998
3.51556
3.51216
3.55124
3.53803
3.53944
3.52033
3.52737
3.5159
3.53322
3.55249
3.52754
3.57022
3.52134
3.52487
3.5353
3.5217
3.52553
3.51203
11.3434
5.28765
6.68251
6.64624
10.1922
3.56289
3.94707
4.03821
3.67748
5.02878
4.91853
4.69022
4.33202
5.12145
10.2043
5.36299
6.65425
6.75479
5.14691
5.64788
10.2755
5.38154
7.02944
6.69501
10.5417
7.54433
6.46331
5.82547
7.12921
10.5478
7.19189
10.3244
6.42132
5.24392
8.71596
4.58371
6.84211
5.24422
8.79169
5.48978
8.0874
6.68139
8.10715
5.01536
5.66305
4.76679
5.23921
10.673
5.16437
6.4824
6.90939
10.1657
11.2405
6.51927
4.77269
10.6214
6.7811
6.22179
5.31468
10.3331
6.75797
6.09736
5.34129
5.37153
10.2457
5.143
6.89985
5.69824
7.20717
5.34922
10.4579
5.33506
6.99447
6.7341
5.62204
7.00691
5.2103
10.6797
11.212
5.39932
7.33361
7.08266
10.7418
7.11994
5.75377
10.3882
7.00019
5.21048
3.82826
3.67117
4.96344
4.79212
4.53801
4.46144
4.25491
3.81705
3.7024
3.64609
5.12197
10.6878
6.83829
4.52
5.28471
5.54523
10.5032
5.3705
7.00145
6.73715
10.8776
10.7067
7.36898
5.18591
10.4244
4.91493
6.73355
6.28685
7.377
10.8111
6.90993
4.80348
11.1339
10.4386
3.92893
3.92726
3.62363
4.14859
3.7113
3.60456
3.57906
3.71663
5.47262
10.3925
5.48431
6.70898
7.18151
5.26776
10.4498
5.47297
7.18912
6.72776
3.52653
3.54481
3.52443
3.51568
3.60974
3.52934
3.57167
3.60711
3.80378
4.61046
9.02678
6.14195
5.4107
5.26834
4.47124
3.95066
4.4751
9.1114
5.377
4.28546
5.23148
10.2828
6.56529
10.6919
6.86557
8.19493
7.35234
10.6633
5.831
4.47411
5.07159
3.50859
3.51331
3.51087
3.51078
3.50909
10.7667
8.10987
5.97257
6.79588
5.45986
10.3728
5.04337
6.82158
5.54111
7.34014
5.82142
11.1882
7.11063
10.01
6.90162
5.3572
10.024
5.48292
6.60492
7.04823
5.47069
9.94255
6.56429
7.35741
5.08491
5.41662
3.62026
3.60939
3.68943
3.63073
3.70856
3.57135
3.54529
3.52618
3.52054
3.62732
3.64166
4.02547
3.61726
4.82794
4.83396
4.99509
4.19079
4.08107
3.6568
3.57038
4.04287
4.21891
3.58594
4.1401
3.71896
4.27753
3.73256
4.03573
6.2423
4.8204
4.36396
7.38869
7.71238
5.06436
7.03332
4.92685
5.03942
4.51548
3.62463
3.84798
3.94228
3.74157
3.72265
3.59458
3.59965
10.6387
6.74806
7.39887
3.78931
3.96074
3.84308
3.96153
3.77537
3.65154
3.59533
4.01289
3.80826
4.95607
4.75284
4.54947
4.38525
3.85217
9.07416
5.08151
9.99446
6.22353
3.91971
3.65791
4.2449
3.93543
3.66318
3.56257
9.49932
4.07013
4.03882
3.7012
3.68597
3.90488
4.84667
4.68236
4.88286
4.77772
4.75075
6.00787
5.23076
3.78941
4.1415
3.96143
5.74443
4.9767
6.90304
5.40867
4.72173
5.3618
4.69263
10.4285
5.02852
6.45864
6.90208
3.97805
3.69408
3.63623
3.90307
4.69328
4.51916
4.57806
4.41399
3.72796
4.66835
4.10427
4.90468
4.37324
10.8433
11.1798
7.34498
4.34148
4.81997
3.9266
6.88949
5.47668
5.26672
4.66627
4.4005
3.83474
3.91306
3.64002
4.00811
3.78917
5.03049
4.74314
5.21852
4.64317
3.79713
4.91828
5.05231
5.02725
4.28141
4.35178
10.4239
5.07725
6.81987
6.94205
3.51181
3.50892
3.51476
3.50852
3.50991
3.50811
3.50848
3.5081
10.9231
7.3858
5.01771
9.02209
6.59954
5.69085
9.22436
6.73377
10.6225
5.28488
7.07623
6.87432
11.79
10.8373
6.3913
3.98428
3.73446
3.61631
3.66765
3.65771
3.74896
4.87789
4.83796
4.84022
4.22195
4.19598
3.78701
4.80302
9.78745
5.62711
4.678
3.68105
4.8445
4.22748
4.05502
4.38557
10.4026
5.49039
7.1125
6.87455
10.5782
11.4327
5.25449
7.22155
6.88883
10.6259
5.24657
7.05223
6.85511
3.62141
10.5677
11.4563
5.26055
7.23145
6.96774
4.10183
4.28746
4.19501
5.0284
5.05971
3.53844
3.54526
3.53405
11.0853
7.1693
10.5657
6.85883
5.16965
10.4837
11.5195
5.25296
7.55788
6.71137
10.5511
11.5492
5.31728
7.35224
7.00898
10.334
5.52501
7.6515
7.1045
10.3797
6.88253
10.337
6.62804
5.10271
10.5539
11.4042
5.35572
7.39047
7.07279
4.00099
3.61346
3.78203
3.79346
3.63828
5.18738
4.97228
5.08148
4.54693
10.4896
5.11708
7.28823
7.36137
5.87525
4.31006
4.36581
5.00262
10.3845
11.4472
5.71677
7.62695
7.67096
9.77024
7.10988
10.5809
6.97227
4.81428
4.11889
4.51008
4.36809
5.02693
5.15537
9.34218
6.9655
5.75428
6.81632
4.22299
9.76186
5.51961
4.63337
11.4051
5.05861
7.48823
6.52799
10.3968
4.12043
3.6226
4.35076
4.44061
3.84508
3.64669
3.76568
10.5465
5.08521
6.96439
6.68932
11.0806
10.5308
7.11064
5.44548
3.83502
4.34368
3.99243
3.65623
3.88427
3.64352
3.57349
3.69381
12.4021
9.85371
6.69515
5.38171
11.0152
7.1606
3.84502
4.6355
5.7544
4.97822
6.93632
7.17499
5.07218
5.77246
7.38903
5.08386
4.30278
4.45191
3.74129
3.67884
3.59876
3.79324
3.60436
3.81552
4.54958
4.84368
4.27561
4.49767
4.25207
10.0784
12.2573
7.68897
10.6328
7.40661
3.50866
3.50859
3.5084
3.50821
3.50826
3.72872
3.56661
3.56559
3.68773
3.61464
3.86459
3.78142
4.16739
3.83458
4.27028
4.19456
3.82449
3.69126
3.85805
3.513
3.51003
3.5139
3.51051
3.51419
3.51415
3.51133
3.50828
3.50889
3.50807
3.50848
3.50812
4.16669
5.339
4.1591
5.5716
5.09433
4.56769
6.88867
7.03419
4.99865
5.78315
7.37586
5.00024
4.91934
4.37571
11.2469
5.15518
7.47945
6.63193
10.3831
8.10222
6.06008
11.2425
7.92525
9.87478
6.75202
5.66058
4.16187
3.62808
5.17327
5.05186
5.27649
4.29488
4.16207
3.96414
3.6248
4.99192
4.97106
5.07669
4.21509
4.12906
3.99839
5.91756
4.97284
4.66224
7.08794
7.21427
5.17937
5.95724
7.46531
5.09581
4.47334
5.04979
5.65133
10.5908
7.39474
5.20494
11.3617
5.3249
7.498
6.87667
10.1964
3.89455
3.67429
3.57363
3.67383
4.01968
3.83961
4.12431
3.71398
3.70814
3.67338
3.84503
3.95209
4.18951
4.84132
4.66243
5.13909
4.72234
3.51877
3.5171
3.54317
3.5287
3.52199
3.5191
9.87437
6.94245
5.67897
6.97125
3.5197
3.53802
3.51528
3.51862
3.54852
3.51876
3.51489
3.51812
3.5303
3.508
3.50801
3.50801
3.50806
3.50802
11.5308
5.28126
7.39725
6.8523
10.2555
3.65095
3.54726
3.54076
3.59542
3.52451
3.52206
3.63761
10.6433
4.94271
6.94523
6.61959
9.80977
12.2543
8.34054
10.3568
8.58119
10.0946
5.95879
10.921
5.71036
7.29714
7.92243
4.96263
4.35317
4.31096
5.24167
4.4061
6.33556
4.95687
3.89233
7.45721
5.38872
3.64935
3.70727
3.72381
3.71545
3.65743
3.56566
3.56309
3.56102
3.52486
3.52323
3.5242
3.56034
3.54181
3.56656
3.60633
3.53353
3.71225
3.58047
3.5471
3.57229
10.7921
5.3257
7.32183
7.30921
10.8725
5.17872
6.65831
7.50819
3.50802
3.50801
3.50801
3.50802
9.78659
4.40146
4.81485
3.65731
3.92101
5.48267
4.76155
4.67087
5.31963
3.94782
9.6718
5.05061
4.13213
4.58337
9.5311
5.59045
4.455
3.68385
3.65272
3.89912
4.0412
3.7402
4.15194
3.90765
4.95373
4.75318
5.2318
4.76643
4.48314
9.62644
5.52548
4.40809
3.5084
3.50841
3.50827
3.50842
3.50813
3.50826
3.50808
3.50806
3.69945
3.58369
3.72252
3.51319
3.57006
3.53413
3.51903
3.5301
3.5158
3.51237
3.51126
5.11487
4.45599
4.27266
4.24167
3.99791
3.5095
3.51097
3.50955
3.50936
10.9234
5.18999
6.57823
7.58539
3.91806
3.69721
6.30409
4.76644
4.26105
5.59938
7.00112
4.96741
3.8943
4.81997
4.44968
4.1661
4.25732
9.76295
5.2504
4.19422
3.51203
3.51151
10.3715
7.30402
5.63658
6.52497
3.53017
3.53742
3.54511
3.5474
3.57596
3.56928
3.53494
3.54512
3.55747
3.53833
3.51038
3.51012
3.50915
3.50953
3.50886
3.51459
3.51168
3.508
7.58231
5.35157
4.62691
5.09314
4.9484
4.86723
4.6632
5.85286
4.57148
4.1321
4.70679
4.10759
4.84448
5.4472
3.508
3.508
3.508
3.508
3.508
3.508
4.31439
9.83921
5.43678
4.34009
3.54737
3.53282
3.55096
3.56961
4.1205
4.03104
3.79495
3.59627
4.99426
4.78481
4.961
4.52288
4.01608
4.05108
3.69044
4.13495
3.61944
4.00806
3.508
3.508
3.508
3.508
3.508
3.73806
3.5898
3.6065
3.67186
3.76758
3.5084
3.51
3.51054
3.50967
3.50951
3.63468
3.91937
3.68879
4.2031
3.91767
5.06545
4.77893
5.32801
4.77519
4.13773
9.55931
6.0715
8.76746
9.98654
10.3622
6.4819
4.6301
9.50016
5.71041
3.61174
3.87055
4.21836
5.06568
4.7304
5.3382
4.7185
10.5837
5.19872
7.11117
7.40156
4.32341
4.8058
3.87533
6.86306
5.38948
5.14974
4.55657
10.4277
5.24683
7.22197
6.50765
3.508
3.508
3.508
3.508
3.94592
3.6968
3.57754
4.04726
4.26857
3.78932
3.64049
3.80512
3.95661
3.74218
4.57062
9.58135
5.55031
4.47811
3.51114
3.51304
3.51584
3.50963
5.6777
11.286
5.40975
7.33707
10.0632
7.35738
3.82776
3.67826
3.78547
4.80393
4.74906
4.36248
4.23578
3.64649
4.68375
3.81219
6.71285
5.49225
7.0426
7.41103
7.16395
5.45252
4.23783
4.12589
4.9179
4.314
5.55972
5.66373
4.76729
4.11227
4.06533
3.67799
4.97777
4.80317
5.2014
4.75129
4.53809
8.4291
5.67771
5.81623
5.19867
4.36546
7.34336
7.42199
4.81301
5.78115
7.66362
4.93738
4.97333
4.43226
10.9437
5.52609
7.70393
7.44191
3.508
3.508
3.508
3.508
4.20523
3.68836
4.22827
3.98818
3.7994
3.51083
3.53037
3.52796
3.51512
3.52228
3.96375
4.32837
3.76991
10.236
7.4337
5.61545
6.93771
5.67645
8.61784
8.84298
7.75497
8.75035
5.36833
5.26283
4.43106
3.508
3.508
3.508
3.508
3.508
3.508
3.508
3.508
3.97878
3.64996
4.19619
5.0398
6.07689
4.11743
9.47955
10.7702
3.77173
3.67421
3.69042
4.15973
3.86179
4.80418
4.61678
5.10044
4.59173
3.54882
3.52389
3.55315
3.564
3.52624
3.52793
3.51698
4.79698
4.2488
5.85023
5.28005
6.3774
4.97129
4.29389
3.85641
4.11705
3.89393
3.8775
3.6738
4.78357
4.70638
5.14273
4.68545
3.54344
3.52589
3.55157
3.54607
3.51724
3.5498
3.57814
3.52288
3.54063
11.3665
10.5244
6.23309
4.93235
7.76752
3.508
3.508
3.35192
3.58729
3.43129
3.29952
3.508
3.508
5.04417
5.08546
4.47322
4.22288
6.28395
6.02806
5.03898
5.08298
3.8942
3.87021
3.66609
4.23923
3.88207
5.09077
4.86293
5.34246
4.79674
3.71833
4.09419
5.09276
4.88735
5.34827
4.42892
4.21154
3.65779
3.60448
4.39274
4.19469
3.78904
3.78778
3.508
3.508
3.508
3.508
3.508
3.508
3.508
3.508
3.508
3.508
3.56228
3.52968
3.52037
3.5515
3.57584
3.52529
3.53863
3.52167
4.18497
3.9091
3.76214
5.46901
5.15072
5.59244
4.55288
4.33667
4.04613
3.66845
4.15628
3.70981
3.80887
3.62426
3.51071
3.51117
3.51
3.51083
3.50874
3.50904
3.508
3.508
10.1233
7.74315
6.02799
5.80824
4.38367
6.84171
7.31749
4.94615
4.32895
5.6605
7.18949
5.06831
4.1998
4.83595
3.508
3.508
3.508
3.508
3.508
3.508
3.508
9.03289
4.91953
8.7183
6.06869
5.52649
4.84362
4.60556
5.44701
4.03865
3.86313
6.29319
4.41236
4.45836
7.17312
5.48584
8.44815
6.26367
7.91831
5.72602
7.68061
4.02391
9.06165
8.08462
5.11595
4.71968
6.05414
8.51475
5.05814
5.9891
7.83437
6.1018
5.74495
3.5089
3.5084
3.51314
3.51152
3.50989
3.50933
3.50891
3.92323
3.67319
3.65619
4.26865
3.94902
3.98746
4.99313
4.85802
5.07826
4.70854
7.67209
6.48384
4.82262
5.13018
3.79792
4.74501
4.00545
3.93602
5.29441
4.80687
5.43056
3.508
3.508
3.508
3.508
3.508
3.508
3.51368
3.5144
3.55683
3.5327
3.53414
3.51354
3.5204
3.51207
3.52295
3.51329
3.508
3.508
3.508
3.508
3.508
3.508
3.508
9.46926
4.85187
8.98624
6.32002
5.60721
6.39196
3.65192
3.94343
3.69065
4.29682
3.92226
5.16876
4.90934
5.44398
4.88842
3.508
3.508
3.508
3.52839
3.52945
3.52395
3.52609
3.53452
4.14305
3.69779
4.13526
3.70878
3.51999
3.51651
3.54876
3.52789
3.51225
3.52741
3.5186
3.51341
4.34131
3.84123
5.11742
4.84218
5.24961
4.73997
3.78992
3.64151
4.14319
4.3081
3.78452
4.82931
4.36467
3.69698
5.44549
4.51196
4.22898
6.90488
5.39814
4.76227
4.75624
4.40006
4.17275
4.05418
3.98754
3.61781
5.17447
4.96268
5.2287
4.69921
3.51219
3.58378
3.5351
3.53404
4.50743
9.46322
8.87985
6.77585
6.01999
4.75647
7.99054
4.747
6.02098
6.47212
8.24191
4.87991
5.53643
4.51091
4.22786
3.85032
5.78969
5.29345
4.39183
7.09362
4.8527
9.51717
5.09075
8.92578
6.52809
6.37262
7.924
5.81912
4.58725
7.47411
5.15043
4.39431
9.75887
5.11167
8.91862
6.58075
6.31299
10.5426
11.2302
7.42283
3.77675
3.658
4.17084
3.78212
3.83709
3.64084
4.28427
4.25948
3.63825
3.7143
4.30796
3.88861
3.64369
4.79221
4.63243
5.0864
4.56404
9.63198
4.99376
5.18662
8.84197
5.25633
6.1379
6.41875
9.70032
4.31455
9.26607
6.48432
5.90336
5.14502
4.10772
4.97883
4.66646
4.29182
6.84273
5.53022
4.49211
7.9539
5.70165
5.86634
9.77312
9.24705
6.03054
4.15601
4.85442
4.73381
5.09921
4.74021
3.75462
4.12225
3.57206
8.97913
5.11068
9.02688
6.30766
8.33798
6.53559
10.0098
9.10299
6.0278
5.30343
9.50282
4.60966
4.63082
9.1525
5.92037
5.99841
5.02798
3.55733
3.56258
3.57868
3.59433
3.56376
3.6253
3.6004
3.54283
3.52824
3.53767
10.0257
9.26285
6.03313
6.14807
5.24558
11.1448
5.7407
10.8036
9.07393
6.05569
4.65173
4.63875
7.44907
4.36958
5.41612
4.81361
5.95349
8.75398
5.18301
8.89317
6.56646
6.37374
10.0219
9.52471
6.11927
3.56504
3.56221
3.53754
3.6211
3.82808
3.7273
3.66622
3.74029
8.75413
4.8577
5.10329
8.88732
5.15755
6.1823
6.23216
8.6644
5.1878
4.33252
3.7953
8.85381
6.34518
6.24454
5.46715
9.28903
5.00205
9.29642
6.0272
8.6472
5.14153
8.89691
6.23045
8.5095
6.44512
5.19169
10.259
9.35756
6.1648
8.71238
9.20442
6.98049
8.90234
6.7284
6.21849
5.38229
4.82622
6.04084
5.33824
5.01507
8.54837
8.2264
5.99075
5.92571
4.84826
11.2292
6.27024
4.82594
3.50801
3.508
3.508
3.50801
3.508
3.508
3.65954
3.60967
3.5875
3.57229
3.67516
3.60891
3.51961
3.58954
3.52758
3.56748
3.5268
3.52867
3.60332
3.61463
3.54232
3.56609
3.54071
3.52541
3.78799
3.59651
3.57769
3.55687
3.7956
3.71044
3.69728
5.1683
7.94847
5.82269
8.36307
8.84051
6.40861
6.13043
4.36231
8.72263
6.57523
5.23736
9.28458
8.60814
5.83682
5.78519
4.6213
3.53413
3.55948
3.53047
3.51159
3.51264
9.0809
4.84168
8.68164
5.4086
6.04996
6.19629
3.80361
3.60609
3.77269
3.55617
3.61424
10.0086
5.38236
9.03359
6.09425
6.63089
5.50595
10.2047
5.11671
9.45271
7.23069
5.84598
6.76003
8.70265
5.32019
3.62473
3.57939
3.53732
3.57453
3.56209
3.61807
11.516
6.64781
6.67522
3.50814
3.50881
3.50809
3.50818
3.50842
3.50905
5.15497
7.82872
6.08199
6.05051
8.64183
9.26457
5.74826
4.54261
6.85695
8.81118
5.82585
10.0115
5.25182
9.11857
6.09589
6.49942
3.51491
3.51097
3.51324
3.56092
3.55961
3.55208
3.52525
9.71103
9.35974
6.40202
9.79152
9.47071
5.94747
4.79213
5.69121
4.06154
5.70622
4.99317
8.10436
7.63925
5.68122
5.95079
4.95263
4.75287
8.63944
9.7824
6.04397
4.9721
6.68058
5.13144
8.96843
6.2458
9.94022
9.22948
6.60341
4.9128
9.73824
5.05286
9.23508
6.27961
6.6267
3.52006
3.51122
3.52046
3.51275
3.51298
3.53764
3.52031
9.51186
4.97802
9.12534
6.27266
10.318
6.34943
4.81186
5.17115
9.89812
6.77258
6.01297
9.68702
7.32124
8.91561
4.17503
9.72937
5.90211
5.12116
8.42964
6.42936
8.93388
5.39203
9.03561
6.46077
6.53342
4.81824
6.4033
5.09089
4.86965
4.69567
5.16686
4.50114
4.21248
3.72828
4.0435
4.00238
4.26621
4.06349
3.70314
3.62999
4.26044
4.27312
3.76999
3.78942
3.64253
9.72685
9.53114
5.61824
3.50877
3.51065
3.50834
3.51505
3.5106
3.52994
3.50987
3.5139
6.01248
4.76525
5.70605
6.73884
3.92695
3.84
5.32798
4.30365
4.47118
5.11068
9.57399
6.595
4.60505
8.49762
6.11646
9.77734
9.40673
6.92395
5.64072
5.52001
6.86619
9.79563
9.47491
6.23408
6.12978
5.06323
3.50921
3.5177
3.51085
3.51642
3.51024
9.8777
9.1868
6.16658
6.93832
9.77969
9.20259
6.49113
6.53555
9.85834
9.19173
6.80244
5.99624
9.76727
4.74496
9.42929
6.90825
5.97228
5.31267
10.0923
9.35424
6.09591
5.49186
6.57219
9.82234
9.42759
6.8652
6.79016
8.74929
9.12384
6.19065
8.62995
6.67397
6.30591
5.61258
5.30153
5.99769
7.19815
7.11544
6.42295
8.22507
5.27447
5.42149
4.51284
9.17018
4.73594
9.28572
6.82273
6.13889
9.46324
4.38234
9.5737
5.64742
8.73915
9.49778
5.61879
4.70095
7.08474
8.57858
6.10253
5.59333
8.92477
5.28959
9.05663
6.65329
6.56452
9.44929
9.67016
5.88644
8.93173
5.48804
9.07579
6.50604
6.63848
9.79476
9.42306
6.99648
5.54524
9.90778
6.34371
8.7372
6.73887
9.31262
10.5666
5.86347
4.6116
10.1916
9.28039
7.15144
6.18548
3.52173
3.51116
3.51761
3.52525
8.76993
9.29798
6.83029
4.65868
8.54478
6.73711
6.21372
5.21719
8.93357
5.52657
9.10072
6.52783
6.59883
10.2564
9.36269
6.1461
5.10192
9.68964
9.68952
8.87891
8.95774
3.50803
3.50809
3.50802
3.50809
3.50803
3.50801
3.50802
3.50805
3.50801
3.50802
3.508
8.7577
8.64774
10.1801
9.2959
9.89229
8.65406
10.4106
9.78592
8.919
8.90678
10.0911
10.0763
8.49745
8.53829
8.34445
10.2761
9.9639
8.62648
9.97872
10.1864
9.84406
9.92728
9.62317
9.08489
9.13417
8.99905
9.97287
9.39007
7.96147
10.5308
8.72235
8.66157
9.47941
10.0458
8.97461
10.1849
9.35008
9.52906
8.73023
8.97049
8.85446
8.8398
8.58546
8.79979
9.23296
9.94314
9.11897
9.12429
9.25597
9.17362
8.68893
9.08309
8.79545
9.01549
9.34192
8.52545
8.81309
9.78582
9.16806
9.3707
9.37261
9.22643
8.69885
9.42876
9.49356
8.87777
8.91164
8.81546
9.34991
9.09994
10.5261
8.64459
8.94054
8.79449
9.35236
9.95049
4.58362
9.29033
6.30464
5.47003
6.24346
9.21194
8.65046
9.12014
9.96293
9.83766
8.79149
8.97307
8.73172
9.17217
9.57767
9.11809
10.0269
8.85704
8.7261
9.22287
8.25269
9.2554
9.83426
8.61533
8.52689
9.21972
11.17
9.20012
5.50085
6.36448
6.47261
8.90488
4.30605
9.88316
6.42285
8.03304
9.8006
9.54806
8.703
6.26204
4.42233
9.53775
7.04666
6.19197
4.7828
5.38392
9.64892
9.77256
8.65663
6.1166
4.74656
5.01767
9.27911
6.84093
6.47879
3.57304
3.69422
3.59883
3.5909
3.54004
3.56068
8.47785
9.02847
9.51903
6.67549
5.54389
6.20724
9.5561
6.35153
3.53319
3.53546
3.53744
3.54442
3.5251
3.52398
3.51692
3.52101
3.5253
3.51651
3.53797
3.544
9.16703
4.63327
5.06932
9.00096
5.36558
6.48994
6.02936
9.2705
8.36586
5.35995
4.70648
8.31042
5.60362
9.44304
8.79279
9.28064
7.05973
9.14978
6.82563
5.81073
9.99862
7.40309
9.6103
6.68066
8.83613
4.88002
9.17299
6.23493
8.09932
5.75754
5.18903
5.87917
9.47062
7.22883
5.82284
6.80571
5.59283
6.24265
9.59893
6.42974
8.89643
8.55421
6.44307
5.27787
9.33962
6.88815
6.81991
3.50806
3.50841
3.50803
3.50806
3.50829
7.2283
5.42865
4.93527
4.24015
3.8557
4.70053
4.04186
5.06332
9.68325
6.38607
7.14521
4.99792
9.21257
5.42142
6.44548
6.59403
9.75256
6.84134
5.13914
9.04172
6.32228
8.33514
6.4151
3.60726
3.58649
3.53173
3.70266
3.82345
3.71039
3.67577
3.83383
3.6525
3.55402
3.54139
3.5244
9.47427
6.70903
5.52933
5.05652
9.34031
6.84828
6.31209
3.52058
3.60589
3.59641
3.53759
3.52627
3.53328
9.80976
9.58051
9.00475
5.54663
8.68275
5.63971
9.08916
6.32074
8.72993
7.1545
6.55563
9.49097
3.66405
3.84274
3.37311
3.51996
3.51081
6.93957
4.31532
3.40957
3.58642
3.59657
9.70682
3.58736
3.61114
4.00175
3.68491
4.0453
3.73597
3.74676
3.97603
3.53269
3.56125
3.60607
3.61106
3.50107
3.54571
3.58995
3.6149
3.9235
3.50491
3.46056
9.58978
6.42145
4.82439
4.95638
9.48704
6.45976
9.70414
5.82109
8.6673
9.79552
5.39857
9.26152
6.50414
8.36855
6.94936
6.58129
5.42593
5.17366
5.38837
8.92769
6.74334
6.55392
9.81445
6.63888
5.54329
8.74369
6.47165
9.83943
8.81616
5.26322
3.84582
3.67633
5.41957
9.14221
6.64464
6.60397
9.33898
6.10421
3.90656
3.97749
4.03498
3.61515
3.77238
3.60414
3.5087
3.50822
3.50811
3.51021
3.5086
3.50895
3.5119
3.51166
3.51138
3.51276
3.51173
3.52117
3.51332
3.51123
3.51353
9.34702
6.9368
6.8484
9.77757
9.1008
6.71821
5.90316
9.14962
6.59413
7.2532
5.43731
5.89377
9.01351
6.22883
8.68043
6.18621
6.36898
5.35311
9.38599
6.03631
6.61786
9.64936
4.53889
8.79836
5.81391
8.40784
3.81416
3.55951
3.61052
8.78408
3.90872
3.75809
3.60361
3.98724
4.1705
3.63538
4.08095
3.89865
3.75356
3.58846
3.55016
3.61757
4.67936
9.10746
6.03297
3.6029
3.5467
3.64253
5.43585
9.35501
7.01098
6.69564
3.51107
3.50979
3.51719
3.51118
3.51099
3.51025
3.51001
7.30846
7.77737
7.74314
5.31513
4.80456
5.75043
4.26987
4.76061
4.41563
5.32346
6.58074
6.03182
7.37308
5.28819
5.15777
4.67441
9.17653
6.26603
6.25698
5.11272
3.76077
3.65566
4.2718
4.24275
4.17935
3.75412
3.85388
3.6966
3.51837
3.52906
3.56778
3.52756
3.52289
3.59061
3.54244
3.52353
3.58687
3.54998
3.54048
3.53351
9.59166
6.32237
6.35438
5.41018
3.52254
3.52523
3.54412
3.60603
3.56578
3.52751
3.52109
3.51855
3.51538
3.57518
3.55051
6.33101
5.02589
9.80819
5.55145
8.55677
5.85323
8.38666
9.94318
8.01727
9.59406
6.37722
10.1242
6.51041
7.17511
9.63699
8.92881
8.56344
5.24955
9.35292
7.01011
6.65778
9.48334
4.8365
5.94895
5.8789
5.91965
4.14092
4.89074
7.56141
4.88395
4.26605
5.20422
9.23127
6.68564
6.36284
3.54525
3.54427
3.53417
9.85911
4.6268
9.04184
5.99004
8.94676
5.91617
3.51083
3.51052
3.50914
3.50833
9.75696
6.15417
5.21103
9.40537
6.96472
6.65735
5.41532
9.25468
6.87039
6.66826
3.52414
3.53859
3.51754
5.03945
8.27147
6.38943
6.11324
10.0334
3.79957
3.76186
3.56051
3.70045
3.60939
3.53504
3.5794
3.70115
3.67959
3.52599
3.95886
3.62079
3.68279
3.97613
4.01701
4.20107
3.75546
3.79597
3.6625
9.37319
6.60083
9.48
4.22796
8.34638
10.2037
5.26069
4.10118
4.37273
9.51845
5.78617
8.15855
9.67972
6.1669
5.99003
4.59483
4.35372
9.74762
3.65907
3.67407
3.55892
3.53619
3.64132
3.65219
3.5714
3.5327
3.50801
3.508
3.508
3.508
3.50802
3.50801
8.80699
6.53374
5.82105
6.20985
3.50857
3.50822
3.5086
3.50805
3.50806
3.5081
3.50966
3.51292
3.51551
3.51121
3.50879
3.51223
8.24513
8.88752
6.41002
9.5733
9.34927
6.18722
8.69578
6.25729
9.45234
6.3904
9.18774
6.48782
8.90489
6.75377
11.0786
9.45134
9.51154
6.58213
5.5441
8.95539
6.47283
5.41372
9.27371
6.75943
6.57779
7.25345
4.89856
4.06211
3.94514
7.12621
5.32318
5.3472
4.71671
4.64466
7.00841
5.55244
8.79227
9.23585
6.47301
4.71109
4.32261
8.10444
5.25569
10.09
9.43274
3.54977
3.5339
3.53308
3.54592
9.15565
6.80078
9.17237
7.05505
6.63997
5.778
3.51452
3.51014
3.50914
3.52228
3.51354
3.51415
3.51034
3.50848
3.50951
3.5084
3.5081
5.36107
8.09641
6.37691
4.01791
3.80661
4.37848
7.55132
7.74781
5.02301
8.41869
5.35408
4.93006
4.46412
4.57136
5.82312
5.0007
6.44557
4.5059
5.3878
5.81819
3.66848
7.1964
6.6104
7.03062
5.2181
4.87828
6.76874
5.31327
5.28262
5.17336
4.79924
4.91351
4.1175
4.16663
9.54803
5.72114
5.17744
9.37262
6.71099
9.69814
8.82216
6.30093
9.22468
8.99646
6.34182
8.6407
5.96108
9.45017
6.37196
8.48394
4.85065
9.24137
6.3562
8.7679
6.51138
9.2299
9.4743
6.94894
5.71541
6.58583
3.9576
4.28019
7.41528
7.69895
5.65511
4.54069
5.2602
4.5547
8.25231
5.80356
3.64255
3.61261
3.55017
3.63346
3.55894
3.5307
3.55706
9.75142
8.77848
5.26728
6.81837
5.97276
5.07821
6.73783
5.0428
5.18921
4.75798
9.20074
6.44721
8.81148
6.60677
3.57397
3.53897
3.64654
3.56236
3.61813
9.67811
6.36443
8.7984
6.58491
5.14493
6.81694
7.69963
4.40254
7.36972
5.72843
5.18957
4.32853
4.11873
6.37186
9.11366
8.62826
7.35473
3.50811
3.50822
3.50807
3.50807
3.50803
3.51439
3.52084
3.51712
3.52133
3.52483
3.5275
3.52421
3.5154
7.35927
7.46913
5.51326
4.49703
4.43402
3.87853
4.17061
6.82948
5.2296
5.82159
5.11211
9.56064
6.48148
8.63296
6.53922
10.4078
9.7594
6.53182
9.29176
6.61008
9.0064
6.75381
9.06987
6.71371
6.92211
6.06371
3.65168
3.55763
3.61774
3.73372
3.55685
3.58046
3.60682
9.523
6.57148
8.86659
6.70941
3.5197
3.59797
3.5575
3.57254
3.52681
3.53107
3.67075
3.58235
3.54202
3.65456
3.57177
3.69238
3.67754
3.51467
3.52239
3.51424
3.51644
3.51375
3.51263
3.51236
9.85946
6.17702
4.54281
8.87185
5.51655
9.30494
6.43463
7.33785
5.63317
9.5227
6.59038
8.89521
6.7187
9.37801
6.55317
8.87427
6.66217
4.06053
9.32591
9.27176
6.75302
6.81389
5.47876
3.93126
3.59441
3.71277
3.59947
7.18208
4.42734
4.90255
3.85297
4.14098
3.72472
3.67677
3.62459
3.60849
3.78069
3.88825
3.60386
3.74966
3.84696
9.50839
6.62506
8.94079
6.78381
9.55453
6.60688
8.93644
6.80944
9.63971
6.6484
9.197
6.89221
9.49989
6.00751
5.21216
6.43439
9.2929
6.561
8.96103
6.7102
9.61847
8.9035
6.72542
6.59747
5.38066
9.36907
6.69438
9.09729
6.87885
3.99313
4.68896
7.3205
4.39744
5.93974
7.78331
5.12608
4.34922
5.05164
9.86929
6.35838
9.18937
6.97327
5.22925
5.02214
4.55483
3.71722
3.6431
3.53827
3.70584
3.52755
3.59229
3.61532
3.56836
3.69455
3.54887
4.33559
3.87256
3.71276
3.84192
4.02737
9.337
5.73042
9.12063
5.99833
9.55066
6.3636
9.048
6.59987
3.508
3.508
3.508
3.508
3.508
3.508
3.50804
3.50801
3.50801
3.50804
3.50814
3.50823
8.93551
8.76811
6.44073
3.6675
3.74493
3.59183
3.59998
3.54841
3.57197
3.76214
3.68416
9.42352
7.54947
6.41646
6.55044
5.25343
4.42672
4.29421
3.93344
6.31624
6.51162
4.8631
4.84622
4.33972
3.50804
3.50802
3.50802
3.59152
3.55125
3.59359
3.53638
3.57802
3.53027
9.29091
6.43899
9.40925
6.74723
9.9597
8.98713
6.29401
4.56284
9.4853
6.53357
8.72467
6.63502
9.13629
6.68142
5.22101
8.5559
6.02707
4.96209
4.38637
4.52502
4.36783
4.07403
3.75821
3.60559
3.9619
3.63108
9.29035
6.60177
9.42233
6.90016
3.73278
4.37615
4.23526
4.15372
3.79599
3.78986
3.68282
3.65088
4.30825
4.28096
8.69507
8.10827
9.61686
6.54693
5.28775
6.28445
9.59922
6.76379
8.99607
6.80046
9.41685
8.64374
5.92494
9.36174
6.33075
4.56199
4.32143
3.52388
3.54824
3.55423
3.56282
3.52763
3.51745
3.58039
3.5292
3.53239
3.64222
3.55044
3.82189
4.03406
4.46557
3.96405
3.91871
3.77947
4.61702
4.4985
4.1487
7.45398
7.67994
5.40486
8.23831
5.41122
4.71461
3.56786
3.6569
3.69387
3.75953
3.56415
3.66293
3.72152
3.57007
3.6027
3.64117
3.80951
9.35985
6.13901
9.15259
6.49161
3.52726
3.84051
3.73365
3.54702
3.63138
9.99253
6.97861
3.52003
3.51252
3.52189
3.54574
10.0003
9.23052
6.00232
3.82214
4.26189
3.73626
3.91216
4.37167
6.45615
5.21402
4.40394
4.31401
4.96992
3.61324
3.5503
3.66475
3.78433
3.56614
3.65202
3.56382
3.51911
3.5143
3.53715
3.55184
3.52354
3.52576
3.51476
3.51551
3.59016
3.55313
3.53045
3.58989
3.62233
3.55981
9.56829
9.19142
6.73036
3.71095
3.85606
3.94415
3.76384
4.04384
3.84475
3.93933
3.82352
3.51701
3.62997
3.56104
3.67374
3.57747
4.01177
3.72359
3.66252
3.63848
4.25888
3.85818
3.82301
4.14815
3.83466
3.68269
4.01451
3.91329
3.65556
3.56362
3.66689
3.62827
3.5712
3.69516
3.6968
3.59051
3.56992
3.58874
3.75511
3.70478
3.62664
3.60002
4.95139
4.51786
4.54883
5.80331
5.94596
4.83347
4.53297
5.10605
3.99124
3.88767
3.57437
3.53382
3.55255
3.52255
3.60582
3.5802
5.16038
4.31182
3.85679
3.68995
3.85585
4.47546
3.51941
3.54574
3.51973
3.51943
7.67501
7.60374
5.44191
5.26995
4.77352
6.47006
6.9164
5.07352
4.69755
4.38927
8.152
8.38055
5.21353
8.60402
5.55586
3.75103
3.60667
4.03018
3.71012
3.9223
3.61086
6.50151
4.51644
3.90062
4.06523
6.89785
5.42915
5.15278
4.85292
7.58829
8.25989
7.9987
5.30739
4.10491
4.45545
4.70772
5.82178
7.57124
8.05842
5.32765
8.18785
5.26274
4.49744
7.60622
8.19762
5.33011
8.29355
5.10956
7.60226
8.03543
5.32123
8.28802
5.30388
4.35068
5.18455
4.7354
5.67084
7.71249
8.2605
5.53035
8.20687
5.50329
4.75138
3.69341
4.10814
7.62222
7.88004
5.96147
5.18033
6.04807
4.30527
7.71215
8.07464
5.97297
8.26402
5.56798
4.56133
7.51693
8.09883
4.85994
8.22522
5.03607
4.42669
6.8303
4.94977
5.11405
4.42351
3.5547
3.48745
3.53195
3.54412
3.53136
3.84368
4.53487
3.66568
3.66875
3.87442
7.6012
8.12018
4.92852
4.24288
8.28258
5.24437
4.61893
6.2524
4.66577
4.03189
4.40379
3.79931
3.58873
3.56053
4.17388
3.7785
3.7896
4.35301
5.72579
5.09686
4.79473
4.66338
7.71768
8.26773
8.76093
5.45354
5.53059
4.65806
4.29255
3.96743
4.68755
4.45125
5.76965
5.1669
4.64359
4.73029
3.9096
3.83234
3.62291
4.05773
3.71068
3.55004
3.52335
3.58567
3.67955
3.5423
3.58263
4.36279
4.32404
4.18584
3.81192
3.6687
3.80077
3.6407
3.62721
3.59222
3.65232
3.79504
3.79604
4.12105
3.71737
3.83127
3.61863
6.09847
4.35727
5.35882
4.69487
4.90557
4.14564
8.37523
5.02227
4.56628
3.96381
6.34222
4.9016
4.17051
3.95981
4.4601
6.18188
6.44214
5.25366
4.95358
4.57558
6.57721
4.12162
7.87973
5.16713
3.97232
6.19839
6.76838
7.09313
5.64799
5.01253
4.99934
4.64626
4.18287
3.69183
3.69717
4.36606
4.49949
4.81478
3.97436
3.76013
4.53047
3.88528
5.56569
5.86926
4.83484
4.45207
4.89839
4.07407
3.95972
3.70151
3.69186
3.72981
4.00071
4.05324
3.54888
3.83743
3.9317
4.12063
3.70539
4.48818
4.38429
3.66533
3.6951
3.7784
4.83434
4.72211
4.57661
4.47425
6.95836
6.59547
5.25196
5.38274
4.73422
3.75229
3.64663
3.805
3.74394
7.57677
8.27458
8.42038
5.40194
5.60474
4.50532
4.41547
7.659
8.17109
5.42439
3.54286
3.53609
3.55362
3.53166
3.5801
3.54209
3.7087
7.72444
8.35818
5.33322
8.8238
5.52687
4.5717
4.47379
4.01329
9.36231
6.05995
6.97426
5.09917
4.44815
5.23325
4.38273
3.84241
3.80117
4.28499
4.75156
4.27724
3.85017
4.56814
4.28761
4.66296
3.85263
3.9923
4.06622
3.73106
4.06711
3.78771
3.64994
3.58781
3.5331
3.57927
3.53522
3.51875
8.71242
8.67565
6.89463
5.82904
6.78539
5.5855
3.46861
3.49991
3.51454
3.51321
3.5176
3.51212
3.91429
3.8129
3.73697
3.80564
3.59528
3.53319
8.20254
5.39109
4.33755
7.98735
7.63917
6.26275
6.13194
5.30113
5.05929
3.95041
3.71455
4.08758
3.9542
3.74363
5.01046
4.87126
4.98492
4.64439
7.42308
4.66701
4.6884
5.68258
4.83105
7.21827
7.84773
6.85747
7.12539
5.46486
4.73267
5.45322
4.31085
3.5854
3.59247
3.57302
3.68008
3.71897
3.57068
3.61738
3.64525
4.0247
6.05163
5.1565
5.42835
3.66519
3.95985
4.81129
4.87842
4.47119
4.00677
3.66177
3.70219
3.71943
3.55235
3.59833
3.56769
3.58421
3.67529
3.61818
3.53332
3.86119
6.33567
5.24803
4.80357
4.65958
3.56684
3.54018
3.51902
8.15598
6.35997
8.0425
6.7847
4.53034
5.61402
4.38796
3.7373
3.70421
4.14928
4.83109
7.0647
5.43544
4.71761
6.9483
5.18771
7.52054
8.04069
7.43345
7.57307
3.57564
3.61503
3.66085
3.60999
3.70035
7.12836
8.36535
8.89779
7.93017
7.83788
3.80127
3.74849
7.86503
7.49135
7.99166
7.78798
7.77179
7.96438
8.06807
6.9791
7.8883
10.4343
8.00984
9.14519
7.81069
6.19893
5.03696
6.79258
5.54526
6.74018
7.73255
7.79145
7.4125
7.63218
7.81198
7.9761
7.37753
8.29843
6.31946
7.32011
7.42071
7.84982
7.6178
7.69522
7.80946
8.09086
7.77989
7.38516
7.72602
7.70713
7.8178
7.75043
7.6985
7.94473
7.56935
7.6206
7.82298
7.73154
7.51039
7.68662
7.24394
7.28848
8.87048
8.00284
6.95311
7.61086
6.80988
7.41948
9.89779
8.33362
7.51737
8.02907
7.3522
7.719
3.97285
4.73139
4.79492
4.00875
3.78683
4.04374
4.82333
4.57221
8.12804
8.92313
7.09901
6.94226
5.19715
5.55176
4.62057
3.64198
3.58558
3.5251
3.52524
3.57761
3.55431
9.7861
4.17711
3.70548
5.8093
4.99574
3.95931
3.66488
6.15401
6.33343
5.15599
4.65032
5.4937
4.9975
7.22913
8.03918
5.25764
4.48639
3.817
4.52711
3.9115
6.75371
6.51718
7.01312
5.21553
4.29625
4.89384
4.17324
5.98883
5.21059
4.76009
4.09784
4.10977
3.69816
6.02278
6.31288
5.27644
4.63344
5.20682
4.70636
5.15872
4.5836
4.5472
3.5697
3.52291
3.52906
3.55296
3.58326
3.52134
3.51122
3.50932
3.51118
3.54179
3.52216
7.81545
5.34439
5.20315
4.64432
7.34373
4.48315
4.176
7.61208
5.23385
5.42988
4.81397
3.508
3.50801
3.50801
3.508
3.508
3.50801
3.50801
3.508
3.508
3.51579
3.51157
3.52124
3.53475
3.54976
3.942
5.02166
7.64751
5.8617
5.38665
4.90014
4.38038
4.05475
3.85719
3.52094
3.51296
3.51147
3.51811
3.51613
3.50801
3.508
3.50801
3.50801
3.508
3.98255
3.8233
6.59713
5.02925
4.39875
5.55824
6.75686
5.05269
4.88089
4.40687
3.51978
3.51111
3.50948
3.55208
3.51579
3.52618
3.91957
6.11872
5.16532
4.72569
6.75353
5.64751
4.98469
4.72054
5.21288
7.23398
6.43333
4.56878
8.0823
6.01124
7.38525
5.1237
5.44296
4.41295
4.04444
3.67127
3.89078
3.67953
3.8024
4.28658
4.23683
7.34568
5.70908
3.65891
3.96835
4.49182
3.96079
3.60105
5.90533
4.98557
5.312
4.67865
6.1011
6.33996
6.54044
5.02512
5.10295
4.76593
3.62962
3.523
3.52681
3.58718
3.51905
3.52577
3.57281
3.86002
3.70582
3.92539
3.7005
5.95052
7.90057
5.58177
3.81857
3.62078
3.78352
3.88315
5.33934
4.62777
4.5032
5.09963
4.61196
3.64151
3.84928
3.75452
3.81923
3.93947
3.73191
4.49232
4.48186
4.50939
4.3442
4.63521
3.84086
4.95143
4.72299
4.01808
3.8411
3.62056
5.22831
6.49082
8.32276
5.83264
3.66471
3.58248
3.66995
3.66689
3.69396
3.6429
3.5467
3.55813
3.53912
3.59876
3.86973
3.77574
3.98319
4.03322
3.83839
4.62107
4.61446
4.6625
4.48179
8.24382
3.71636
3.67875
3.61133
3.53437
3.69695
3.63107
3.87473
3.56267
3.55173
3.57188
3.56132
3.54758
3.55734
7.34486
4.60368
5.85556
4.99046
7.8668
6.06412
7.22232
5.51617
5.2358
3.51342
3.51024
3.52368
3.51655
3.51381
3.5109
3.51025
5.50563
3.5052
3.51475
3.70349
3.72474
4.22586
6.94394
5.08224
5.8451
4.79994
6.55419
6.23867
3.73826
4.36425
4.1172
6.55678
4.7579
6.00024
5.10414
4.39389
5.42471
5.8782
4.60736
4.42839
6.4734
6.53039
6.62534
5.37022
4.53502
4.06925
6.36269
4.91487
4.82437
4.63547
3.6143
3.66029
3.6143
3.81043
3.93604
3.6641
3.58517
3.56927
3.75873
3.64937
4.00085
3.75278
3.92429
3.67507
4.60694
4.66012
4.57273
4.47881
3.62192
3.69522
3.5096
3.93693
3.55973
3.52559
3.5197
3.53724
3.6027
3.58908
4.22262
3.77834
3.72676
4.26657
3.89099
3.82872
7.92807
5.41624
4.39755
3.50902
3.49735
3.51237
3.5119
3.51459
3.50994
3.50965
3.91743
3.69963
4.46003
4.41595
3.76765
6.31405
5.31031
6.35854
3.95015
3.80172
4.6472
4.96692
4.43317
4.61641
4.56769
4.15679
4.4587
3.82884
3.72224
3.96595
3.82067
3.69758
4.34627
3.92098
5.22832
4.99112
4.80552
4.63233
5.89984
7.02053
6.93385
7.15702
5.14915
4.97517
5.35935
4.62691
4.82574
4.9658
7.87624
4.9502
5.61791
5.74005
3.77933
4.64527
4.32807
4.58619
3.77357
3.61054
4.07611
4.15073
3.90742
3.74696
3.68306
4.61499
4.40421
3.5307
3.60406
3.58661
3.56806
3.55123
3.54345
3.52228
5.10948
5.16924
4.30435
3.7659
4.23149
4.85305
8.03769
5.2313
4.89145
5.87696
6.09898
6.28089
4.96379
6.49062
3.89913
4.86878
4.90841
4.56221
4.64867
4.13979
8.03941
7.47731
5.89598
5.82876
5.00329
4.47454
3.94534
4.10148
7.43171
7.14206
5.26174
6.67755
5.43324
4.73597
7.34245
5.41859
4.21954
5.01472
4.51774
4.12455
3.94902
4.07277
4.51794
6.36302
6.33761
5.32492
5.12494
4.73297
3.508
3.508
3.508
3.508
3.508
3.508
3.508
3.7351
3.77682
3.65269
3.56023
4.5556
4.25017
3.77618
3.6097
4.18218
3.71062
4.19379
4.13554
4.41385
4.36581
3.78158
4.27665
4.30836
3.95609
4.00846
3.72103
3.77518
3.51032
3.51629
3.50962
3.51222
3.50913
3.89663
4.0171
4.72552
4.66091
4.7387
4.51898
4.0476
3.83795
3.78569
8.59766
6.13644
5.27741
6.12078
7.98477
4.60581
4.62619
4.28372
4.20302
3.79226
4.95015
6.05514
5.50877
4.80033
3.6468
3.95502
3.97059
4.49231
4.96576
4.6374
3.48544
3.49933
4.17276
3.73743
6.74208
7.00006
4.97687
6.74759
4.77554
4.24304
4.17777
3.66691
3.8261
4.23591
3.56838
3.55948
3.53573
8.76748
6.51103
5.49774
6.90494
5.54565
3.73336
3.70192
3.64031
3.5776
7.69327
6.1853
5.05263
6.1463
7.41503
4.72037
5.47446
3.50811
3.50804
3.50824
3.50824
3.50808
3.50803
6.00385
5.25149
3.51466
3.52611
3.52723
3.58571
3.59441
3.55731
3.55583
3.76612
3.58741
3.63809
5.7907
5.05044
4.03269
4.05137
4.69356
5.74175
6.1063
5.22951
4.56019
5.08818
4.61358
4.80135
4.93034
3.78209
4.10043
4.55699
5.31105
3.9015
3.67643
4.45453
4.77726
4.99601
5.32133
7.67751
5.77703
6.02298
4.93062
4.59177
4.31842
3.7783
4.01035
3.70136
4.49491
3.88381
6.03727
5.19655
5.03175
4.8197
3.58246
3.80281
4.22156
4.15451
4.4449
4.40165
3.51142
3.50929
3.50828
3.51655
3.51139
3.5118
3.52135
3.50983
8.76294
8.87684
7.92356
6.01274
6.05888
7.93911
6.64373
8.07992
6.42802
5.49388
5.13893
4.02602
4.72124
4.68906
3.98345
4.72782
4.55077
4.08038
3.83001
5.03364
4.48544
3.81261
3.83772
4.7067
4.26966
4.99938
4.43163
3.59175
3.88435
4.24931
3.73412
4.07856
3.77182
8.59881
8.37857
3.53607
3.55905
3.53098
3.51739
3.52591
3.72492
3.62188
3.75661
3.58087
3.62787
3.95784
3.99364
3.71231
3.86069
4.74097
4.68609
4.65647
4.51314
4.64197
4.04123
3.65979
3.92563
4.20764
5.48446
4.61929
5.77272
5.20291
4.60616
4.10394
4.33005
3.95244
4.58579
4.61525
4.05547
4.59687
4.48881
4.06826
3.81444
3.82686
7.28641
5.76765
7.3234
7.61667
5.81109
5.06848
5.69283
6.17427
4.02029
4.06937
5.92209
6.68029
5.24275
5.46496
4.71413
4.69777
5.28815
4.79875
6.21926
4.96461
6.8801
5.25628
4.47217
5.57348
6.75065
5.03945
4.78272
5.31083
4.48779
5.46451
4.74
3.87094
4.44581
3.91708
3.87077
3.59205
3.54619
3.57781
3.7732
3.76542
3.66571
3.66544
3.75145
3.60455
3.58762
3.54965
3.8532
3.88437
3.70831
3.68991
5.20733
4.16438
6.76196
6.79775
5.43448
5.3067
4.93286
3.73154
3.92365
4.22167
3.6208
3.66469
3.5411
8.29444
4.04133
5.62649
4.9865
7.15145
7.76086
5.62942
4.98847
5.48014
6.02596
4.59142
4.03511
4.3475
6.82713
4.6607
5.25695
6.52522
5.39187
4.16268
3.77305
3.62126
4.95471
4.59684
3.51032
3.51446
3.5121
3.51166
3.50911
3.50903
3.51933
3.51767
3.52588
3.52943
4.68822
4.32157
4.04244
4.66964
4.25456
3.92137
3.97847
3.6045
3.65421
3.81316
3.77196
4.0363
4.40249
4.30255
7.94111
7.33952
5.04266
5.78475
8.14082
6.01388
7.0779
3.79926
4.7617
4.386
4.76264
3.76157
4.11234
4.23522
4.29205
4.36241
3.92653
3.64006
8.51689
6.40883
8.09016
7.52723
6.23464
6.06353
5.52323
5.59205
7.81871
5.40564
4.77212
7.41612
5.49468
4.21056
8.33466
6.38243
5.38857
8.09472
6.00764
7.27748
6.1868
3.72482
3.91052
3.62272
3.53918
3.508
3.508
3.508
3.508
3.508
6.57243
4.00317
6.55641
5.49502
7.25397
5.69982
6.59182
5.34462
4.72577
4.12894
5.06326
4.43218
5.05243
8.13352
5.59513
7.54998
7.93411
5.5563
4.92103
5.75957
5.13585
7.45758
5.68631
7.89937
5.87484
7.36064
6.22574
4.79229
4.83266
8.57061
6.262
6.26413
5.07076
3.89775
4.73983
4.31362
8.74034
7.68232
5.90098
5.76576
7.37994
8.13384
5.83595
3.56325
3.5448
3.51939
3.52587
3.51138
3.51362
6.17966
6.61285
5.21217
6.29518
4.66439
4.04109
5.12172
4.72202
4.32789
4.20224
5.73819
4.97212
4.80963
3.75193
4.33428
4.21449
6.16378
5.13823
6.51368
6.98183
6.93139
5.41779
4.82602
4.40308
4.49261
5.16071
6.41733
6.55909
6.59846
7.13701
6.53278
4.79606
5.26254
5.52346
5.30598
5.03568
4.76779
4.24911
4.07851
3.67005
3.55784
3.53013
3.92782
4.92407
4.62375
4.98385
4.83067
8.04751
6.0805
6.14058
3.78855
3.62507
4.61639
5.2256
8.07673
5.6474
5.28826
6.01319
8.01058
5.07354
5.79252
5.99039
3.63576
3.74576
3.6969
3.60099
3.51509
3.55189
3.53569
5.00538
4.54407
5.05219
6.74244
6.62987
5.52225
3.87912
4.02217
5.55305
4.78886
4.97957
5.77929
6.70234
8.33945
7.7895
3.74613
3.84717
3.83244
3.58051
3.99081
3.7338
4.08254
3.78091
8.47704
6.15359
5.22448
6.34035
4.02626
4.74435
4.23441
4.54367
4.77445
4.88239
4.38575
4.47577
8.39059
5.80187
7.53552
8.2009
6.14608
5.1913
5.84158
7.58649
8.06944
4.43265
8.05335
5.47672
7.31685
7.39382
5.72386
7.20222
5.75434
5.17299
4.26641
7.18955
3.51044
3.51359
3.50876
3.50898
3.50895
3.50857
3.50829
3.50817
3.50812
3.50837
3.50949
3.50827
3.50898
3.50839
3.5592
3.57257
3.52469
3.54929
3.52794
3.53915
3.53242
8.47229
8.21195
5.80938
7.24018
8.11845
5.97533
5.21535
4.75247
6.87636
7.80384
7.84144
6.37656
5.13703
5.19739
3.50943
3.50965
3.50951
3.50897
3.50901
3.50832
7.72847
7.87689
7.0254
5.86382
4.9395
4.15186
3.92978
4.69275
6.12147
4.4663
6.1321
4.87678
6.32258
5.16927
5.32177
4.45622
4.4834
6.08565
5.0008
4.33329
8.21242
7.79706
7.71078
5.7719
5.68018
5.11038
8.06544
7.73014
6.23946
3.76823
3.72093
3.70303
3.79814
3.98018
4.05539
4.4106
3.51194
3.51479
3.52451
3.51468
8.30503
7.66552
7.71778
5.6583
5.68258
4.95559
4.1275
3.50845
3.51318
3.50883
3.51035
5.04931
5.01668
4.03714
4.65282
3.80937
6.55128
6.62617
5.39318
5.32623
4.97282
4.64167
4.48173
3.99074
3.69138
7.81759
7.59714
5.57018
4.28879
8.00054
5.80538
4.75002
7.25852
8.43661
8.33972
6.14042
5.32689
4.65179
4.15639
4.32977
3.72061
3.70271
3.53813
3.51864
3.54225
3.51486
3.5231
3.51338
3.5202
3.55738
4.21284
5.85829
4.98707
3.80806
3.9589
4.8003
6.02015
4.9868
4.85437
4.58379
3.97485
3.82074
3.76773
3.69134
3.66738
6.244
4.78154
5.44302
6.40829
3.92849
6.87243
5.35421
4.55433
3.51551
3.51058
3.52657
3.54678
5.7819
4.98653
4.34306
4.18156
8.36661
5.75033
7.36324
8.12047
5.68418
4.8698
5.57849
8.59869
5.78042
7.33307
8.15677
5.84479
5.00555
5.71123
8.47615
5.86314
7.34462
8.13099
5.81711
5.08816
5.90143
8.48183
7.57821
8.42801
5.79379
4.9833
5.91821
7.14917
6.75908
7.31262
5.20295
3.51196
3.53801
3.51943
3.51438
3.52242
3.53468
3.54027
8.09484
8.01977
6.39506
5.37095
6.11981
5.31671
6.25341
6.70726
5.56725
4.72772
4.04609
8.27014
4.27121
4.58744
4.64417
5.64867
4.28324
4.44333
9.00955
8.03044
8.11278
6.18385
4.7241
5.51114
6.51522
4.21648
5.62488
7.36048
7.77109
6.13495
5.09568
5.87652
8.09057
5.67619
7.27276
8.14899
5.8683
5.06456
5.78444
3.51192
3.51457
3.52918
3.53155
3.52479
3.51993
3.51725
3.51406
3.51702
8.51809
7.79844
6.10209
5.37683
7.29967
8.55178
5.4624
8.58763
8.02751
6.30002
7.90081
5.48076
6.04861
4.945
4.65137
5.0415
4.93089
3.95506
4.82204
8.87199
4.90857
8.03387
5.57913
6.22397
7.75465
7.47516
5.81244
5.62765
5.28131
4.96177
7.08373
8.01038
5.74975
5.72172
3.54089
3.54778
3.60362
8.45753
8.07784
6.09315
7.7815
8.45206
7.69032
6.11189
5.80876
7.22987
8.30761
5.94679
3.50802
3.50801
3.50813
3.50814
3.50805
3.50802
3.50803
7.57695
5.08526
7.94185
6.8869
5.64567
5.61248
4.65231
3.539
3.55763
3.51491
3.5336
3.50974
3.58644
3.55071
3.52745
8.07221
5.83086
4.77626
7.66392
5.37849
8.12927
7.55186
5.54743
7.1804
8.2938
5.79332
3.71332
3.59345
3.87473
3.72609
3.83872
3.58125
3.55431
3.66827
3.85661
3.57503
3.68511
6.36211
5.46781
4.8702
6.63273
7.03458
5.61238
5.69214
5.03388
3.70679
4.13048
3.51869
3.53208
3.49762
3.51197
3.50477
3.50899
3.5082
3.51057
6.74695
7.06322
4.75107
4.65721
4.76237
4.54281
4.00934
3.78961
3.70873
3.57694
3.60018
3.72445
4.13946
3.83703
3.98945
3.77479
4.267
4.25206
3.89074
3.91159
3.64932
3.71622
8.38097
5.93518
7.7463
5.93548
8.82324
7.32894
8.5326
5.99805
5.86071
5.17254
3.51149
3.51364
3.5098
3.5133
3.50895
3.51
7.89567
7.67449
5.39316
6.87654
8.07272
5.5739
4.85251
5.64792
6.99181
5.54804
4.9804
5.94908
5.6497
5.98051
3.97642
4.57883
4.95531
4.90067
4.6923
4.48614
4.07523
4.28016
3.5191
3.52534
3.5172
3.51507
3.51048
3.51355
7.25891
8.47622
5.81484
6.04558
5.10682
8.39782
5.59106
8.23994
5.82238
4.90831
6.40959
5.37244
3.50848
3.50974
3.50817
3.50873
3.5081
3.50859
3.50814
3.50807
3.51598
3.53079
3.62885
3.6011
5.84957
4.55864
3.96045
6.57508
6.39455
4.89172
4.78237
4.36494
3.87779
4.07968
5.96426
5.04547
6.26676
6.87158
5.28704
5.168
6.77832
5.54893
5.34646
4.38693
4.35444
5.05386
5.08419
8.69748
5.8973
7.36806
8.31689
5.86077
4.89934
4.19523
4.00516
3.6821
4.31088
3.76784
3.82718
4.06865
3.51162
3.51606
3.51593
3.51104
3.50904
3.50899
3.51097
3.5096
3.51012
3.51237
3.7084
5.55656
4.93229
4.26253
4.27329
4.77006
8.90991
7.93933
6.28738
5.912
7.31485
8.57794
6.21103
6.02995
6.16555
5.26744
4.18577
4.22213
4.13186
3.99473
4.03014
3.92497
4.1859
7.31987
5.07734
7.24083
8.09016
5.93839
5.33539
5.74374
4.92065
4.69235
4.33233
4.22981
3.70137
4.58662
4.60792
5.68782
5.99732
5.00692
4.39355
9.03236
8.08483
6.30845
5.09622
7.40182
8.75565
6.3316
5.37063
5.01742
7.50275
5.63795
7.37675
6.77413
8.08436
5.90878
5.71185
8.50063
7.52674
8.6593
5.91547
6.12305
5.26507
4.20259
4.19449
3.89895
3.53231
3.61546
3.70074
3.60665
3.57289
3.66174
3.70153
3.93659
3.73906
3.69264
5.40145
5.03134
4.59764
4.06489
8.65843
7.90388
6.23437
5.86759
7.30843
8.50799
5.98455
8.59621
5.14123
7.27417
8.3606
5.98972
4.65419
3.5046
3.50835
9.01806
8.14321
6.25602
5.59651
7.58779
8.91385
5.90542
5.64632
3.51332
3.53261
3.48677
5.55163
5.90001
5.69721
6.20317
5.24527
4.51615
5.95915
6.2913
4.78158
4.25192
4.90847
8.83859
5.15801
4.66681
8.06279
5.36981
7.3177
8.58876
5.65422
6.31614
4.99652
5.987
6.20977
4.74739
5.57668
4.74079
4.28102
3.89871
4.33135
4.81433
4.48983
4.1299
3.93485
4.47329
4.07639
3.51669
3.51414
8.99457
8.17401
6.24404
7.57721
8.91594
7.81292
6.04267
4.20777
3.89329
3.7351
3.72906
3.968
4.10889
4.34471
3.57421
3.66366
3.58262
3.53957
3.51582
3.5132
3.52432
3.55881
3.52906
3.51598
3.56721
3.6185
3.59557
3.51165
3.5132
3.50966
3.51345
3.51165
3.50971
3.50924
3.50852
3.50835
5.62775
6.05815
5.70653
5.87105
5.39352
6.30614
6.29628
5.30591
4.58323
6.35466
5.05233
4.77176
4.09149
7.22671
8.56515
7.89143
5.80156
7.17459
8.53906
6.09522
4.04976
3.78171
4.10255
3.78354
4.85689
6.87624
6.81237
5.25806
4.60688
7.33085
5.28193
7.87231
8.32322
7.16739
3.50808
3.50812
3.50805
3.50872
3.5099
3.5084
3.50863
3.54552
3.52764
3.53287
7.87992
7.53077
5.96989
5.62401
5.31948
7.31264
8.45144
5.91943
3.51296
3.55363
3.55843
3.52596
3.531
3.51618
3.51866
3.55719
3.55753
8.80325
7.95794
6.2926
5.96264
7.35591
8.6722
6.11152
8.81038
8.00133
5.95638
7.30231
8.61727
6.09243
7.63843
7.12403
8.29849
5.74103
4.84162
7.14847
4.10988
3.65201
3.78376
3.8561
8.86663
7.97875
6.38648
5.94081
7.34375
8.76941
6.11075
6.82247
6.24606
8.80203
7.91885
7.35314
8.70454
5.91588
6.13964
8.68627
8.02433
5.61783
4.71867
7.28914
8.67822
5.87458
7.12667
4.53871
4.12153
4.3265
3.91334
4.02959
6.01753
6.11871
3.51435
3.51268
3.5205
3.50803
3.5081
3.50801
3.50801
3.50814
3.50804
3.50802
3.50805
3.50802
6.78359
7.18904
3.50808
3.50819
3.50818
3.50803
3.50806
3.50801
3.508
6.26225
7.80862
7.07591
6.06911
6.51541
6.62876
8.02809
7.42816
6.66596
5.94238
7.08129
6.45778
6.96873
6.83354
6.95861
7.11518
7.31355
6.52113
6.91077
6.86061
6.18437
6.63489
6.6465
6.68341
6.52618
5.41796
6.31781
6.69965
5.28892
6.68561
6.24337
7.08123
7.28562
8.40931
6.6569
6.34372
6.57738
6.91907
6.36528
6.46952
6.78908
6.49909
6.71887
7.15401
7.43125
6.29457
6.76185
6.83048
5.62223
6.56599
6.62366
8.64086
7.22668
7.48513
6.57674
6.51138
6.85845
6.76714
5.70607
7.73726
5.43371
6.90228
6.31119
8.1227
8.46485
6.42707
6.21595
6.5569
5.58894
7.00593
6.67881
6.56013
6.4612
6.9371
6.46653
6.94843
6.81144
6.80745
5.52223
6.38734
8.20391
6.96897
6.5401
6.96641
5.84265
7.0129
7.32918
7.14832
7.56345
8.04138
8.94178
7.26351
7.71745
7.51193
6.65567
6.46002
8.03685
6.94857
5.47912
6.42547
5.28394
7.55062
5.4428
4.89271
8.54304
7.56869
7.74754
6.92346
5.24789
7.01308
6.48584
7.22868
8.39852
6.65219
7.00193
6.96266
8.04725
7.01624
6.38252
5.83294
7.7674
3.50936
3.52359
3.5176
3.53939
4.66204
6.83644
6.89826
5.15574
5.3766
4.59702
3.55238
3.55114
3.62004
3.57633
3.5152
3.53078
3.55269
3.54795
3.95209
6.17614
3.55422
3.49585
5.21827
6.38025
4.362
4.49893
4.83167
3.76444
3.59131
3.54485
3.57245
3.68595
3.7684
4.05357
3.92643
3.86305
6.67914
3.70322
3.74748
3.63386
3.57142
3.88596
3.63528
3.79715
3.58054
3.73667
3.60784
3.612
3.56693
6.96393
6.39367
5.50002
3.52494
3.51947
3.50804
3.50802
3.50801
3.50804
3.50801
3.50801
3.50801
3.5908
3.56784
3.53979
3.52964
7.09101
7.23146
3.50834
3.50951
3.51083
3.50888
3.50843
3.52389
3.52754
3.52775
3.513
3.51393
3.508
3.508
3.508
5.80375
4.74124
5.67019
3.51226
3.51129
3.51198
3.53105
3.52333
3.52495
3.52073
3.52081
3.51248
3.51264
3.50631
3.50843
3.51013
3.50835
3.50884
3.54524
3.63947
3.5734
3.648
3.53411
3.56419
3.53239
3.51433
3.51862
3.52087
3.51556
3.51203
3.51055
3.51455
3.51636
4.53662
6.79532
5.32951
5.20233
4.73012
5.90831
4.6048
4.33739
4.09154
3.73315
3.72823
3.50844
3.50821
3.50822
3.50858
3.50842
3.5083
3.50816
3.50818
3.50805
3.50805
8.12803
5.83752
5.78939
5.0351
4.88777
3.51044
3.50873
3.52365
3.57005
3.53875
4.52381
3.84032
4.48156
3.82912
4.16942
4.20843
3.99671
4.76202
3.71524
3.77972
4.33635
3.51072
3.50932
3.51524
3.52496
4.02963
4.53855
4.55481
5.2338
4.57061
4.13121
4.4613
4.64656
4.81522
3.79298
3.52398
3.52951
3.55911
3.59561
3.57519
3.52282
3.55133
3.54776
6.39402
6.22304
5.1218
4.2315
5.05501
3.50886
3.50963
3.50871
5.24425
6.76356
5.74513
4.57273
3.54249
3.60974
3.60911
3.64347
3.56956
3.53025
3.531
3.56246
3.52326
3.51831
3.51124
3.51347
5.0702
4.5532
4.26602
3.52782
3.54533
3.54275
6.99581
4.30477
7.01887
7.25877
5.16351
4.44442
5.36241
3.55082
3.52311
3.53313
3.67981
3.65976
3.58472
3.5788
3.50895
3.5085
3.50829
3.50967
3.51027
3.50868
3.50839
3.5089
3.50839
6.42381
6.23173
4.72347
5.55512
4.13709
4.38643
4.06848
4.38651
5.14281
5.14118
5.58156
4.16124
3.69026
3.71263
3.86805
4.30405
4.15349
3.853
3.87889
5.68711
4.52752
6.03052
4.82261
5.31108
5.83297
4.85051
5.36535
3.50833
3.50809
3.50805
3.5081
3.50923
3.50858
3.50836
3.5086
3.50913
7.28201
6.47984
5.85739
4.87947
5.38504
4.47895
5.42144
4.57511
6.10705
5.06335
4.61376
3.50907
3.50813
3.50822
3.50809
3.5093
3.50866
3.50844
3.50887
3.51062
3.50934
3.50801
3.508
3.508
3.50801
3.508
3.508
5.75508
4.94809
5.75263
7.0366
6.78589
5.79296
6.67184
7.3263
5.83914
4.84849
5.94187
5.40459
4.94232
5.80777
4.70623
3.53625
3.49633
3.7755
5.99464
4.19689
3.52197
3.56069
3.54226
3.92946
4.11326
4.08736
3.86243
3.63022
3.84431
3.68763
3.72841
3.9145
3.51136
3.61893
3.90595
3.82469
3.70551
3.60118
3.89106
3.6167
3.73164
3.511
3.51408
6.36702
6.26642
5.35421
4.78564
3.9448
4.13717
3.81272
4.57245
5.21263
6.93504
6.80978
4.38339
5.74573
5.28208
4.63924
5.28138
5.78204
4.60213
4.33369
5.31899
4.03002
3.83703
4.7007
5.59331
4.86939
5.14293
4.36652
4.42916
3.50981
3.51071
3.50926
3.50945
3.51803
3.55254
3.53818
3.5289
3.54786
4.43908
5.51798
3.60799
3.60896
3.5709
5.19837
3.74256
7.19005
6.74553
5.42365
4.03438
4.80237
4.06158
5.46755
4.7735
3.51028
3.51241
4.41464
4.21152
3.71083
3.61797
4.14161
4.16318
3.71615
3.82521
3.6332
3.72392
3.61318
4.15235
3.90256
4.43198
4.09648
4.3411
3.93849
3.69702
3.71756
3.92374
4.16298
7.70821
6.07753
5.23056
4.99123
5.87334
5.27441
5.18045
4.95197
4.13303
4.07467
3.86642
3.8344
3.69266
3.54766
3.68799
3.61908
3.89433
3.78931
3.61313
3.88832
3.6726
3.53005
3.53565
3.50804
3.50801
3.50804
3.50802
3.50809
3.50803
4.83975
4.25736
6.69393
4.95417
3.51034
3.52117
3.51285
3.51489
3.51065
3.50996
3.51792
3.51003
3.52479
3.5394
3.51792
3.51121
3.51069
3.51582
3.52005
3.50828
3.50842
3.50955
3.50906
3.51102
3.5086
3.5095
3.5083
6.26117
4.94269
4.3742
5.32745
4.96988
3.84214
3.59666
4.44926
4.26779
4.12701
4.18597
3.89071
3.60998
7.39825
7.77268
5.80451
4.39828
4.92507
5.88701
5.10509
4.37843
3.52121
3.51739
3.54536
3.526
3.54473
3.52722
7.31566
6.74323
6.08083
5.98503
4.75688
4.90286
6.40689
5.2641
4.73917
6.62503
5.71251
7.01908
6.69394
4.62207
5.38202
4.63788
5.67987
7.23975
7.08056
5.85644
4.65053
6.68507
4.36151
4.80859
4.06122
5.07126
5.62895
3.69881
4.19328
4.28574
3.87588
3.65453
3.63337
4.01041
3.64548
3.5775
3.57408
3.56284
3.54163
3.52316
3.50771
3.50883
4.14408
4.15102
3.75648
3.59197
3.93378
3.71149
6.08617
4.92367
4.64011
3.51284
3.51542
3.50924
3.50872
3.50828
3.50876
3.5083
5.86037
3.69933
3.59211
3.87895
3.66063
3.68202
3.93498
3.82485
3.65006
3.65842
3.59799
3.58106
3.55888
4.19577
4.31433
3.82837
3.87804
4.81769
4.84474
6.96243
6.1223
5.8289
4.75427
4.79456
3.60654
3.62415
3.56093
3.55169
3.5331
3.52138
5.59958
4.63655
6.56205
6.61348
6.68557
6.53928
5.58313
4.26668
5.43077
5.05752
4.06045
3.67138
3.70285
5.11228
4.55045
4.23006
5.47508
4.64439
7.08782
6.60449
5.88296
5.31186
5.13528
6.78258
6.87769
5.74925
5.70521
5.09189
5.0246
3.51053
3.51102
3.5119
3.53676
3.54061
3.54722
3.54912
3.52238
3.52396
7.19915
5.84806
7.47858
5.67095
4.33498
4.30693
5.13698
5.12082
3.63057
3.58841
3.67763
3.58149
3.53398
3.53622
3.56609
3.63267
3.5082
3.50814
3.50809
3.50802
3.50804
3.50808
3.50803
3.50801
7.00268
7.0207
3.50867
3.50845
3.50804
3.50812
4.94031
4.68651
4.26568
4.79263
5.51154
4.89296
4.34729
5.66554
4.76214
4.7417
4.44471
3.98301
3.77983
3.90333
6.87738
6.79283
5.54951
5.48131
5.05507
5.80024
6.68487
5.59217
3.59208
3.59733
4.20845
4.24349
3.73805
3.98012
3.93337
3.86995
7.0969
7.61668
3.51329
3.52618
3.53364
6.86908
5.90873
5.40635
3.94553
3.57784
3.58652
3.78413
4.28471
3.95193
3.84525
4.02888
4.4412
5.6832
5.8032
5.31336
5.20358
4.57316
4.97467
4.04193
4.47812
3.99875
6.81509
5.79396
4.31943
6.93025
5.98061
5.87247
5.31814
4.90373
3.64129
3.89055
4.08053
4.48579
4.83375
3.68974
3.9271
4.10485
4.16748
4.57521
4.64955
4.28163
4.31619
3.97463
3.66091
3.66663
4.24789
3.88408
7.24982
7.39061
5.97561
5.84283
7.02396
5.09418
4.61865
5.55009
4.65475
6.9953
5.41173
3.50856
3.51209
3.51137
3.51829
3.51892
3.68034
3.61648
3.57075
3.70151
3.83478
4.10793
3.50838
3.50812
3.50948
3.50866
3.50915
3.50865
7.17486
5.72042
7.3981
5.13609
5.80539
4.97569
6.9024
7.09844
7.3825
5.3414
6.96572
7.353
6.13748
7.12893
5.2177
3.50835
3.50802
3.50855
3.50969
3.69555
3.65315
3.66696
3.78557
3.73402
3.62849
3.58181
3.74686
3.57647
3.64329
3.66619
3.74231
3.51611
3.51011
3.92666
4.0244
3.59078
3.6057
3.78504
3.80851
6.169
6.48028
5.55473
4.55982
4.39709
5.29176
4.19258
4.24223
3.86675
4.3104
3.54767
3.98245
3.76426
3.61675
3.6156
3.78936
4.11001
4.49324
3.94019
4.9604
5.75033
7.5141
7.3943
6.9646
5.85286
7.02199
5.59409
5.07059
5.20721
4.43981
4.51524
5.81269
5.38646
3.64791
3.66213
3.6701
3.70914
3.59742
3.57821
3.86608
3.88667
3.67413
7.01092
7.36641
7.10409
5.75845
5.10735
4.83795
5.50166
7.13596
6.63077
4.69824
5.25123
4.59258
5.53952
4.85552
3.69691
3.60886
3.5448
3.5213
7.02806
6.82227
6.91057
4.94259
5.69474
4.22726
5.49215
5.71969
6.00671
4.95231
4.77167
4.1984
4.10847
4.53944
4.75637
3.9114
4.12676
3.98437
4.0948
3.81876
4.60121
4.4679
3.79884
3.87218
3.51156
3.51429
3.51922
3.51305
3.51394
3.511
3.51067
3.51512
3.51244
5.07105
6.49303
6.44919
7.15103
6.61233
5.7186
5.8134
5.01225
5.08152
4.01711
3.8993
3.69972
3.65185
3.527
3.54574
3.51742
3.52313
3.51679
3.51617
6.79268
4.5362
6.47384
5.55477
4.45401
5.56125
3.59298
3.61526
3.54732
3.55123
3.55602
3.52971
7.18011
7.54996
5.63829
5.06869
5.71578
4.90373
6.70117
6.51448
6.80643
5.64685
5.35681
5.08164
3.5088
3.51158
3.50831
3.51195
3.5083
3.50889
3.51127
3.51964
3.50945
3.51351
3.50988
7.00583
6.6886
5.76844
5.86399
6.83977
4.49437
4.91908
4.28427
3.99891
5.192
4.47544
6.85863
5.77981
7.52106
5.69315
4.85778
5.61569
5.52193
6.27819
4.95566
5.25412
4.75286
3.73455
4.14297
4.78769
4.03508
4.59117
4.74357
4.59181
5.41681
4.16443
4.66334
4.78886
4.95081
4.6059
3.92479
4.25755
3.89874
5.70088
4.44457
6.84764
5.76524
7.27925
6.9412
4.32251
5.26693
5.91941
4.74566
3.55591
3.52776
3.63918
3.55935
7.10636
6.74152
6.77267
5.60288
5.65465
5.40423
4.96285
5.61347
3.53868
3.56614
3.58298
3.6427
3.6389
3.56245
3.52796
3.58096
3.54106
4.38899
4.58298
4.34913
4.35051
3.90994
3.69507
3.63493
3.9133
4.44687
4.11429
4.01674
6.09968
6.05841
3.62276
3.52773
3.67372
3.63889
3.57137
3.57117
3.8129
4.28938
4.45953
4.49565
4.88782
5.42784
3.704
4.71292
4.5491
4.03112
6.75005
6.8254
3.5081
3.50809
3.50804
3.50811
3.50801
3.50805
3.51134
3.50918
3.50825
3.50846
3.51323
3.50965
3.54779
3.53056
3.60952
3.81467
3.83585
3.88519
3.79306
3.74708
3.60994
3.60386
6.60283
6.76191
5.61787
4.50979
6.71883
5.47105
5.64194
5.00856
4.57366
7.30719
6.85439
5.3488
5.6743
6.68635
4.35419
4.28331
5.15774
5.66323
4.9354
5.61327
5.06426
3.87668
4.17532
6.58921
6.73421
6.8369
6.85952
7.42565
6.71891
6.78141
7.34241
5.26654
6.05156
4.18249
5.03867
6.91443
6.97255
5.14932
4.65898
6.7476
5.79499
5.65277
5.24677
4.22135
3.71407
3.54001
3.64956
3.76404
3.57757
3.61539
3.96066
3.73827
6.98319
5.62839
6.97628
4.77195
4.55188
3.99721
3.78802
5.56701
5.59315
7.22308
5.9042
6.90941
7.13051
5.43948
6.74977
5.55215
7.11886
6.90594
5.89983
6.76916
4.31491
3.95795
5.60039
5.17388
4.75184
7.30995
6.92275
6.84195
4.3906
6.98898
6.05648
5.00245
5.56239
4.69742
7.16027
5.16429
7.59575
7.14712
6.11751
5.54369
4.57324
4.81437
6.53463
6.80304
6.73127
6.97813
7.25045
6.87415
6.59749
6.83913
5.73187
6.87926
5.7684
4.64934
5.71866
4.63652
6.90752
7.11668
6.64642
6.83571
4.09248
3.81661
3.60692
6.7595
6.8312
6.61933
6.82098
7.03971
7.00457
6.76282
6.83214
6.60432
6.84544
6.67562
6.72796
5.62384
6.69515
4.34926
5.7473
5.08852
6.62749
6.83204
6.78069
6.86539
5.74316
4.63604
6.76192
5.49193
5.70622
4.66328
5.10267
6.73346
6.84549
6.67086
6.76834
6.0497
6.24077
5.49218
6.77407
6.99036
4.33598
4.45723
4.45241
3.66834
4.41968
4.53927
4.5349
4.21897
3.95126
4.10704
6.63248
6.72478
7.27647
7.09072
7.09032
7.19107
6.80833
6.84189
6.95563
6.92285
7.34801
7.3529
7.26908
6.95529
7.45953
7.10099
6.59157
6.62736
5.53056
7.2171
6.92962
5.74618
6.95814
5.0701
5.10736
5.63561
6.28684
6.59143
6.62905
6.66708
6.35557
6.37075
6.9025
6.58747
6.90776
6.93094
6.80731
6.34365
7.00756
6.50814
6.3804
6.43973
6.80004
6.91719
6.63708
6.55757
6.84972
7.10209
4.60161
3.67998
4.61894
4.59018
4.71727
4.05817
3.71883
5.5079
6.35213
6.25718
7.54879
7.15015
7.3214
6.92745
6.69973
6.69523
6.70497
6.76666
3.73271
3.68642
3.99093
4.55552
6.97685
7.05451
6.85122
6.91928
6.5164
6.45799
7.72056
7.20213
7.1551
6.93895
6.12823
6.10935
4.01449
4.50835
4.66475
5.57049
5.48193
4.76593
4.57398
4.89178
4.11685
4.12972
4.59282
5.97839
5.83974
6.93061
6.68693
3.50812
3.50825
3.50805
3.50808
3.50804
4.98958
4.89192
4.44253
6.81481
5.66643
6.8225
6.9502
6.84204
7.29009
6.60014
7.066
3.65491
3.64277
3.65205
3.67447
3.68983
3.57576
5.54414
3.5432
3.51026
3.51376
3.5241
6.55492
5.84123
3.5096
3.50888
3.50897
3.5085
3.50837
6.85229
5.70874
6.62046
5.55508
5.40365
5.73454
6.85351
5.77397
5.64036
4.45944
5.25732
5.11116
4.62349
5.16092
4.87242
4.13423
4.39867
4.98347
5.72117
5.60787
4.39634
3.95627
3.73951
5.70829
5.07634
4.73564
3.51278
3.50969
3.50845
3.50933
3.5085
3.50819
3.50854
3.50964
3.50918
3.50915
3.51023
3.5085
5.25556
4.70073
4.97237
4.71032
4.21102
3.86356
4.03341
6.6642
3.55802
3.53739
3.53544
3.516
3.51549
3.59126
3.54802
3.55559
3.528
3.53172
6.96696
4.93643
5.71238
4.72729
6.13236
4.80764
4.36646
5.21753
5.66948
6.92601
5.76319
5.58293
3.51574
3.52395
3.52338
3.52984
3.53812
3.58217
3.57014
3.53928
3.52075
3.51415
3.50932
3.51066
5.48407
4.56061
5.88259
6.59755
5.04944
4.76383
5.80983
4.78741
6.93861
5.78307
4.79458
4.13566
5.57892
4.57703
4.64042
6.85533
5.70259
3.65809
3.85697
3.83235
3.6438
3.62799
3.79157
3.80204
4.50504
4.74193
3.78353
4.58955
4.11854
4.0927
3.81783
3.79234
6.52302
5.54176
6.81169
6.63464
5.47765
4.71901
5.55995
5.11086
5.52225
3.50822
3.50811
3.50809
6.98381
5.29858
6.37518
5.55261
4.88874
4.63849
4.37114
5.71847
6.93877
5.24291
5.79418
5.85776
5.17177
4.47941
5.08838
4.73674
4.64962
3.98701
4.66415
4.77026
3.81235
3.76339
4.1556
3.51077
3.52017
3.50865
3.50987
3.51372
3.51132
3.50901
3.5084
7.07375
6.96971
5.3326
4.61856
5.4577
4.5011
3.50821
3.50872
5.788
4.73625
6.93622
5.77737
4.80043
4.2075
5.62254
4.62773
4.69652
6.73337
4.50099
5.52557
4.47353
6.91834
4.86636
4.80582
4.10658
3.85828
4.05898
4.64627
4.61365
6.85711
5.65476
4.43876
4.09599
3.87932
6.01331
5.60983
6.77813
4.537
5.55673
4.52388
6.23484
6.71852
5.55888
3.65398
3.57611
3.53807
3.76663
3.57501
3.70353
3.57555
3.53716
3.52068
6.01811
6.14533
6.16451
4.91728
5.32697
4.90032
4.588
4.33621
4.05607
3.82203
3.57813
3.72492
3.7617
3.60085
3.54956
5.96517
7.01692
5.73698
6.69467
3.52752
3.54756
3.56219
3.58071
3.61634
3.69601
3.55294
3.54762
6.73773
6.77919
5.62966
5.4922
6.36317
7.11168
7.17516
6.14507
6.54151
5.53282
4.92527
5.63797
5.52142
5.61828
6.95051
5.54611
5.25105
5.90796
5.22627
4.62219
5.61658
7.07368
4.92676
5.7365
3.63599
3.57937
3.6357
3.95441
4.0535
3.99506
3.7399
3.69232
3.83583
5.92094
6.90903
5.56112
5.62096
6.88593
7.09858
3.50805
3.51002
3.50915
3.50845
3.50811
3.50937
3.50848
3.50844
3.50822
5.03961
5.46839
6.95383
6.89471
5.40071
7.11558
6.88538
3.51007
3.52807
3.52618
3.51769
3.51648
3.55832
3.56023
3.53437
3.53401
3.52469
6.91986
6.17407
6.26017
7.16641
6.0096
6.78825
6.24334
6.60657
5.66977
6.73725
6.15524
5.98753
6.93118
5.81092
7.07873
6.8523
6.06529
6.43248
6.11687
6.33294
6.18407
6.30173
6.02163
3.508
3.508
3.508
3.508
3.508
3.508
3.508
6.99986
5.69359
6.84072
5.72578
6.86265
6.41201
5.73605
5.57648
5.64806
6.03962
6.03265
6.2498
5.33892
5.30465
3.61282
3.61219
3.63227
3.64605
3.57364
3.65653
6.20755
5.90333
3.51169
3.51129
3.50944
3.50919
3.51269
3.51037
5.32917
5.66687
6.65969
5.75888
5.39539
5.26874
5.74447
4.97008
4.78344
3.8071
4.16591
3.82798
5.77647
4.53568
4.81372
5.97219
5.19527
4.94433
3.51478
3.54386
3.52535
3.52319
3.53176
3.53298
3.51708
3.52053
3.50899
3.50897
3.51094
3.508
3.508
3.508
3.508
3.508
3.508
3.508
4.3319
4.02586
5.94844
5.05507
5.1357
5.69985
4.80875
4.87561
4.38602
5.14937
4.79276
4.39261
6.43686
6.5046
4.69688
5.33236
4.4578
4.49427
5.91301
5.29474
4.72202
5.7983
5.05154
4.18025
4.95987
4.61473
5.15706
4.00813
4.46855
3.96206
3.53789
3.58397
3.56459
3.7113
4.16087
3.93717
3.97866
3.73698
5.21188
4.58929
5.8096
4.99036
3.54026
3.77584
3.73549
3.59791
3.55283
3.6143
4.9429
4.56541
4.57415
3.91782
3.96286
3.71131
5.78019
3.71896
3.59944
3.98025
3.66733
3.90457
4.00815
5.4004
4.95498
5.38872
4.876
5.41975
4.07566
4.23391
4.67314
4.83583
4.71076
4.27594
4.79175
4.67673
4.37468
4.081
5.07856
4.66293
4.54954
5.89351
4.97373
5.70938
4.60103
4.9641
4.94472
4.16392
5.19163
3.84232
3.67941
4.06206
3.86443
3.80163
4.19522
4.30116
4.09853
4.00301
3.95832
4.61572
5.75688
5.46689
3.56153
3.7699
3.65212
3.5812
3.59091
3.93577
3.7006
5.87726
4.9489
4.58535
4.36971
5.84402
5.9533
5.80177
4.97336
4.98401
3.51078
3.50909
3.51628
3.51664
3.50911
3.50834
3.50844
3.50833
3.50853
3.50892
3.50927
3.51617
3.51073
3.518
5.757
4.88686
4.72677
5.80104
5.02203
4.41004
5.77783
5.19048
3.69378
3.62115
3.55962
3.68517
3.58211
3.52326
3.53854
3.5262
3.54815
3.53907
6.46089
4.16223
3.80795
3.54659
5.45997
3.51578
3.55718
3.50831
4.56272
4.10176
4.25039
3.97963
4.06262
5.25581
5.26878
4.85671
4.6344
4.48141
5.95999
6.10902
3.91963
3.93383
3.84961
3.68313
3.61331
3.69626
4.35488
3.88181
3.86411
3.55722
3.52514
3.63473
3.57176
3.6244
3.56276
3.57658
3.53233
5.81295
4.76539
6.13037
6.1574
3.53376
3.53031
3.52091
3.51148
3.52038
4.11622
4.97571
5.63023
3.51722
3.62869
3.595
3.56209
3.62967
3.58509
3.60537
3.55253
3.69809
4.71015
3.72345
4.80522
4.35536
4.24666
4.11558
4.50562
4.84447
5.20279
4.98814
4.66647
4.456
5.46203
4.7309
5.97852
5.24246
6.01101
5.86064
5.26627
3.95079
5.06097
5.57483
5.0905
4.29234
4.25141
4.85414
4.86929
5.58389
5.68141
5.9378
3.52266
3.51569
3.52461
3.5114
3.51557
3.5105
3.50821
3.51024
3.50966
3.50916
3.5089
3.51182
3.60254
3.53946
3.71639
3.62938
3.55391
3.56097
3.52388
3.54414
3.58338
3.51707
3.52455
5.54928
5.11699
5.42684
4.7596
5.55913
4.05007
4.00694
4.56726
4.83419
4.39623
4.42509
4.91519
4.70191
4.11977
4.33077
5.76599
4.96855
3.80294
4.54891
3.9767
5.63319
4.7629
4.07996
4.53967
3.53021
3.5298
3.56082
3.86618
3.62252
3.81683
3.79257
3.51085
3.50973
5.89852
5.16598
3.80372
4.71074
4.00017
5.78068
4.87279
4.07183
4.62534
4.01545
5.02732
4.62354
3.53329
3.5376
3.57255
3.67089
3.85215
3.62118
3.70978
3.61127
3.51187
3.50934
3.51777
3.50985
4.87871
5.13662
5.7237
4.08691
4.6064
4.78021
5.43215
4.95228
5.68997
5.60102
4.00623
4.94653
4.85529
4.37089
4.4726
4.76405
3.52214
3.55107
3.51307
3.53248
3.51708
3.54242
3.51818
3.51162
3.52782
3.51227
3.5196
3.51287
3.5095
3.79009
3.76359
3.55931
3.61056
3.72058
3.60959
5.6017
6.10129
6.12019
5.99629
5.21049
3.50817
3.50835
3.50841
3.50835
3.50906
5.29582
3.63774
3.63817
3.59358
3.55984
3.62541
3.59235
4.0148
5.93649
4.37268
4.79728
5.65012
5.74177
4.67556
4.78789
4.32549
5.18239
5.37814
4.55832
5.77855
6.049
5.79385
5.10489
4.93751
5.14372
4.15297
4.64722
3.51553
3.5009
3.67489
3.59824
4.59923
5.03311
4.5637
4.42191
4.03772
4.36676
3.73395
4.07649
3.65978
3.8911
3.86134
4.49391
5.35214
5.16966
4.60404
4.97364
6.25034
3.50871
3.51422
3.52437
3.55683
3.60294
3.60962
3.6397
3.69623
3.61385
3.57441
3.68992
3.54927
3.59736
3.5776
3.508
3.508
3.508
3.508
3.508
5.78457
5.79642
5.28806
4.49632
4.05743
4.19206
4.48967
4.63741
5.03863
4.84664
5.72821
3.51638
3.51638
3.52128
3.5088
3.51135
3.51862
3.51077
3.51211
3.51274
6.20281
6.14375
3.88252
3.94513
4.10212
4.02119
4.23331
3.91066
3.66789
3.59991
3.66686
3.85498
4.0238
3.53623
3.59958
3.52684
3.54391
3.63673
3.54599
3.51174
3.50961
3.51044
3.50891
3.50827
3.50911
3.50835
3.50886
3.50814
3.5082
3.55752
3.50567
5.73619
3.89923
4.55737
3.56029
3.55267
5.63272
3.50825
3.50823
3.50831
3.50808
3.50819
3.50808
4.03187
3.96595
4.34847
3.85144
3.86899
6.46959
6.5227
5.68231
5.63305
4.49724
4.78647
4.3021
4.04278
4.01574
3.68661
3.68067
4.28255
3.98461
3.93312
4.50479
4.32819
3.51033
3.50979
3.51239
5.56137
5.21779
5.6668
5.81379
5.6324
4.93009
5.07543
4.33567
5.00987
4.8411
3.51089
3.51452
3.51088
3.50971
3.51018
3.50961
3.51284
5.08212
4.00076
3.90812
4.84588
4.20484
4.46854
3.508
3.50801
3.50807
3.50806
3.50803
3.50806
3.50803
3.50801
3.50801
3.50803
3.50818
3.50804
3.50815
3.50805
3.50801
3.50808
3.50803
5.7795
4.33919
3.96725
4.05303
5.91251
4.77262
4.43258
5.15714
4.89567
5.70419
5.95503
5.48762
5.95393
4.82967
5.07693
3.53024
3.54286
3.60025
3.5767
3.51363
3.5311
3.54586
3.83321
3.65085
4.00089
3.79899
3.89262
3.63644
3.7571
3.9985
3.76588
3.68284
3.77062
3.50822
3.50855
3.50816
3.56016
3.70393
3.62533
3.59003
3.64559
3.59686
3.5113
3.50963
3.50931
3.50856
3.51789
3.51392
3.51153
3.51026
3.50854
3.50847
3.51
3.5091
3.63025
4.05381
3.91726
3.8281
4.39027
4.32006
4.42695
4.65112
5.50907
5.78512
5.53856
3.96817
3.66313
3.84152
4.296
3.99243
3.91206
3.66305
3.616
3.78495
4.13447
3.94107
3.82168
5.79044
5.51887
3.58924
3.63064
3.56153
3.51828
3.55644
3.55538
3.65858
3.6407
4.04159
3.89897
3.65185
3.96031
3.81245
3.50801
3.50802
3.50802
3.50804
3.50802
3.50801
4.82034
5.03293
4.24913
3.93378
3.96021
4.67813
4.89518
4.34411
3.59712
3.55525
3.78995
3.88634
3.81085
3.7357
5.61381
4.72913
4.1009
3.52059
3.51499
3.5114
3.52067
3.51008
3.50942
3.51254
3.50964
3.51089
3.50922
3.51078
6.14213
5.15199
5.9783
3.51379
3.51027
3.5098
3.50805
3.50801
3.50802
3.51285
3.50943
4.32563
4.0498
3.73049
4.07244
3.75291
3.51848
3.54311
3.53047
3.51803
3.5389
3.51668
3.52352
3.53227
3.52493
3.52234
3.51954
4.24491
3.83636
4.36519
3.67072
3.96424
3.70281
4.13518
3.85076
3.50973
3.50892
3.50866
3.51231
3.50955
4.32614
5.43413
5.10592
4.83075
5.11411
4.98966
4.72957
4.09166
5.84965
3.50803
3.50811
3.50804
6.12657
5.9631
6.08365
5.92301
5.55112
5.95538
5.13855
3.52374
3.50923
3.51144
3.5119
3.52095
3.52655
3.54119
3.52913
5.83128
5.90505
4.23274
3.97739
4.57189
4.05384
4.46405
4.20131
3.93996
3.90889
3.66769
3.65027
5.61003
5.69777
4.87036
5.32782
5.94885
5.13118
5.36637
4.63062
3.50801
3.508
3.508
3.508
3.508
3.508
3.508
3.508
5.32907
5.04088
4.68083
4.68158
4.23863
4.26244
4.58169
3.50855
3.51349
3.50853
3.50973
5.01002
4.7795
4.94976
5.36904
4.23432
4.74424
4.70028
4.90159
4.18835
4.00237
3.50801
3.50806
3.50802
3.50806
3.50803
3.50801
3.50804
4.02529
4.2861
3.69614
4.43303
4.14989
3.59433
3.77588
3.51815
3.61965
3.5583
3.54156
3.56711
3.66978
3.51994
3.51603
3.54515
3.56463
3.62612
3.58045
3.57089
3.53465
3.53215
3.71797
3.61405
3.56832
5.76998
6.17939
5.45095
4.70318
5.18709
5.51732
5.15554
4.60094
5.10474
5.43498
5.88413
5.46118
4.70462
5.17026
4.10074
5.12769
4.85055
4.39098
4.91052
5.08769
5.12406
4.02326
4.41863
3.88758
3.74565
4.1141
4.16053
5.22406
4.87866
4.81146
4.55155
4.53415
3.88494
4.05698
3.75404
4.85906
4.17068
4.43649
5.26398
4.27356
3.55579
3.55716
5.89147
3.72949
3.66141
5.88808
3.508
3.508
3.508
3.508
3.508
3.52632
3.51113
3.51513
3.52608
5.9023
6.0287
3.96402
3.69712
4.02119
3.95863
3.75375
3.78164
3.66854
5.92438
5.68908
5.53666
3.5082
3.50863
3.50813
3.50915
3.50838
5.81672
5.9356
3.51105
3.51359
5.92028
5.73465
5.74285
5.76738
5.77918
5.58683
5.98565
5.77413
5.93819
5.27545
5.77137
5.79813
5.16772
5.72945
5.74546
5.86598
5.97743
5.55061
5.97662
5.34264
5.87864
5.80526
5.28532
5.77969
5.77391
5.95968
6.14567
5.64423
5.98496
5.43973
6.11612
5.87179
5.30483
5.76744
5.74893
4.08787
4.15273
4.04028
4.07045
4.05339
3.98173
3.96607
3.65345
3.7707
5.75625
6.18714
5.53775
5.79411
5.79771
5.76138
5.90336
6.08072
5.27587
5.58473
5.25316
4.58303
4.51666
5.92082
6.14722
5.72904
5.99899
5.3058
5.16295
4.65359
4.6699
4.16882
5.02009
4.88765
5.23905
5.79789
5.33813
5.51323
4.67242
5.81412
6.0293
5.45196
5.74286
5.72981
5.81475
6.00776
5.25127
6.06416
5.79996
3.59142
3.65714
3.69855
4.34191
4.43345
4.6941
3.71687
4.06386
5.88797
5.69628
5.82572
5.35605
5.8599
5.72237
5.96173
5.86606
6.1597
5.8168
5.70393
5.25491
5.74528
6.12805
5.92654
5.97299
5.58562
6.00956
5.82007
5.93282
6.02013
5.92069
6.0387
5.45155
5.80382
5.77691
5.78543
5.86719
5.99719
5.66425
6.05189
5.34203
5.77205
5.79495
5.71902
4.87026
5.79731
5.9438
5.94521
5.26235
6.0281
5.83281
3.5098
3.51403
3.51894
3.52658
3.55041
3.52729
5.85696
6.01189
5.48123
5.88783
5.83938
6.1403
5.67585
5.37296
5.29174
5.75602
5.92075
5.79521
5.98995
5.87315
6.0715
5.45346
6.16067
5.91191
5.79428
5.92272
5.20537
5.51168
5.98479
5.5146
4.84224
4.81679
5.85115
5.51371
5.58685
5.81419
5.98062
5.77324
5.74793
5.87386
5.3043
5.83362
5.86265
5.8011
5.99624
5.8623
5.35899
5.75853
5.8986
5.99727
5.50391
3.5825
3.57492
3.52078
3.54023
3.5192
5.97184
5.56956
5.85002
5.30869
5.83195
5.87534
5.9339
5.87699
5.61522
5.67869
4.83319
5.14193
4.72757
3.66886
3.98635
4.2307
5.3786
5.07188
4.85265
4.82369
4.89926
5.82226
5.55212
5.87846
5.68055
5.78044
4.45101
4.48583
4.37102
4.1454
4.03122
3.89515
3.65885
5.98804
5.74378
3.54459
3.52572
3.51953
3.52727
3.51853
3.50894
3.50992
5.19706
5.40286
5.06513
5.3117
5.14336
4.87039
5.04567
5.99106
5.51602
5.7959
5.23674
5.00282
5.14858
4.4671
4.55326
5.33917
5.03903
3.52701
3.56492
3.52191
3.51201
3.51173
3.51887
3.5386
5.73034
5.4895
5.56039
5.02613
4.42131
5.39007
5.23232
5.02497
4.99515
4.25866
4.19632
5.76844
5.68675
3.52111
3.53375
3.51198
3.50984
3.52506
3.51771
3.51854
3.5183
3.51229
5.22648
5.29622
5.43989
4.92051
5.20985
5.40885
4.99577
5.8828
5.60614
5.0872
5.22773
3.60255
3.54832
3.5765
3.60456
5.00062
5.27194
5.33968
5.14228
4.93664
4.59002
5.2076
5.22531
4.61053
4.62146
4.07111
4.06757
5.98514
4.69269
4.97411
5.15467
5.23935
4.64011
5.26901
5.05772
4.43404
5.34833
4.90109
3.53764
3.52483
4.57397
4.32697
3.71457
4.04305
3.77773
3.51249
3.51514
3.51063
3.50896
4.42658
4.05393
4.1855
3.96573
4.03197
3.84968
5.20372
3.51288
3.50915
4.88628
4.63666
3.78593
3.72864
3.99633
4.0967
4.32975
3.55008
3.57653
3.74448
3.66734
3.87436
3.75548
4.60658
4.1445
4.20261
3.9633
4.77992
5.10784
5.27379
5.04914
4.76916
4.9718
5.29847
4.69298
3.98738
4.18704
4.67449
3.88713
5.10772
5.01569
4.4369
5.26801
4.91695
4.43082
4.07435
4.4589
3.95649
4.28137
3.96871
3.7201
5.2786
5.25899
5.08062
4.47232
5.01185
3.50829
3.50827
3.50825
3.50816
3.50825
3.50821
3.50808
3.5081
3.50801
3.50801
3.508
3.508
4.55441
4.10074
4.50351
5.31482
5.11427
4.57833
5.19935
4.96406
5.27878
5.28783
5.01197
4.62672
5.22342
4.99063
5.36879
5.02565
4.5803
4.66562
4.54058
4.40418
4.21266
3.97061
4.20217
3.87994
3.60407
3.50901
3.509
3.50825
3.50848
3.50813
3.50816
5.84474
5.85279
5.26736
4.56755
4.5062
5.26063
5.40146
5.19817
5.02643
5.40242
5.00909
5.13558
4.71494
4.36784
4.32572
4.49934
5.22477
5.04063
5.33667
5.00593
5.33794
4.65384
5.06819
3.51013
3.51271
3.50974
3.5097
3.5086
3.50931
3.5086
5.17368
5.47872
4.86114
4.2633
5.13298
4.49667
4.49621
4.22209
3.96739
4.15643
3.82881
3.82967
4.90652
5.24416
5.23087
4.41907
4.99252
4.82058
3.96091
3.96529
4.39483
4.42149
4.27501
4.75507
4.69486
5.41576
4.99467
4.99679
5.32401
5.23495
4.46607
4.97535
5.1242
4.59115
4.16912
5.34903
5.04741
5.33229
4.92934
5.18228
5.34233
5.19849
5.09403
4.66624
4.96132
4.22665
4.04785
3.50956
3.5089
3.50825
3.50976
5.35902
4.50162
5.30447
5.05958
5.23301
4.90388
5.03767
3.51419
3.51498
3.5102
3.51097
3.50959
3.51381
3.50989
3.51085
3.50949
3.50932
3.50801
3.508
3.50802
3.50802
3.50801
3.55908
3.5985
3.76683
3.86784
3.71894
4.22342
4.40818
4.03529
4.09324
4.47663
4.23789
3.96384
3.72378
3.9952
3.61126
3.73865
5.19582
5.31142
4.52337
4.96667
3.57353
3.63582
3.80173
3.64807
3.74191
3.67167
3.7401
3.52223
3.53642
3.59573
3.53906
3.66772
3.66842
3.55651
3.55273
3.52572
3.50906
3.50839
3.50883
3.50821
3.50806
3.50811
3.50831
5.3234
5.24451
5.03847
4.49028
4.9826
4.48438
5.14579
4.37454
5.30636
4.98216
4.1061
3.60952
3.79821
3.63488
3.56206
3.74141
3.55483
3.57915
3.59928
3.66547
3.78732
3.96582
4.16668
3.77851
4.57859
4.12685
3.85612
4.9364
5.25461
4.62585
3.52224
3.53695
3.54672
5.316
5.09419
4.74414
4.77166
4.96107
5.17775
4.68796
3.5143
3.5466
3.52216
3.53223
3.53737
3.52784
3.51693
3.50844
3.50814
3.50808
3.50808
5.28367
3.62963
3.57483
3.5484
3.56312
3.51179
3.51485
3.52852
3.51633
3.87024
4.52135
4.13272
4.18644
4.02876
5.16488
5.20201
4.60561
3.54413
3.80161
3.78307
3.71354
3.63836
3.55236
3.5307
3.67553
3.56627
3.50801
3.50801
3.50801
3.50801
3.508
3.508
3.508
3.61461
3.7717
3.75352
3.53806
3.54037
3.59797
3.65178
3.58095
5.18358
5.46586
3.58027
4.00479
4.17492
3.72973
3.71102
3.65459
3.90469
5.51528
5.46816
3.508
3.508
3.508
4.28396
4.21134
4.89824
4.80212
4.12576
4.52953
4.13903
3.95167
3.68589
3.73526
3.97896
4.05089
4.0508
3.75081
3.72644
3.97663
3.50983
3.51249
3.51022
3.51023
3.51417
3.50945
3.51658
3.51082
3.73267
3.59646
3.7645
3.72907
3.61474
3.6421
3.57422
5.35323
4.85022
4.78597
4.51688
3.49803
3.53823
3.51543
5.14052
5.15403
4.65279
4.83812
3.50815
3.50815
3.50812
3.50805
3.50808
4.00163
3.73455
3.57174
3.5341
3.5379
3.51814
3.56171
5.34805
4.98689
3.50803
3.50802
3.50801
3.50806
3.50808
3.50802
3.50803
3.50801
3.50844
3.50926
3.51014
3.51296
3.50878
3.51063
3.53424
3.57982
3.74551
3.55751
5.62087
3.52132
3.5315
3.79363
3.66911
3.65215
3.50926
3.50888
3.51454
3.51142
3.51163
3.51068
3.68213
4.20529
3.91068
3.5109
3.51245
4.20771
3.86636
4.41833
4.22743
4.81018
4.94288
4.45906
3.51255
3.51129
3.51262
3.51235
3.51714
3.8029
4.32136
4.09976
3.46581
3.64087
5.67419
5.64211
3.48486
5.02185
5.18612
4.85951
5.18806
5.32792
4.73572
4.58031
4.62341
4.86104
4.93611
4.66223
4.23381
4.1791
3.95864
5.3107
4.77865
3.508
3.508
3.508
3.68921
3.78552
3.618
3.53976
3.64976
3.60053
3.91294
4.55405
4.12394
3.81019
3.9636
3.50804
3.50809
3.50805
3.50806
3.50803
3.50803
3.52995
3.52365
3.55156
3.54692
3.54862
3.53117
3.5276
3.5191
3.84229
3.61654
3.57448
3.77195
4.38047
4.1594
4.08396
4.42835
4.44517
4.16873
4.27492
4.07469
3.57909
3.53886
3.55266
3.56165
3.52389
3.51826
3.53013
3.54279
3.55575
3.67013
3.57272
3.70703
3.79082
3.508
3.508
3.508
3.508
3.508
3.508
3.508
3.508
3.50801
3.508
3.508
3.508
3.508
5.12784
4.74937
4.2586
4.87848
4.7698
4.70475
4.22896
3.51236
3.51304
3.50977
3.51366
3.51071
3.63487
3.76475
3.63568
3.66709
3.58909
3.6042
4.21055
4.34091
4.59158
4.1715
4.21899
3.52245
3.51849
3.51261
3.5159
3.51103
3.51138
3.51016
3.50854
3.52032
3.52863
3.51714
3.51017
3.50988
3.51194
3.51187
3.51274
3.50897
3.51048
3.50901
3.50801
3.50802
3.508
3.50801
3.508
4.21081
4.00822
3.85379
3.60309
3.53031
3.54724
3.52012
3.51264
3.56809
3.55428
3.57501
3.7547
3.64195
3.65768
3.75665
3.68682
3.55425
3.74088
3.54693
3.57991
3.57776
3.68187
3.51032
3.50835
3.5109
3.50974
3.51257
3.50991
3.5118
3.92865
3.90873
4.44441
4.66127
4.38078
4.2115
3.84314
3.83314
3.8271
3.86479
4.06382
3.66584
3.65702
4.22933
3.72431
3.9871
4.31372
3.83761
5.43024
5.27858
5.04282
4.83026
4.4969
3.99448
4.52671
4.41935
4.14936
4.12444
4.87442
5.00282
5.06718
4.46125
4.05911
3.69779
3.71697
4.76729
4.48206
4.1045
5.04395
5.12404
4.7869
5.41476
5.26237
3.50844
3.51155
3.5094
3.50935
3.5085
3.50856
3.51115
3.50958
3.54719
3.56218
3.55319
3.53069
3.85089
3.70529
3.72587
3.67727
3.72387
3.60759
3.63622
3.5977
3.52377
3.57943
3.54373
3.59502
3.52652
3.55211
3.52377
3.70187
3.6965
3.89815
3.53199
3.52822
3.51095
3.52203
3.51287
3.51304
3.5203
4.88732
5.31021
5.32097
3.80407
3.66893
3.70374
3.64047
3.55866
3.52928
3.56566
3.50975
3.51107
3.50881
3.50821
3.50822
3.50995
3.51461
3.5159
3.51589
3.51174
3.50985
3.50876
3.50908
3.51247
3.51054
3.5117
3.51654
5.33901
5.23755
3.88897
3.64742
3.59598
3.84285
3.815
3.59685
3.7552
3.65134
3.56576
3.51001
3.50921
3.50855
3.51071
3.508
3.508
3.508
3.508
3.508
3.508
3.508
4.03121
3.94565
3.79258
3.77346
3.47998
4.89464
3.75357
4.48329
3.48558
3.61786
4.9062
4.41062
3.81618
4.98732
5.07718
4.76505
3.52073
3.50913
3.525
3.51338
3.52411
3.5123
3.51696
5.29739
5.35184
5.0263
3.81435
3.83566
4.85118
4.67446
4.72784
4.20216
4.16936
4.02866
3.7116
3.56537
3.5233
3.5626
3.5381
3.53494
3.52099
3.52085
3.55602
3.564
3.53282
3.53805
3.52501
3.82223
4.40542
4.3225
4.10626
4.50559
4.16721
4.41203
3.508
3.508
3.508
3.50801
3.508
4.01699
3.98894
3.71234
3.70446
3.62306
3.92832
3.93619
3.51068
3.5121
3.51006
3.50885
5.18752
4.74004
4.85364
3.90043
4.63549
4.23716
5.06712
4.59369
4.58972
5.23739
5.01335
5.2796
5.33704
5.1483
4.74118
5.04158
4.69779
3.50847
3.50821
3.50818
3.50806
4.3063
4.25202
4.04323
4.65173
4.54885
3.52643
3.55762
3.54676
3.59979
3.51333
3.51195
3.50973
3.50985
3.52775
3.5201
3.52357
3.51359
3.5146
3.8299
3.65858
3.75137
3.6316
3.56665
3.55637
3.52475
3.51526
3.51277
3.54886
3.51767
3.5249
3.60051
3.55144
3.53992
3.63185
3.7224
3.58855
3.61349
3.58372
5.16214
5.10801
5.24711
5.29853
4.97386
3.94328
4.13612
5.39584
5.11896
5.02293
5.30176
5.31345
5.37236
5.17828
5.11134
3.53723
3.59598
3.64537
3.52993
5.25883
5.30646
3.74974
3.64053
3.58989
5.28383
5.28905
5.24054
5.27319
5.27698
5.33157
5.31474
5.35681
5.24179
5.25825
5.2197
5.23583
5.36869
5.23452
5.27207
5.25411
5.32534
5.19365
5.22401
5.28095
3.51626
3.51121
3.51226
5.2923
5.32739
3.50803
3.50807
3.50803
5.34666
5.30064
3.61794
3.55885
3.53436
3.55986
3.63267
5.19246
5.27344
5.13305
5.23264
5.13987
5.04594
5.19454
5.22753
5.10609
5.22363
5.32427
5.18323
5.29498
5.09522
5.2445
5.23905
5.19038
5.22073
5.05216
5.25881
5.26416
5.29179
5.33276
5.1928
5.23941
5.27668
5.49282
5.29711
5.2432
5.22783
5.31568
5.29243
3.56457
3.53502
3.52798
3.5338
5.12533
5.21307
5.11371
5.18981
5.19492
5.18507
5.1896
4.99122
5.16117
4.59419
4.74818
5.34577
5.37756
5.25755
3.83482
3.56822
3.76776
3.6976
3.66235
3.83582
3.87572
5.0577
4.98661
4.816
5.2862
5.3107
3.53052
3.51801
3.52656
3.54593
3.52864
3.5172
3.51368
3.51865
3.81595
3.66745
3.6182
3.81183
3.83563
3.6608
3.7076
3.62931
3.50831
3.50882
3.50836
3.50847
3.5094
3.50921
3.5081
3.50806
3.50873
3.50834
3.50828
3.50823
5.10978
5.19573
5.05148
4.53196
4.93423
4.99609
4.60528
4.31943
5.45533
4.652
4.37418
4.70773
4.80591
4.55872
4.44867
4.05602
4.01332
4.6335
5.35519
5.22205
5.00448
5.2453
4.86682
4.86828
4.37586
4.14455
4.74788
4.39248
4.75887
4.89638
4.40105
3.55309
3.79165
3.76417
3.69824
3.67539
3.58742
3.64135
3.57697
3.55617
5.16803
5.07071
5.06867
4.88309
4.98007
4.78577
3.5557
3.51314
3.52667
3.61597
3.58268
5.40603
4.76848
4.88928
4.79296
4.80427
4.69167
4.44107
4.39657
4.15489
5.18736
5.14255
5.31319
5.2294
4.93654
5.06806
3.47627
3.51037
3.51345
4.07024
4.37863
4.12981
4.01967
4.04138
3.79928
3.81238
3.53507
3.52766
3.52172
3.59911
3.57385
5.0966
5.00017
3.51363
3.51016
3.51112
3.50961
5.19126
5.13685
5.04851
4.882
4.56337
4.93264
5.05646
5.07467
5.12534
4.80538
4.57022
4.01991
3.90932
4.061
3.71423
3.81945
3.66141
5.2978
3.75709
3.85811
3.53086
3.58994
3.70542
3.77094
3.67642
3.78197
3.86503
5.38092
5.28591
5.08068
5.24434
5.03682
5.24641
5.09832
5.22808
5.05176
5.25246
5.07297
5.24201
5.10556
5.22413
5.04976
5.2671
5.20221
5.04784
5.26071
5.08365
5.26429
4.52569
4.90455
4.4474
4.78492
4.92738
4.46387
5.29783
5.07212
5.36944
5.23809
5.0696
5.35708
5.01551
5.25027
3.508
3.50804
3.50801
3.50801
3.50803
3.50801
3.50801
3.51827
3.53373
3.62081
3.53188
3.59121
3.54899
5.31411
5.26348
5.12021
5.00252
4.97448
5.19947
5.10862
5.35202
5.24312
5.08881
5.36902
5.23588
5.08963
5.32182
5.12476
5.22829
3.52054
3.50995
3.51196
5.25291
5.16601
5.34407
5.23078
5.25604
5.21728
5.01908
4.95017
4.96462
4.4474
4.8627
5.03411
4.45065
5.21497
5.25045
5.28352
4.59223
5.24009
5.22903
5.01394
4.94631
4.81675
4.81182
4.71367
4.42733
4.54073
4.92967
4.46972
5.00568
4.90782
4.5457
4.83801
4.52764
4.23247
4.61667
5.02478
4.61486
4.36194
4.5915
4.93371
4.66028
4.46526
4.94864
4.63509
4.72327
4.88177
4.99804
3.65361
4.48853
4.18273
4.14067
4.10207
4.02616
5.19936
4.98237
4.82614
5.08451
4.43776
3.55603
3.61211
3.58229
3.71647
3.58607
3.6475
4.62036
4.28905
4.46206
4.92775
4.72786
4.59071
5.02387
4.70086
4.93286
4.89333
5.09241
3.51078
3.51249
3.51019
3.5094
3.50919
3.50935
3.50859
3.79067
3.66102
3.6024
4.28975
4.97752
4.54577
4.55995
3.55619
3.82523
3.73104
3.73213
3.68404
4.51309
4.91215
5.09695
4.52767
4.62019
4.93789
4.59278
4.88765
4.53155
4.64038
4.32287
4.7939
3.51648
5.19926
5.00949
4.71551
4.91526
4.29303
4.26107
4.56161
4.81669
4.65085
4.78509
3.525
3.51464
3.52891
3.52267
3.51488
3.51613
3.52488
5.05116
5.07223
4.95832
4.5151
5.01477
4.89675
4.42466
4.56687
4.83347
3.62428
3.5175
3.53654
3.57611
3.51969
3.5228
3.5252
3.50911
3.50844
3.50965
3.51104
4.93776
4.31729
4.62485
4.89006
4.54559
4.82541
4.96463
4.48954
4.63048
4.54903
4.82553
5.00304
4.59192
4.54272
5.01815
4.54056
4.58361
4.25112
4.85311
4.50555
4.5486
4.25051
3.93844
3.76948
3.67655
5.10464
5.12555
4.56608
4.79474
3.51192
3.51235
3.51088
3.51652
3.51644
5.05556
4.49985
4.86411
4.16734
4.48389
4.50748
5.02707
4.93588
4.47307
4.52279
4.85153
3.50812
3.50807
3.50804
3.50804
4.94642
5.10863
4.3113
4.66473
4.88836
5.01748
3.51256
3.5158
3.51199
3.51528
3.51563
5.07937
4.64357
4.16352
4.52384
4.56639
4.20093
4.30073
4.08417
4.0681
4.83812
4.78172
4.99041
3.51323
3.50867
3.50819
3.50834
3.51273
3.51013
3.50999
3.50926
3.51963
3.5254
4.92855
4.44913
4.91929
4.84154
5.00493
5.00514
4.51183
4.82227
4.31487
4.87841
4.39916
4.08736
5.02731
4.52249
4.24127
5.03088
4.65308
4.86752
4.93272
4.81768
4.40015
4.88881
4.39982
4.8033
4.99954
4.96641
4.62763
3.50803
3.50801
3.508
3.50801
3.50802
4.99333
4.74498
4.34112
4.35303
4.76453
3.54025
3.74458
3.65787
3.7914
3.63253
3.59096
3.54186
3.52981
3.52168
3.57492
4.14993
5.05146
4.76954
4.95868
4.8959
4.45943
4.37263
5.1524
4.81609
4.14515
4.42647
4.83323
5.02477
4.21789
4.06904
3.96442
4.03244
3.69215
3.94271
3.73996
4.86277
4.44023
4.57008
4.85471
5.04584
4.83262
4.32034
4.81795
4.21103
4.50733
3.57908
3.69934
3.65922
3.64896
3.5583
3.54539
3.60009
4.55444
4.22574
5.02106
4.54245
4.58002
4.23827
3.99098
4.04258
3.53387
3.52451
3.55643
3.59315
3.59435
3.59423
3.54813
3.55796
3.53701
4.89723
4.89313
4.69271
5.17175
4.02581
4.2184
4.76464
4.70153
4.15866
3.50862
3.50887
3.50822
3.50853
3.5081
3.50817
4.43466
4.22972
4.98135
4.7361
4.62672
3.52344
3.53008
3.51563
5.07316
4.87016
4.59107
4.76381
4.49281
4.96943
4.0701
4.60686
4.863
4.40105
4.42455
4.82524
4.9558
5.04533
5.05931
5.05298
4.49696
4.47766
4.494
4.07248
4.29098
4.09176
3.82961
4.32391
4.24052
3.96359
3.73382
3.7291
3.68142
3.56122
4.80437
4.98159
4.93688
4.45876
4.75382
3.89118
3.79727
3.76886
3.61941
4.20693
4.51034
4.81886
4.93745
4.51808
4.91282
4.89754
4.34933
4.40679
4.08348
4.81051
3.5129
3.52243
3.51377
4.43888
4.37244
4.16078
3.90086
4.22164
4.19639
4.05268
3.6967
3.7569
3.92822
3.51213
3.54793
3.51739
3.53545
3.51399
3.52062
3.52618
3.51301
3.51035
4.18056
4.50669
4.7314
4.89402
4.52649
3.508
3.508
3.508
3.508
3.508
3.508
3.508
3.508
3.7957
4.17291
3.8248
3.5298
3.51992
3.51156
3.51828
3.52616
3.51805
3.50996
3.51237
3.51185
4.15442
3.77711
4.37702
4.49627
3.67751
3.83905
3.89165
4.07096
4.21407
4.4694
4.32187
3.9471
4.25013
3.7441
3.92722
4.77586
4.53515
4.18813
4.11342
4.68577
4.39376
4.53492
4.43527
4.1535
4.64312
4.17757
4.42295
4.52122
4.34279
4.88545
4.60283
4.42724
4.13363
3.81834
4.28056
4.10494
3.82705
3.82177
3.68087
3.84173
3.61318
3.66423
4.4996
4.39075
4.24618
4.15361
3.85028
3.75491
3.94116
4.88282
4.61869
4.42528
4.85004
4.64229
4.57374
3.50806
3.50802
3.50802
3.50801
3.52694
3.5113
3.51915
3.5042
4.23433
3.97508
3.8811
4.2035
3.98077
4.00944
3.91516
4.13299
4.00573
3.74861
3.53773
3.5186
3.53756
3.54894
3.52311
3.5267
3.51529
4.9777
4.74785
4.00492
4.27812
4.93376
4.80437
3.50825
3.5081
3.50805
3.50807
3.50823
3.50817
4.66458
4.16158
4.85963
4.73801
4.44588
4.19635
4.27756
3.52213
3.5678
3.5432
3.5716
3.54643
3.54715
3.52853
3.52447
3.52968
3.51377
3.51562
4.71684
4.60063
4.45241
4.22612
4.20392
3.8448
3.9265
4.59291
4.3701
4.42145
4.33121
4.14673
3.90067
4.11666
4.29121
3.88652
3.98347
4.88466
4.43404
4.71518
4.89296
4.58009
4.66953
4.37057
4.82999
4.6401
4.20598
3.94415
3.9949
4.41676
4.38803
4.287
4.61831
4.57071
4.39784
4.53052
4.32897
4.32092
4.11088
4.19772
3.8431
3.90384
3.9438
4.21993
4.06836
4.63117
4.25414
3.83613
4.24889
4.09598
4.12925
3.91678
3.87758
4.22401
3.59335
3.57227
3.53963
3.58267
3.53034
3.53666
3.51646
3.51741
3.55492
3.55406
3.50802
3.50815
3.50811
3.50811
3.50842
3.50823
4.52393
4.20019
4.08259
4.20359
4.08087
3.74041
3.92356
3.73973
3.98512
3.72543
3.60059
3.6069
3.54565
3.54684
3.53109
3.58094
3.59077
3.508
3.508
3.508
3.50801
3.508
3.50801
3.508
3.508
4.93244
4.83306
4.95238
4.54059
4.88995
4.7131
4.81559
3.58973
3.54418
3.58835
3.5913
3.54737
3.54828
3.53289
3.53087
3.50842
3.50822
3.50806
3.50831
3.50817
3.50815
3.50805
3.50804
3.50821
3.5081
3.85076
3.69094
4.06495
4.16442
4.00773
3.76403
3.50844
3.50837
3.50822
3.50817
3.50813
3.50806
3.50802
3.7746
3.56609
3.54833
3.54045
3.63517
4.02321
4.0202
3.77346
3.64078
3.67149
3.588
3.5914
3.56577
3.52982
3.51983
3.52684
3.51334
3.51206
3.51625
3.52357
3.51358
3.51707
3.51662
4.98189
4.88947
4.90615
3.77514
3.69834
3.56936
3.95783
3.84553
3.7882
3.70079
3.73324
4.59389
4.22713
4.3687
3.95854
4.34404
4.2695
3.89315
3.7574
3.50912
3.50989
3.50821
3.50848
3.50813
4.51014
4.2217
4.34418
4.08576
3.77855
3.82257
4.1156
3.50973
3.5089
3.50827
3.50853
3.50894
3.50827
3.50813
3.50834
3.56156
3.52993
3.54671
3.51172
3.52077
3.52628
3.87159
4.14209
4.3446
3.93098
4.22571
4.01692
4.34734
4.34977
4.16179
3.95506
3.78525
4.68063
4.3846
4.17014
3.50817
3.51429
3.51194
3.50968
3.5118
3.50878
3.50856
3.50945
3.50983
3.51176
3.51254
3.50889
3.50848
3.50911
3.51024
3.51701
3.51257
3.51772
3.51406
3.50801
3.508
3.50801
3.508
3.508
3.508
3.508
3.508
4.39767
4.22699
4.07344
3.85195
4.18563
3.78861
3.68915
4.0881
3.769
4.16774
4.14868
4.04065
4.36795
4.19047
4.34081
4.46214
3.76781
4.11831
3.85059
4.25539
3.72031
4.45772
4.19946
4.26702
4.2437
4.4365
4.23542
4.08985
3.88297
3.73139
4.16145
3.86227
3.61184
3.62767
3.73295
3.61671
3.67515
4.57905
4.40654
3.99191
4.38138
4.29425
4.28605
3.50811
3.50804
3.50802
3.50814
3.50813
3.50805
3.50805
3.50802
4.22326
4.01864
4.06642
3.81704
3.79343
3.55899
3.51807
3.53142
3.48377
4.84118
3.58059
4.64962
3.53616
4.66665
4.45917
4.51695
4.2172
4.62477
4.25172
4.10758
3.59227
3.51428
3.5256
3.52455
3.54681
3.78229
3.86511
3.72926
3.57145
3.53794
3.66538
3.68361
3.57893
3.5698
3.54383
3.73985
3.66096
3.51559
3.51854
3.51051
3.50948
3.51403
3.51671
3.51912
3.51474
3.51555
3.50802
3.50804
3.50801
3.50802
3.50801
3.508
3.50801
3.51201
3.514
3.51234
3.51077
3.50949
3.51279
3.50977
3.51084
3.50954
3.50945
3.50891
3.5103
3.50919
3.50876
3.51167
3.51448
3.51001
3.51139
3.50973
3.51928
3.51117
3.51204
3.51559
3.51154
3.50886
3.51169
3.51333
3.51189
3.5155
4.60061
4.77171
4.78989
4.71642
4.73624
3.50832
3.5085
3.50808
3.50805
3.50811
3.50823
3.50835
4.5044
3.75033
4.51328
4.32315
4.32963
4.1706
4.17183
3.81993
3.89902
3.89334
3.60527
3.69722
3.65467
4.62637
4.75419
4.34721
3.84019
4.14851
4.04918
4.26216
4.52938
4.45295
4.3286
3.91745
3.66777
3.89247
4.08825
4.6261
4.28937
4.05373
4.24805
3.72416
3.99987
3.77931
4.03514
3.9077
3.98869
3.84959
4.36039
4.10623
4.05325
4.59052
4.3989
4.44027
4.57596
3.50836
3.50806
3.50826
3.50813
3.5082
3.50807
3.508
3.508
3.508
3.508
3.508
3.508
3.508
3.508
3.5091
3.50866
3.50827
3.50817
3.51117
3.50951
3.50859
4.787
4.77
4.67452
4.78157
4.86487
4.87017
4.78236
4.71335
4.85279
4.7496
4.75641
4.85041
4.70142
4.60899
4.83153
3.508
3.508
3.508
3.508
3.508
3.508
3.508
4.80365
4.75198
4.78919
3.51813
3.51275
3.5136
3.51065
4.71761
4.74645
4.76263
4.75997
4.74066
4.79449
3.508
3.508
3.508
3.508
3.508
3.508
4.72923
4.74878
4.76717
4.33144
4.51528
4.11389
3.83032
4.69874
4.75859
4.76041
4.74561
4.7808
4.78607
4.72184
4.79203
4.75609
4.76598
4.78419
4.79554
4.75347
4.83944
4.75698
3.5085
3.50911
3.50824
4.73742
4.72261
4.77589
4.73019
4.79062
4.7801
4.74414
4.76693
4.75715
4.7571
4.72636
4.75896
4.74484
4.75278
4.75429
4.68766
4.85627
4.73277
4.66139
3.50801
3.50801
3.50801
3.508
3.508
3.508
3.508
4.7382
4.7279
4.72309
3.52566
3.54759
3.51195
3.53154
3.51123
3.51842
3.51982
4.56931
4.25743
4.1557
4.3302
3.9081
3.94325
4.91482
4.77348
4.66551
4.77467
4.72534
4.7797
4.7277
4.75444
4.77269
4.71614
4.70995
4.74269
4.75103
4.74628
4.7268
4.76887
4.80158
4.80616
4.7722
4.78015
4.72895
4.70526
4.79403
4.75585
4.70797
4.79555
4.72759
4.72651
4.75539
4.69298
4.7031
4.71998
4.70801
4.74462
4.7554
3.5099
3.50883
3.51033
3.5126
3.5097
3.50936
4.70093
4.70954
4.79429
3.56736
3.56961
3.52131
3.53624
4.70739
4.73074
4.72537
4.70202
4.73224
4.74032
4.69654
4.67919
4.79991
4.71989
4.72034
4.71353
4.73609
4.76045
4.65788
4.64994
4.71768
4.74945
4.73374
4.75512
4.69605
4.79147
4.74272
4.67243
3.60975
3.53238
3.56532
3.51289
3.51388
3.51708
3.51438
3.51415
3.51056
3.50898
3.51065
3.50892
4.5232
4.82917
4.74912
4.70994
4.70031
4.68334
4.65001
3.50825
3.50876
3.50833
3.50895
3.50829
3.50817
3.54388
3.57706
3.54536
3.53412
3.53033
3.54171
3.52442
3.52255
3.5144
4.66291
4.71733
4.68481
4.74339
4.69603
4.16885
4.06922
3.8422
4.78338
4.82674
4.76112
3.81043
4.27386
4.1179
4.04491
3.72704
3.62629
3.87728
3.70435
3.72187
4.85607
4.79941
4.76019
3.51778
3.56171
3.55553
3.53196
3.54493
3.52989
4.51791
4.01954
3.88405
4.54649
4.61195
4.24818
4.17705
4.05228
3.54167
3.52621
3.5222
3.51347
3.51407
3.52322
4.49076
4.11003
3.52626
3.56659
3.62265
3.7312
3.69872
3.4685
3.57985
3.96852
4.40717
4.55373
4.4221
4.24777
4.59957
4.6337
4.40467
4.48162
3.51975
3.51698
3.51185
3.5085
3.51037
4.73631
4.70537
4.71668
4.44776
4.78094
4.65753
4.73521
4.67604
4.41701
3.66492
3.86103
3.73328
3.65758
3.70492
3.62016
3.50902
3.50977
3.50924
3.50851
3.50879
3.50838
4.24985
4.10878
4.70291
4.60215
4.74736
4.84184
3.71483
3.86242
3.66872
3.64797
3.55137
4.4985
4.60077
3.58674
3.61603
3.59972
3.66572
3.76327
4.67465
4.69831
3.52877
3.56935
3.53274
3.51997
3.51916
4.82211
4.7161
4.62628
3.50807
3.50819
3.50807
3.5081
3.50803
3.50803
4.53751
3.95781
4.17914
4.36602
4.06061
3.60067
3.52336
3.51901
3.67585
3.57926
3.57062
3.55174
3.65027
3.81271
3.66873
3.73279
4.70358
4.73162
4.64771
4.651
4.45981
4.51377
4.55322
4.66839
4.60449
3.94592
4.63919
4.51041
4.59729
4.2754
4.25956
4.76202
4.47018
4.59562
4.42257
4.64461
4.49253
3.52153
3.55896
3.53383
3.56439
3.52623
3.51589
4.2148
4.12108
3.8832
4.12695
4.24122
3.7963
3.72077
3.72908
3.9438
4.00491
4.08102
4.56601
4.77919
4.62234
4.54748
4.60796
3.50806
3.50802
3.50825
3.5081
3.5081
3.50806
4.68006
4.35357
4.6752
4.40813
4.37722
4.65967
4.62307
4.71034
4.74858
4.66035
4.20377
4.45974
4.2932
3.90462
4.24607
3.91224
4.463
4.45378
4.2236
3.87811
4.24065
3.90973
4.51818
4.67872
4.50406
4.65968
4.54434
4.73167
4.69678
4.67907
3.90821
3.92923
3.69594
3.80002
3.71979
3.7755
3.67658
3.58175
4.60482
4.67639
4.65313
4.37934
4.01965
4.5424
4.52311
4.47044
4.06101
4.70515
4.6885
4.68815
4.64417
4.34623
4.40995
3.61351
3.68127
3.62118
3.51754
3.51158
3.51134
3.50948
3.51025
3.51244
3.73853
3.88264
3.67859
3.6563
3.57
3.61098
3.76434
3.71687
3.62231
3.61562
3.55563
3.54664
3.53198
3.6034
3.67415
4.62371
4.63792
4.73546
4.6295
3.50885
3.50888
3.5104
3.51033
3.51333
3.4987
3.51967
4.65925
4.50706
4.49138
4.712
4.69861
4.66326
4.64307
4.68315
3.52428
3.51656
3.52514
3.57185
3.5425
3.56075
3.53699
4.6257
4.60022
4.54634
4.23933
4.08402
3.78849
4.68949
4.70511
4.37174
4.63834
4.3498
4.41301
4.59191
4.70898
4.43797
4.67812
4.45647
4.43273
4.6592
4.63313
3.51627
3.58223
3.55699
3.56027
3.52777
3.51432
3.52238
4.1589
3.97801
3.99163
3.61201
3.59794
3.53966
3.61382
3.54918
4.63479
4.6894
4.63746
4.28672
4.08174
4.66984
4.37132
4.68135
4.70313
4.44767
4.36557
4.22338
4.61908
3.7006
3.87412
3.72208
3.84806
3.6492
3.55864
3.82351
3.70233
3.71191
3.55992
3.56235
3.62975
3.6472
4.67054
4.69114
4.40352
4.59956
4.66888
4.678
3.89316
3.69458
3.79534
3.59022
4.46729
4.56224
4.4498
4.63646
4.74773
4.69514
4.70606
4.61336
4.28252
3.50801
3.50801
3.50801
3.508
3.508
3.50803
3.50803
3.50802
3.50801
4.53217
4.42335
4.69123
4.62275
4.48833
4.71766
3.508
3.508
3.508
3.508
3.508
3.85272
3.65254
3.56378
3.72895
3.6626
3.86969
3.7052
3.91099
3.90992
3.74362
3.75183
3.67614
4.68699
4.49396
4.70266
4.49532
4.683
4.62739
4.51514
4.65213
4.46438
4.43381
4.54659
4.21614
4.26695
3.50856
3.50826
3.50814
4.49329
4.65984
4.44307
4.64994
4.51653
3.85737
4.17121
3.74397
4.06556
3.82008
4.05209
3.68979
3.70129
3.55933
3.66042
3.64715
4.64114
4.68753
4.40698
4.39269
4.70187
4.6112
4.69345
4.50094
3.508
3.508
3.508
3.508
3.508
3.508
3.61336
3.55642
3.53041
3.52437
3.54012
3.57543
4.59956
4.68864
4.59244
4.65154
4.70557
4.62175
4.63845
4.81807
4.60495
4.35502
4.68458
4.6283
4.5981
4.55228
4.376
4.357
4.73828
4.67602
3.50848
3.5083
3.50809
3.50843
3.61264
3.6161
3.60075
4.58324
4.64012
4.59339
4.70666
4.64839
4.31112
4.47245
4.57828
4.64363
4.50998
4.52508
4.61395
3.51537
3.51549
3.51082
3.50908
3.51137
3.51952
3.51983
3.51335
3.51011
3.50883
3.51203
3.50949
3.50914
3.51085
3.51494
3.54384
3.52553
3.51445
4.57838
4.54835
4.39249
4.50408
4.3856
4.33904
4.19005
4.53888
4.4982
4.22664
4.41394
4.69072
4.64356
3.508
3.508
3.508
3.508
3.508
3.508
3.58358
3.54285
3.57545
3.62534
3.54539
3.5219
3.63738
3.52694
3.55651
3.51268
3.5231
3.51774
3.521
3.53078
4.66681
4.63479
4.42088
4.24888
3.95728
4.70108
4.44903
4.67065
4.45637
4.39445
4.63941
4.60682
4.4666
4.39541
4.62512
4.58105
4.48671
3.89105
3.83505
3.70581
3.67213
3.61994
3.5102
3.51129
3.51394
3.51198
4.39415
4.66767
4.62671
4.03216
4.1038
4.39123
4.64628
4.59464
4.02533
4.07396
4.48513
3.52769
3.52478
3.54481
3.52141
3.51901
3.50839
3.50814
3.50807
3.50825
3.50824
3.50972
3.50909
3.50884
3.50869
3.50938
3.50882
3.50849
3.51105
3.51279
3.51034
3.5102
3.50884
3.50889
4.65166
4.37493
4.58598
4.48006
4.48207
4.35505
4.64109
4.58471
4.45768
4.60451
4.53569
4.42806
4.58503
4.42081
4.63316
4.34579
4.26947
4.62965
4.50805
4.67063
4.57475
4.37396
4.38615
3.56517
3.56975
3.5473
3.54363
3.51323
3.52039
3.52035
3.53487
3.53297
3.7396
3.91799
3.77552
3.69588
3.77032
3.68974
3.67075
3.58103
3.58759
3.91755
3.71791
3.68534
3.77704
4.06729
3.5325
3.56149
3.5588
3.60161
3.56166
3.54025
3.53686
4.6309
4.60877
4.48143
4.54282
4.43631
4.16228
4.67318
4.61945
3.58264
3.53762
3.56099
3.59586
3.53238
3.51566
3.52897
3.54951
3.54687
4.19489
3.90245
4.28178
3.93977
3.50839
3.50833
3.83104
3.72953
3.59698
3.69869
3.62238
3.59051
3.51398
3.51967
3.50126
4.68406
4.49205
4.44665
4.37846
4.69708
4.66293
4.568
4.39114
4.40968
4.48374
4.54606
4.52791
4.53205
4.27775
4.21997
4.61284
4.51988
4.4226
4.58767
4.41748
4.29262
4.50721
4.52796
4.51582
4.59881
4.52013
4.43228
4.43596
3.53004
3.63453
3.57536
3.68449
3.59366
3.55819
4.2825
4.20198
4.13709
4.11998
3.88649
4.39783
4.46221
4.48225
4.46233
4.5122
4.51675
4.51248
4.27668
4.04577
4.32012
4.23287
4.37468
4.53215
4.58334
3.51789
3.51951
3.51151
3.51279
3.51006
4.48034
4.5483
4.54892
4.54715
4.25703
4.35026
4.43755
4.05569
4.35879
4.17839
3.92389
4.40825
4.37737
4.17361
4.07798
3.95565
3.55047
3.52482
3.54318
3.52326
3.508
3.50801
3.508
3.508
3.50801
3.508
3.508
3.508
4.24757
4.48661
4.58714
4.50392
4.4434
4.3313
4.2791
4.14876
4.47133
4.50852
3.86202
3.82586
3.69232
3.81895
3.60765
3.7085
3.62122
4.63959
4.64261
4.15746
4.60302
4.4492
4.28634
4.34407
4.48898
4.07775
4.18458
3.51169
3.51014
3.51822
3.52131
3.51251
3.51532
3.52431
3.51395
3.54046
3.5198
3.52234
3.54157
3.51477
3.53783
3.51597
3.52688
4.65278
4.51731
4.29118
4.43811
4.47926
4.49866
4.5315
4.54897
3.6147
3.57513
3.55351
3.53726
3.64956
3.67668
3.50816
3.50838
3.5082
3.50808
3.50802
3.50801
3.50805
3.50802
3.50809
3.50802
3.50801
3.5195
3.53572
3.5324
3.52608
3.53783
3.51406
3.51638
3.53051
3.53673
3.88947
3.7544
3.71452
3.86103
3.88861
3.695
3.79127
3.74035
3.87842
4.57323
4.54044
4.61389
3.50809
3.50802
3.50837
3.50838
3.50823
3.50809
3.50804
3.50821
3.50811
3.50816
3.50804
3.50807
3.50803
4.40877
4.23488
4.17037
4.25293
4.10988
4.46814
4.1585
4.44
4.22214
4.38976
4.37095
4.29297
4.2341
4.0731
4.04905
4.55296
4.5315
4.4289
4.47007
4.56243
3.576
3.55048
3.58206
3.53936
3.54529
3.53454
3.53074
3.51521
3.51654
3.50807
3.50805
3.50803
3.50816
3.50805
3.50805
3.50806
3.97132
4.21057
3.92641
4.25241
4.04768
4.12119
4.25485
3.76108
3.99057
3.75626
4.07098
4.15466
4.48894
4.50286
4.48132
4.47271
4.33372
4.33372
4.48425
4.47515
4.45716
4.12372
3.83152
3.84206
4.06988
4.21283
4.04616
3.51219
3.51
3.50986
3.50922
3.50904
3.50804
3.50806
3.50803
3.50803
3.50802
3.50801
3.51638
3.52704
3.51774
3.5109
3.51106
4.02473
3.99732
3.80786
3.69138
3.90704
3.90154
3.74936
3.50846
3.50932
3.50948
3.51128
4.02038
4.22647
3.99434
3.76713
3.76082
3.97727
4.08409
3.69517
3.65205
3.57766
3.58389
3.77666
3.67446
4.05311
3.79489
4.27885
4.09418
4.10709
4.0673
3.81199
3.95222
3.95596
3.75304
3.6005
3.68942
3.59056
3.5081
3.50807
3.50803
3.50815
3.50842
3.50815
3.5081
4.4522
4.35039
4.28924
4.10486
4.09012
3.50811
3.50808
3.50806
3.50807
3.50805
3.50802
3.50802
3.50801
3.50802
3.50802
3.50804
3.50802
4.39615
4.13461
4.15338
4.27251
3.98344
3.99332
4.30165
4.34476
3.52154
3.57819
3.58011
3.54082
3.522
3.53347
3.68652
3.63755
3.56471
3.56584
3.64798
3.71236
3.50907
3.50844
3.50812
3.50857
3.50856
3.50831
3.52446
3.56932
3.56625
3.54265
3.53618
3.52791
3.62466
3.58958
3.64597
3.55303
3.52711
3.54369
3.58467
3.99393
3.85314
3.7989
3.6752
3.58774
3.76769
3.60995
3.51115
3.51289
3.51481
3.51357
3.51226
3.50802
3.50802
3.50801
3.50801
3.50801
3.50801
3.508
3.50801
3.508
3.54992
3.53527
3.72363
3.50679
3.5332
3.50807
4.3617
4.56734
4.47224
4.46672
3.58151
3.54685
3.50207
3.58096
3.98403
4.36838
3.90815
3.92984
3.78602
3.7182
3.60422
3.77494
3.65457
3.50872
3.50826
3.50861
3.51422
3.51097
3.51116
3.50981
3.5099
3.95524
3.77909
3.90867
3.75941
3.65968
3.69043
3.66316
3.50941
3.51075
3.50897
3.50948
3.50838
3.50858
3.98286
4.33515
4.2545
3.94568
4.34402
4.31815
4.1967
4.18283
4.09464
3.97756
3.81111
3.93292
3.51808
3.51246
3.51066
3.51443
3.52299
3.52201
3.55394
3.53458
3.53392
4.20247
4.08659
4.23016
3.51002
3.51199
3.51181
3.51678
3.51391
3.51555
3.51715
3.51868
3.51555
3.51449
4.04137
3.70541
3.94036
3.77796
3.68294
3.95859
3.77282
3.50935
3.50864
3.50818
3.50958
3.50863
4.53599
4.51366
4.55382
4.52698
4.46677
4.40248
4.37156
4.45284
4.49119
4.44447
4.24312
4.3212
3.69022
4.01158
3.64602
3.71467
3.8446
4.43118
4.05786
4.42239
4.11396
4.37595
4.36233
4.11214
4.14082
3.98626
3.50961
3.51125
3.50902
3.51058
3.50942
3.50986
3.51294
4.45785
4.54198
4.46457
4.4479
4.42394
4.43387
4.50877
3.50808
3.5081
3.50818
3.50804
3.50812
3.50802
3.50804
4.4321
4.43275
4.52451
4.4739
4.49064
4.47571
4.49085
4.43891
4.44011
4.54767
4.41993
4.42171
4.39454
4.44484
4.42616
4.44259
4.52376
4.42987
4.46012
4.51339
4.52166
4.47744
4.47444
4.51297
3.51243
3.51724
3.51436
3.51008
3.51063
3.50962
4.43166
4.43707
4.46991
4.42783
4.42891
4.51588
4.46081
4.46627
4.52111
4.41374
4.45244
4.4662
4.43173
4.42846
4.45474
4.50069
4.41685
4.42814
3.509
3.51732
3.51484
3.51782
3.51088
3.51275
3.51038
3.51267
3.51074
3.5111
3.50898
3.50935
3.50853
3.50828
4.42293
4.42137
4.52651
4.52162
4.53732
4.48873
4.25555
4.27608
4.12002
4.46027
4.42265
4.47759
4.52228
4.48443
4.52618
4.50199
4.52338
4.45695
4.43826
4.53165
3.51129
3.51352
3.5101
3.50863
3.50854
3.50916
3.51261
3.51045
3.50946
3.50989
4.40976
4.41282
4.46235
4.45169
4.49246
4.40785
4.41074
4.49589
4.40352
4.44728
4.49079
4.4653
4.51918
4.48809
4.43914
4.43311
4.42917
4.50013
4.42215
4.40179
4.43982
4.48723
4.41209
4.39053
4.41809
4.44004
4.50697
4.38506
4.42075
4.47792
4.4241
4.41355
4.49406
4.44348
4.40364
4.40108
4.43603
4.3907
4.42228
4.48323
4.41963
4.38853
4.19052
4.21847
4.04036
3.81555
3.96229
4.38447
4.43636
4.48119
4.39406
4.45366
4.44009
4.41759
4.40609
4.44723
4.35221
4.41342
4.47114
4.43235
4.41967
4.44402
4.463
3.50848
3.51131
3.50909
3.51145
3.50861
3.50921
3.9109
4.18864
3.85955
4.16678
4.42715
4.25826
4.14518
4.2385
4.44383
4.3929
4.43949
4.45727
4.45646
4.4685
4.46289
4.43562
4.43147
4.4396
4.43775
4.33706
4.33956
4.15417
4.17529
4.10808
4.07763
3.80293
3.51191
3.51207
3.51323
4.45236
4.3865
4.41687
4.33598
4.33314
4.42925
4.22817
4.41323
4.3986
4.27075
4.28225
3.84347
4.08694
4.13535
4.41116
4.41619
4.44097
4.45658
4.5002
3.78851
4.4149
4.12662
4.39401
4.36727
4.27454
4.04163
4.16623
4.23338
4.24277
4.30418
4.45205
4.2867
4.34312
4.1779
4.36998
4.34876
4.36052
4.34411
4.10754
4.14857
4.04374
4.17837
4.01914
3.76306
3.48452
4.19526
3.55104
4.23726
4.27867
4.06301
3.48233
4.10091
3.90913
3.99119
3.8911
4.11788
4.20778
4.05359
3.50838
3.50844
3.50838
3.50816
3.50817
3.50842
4.13035
4.03074
4.14419
4.0633
3.73188
3.52408
3.5165
3.51544
4.40065
4.40163
4.45104
4.24279
4.34898
4.31364
4.20939
4.23268
4.16691
4.10168
3.79065
3.82936
4.48924
4.29562
4.31328
4.44838
4.48743
4.5308
4.04247
3.83226
3.73261
4.11059
3.7859
3.64919
3.74144
3.75446
3.89042
4.09497
4.02645
4.16918
4.03735
4.46473
4.50305
4.51399
4.46738
4.46073
4.52248
4.42081
3.54122
3.66096
3.6173
3.54702
3.55477
3.55437
4.4468
4.42536
4.42404
4.39459
4.44584
4.37875
3.56692
3.54335
3.54038
3.51803
3.53075
3.51531
3.51218
4.41287
4.45062
3.51049
3.52323
3.5138
3.51165
3.52148
3.51176
3.51705
3.5097
3.5089
3.51986
3.52422
3.5157
3.51211
3.51317
3.51087
4.51061
4.51133
4.45798
4.45951
4.21992
4.48081
4.45105
4.46574
4.44134
4.45084
4.38416
4.34108
4.38118
4.38651
4.38349
4.29415
4.29284
4.18234
4.14756
4.24457
3.77519
3.97011
3.91056
3.93316
3.70126
3.59346
3.77079
3.61875
3.50835
3.50872
3.50839
3.50838
3.50821
4.22731
4.08589
4.22395
3.56162
3.53281
3.55817
3.52437
3.51358
3.53596
3.51334
3.52326
3.75473
4.27556
4.13033
3.98285
3.95781
3.93943
3.73626
3.64982
3.53847
3.83625
3.8905
3.88471
3.71447
3.62905
3.58834
3.84868
3.74156
3.70855
3.72631
4.48292
4.43313
4.24083
4.35136
4.2512
4.22815
4.12058
4.07073
3.8393
3.58538
3.54897
3.54878
3.53283
3.53152
3.51741
4.48282
4.2047
4.02374
4.43277
4.25607
4.21132
4.42213
4.39018
4.4394
4.25438
4.41139
4.37827
3.80734
3.69286
3.79207
3.61351
3.76844
3.66282
3.70057
3.64707
3.62237
3.55855
3.55115
4.49452
4.45298
4.43087
4.25111
4.23661
4.41418
4.40524
4.14401
4.16521
3.51252
3.51531
3.50859
3.51107
3.51023
3.50905
3.9316
4.12489
3.89372
3.99696
3.82282
4.47069
4.49243
4.46582
4.4491
4.26154
4.25608
4.13968
3.50805
3.50806
3.50803
3.50803
3.50803
3.50802
3.50801
3.50801
4.42878
4.28241
4.41528
4.42089
3.80398
3.65767
3.60739
3.9208
3.80523
3.66246
4.42171
4.3911
4.37814
4.37944
4.36635
4.37458
3.50806
3.50804
4.04368
3.7801
4.0014
4.09981
4.11155
3.53622
3.54689
3.56519
3.52087
3.62098
3.6193
4.42991
4.43851
4.42559
4.25128
4.46236
4.26565
4.29265
4.43203
4.45098
3.82724
3.78559
3.68933
3.71864
3.6472
3.56508
3.51101
3.51078
3.50876
3.50911
3.50949
3.50949
4.33247
4.24168
4.26474
4.06211
4.06675
3.9552
3.51868
3.51248
3.54949
3.51373
3.59333
3.55065
3.55463
3.53215
3.53001
4.40524
4.4182
4.32159
3.72592
3.62253
3.55258
3.65085
3.59887
3.61974
3.63049
3.57969
3.5439
3.56001
3.53424
4.43966
4.28294
4.27658
4.42218
4.38752
4.4781
4.4244
4.06421
4.17161
4.27535
4.20869
4.27101
3.50803
3.50805
3.50802
3.50805
3.50803
3.50803
3.50801
3.50801
3.50805
3.50802
3.50803
3.50801
3.50801
4.40229
4.35433
4.43229
4.4183
4.27123
4.26569
3.52312
3.52615
3.51843
3.51281
3.52871
3.51994
3.51357
3.5127
3.51739
3.52624
3.51039
3.50847
3.50913
3.50915
3.50919
3.5089
3.50862
3.50826
3.50837
3.52812
3.52067
3.51399
3.52227
4.4759
4.25645
4.07985
4.46281
4.26998
4.41809
4.44362
4.4532
4.43069
3.51358
3.51462
3.51243
4.00443
3.98185
3.8153
3.80027
3.71957
4.32931
4.23901
4.07449
4.16801
4.06177
3.88331
4.0767
3.8503
3.50813
3.50805
3.50812
4.47123
4.45453
4.39085
3.59445
3.57062
3.74367
3.56711
3.66103
3.53263
3.5185
4.41089
4.36672
4.38921
4.17296
4.41177
4.39834
4.16894
4.06699
4.04565
3.93772
3.8879
4.44772
4.21883
4.40463
4.45739
4.4165
4.41524
4.38148
3.50894
3.51095
3.50835
3.50896
4.41624
4.39797
4.24143
4.45343
4.42882
4.38175
4.41852
4.41719
4.25328
4.39763
4.323
4.4181
4.4039
4.35286
4.40413
4.42334
3.79223
3.62856
3.79229
3.64433
4.43687
4.40942
4.42542
4.43161
4.37955
4.15577
3.62853
3.64964
3.7147
3.57915
3.56995
4.44506
4.43449
4.3941
4.18453
4.41616
4.38454
3.51935
3.53411
3.5425
3.53832
3.5656
3.52283
3.54039
3.52479
4.18163
4.04254
4.12825
3.50801
3.50801
3.50804
3.50802
3.50801
3.508
4.40674
4.43149
4.40755
4.36411
4.41135
4.42072
4.36555
4.40728
4.37571
4.43023
4.40221
4.37121
4.34326
4.37794
4.3691
4.42043
4.30169
4.38482
4.30813
4.39401
4.40887
4.22627
4.09668
4.2591
4.42773
4.10482
4.19511
4.16799
4.44562
4.28613
4.30862
4.39088
4.41871
3.50868
3.50838
3.50823
3.50837
3.50817
3.5082
3.50822
3.50812
3.53839
3.56822
3.51187
3.5438
3.53055
3.5268
3.51725
3.5154
4.41392
4.42239
4.35998
4.2388
4.4224
4.38571
4.15606
3.51285
3.5114
3.5154
3.5101
3.51132
3.5532
3.58235
3.57765
3.86549
3.7251
3.58351
3.54916
3.58902
3.58873
3.55069
3.526
3.55077
3.53763
3.51925
3.52796
4.20854
4.10949
3.72863
3.80131
3.84379
4.0682
4.05254
3.55159
3.59703
3.53329
3.54883
4.41165
4.35939
4.11152
4.39183
4.41441
4.42047
4.21078
4.13677
4.00706
4.28158
4.19579
4.03365
4.24307
4.20614
3.85625
4.12042
4.06574
3.95526
3.85701
4.05319
4.00011
3.52687
3.54852
3.54451
3.55756
3.71296
4.06256
4.09767
3.84246
3.508
3.508
3.508
3.508
4.24789
4.23412
4.35034
4.37285
4.36918
3.50852
3.50824
3.51077
3.50923
3.50887
3.51536
3.51237
3.51124
3.50989
3.5097
3.51286
3.51583
3.49539
3.50836
3.5082
3.50808
3.50854
3.50955
3.50863
3.50821
3.50818
3.50812
3.50899
3.50851
3.67561
4.03375
3.85301
3.54331
3.59025
3.5839
3.56791
3.54056
3.53945
3.53057
3.53339
3.5161
3.51675
3.51111
3.522
3.4978
3.641
3.6741
3.6342
3.6942
3.78489
3.75733
3.85517
3.72845
3.71746
3.65284
3.65947
3.58343
3.57999
4.1792
4.41535
4.34998
4.10973
3.86383
4.04367
4.13721
4.05642
4.14203
3.8309
3.74346
4.41169
4.34494
4.37559
4.13066
4.19689
4.43849
4.367
4.3848
4.40929
4.30963
4.37014
3.50847
3.50849
3.50841
3.50819
4.28578
4.27235
4.02958
3.86743
4.1383
4.05641
3.81258
3.9646
4.20403
4.08935
4.08484
3.86531
3.88154
3.508
3.50801
3.508
3.508
3.508
3.508
3.508
3.508
3.508
3.508
3.51272
3.54068
3.53292
3.518
3.51426
3.51687
3.52041
3.52093
3.53796
3.54927
3.54347
3.5591
3.59268
3.59771
3.56418
3.52606
3.52402
3.56056
3.54774
3.80328
3.79819
3.77828
3.68757
3.72471
3.67928
3.68106
3.50817
3.50822
3.50823
3.50817
3.50808
3.50805
3.50812
3.5081
3.52864
3.51506
3.51112
3.52357
3.54033
3.51406
3.52534
3.511
3.51408
3.50941
3.50956
3.51004
3.51107
3.51077
3.50911
3.50887
4.2674
4.28654
4.3048
3.90087
3.87735
3.74302
3.71031
3.64759
3.66976
3.58943
3.52603
3.54721
3.57278
3.51961
3.53606
3.94046
4.21
4.07568
4.02041
3.83363
3.86783
3.51442
3.52253
3.50738
4.32765
4.16292
4.06513
4.13811
4.27355
4.31201
4.28757
4.29021
3.51029
3.50911
3.50832
3.50937
4.34827
4.29357
4.32653
3.72997
3.91848
3.91335
3.74529
3.89087
4.10311
3.97039
3.97976
3.7649
3.75974
3.92679
4.00025
3.90914
4.18481
4.35758
4.33354
4.33804
4.23085
4.23692
3.63733
3.63556
4.01915
3.83154
3.70762
3.50803
3.5084
3.50817
3.50808
3.50811
3.50825
3.5206
3.5137
3.54278
3.5112
3.51213
3.52454
3.51581
3.51996
3.53982
3.53068
4.06576
3.9854
4.14454
4.09308
3.89723
3.64761
3.8781
3.73248
4.30011
4.32454
4.26382
4.10382
4.26193
4.2339
4.14171
4.02892
3.81713
3.8381
3.98797
4.08286
4.20514
4.03787
3.94121
4.19569
3.99628
4.14181
4.04417
3.92282
4.11714
4.10857
3.95428
3.98391
3.94241
3.89653
3.51038
3.50927
3.50889
3.51025
3.53763
3.60107
3.55534
3.67062
3.72348
3.63198
3.53203
3.51725
3.56248
3.54665
3.53033
3.51793
3.50858
3.50985
3.51456
3.51688
3.508
3.508
3.508
3.508
3.508
3.508
3.508
3.508
3.508
3.508
3.51643
3.51058
3.50927
3.51008
3.51211
3.50991
4.23832
4.03752
4.17113
4.14674
4.04608
3.98717
3.91541
3.51088
3.50854
3.5101
3.50951
3.50895
3.5088
3.75934
3.73533
3.6892
3.59154
3.63348
3.53885
3.55905
3.57853
3.50975
3.51043
3.50886
3.51073
3.51871
3.51843
3.51266
3.51174
3.51309
3.50801
3.50801
3.54748
3.52537
3.52145
3.53458
3.54818
3.51035
3.51209
3.51795
3.5153
3.51168
3.50814
3.50846
3.50809
3.5082
4.32403
4.35453
4.33768
4.13878
4.14371
4.28198
4.21236
4.30908
4.36874
4.08217
4.28951
4.21293
4.18241
4.29388
4.35407
3.51177
3.52895
3.51186
3.52037
3.52343
3.5159
4.36256
4.32133
4.31561
4.10138
4.23669
4.17276
4.25898
4.21504
3.50919
3.50845
3.5086
3.52205
3.5357
3.59301
3.57769
3.58307
3.65929
3.47628
4.10397
4.20573
4.21553
3.72972
4.13496
3.99168
3.51759
4.07574
3.97772
4.24118
3.8305
4.08326
4.02028
4.09129
3.99219
3.98706
3.82259
3.82466
4.39517
4.31156
4.30473
4.28663
4.1421
4.10848
4.35056
4.2794
4.26673
4.26941
4.22675
4.12898
4.27686
4.3125
4.23456
4.14877
4.16196
4.28431
4.28199
4.2806
4.33084
4.24981
4.23477
4.31458
4.27459
4.28942
4.35874
4.22274
4.21488
4.25734
4.23838
4.27338
4.29741
4.35391
4.28521
4.32584
4.26517
4.23745
4.31121
3.95147
3.79956
3.78292
3.70858
3.94321
4.02983
4.30907
4.27107
4.27061
4.33495
4.2627
4.28419
4.21632
4.24719
4.31174
4.29442
4.2452
4.31538
4.30926
4.26546
4.26421
4.21889
4.25711
4.31252
4.26576
4.26793
4.25287
4.3353
4.24663
4.34015
4.26235
4.25822
4.32693
4.27991
4.30587
4.25308
4.30204
4.32369
4.30344
4.33722
4.29713
4.3164
4.35437
4.28206
4.2473
4.16202
4.30164
4.3043
4.35725
4.2157
3.93391
3.99857
4.06906
4.24628
4.31804
4.33668
3.52761
3.51775
3.51363
3.51678
3.52632
4.28197
4.24723
4.24593
4.21
4.34451
4.24897
4.25457
4.32206
4.28242
4.27456
4.25588
4.32641
3.79636
3.65525
3.70435
3.76834
3.8401
4.23991
4.23587
4.30592
4.26812
4.25903
4.2832
4.34146
4.22997
4.25016
4.30797
4.25145
4.24461
4.34041
3.64047
3.69337
3.6499
3.56127
3.55976
4.25007
4.25434
4.30883
4.24355
4.30571
4.2528
4.24058
4.30994
4.24979
4.23614
4.25197
4.28774
4.23985
4.24751
4.3252
4.26489
4.29423
4.24916
4.17611
4.16451
4.24347
4.2548
4.30138
4.30117
4.32796
4.24803
4.22322
4.2395
4.24718
4.25272
4.31147
4.32555
4.26616
4.24415
4.21268
4.24527
4.27034
4.24283
4.33717
3.51345
3.55547
3.54013
3.53854
3.52087
3.52157
4.30632
4.24198
4.22159
4.21286
4.23729
4.34044
4.29471
4.34624
4.26839
4.28067
4.26997
4.29726
4.25628
4.29184
4.23932
4.25929
4.12638
4.1127
4.22809
4.20505
4.2435
4.28982
4.25586
4.23441
4.13786
4.10778
4.24405
4.22132
3.53301
3.51197
3.50991
3.5138
3.52057
3.52153
3.59436
3.51749
3.51514
3.52163
3.52069
3.52471
3.55271
3.53766
3.51399
3.51274
3.51147
3.51219
4.23683
3.51132
3.52404
3.55475
3.52304
3.53907
4.27077
4.21472
4.30235
3.57193
3.62057
3.55012
3.65769
3.69051
3.8091
3.70424
4.12896
4.25138
4.11718
4.01064
4.08985
3.55052
3.67206
3.57126
3.6375
3.55761
3.53095
3.54829
3.52721
3.59085
4.10843
3.99254
4.00603
4.09581
4.08513
4.06265
3.63452
4.00061
3.9245
3.73497
3.79041
3.97944
3.94142
3.78496
3.87595
3.71705
3.72158
3.65766
3.59377
3.61426
4.21993
3.51134
3.51125
3.51143
4.27547
4.27737
4.30282
3.50805
3.50804
3.50801
3.50802
3.50801
3.50801
4.27618
4.30284
4.24847
4.12817
4.26205
4.24519
4.2648
3.51867
3.51224
3.50294
4.27533
4.13013
4.20243
4.1352
4.1271
4.25181
4.25875
3.59629
3.55585
3.57248
3.59281
3.54407
3.5591
3.53756
3.52053
3.54303
3.52151
4.09707
4.11102
4.29025
4.20972
4.24145
4.26742
4.21262
4.17602
4.17081
3.50842
3.51351
3.51182
3.50976
3.51001
3.50807
3.5084
3.50926
3.50859
3.50888
3.50843
3.50855
3.50819
3.50823
4.23299
4.25786
4.26394
4.13262
4.114
4.20357
4.25436
4.27482
4.27692
4.31881
3.54194
3.52052
3.52436
3.53643
3.52618
3.54646
4.05558
4.20022
4.08552
3.76438
3.9987
3.82776
4.08367
3.59899
3.78982
3.51195
3.53577
3.90983
3.48624
3.51201
3.5178
3.51463
3.51326
3.51203
3.51104
3.50929
3.50951
3.5091
3.50964
3.51273
3.51731
3.51066
3.51895
3.51273
4.16446
4.0003
3.93798
3.83133
3.97248
4.02291
3.77642
3.68696
4.25291
4.20167
4.24989
4.27292
4.13003
4.24642
4.21034
3.60586
3.57529
3.53894
3.52914
3.53909
3.68406
3.80197
3.82454
3.69589
3.63337
3.55337
4.23075
4.25168
4.21223
4.18718
3.509
3.50843
3.50851
3.50833
3.50811
3.72919
3.63411
3.65226
3.56919
4.00409
3.85726
4.06458
4.11835
3.8695
4.02874
4.13151
3.81242
3.84562
3.84396
3.6956
4.26202
4.25852
4.26588
4.08474
4.10981
4.21098
3.67975
3.71571
3.61492
3.66373
3.71649
3.65291
3.63473
3.5839
3.62406
3.54914
3.57006
3.53752
3.52982
3.51732
3.51534
3.55933
3.53589
3.54481
3.52924
3.52416
4.2824
4.17304
4.25627
4.28937
4.14301
4.19144
4.05017
4.23556
4.26751
4.10109
4.24454
4.10733
4.1067
4.2122
4.24701
3.71089
3.59313
3.73248
4.09828
4.15988
4.15683
4.05054
3.97938
4.02562
3.98455
3.94169
3.80974
3.78796
3.9145
3.71883
3.83402
3.84283
3.5713
3.66185
3.71717
4.22878
4.22403
4.2624
4.15129
3.50884
3.50876
3.50859
3.50925
3.50877
3.50948
3.55132
3.53715
3.5146
4.29053
4.26891
4.22633
4.27928
4.04053
4.21635
4.15129
3.99528
4.06815
3.72214
3.97895
3.77134
4.08621
3.51033
3.50966
3.51638
3.52319
3.52231
3.51745
3.51284
4.24933
4.02089
4.14351
4.26157
4.28064
4.22324
4.18853
4.18677
4.24571
4.2455
4.21841
4.03557
4.06294
4.22926
4.22975
4.18512
4.23629
4.08168
4.27977
4.19654
4.20773
4.17113
4.18951
4.07989
4.22609
4.11675
4.23874
4.2277
3.97711
4.04906
4.15809
4.10845
4.12536
4.26997
4.2405
4.08787
4.1035
4.20573
3.50834
3.50863
3.5083
3.50815
3.50814
3.6886
3.64444
3.58423
3.56718
3.55373
3.63629
4.25669
4.25002
4.13904
4.22427
4.27095
4.23225
4.18895
4.26435
4.23468
4.20027
4.22812
4.15899
4.01857
4.06115
3.90447
3.76084
3.91913
4.07689
4.24183
4.24601
4.25384
4.07189
4.24046
4.2043
4.14808
3.52773
3.52636
3.53707
3.5808
3.59342
3.64318
3.6735
4.26273
4.2635
4.21012
4.20128
4.16808
4.2691
4.25136
4.0884
4.21894
4.19968
3.50832
3.50806
3.5082
4.24625
4.20591
4.19757
4.16716
4.24535
4.25682
4.23004
4.19204
4.03757
4.05376
3.50997
3.51023
3.51054
3.50959
3.50951
3.51012
3.50922
3.50904
3.50977
3.51337
3.52258
3.52618
3.53296
3.54095
3.51896
4.23189
4.10331
4.08321
4.22646
4.17975
4.18235
4.20034
4.11953
4.18955
3.93257
4.19929
4.21467
4.03313
4.27013
4.18534
4.07883
4.30638
4.22031
4.23714
4.07994
4.23017
4.20021
3.94667
4.05752
4.06182
3.87614
3.93302
3.8379
4.2376
4.19935
4.19609
4.09092
3.53515
3.51742
3.5469
3.53225
4.25378
4.12274
4.13023
4.21611
4.23919
3.51185
3.51775
3.51038
3.50958
3.51521
3.51238
3.51787
3.50911
3.51097
3.51546
3.51066
3.51066
3.51328
3.51189
3.51685
3.51185
3.51213
3.5111
3.98312
3.95064
3.86875
3.72137
3.70249
3.82062
3.83501
3.66995
3.57644
3.57222
3.66648
3.73839
4.0683
4.20816
4.16317
4.17073
4.04245
4.1154
3.98649
4.02987
3.94457
4.0124
3.9237
3.73553
4.24616
4.24412
4.14671
4.13867
4.12288
4.22898
4.2321
4.204
3.80902
3.83934
3.86449
3.92835
3.91612
3.72138
3.67735
3.79757
3.64908
3.68898
3.58465
3.59574
3.71568
3.83424
3.6568
3.71616
3.65753
4.23427
4.21139
4.22796
4.19705
4.15074
4.00914
3.95483
3.9878
4.24048
4.20001
4.07227
4.22771
4.19165
3.68226
3.59267
3.666
3.56952
3.59003
3.54194
3.50803
3.50802
3.50801
3.508
3.50802
3.50801
4.1839
4.14871
3.93677
4.02736
3.90942
3.51845
3.51462
3.51294
3.51193
3.51108
3.50917
3.50946
4.12431
4.01624
4.06798
3.50935
3.5086
3.50826
3.50874
3.50809
3.50824
4.14005
4.07553
3.9416
3.97647
3.74976
3.84717
3.72289
3.68734
3.64203
3.50823
3.50854
3.50889
3.50815
3.50833
3.50817
3.73714
3.72524
3.66666
3.65312
3.65719
3.70345
3.70366
3.60663
3.60439
3.51106
3.51147
3.51052
3.51483
3.51125
3.54283
3.53058
3.53669
3.59898
4.22163
4.14516
4.13188
4.19875
4.17253
3.94913
3.96887
3.7393
3.89795
4.14529
4.11943
3.99709
4.05507
3.92239
4.12255
4.12091
4.25675
4.14132
4.0158
3.90635
3.78754
3.89055
3.73064
3.67683
3.6182
4.03933
4.1136
4.17809
4.21272
3.51284
3.51951
3.51792
3.50861
3.51107
3.51325
3.50984
3.50927
3.51144
3.5166
3.51479
3.87454
3.86089
3.53063
3.58398
3.71754
3.77077
3.56157
3.57569
3.51376
3.51403
3.51132
3.51543
3.5231
4.07385
4.12267
3.90288
3.79202
3.78677
3.70534
3.65876
3.58813
3.58065
3.70077
3.65237
3.50862
3.50948
3.50891
3.50855
3.50883
3.50857
4.12492
4.06234
3.97932
3.97764
3.94345
3.88549
3.77613
3.77952
3.51229
3.5126
3.52078
3.52046
4.16329
4.10172
4.14894
4.13582
4.10359
4.05658
4.06638
4.12782
4.14708
3.51094
3.51863
3.50942
4.12111
4.07741
3.96464
3.80451
3.89834
3.97394
3.93332
3.80406
3.50821
3.5081
3.50818
3.50851
3.50848
3.50892
3.50873
3.56794
3.63536
3.53834
3.52809
3.59703
3.55447
4.00858
4.00218
3.9335
3.91113
3.77219
3.75515
3.51078
3.51096
3.72949
3.6259
3.68595
3.60736
4.07003
3.99903
4.04451
4.08689
3.96661
3.93557
3.89747
3.87559
3.76432
3.76198
4.06652
4.00236
4.04566
3.95869
4.13877
4.09933
3.55484
3.52801
3.55179
3.5863
3.53129
3.51515
3.51641
3.51295
3.52606
3.51699
3.78243
3.74666
3.77712
3.6362
3.56422
4.12212
4.16137
4.15794
4.11622
3.51902
3.54817
3.53713
3.54032
3.54984
3.57248
4.11192
4.17198
4.12123
4.06846
4.06001
4.01742
3.96524
3.93593
3.90566
3.95407
3.92955
4.1568
4.14313
4.20079
3.51289
3.51647
3.51052
3.73801
4.02488
4.06773
4.02447
3.99716
3.83119
3.87096
3.56603
3.62768
3.76974
3.6941
3.62157
3.65788
3.87558
3.72995
3.79142
3.89183
3.71495
3.51268
3.51006
3.51061
3.51049
3.50997
3.50916
3.50971
3.72222
3.66542
3.55812
3.63487
3.6053
3.64373
3.508
3.508
3.508
3.508
3.508
3.508
3.55065
3.53383
3.61812
3.56106
3.57129
3.53746
3.54341
4.16276
4.17956
4.15371
3.51245
3.51766
3.5139
3.50944
3.5093
3.51257
3.51118
4.07639
3.94577
4.07425
4.05912
3.98386
3.94029
3.87068
3.8843
3.74354
3.74201
3.96441
3.99148
3.86157
3.76729
3.81461
4.15624
4.14833
4.09797
3.97295
4.0017
4.12709
3.76526
3.68566
3.56575
3.57134
3.67602
3.63215
3.63754
3.50803
3.508
3.50801
3.50801
3.50802
3.50801
3.508
3.508
3.508
3.508
3.508
3.50804
3.50811
3.50801
3.50803
3.50806
3.50801
3.50802
4.03156
4.01183
4.0181
4.11083
4.04047
4.04777
3.58625
3.56746
3.57037
3.55398
3.54444
3.52728
3.52597
3.51359
3.50982
3.51622
3.51587
3.51336
3.52488
3.5235
4.17048
4.1412
4.09803
3.51062
3.50871
3.50857
3.50933
3.50851
4.09585
4.01973
4.0588
3.9024
3.94646
3.94845
3.85749
4.17253
4.16248
4.13543
4.12349
4.12459
4.14992
4.12406
4.1153
4.11173
4.08797
4.07042
4.08974
4.11844
4.08786
4.07988
4.11121
4.13514
4.09467
4.10806
4.14866
3.50957
3.50921
3.50882
3.50852
3.50841
3.50829
4.08948
4.0809
4.12406
4.14742
4.14323
4.07298
4.06752
4.08865
4.11006
4.10161
4.13555
4.14338
4.13606
4.09544
4.12281
4.10821
4.08917
4.12609
4.12416
4.08848
4.10984
4.08526
4.11351
3.51679
3.51447
3.51275
3.51027
3.51132
3.51551
3.5135
4.14113
4.10941
4.13308
4.11807
4.15111
4.14039
4.09722
4.1003
4.16456
4.11525
4.10194
4.1455
4.10254
4.08516
4.13649
4.10278
4.12339
4.1483
4.11117
4.09572
4.17739
4.11011
4.08387
4.15237
4.07462
4.18623
4.1287
4.12454
4.10316
4.06276
4.00205
4.11342
4.12879
4.15286
4.14367
4.0982
3.51016
3.51667
3.51514
3.51144
3.51182
3.51072
3.50827
3.50964
3.50957
3.51215
3.50906
3.51
3.51428
3.51173
3.51187
3.50962
3.50869
4.11886
4.09259
4.12985
4.14124
4.11539
4.10413
3.50803
3.50809
3.50828
3.50816
3.5083
3.50813
3.75569
3.76159
3.73526
3.66486
3.6707
3.61973
4.09484
4.10862
4.10652
4.10985
4.14314
4.08809
4.10014
3.50814
3.50807
3.50803
3.50803
3.50807
3.85646
3.84476
4.1376
4.1028
4.08444
4.10498
4.02166
4.09328
4.12038
4.05834
4.00242
3.98478
4.07403
4.05691
4.14417
4.11176
4.08905
4.125
4.0983
4.0629
4.09967
4.10957
4.10762
4.12901
4.08415
4.09789
4.14711
4.04311
4.0635
4.07319
4.09787
4.1432
4.11208
4.10337
4.13534
4.09121
4.06742
4.1163
4.06626
4.07803
4.12066
4.10088
4.0915
4.10492
3.52439
3.51739
3.52515
3.5192
3.519
3.52683
3.51276
3.51306
4.05223
4.08759
4.12827
4.08222
4.07227
4.12356
4.07978
4.09598
3.80422
4.03101
4.011
3.94921
3.87691
3.8479
3.77968
3.71607
4.13395
4.093
4.08155
4.08962
4.06405
4.14818
4.14388
4.1107
4.08978
3.83428
3.73696
4.1275
4.0644
4.06036
4.04481
4.00597
3.96135
3.93677
3.9202
3.88293
3.87369
3.81255
3.74812
3.71875
4.10028
4.07385
4.09072
4.11237
4.11669
4.10712
4.11048
4.07419
4.08442
4.12199
4.05768
3.52745
3.56054
3.53726
3.53096
3.52093
3.52712
3.51332
3.51529
3.5199
3.51054
3.50952
3.51123
3.51445
4.13149
4.11347
4.0891
4.13459
4.08838
4.12463
4.00084
4.08502
4.06695
3.98383
3.65448
3.68453
3.65342
3.58032
4.1155
4.08741
3.51093
3.50882
3.50934
4.07479
4.09504
3.508
3.508
3.508
3.508
3.508
3.508
4.10373
4.14221
4.12475
4.11244
4.09148
3.5546
3.51849
3.53123
3.54831
3.53724
3.52981
3.52642
3.55021
3.53943
3.51395
3.52894
3.51341
3.52176
3.51069
3.51599
3.51112
3.94018
3.94101
3.98168
3.92383
3.78765
3.80993
3.7062
3.79792
3.84569
3.77134
3.65368
3.61652
3.66638
4.0049
4.03069
4.01383
3.51062
3.51601
3.51889
3.54705
3.49533
3.53682
3.97588
3.80029
4.03429
4.03584
3.50573
3.93418
3.76056
3.53519
3.59153
3.54626
3.57443
3.54526
3.53447
3.52262
3.50818
3.50803
3.50808
4.10021
4.06969
4.1142
4.0722
4.07467
4.10316
4.08517
3.98579
4.02851
3.95271
4.04603
4.02539
4.02241
4.01154
3.93439
3.79046
3.90529
3.9082
3.86798
3.77053
3.69886
3.77398
3.5099
3.51502
3.50829
3.50826
3.51193
3.5116
3.50974
3.50891
3.50864
3.50937
3.51761
3.51696
3.51498
3.5285
3.52693
4.02436
3.93355
3.91019
3.85698
3.7438
3.69321
3.78176
3.80475
3.81375
3.69581
3.68362
3.65164
3.63983
3.57187
3.57169
4.10377
3.96382
4.05812
3.94946
4.06896
4.04961
4.10519
3.98814
4.09172
4.09861
3.97159
3.98521
4.05804
3.51011
3.51079
3.51044
3.65643
3.74244
3.72761
3.66399
3.63949
3.62947
3.56799
3.57854
4.08749
3.95094
3.98188
4.0749
4.04631
4.05416
4.02361
3.51044
3.5105
3.51025
3.73919
3.7176
3.57521
3.55153
3.65994
3.66593
3.58431
3.96787
3.94592
3.86753
3.83494
3.8701
3.8434
3.66554
3.70773
3.50863
3.50841
3.50816
3.50808
3.50829
3.50813
3.51464
3.51125
3.51468
3.55343
3.53911
3.54266
3.57634
3.52403
3.52395
3.53269
3.53262
3.54339
3.51472
3.51072
3.5192
3.51694
3.51163
3.52433
4.04111
4.0367
3.52116
3.51336
3.51682
3.52606
3.51983
3.51313
3.51001
3.5143
3.50944
3.51168
4.09118
4.08389
4.09166
4.04136
3.93059
3.8146
3.904
3.5378
3.52272
4.05792
3.55283
3.55201
3.5318
3.53495
3.54142
3.52314
3.525
4.11183
3.95183
3.92404
4.05937
4.08691
4.09256
4.02788
3.94774
3.99055
3.508
3.508
3.508
3.508
3.508
3.508
3.508
3.508
3.508
3.508
4.09365
4.09157
4.01011
4.07554
4.04155
3.49096
3.52754
3.98442
3.78509
3.49176
3.56116
3.97086
3.85546
4.0851
4.092
3.99593
4.09841
4.05204
3.98264
4.00018
3.57592
3.54641
3.52177
3.53807
3.51831
3.508
3.508
3.508
3.508
3.508
3.508
4.07484
3.99355
3.99316
4.06988
4.04023
4.08709
4.05375
4.04076
4.0632
4.07013
4.05778
4.03868
3.96193
3.99821
4.08493
3.50861
3.50818
3.509
3.50891
3.51066
3.51011
3.91691
3.84336
3.51435
3.51316
3.50977
3.5097
3.51076
3.50982
3.51107
3.50948
3.51022
3.51149
4.06512
4.07418
4.07419
4.09832
3.92286
3.89395
3.91399
3.79777
3.78852
4.03256
4.00473
3.94678
3.8118
3.76082
3.86388
3.9311
3.79501
4.07666
4.09575
4.04249
4.09629
3.98855
4.08632
4.05885
4.03433
3.9789
3.94192
4.04055
3.54922
3.50768
3.51897
3.55516
3.51919
3.51496
3.52637
3.51786
4.0532
4.03517
4.02677
3.91191
3.903
3.83559
3.82617
3.76855
3.63501
3.57817
3.67316
3.7624
3.54987
3.54607
3.54989
3.6072
3.65893
4.08577
4.08119
4.1007
4.03134
3.98594
4.04791
4.07801
4.09707
3.98436
4.07376
4.03622
3.95299
3.75115
3.70429
3.70305
3.64844
3.59125
3.60437
3.56085
3.56054
3.64664
4.05227
4.04661
4.05927
4.02657
3.93814
4.0693
4.08535
4.03812
4.08101
4.05818
3.94983
3.88273
4.08019
4.05058
3.90759
3.86772
4.09132
4.03831
4.06924
4.084
4.04094
4.01945
4.00269
3.51375
3.51178
3.51033
3.51295
3.51473
3.52268
3.50747
3.51624
3.5198
4.07995
4.03203
4.02772
4.06581
4.07572
4.04761
3.96961
3.90046
4.06307
4.08479
4.02658
3.94845
3.93221
4.04239
3.52554
3.51555
3.51355
3.51097
3.52707
3.53892
3.55443
4.06434
4.03727
4.01324
3.98813
4.02747
3.94291
4.05286
4.06054
4.02438
3.99385
4.07621
3.88698
4.04745
4.01605
3.94464
3.92203
4.07808
4.07774
4.04101
4.01879
4.07788
3.95814
4.07389
3.9979
4.04227
3.99853
4.04594
4.05192
4.06558
4.07676
3.87946
4.01984
4.01179
3.89802
3.90045
3.51048
3.50917
3.51078
3.50863
3.5091
3.50931
4.0841
3.99706
4.06324
3.97099
3.9562
4.03734
3.50946
3.50892
3.50848
3.50855
3.92575
4.04316
3.95512
4.06215
3.88333
3.87597
3.81151
3.84453
3.69404
3.73442
4.08088
3.96859
4.06462
4.04222
3.95113
3.95057
4.02648
3.68373
3.69605
3.68966
3.64161
3.63482
3.57621
3.57959
4.07762
4.07456
4.04438
3.94233
3.92177
3.508
3.508
3.508
3.508
3.508
3.508
3.508
3.68266
3.64517
3.6314
3.57173
3.57542
3.99135
4.04139
3.99323
4.01611
4.01704
3.9522
3.95329
3.95358
4.05933
4.03506
3.89728
3.52858
3.52563
3.51897
4.04974
3.99355
3.89571
4.05681
3.92889
4.0223
4.06901
4.07575
4.0343
4.05057
4.01575
3.55083
3.56101
3.54044
3.54331
3.52491
4.08299
4.06605
3.95881
4.02554
3.97252
4.01069
4.04836
3.9584
4.02037
3.84507
3.83571
3.65498
3.66932
3.60634
3.67353
3.50973
3.50975
3.51318
3.51055
3.51344
3.51074
3.77896
3.95065
3.91128
3.78607
3.87399
4.00981
3.9169
3.88347
3.82904
3.78077
3.95751
3.95417
3.99399
3.9957
3.99505
3.63064
3.6079
3.56303
3.60814
3.66087
3.89532
3.86231
3.98159
3.8826
3.87053
3.99815
3.93693
3.89316
4.0247
4.01783
3.82634
3.8869
3.61733
3.70071
3.63334
3.57057
3.56953
3.68229
3.63563
3.59057
3.54939
3.67331
3.78957
3.84591
3.74339
3.90307
3.9297
3.80077
3.56077
3.62389
3.71585
3.62195
3.69798
3.64515
3.65616
4.01177
3.96475
4.01028
3.99579
3.98759
3.8578
3.90844
3.5623
3.56063
3.74185
3.60213
3.8799
3.90415
3.95087
3.74924
3.75853
3.51382
3.52483
3.51143
3.50904
3.52136
3.52228
3.51114
3.51462
3.51608
3.50934
3.50891
3.51055
3.51034
3.51251
3.50922
3.50935
3.50961
3.50917
3.50889
3.51686
3.51301
3.50959
3.51101
3.5093
3.51016
3.51165
3.84952
3.77916
3.7715
3.9117
3.92568
3.9152
3.95794
3.99103
3.88045
3.86313
3.90157
3.90645
3.75407
3.75268
3.9779
3.51256
3.51054
3.51181
3.52192
3.52154
3.51749
3.51127
3.51666
3.51447
3.50958
3.51055
3.55233
3.55119
3.60861
3.6548
3.55626
3.89307
3.78092
3.79596
3.95666
3.95148
3.96714
3.95262
3.9528
3.51601
3.51419
3.51113
3.51156
3.52072
3.51641
3.51027
3.50862
3.50861
3.50925
3.50844
3.50851
3.99142
3.99293
3.92377
3.85756
3.88129
3.86463
3.79984
3.7823
3.79777
3.50767
3.50449
3.51401
3.52087
3.53433
3.88702
3.94351
3.86746
3.86892
3.73548
3.73407
3.508
3.508
3.508
3.508
3.508
3.508
3.508
3.508
3.50826
3.50808
3.50824
3.50807
3.50861
3.50856
3.50894
3.51882
3.51959
3.51434
3.51137
3.51342
3.50992
3.51134
3.51049
3.9845
3.98263
3.54042
3.54025
3.55787
3.53841
3.52431
3.5239
3.508
3.50803
3.50801
3.50801
3.50801
3.508
3.97815
3.99396
3.54705
3.56276
3.53472
3.52284
3.52228
3.51848
3.54365
3.53761
3.52625
3.91828
3.87264
3.86626
3.73253
3.80842
3.72202
3.81664
3.82526
3.72897
3.50846
3.50864
3.50858
3.50816
3.50819
3.50855
3.50835
3.50848
3.50879
3.50849
3.50851
3.50805
3.50803
3.50801
3.50801
4.01756
3.98773
3.95999
4.02242
3.96421
3.97152
3.93267
3.87639
3.98898
3.94957
3.88994
3.91925
3.51689
3.53025
3.51213
3.52644
3.51698
3.53523
3.50856
3.50576
3.97154
3.9569
4.00805
3.66494
3.68397
3.70593
3.63418
3.73302
3.73155
3.64962
3.62535
3.61792
3.55815
3.56653
3.52026
3.51755
3.51138
3.51309
3.51077
3.96918
3.98413
3.54472
3.5181
3.51844
3.51271
3.51209
3.54015
3.53014
3.52898
3.51074
3.51034
3.50904
3.51209
3.50998
3.50883
3.92723
3.91329
3.94648
3.90376
3.80542
3.79988
3.83248
3.82399
3.74561
3.51003
3.5096
3.50956
3.50885
3.50841
3.50889
3.50821
3.50835
3.95542
3.95111
3.97183
3.97557
3.95095
3.94456
3.97914
3.95323
3.99716
3.96595
3.95537
3.73484
3.65185
3.97053
3.95797
3.99653
3.8946
3.84749
3.88358
3.49464
3.51006
3.99256
3.97555
3.94759
3.96223
3.93542
3.92993
3.96016
3.94162
3.91647
3.93186
3.96817
3.98313
3.94949
3.95886
3.98538
3.9261
3.94072
3.97505
4.00233
3.98109
3.95579
3.97235
3.96637
3.9664
3.99149
3.94785
3.96175
3.99634
3.95752
3.98329
3.98827
3.96188
3.94437
3.96366
3.99576
3.97812
3.95248
3.97012
3.99335
3.9612
3.97844
3.91396
3.86241
3.76488
3.90717
3.88867
3.88109
3.76193
3.78215
3.66406
3.71093
3.70877
3.98316
3.97273
3.9498
3.99442
3.96223
3.94534
3.96076
3.94382
3.98699
3.93991
3.5131
3.51013
3.52821
3.54534
3.51795
3.53173
3.52032
3.98384
3.97524
3.96279
3.95348
3.94081
3.50897
3.50877
3.50836
3.50818
3.50842
3.50817
3.99788
3.96197
3.94671
3.99502
4.01913
3.94971
3.91508
3.85635
3.89579
3.80975
3.87061
3.89636
3.71114
3.66482
3.78201
3.79386
3.70189
3.68817
3.50912
3.5087
3.50963
3.50944
3.50961
3.51014
3.5091
3.50952
3.50902
3.70563
3.71502
3.62553
3.62478
3.67094
3.57901
3.91366
3.94463
3.98505
3.94286
3.87716
3.93807
3.93769
3.89759
3.98909
3.9524
3.9393
3.97382
3.93547
3.96141
3.93403
3.87032
3.90225
3.97505
3.95173
3.92675
3.9776
3.9349
3.8837
3.93988
3.95678
3.88662
3.88006
3.93677
3.95751
3.99072
3.94229
3.92987
3.96439
3.94634
3.93395
3.98121
3.93578
3.94059
3.93492
3.97455
3.93407
3.94672
3.97258
3.91942
3.95018
3.92084
3.94644
3.97664
3.9512
3.934
4.01146
3.95215
3.89219
3.91773
3.84264
3.76664
3.85734
3.8473
3.72508
3.67686
3.97202
3.92989
3.9527
3.98005
3.95742
3.93974
3.95908
3.92353
3.90739
3.98373
3.93782
3.92844
3.92025
3.97081
3.95636
3.94802
3.92805
3.53689
3.5372
3.52452
3.52037
3.5588
3.53267
3.54041
3.53076
3.51301
3.5171
3.52863
3.51697
3.97254
3.9588
3.93644
3.5427
3.5826
3.52842
3.52905
3.57068
3.54721
3.50886
3.51037
3.51177
3.50944
3.50974
3.97346
3.93442
3.98597
3.93002
3.90663
3.85446
3.79566
3.77748
3.77701
3.70244
3.69455
3.98941
3.91659
3.50809
3.50813
3.50807
3.5082
3.50804
3.50808
3.98001
3.91403
3.90946
3.82266
3.92007
3.92589
3.83334
3.78979
3.84006
3.77828
3.69017
3.68004
3.87484
3.86434
3.82688
3.70802
3.8019
3.6247
3.70029
3.77065
3.66781
3.93218
3.89688
3.93994
3.64947
3.63081
3.58108
3.54885
3.56511
3.56717
3.58735
3.53968
3.53169
3.5388
3.52151
3.52891
3.51357
3.51604
3.508
3.50801
3.508
3.508
3.508
3.5099
3.5127
3.51202
3.50906
3.50999
3.50952
3.50851
3.50914
3.50857
3.50871
3.50832
3.50829
3.50816
3.95084
3.94866
3.94391
3.508
3.508
3.508
3.99937
3.97048
3.93963
3.89004
3.86501
3.86685
3.95059
3.96865
3.92393
3.89726
3.87826
3.90813
3.88068
3.85342
3.80503
3.78846
3.68327
3.64846
3.72336
3.91511
3.88458
3.87563
3.79222
3.79401
3.75553
3.7975
3.87116
3.85854
3.76838
3.75754
3.73838
3.66337
3.71475
3.98757
3.94548
3.94068
3.89763
3.80245
3.68529
3.66869
3.72161
3.9311
3.88462
3.7991
3.81083
3.72235
3.69002
3.85234
3.87483
3.7988
3.79764
3.77187
3.69758
3.60611
3.63298
3.60777
3.56099
3.58954
3.5562
3.75882
3.55554
3.647
3.68609
3.59484
3.67135
3.61133
3.93897
3.9257
3.93342
3.91095
3.90358
3.508
3.508
3.508
3.508
3.508
3.508
3.508
3.508
3.508
3.508
3.51153
3.51038
3.5092
3.50809
3.50975
3.50861
3.50888
3.50831
3.50825
3.50978
3.50881
3.50887
3.50901
3.50803
3.50806
3.50801
3.50801
3.50803
3.89945
3.90182
3.90779
3.91137
3.88462
3.85418
3.80427
3.79278
3.75522
3.68887
3.67229
3.61831
3.50951
3.51192
3.50969
3.50885
3.6359
3.68583
3.63331
3.61315
3.57067
3.5433
3.5456
3.52627
3.51679
3.5363
3.52352
3.53345
3.61613
3.57497
3.55996
3.54428
3.62131
3.50979
3.51182
3.516
3.51504
3.51061
3.50941
3.50965
3.5125
3.51007
3.50875
3.51015
3.96703
3.93815
3.95621
3.94528
3.8352
3.51641
3.51397
3.51143
3.50941
3.50863
3.51629
3.51358
3.50962
3.50859
3.50833
3.50816
3.50809
3.50818
3.50854
3.5084
3.94629
3.95545
3.92135
3.94955
3.86349
3.94227
3.9193
3.85976
3.51963
3.51393
3.5107
3.51805
3.51192
3.51076
3.91309
3.90156
3.84701
3.58316
3.56733
3.58048
3.72278
3.70103
3.62327
3.6225
3.67101
3.54876
3.57625
3.54561
3.56123
3.55238
3.93783
3.89295
3.89485
3.92477
3.89388
3.81274
3.75308
3.80033
3.66337
3.64587
3.73609
3.52288
3.51192
3.51368
3.52237
3.51494
3.5253
3.93274
3.89844
3.85154
3.92142
3.93136
3.87821
3.86137
3.89199
3.6333
3.69315
3.62007
3.59071
3.95532
3.93867
3.95342
3.86428
3.92052
3.88446
3.90496
3.88903
3.87917
3.86278
3.85886
3.7969
3.80312
3.73367
3.7589
3.52843
3.52017
3.53202
3.52042
3.51546
3.93274
3.8927
3.92137
3.93196
3.89908
3.89182
3.8751
3.93994
3.91322
3.81506
3.82743
3.85455
3.83611
3.86237
3.87304
3.82738
3.50923
3.50895
3.50951
3.51022
3.51089
3.51066
3.5142
3.51262
3.53763
3.51374
3.52938
3.52425
3.50958
3.50914
3.50912
3.94218
3.94666
3.90855
3.94615
3.50994
3.50891
3.51368
3.51418
3.51101
3.51047
3.50935
3.95054
3.85591
3.94654
3.91814
3.89919
3.87422
3.94856
3.90703
3.94372
3.93384
3.92023
3.88958
3.87945
3.83937
3.67966
3.49382
3.88908
3.87506
3.9006
3.53782
3.59161
3.67579
3.50992
3.52224
3.49646
3.83019
3.69992
3.9408
3.91082
3.877
3.9088
3.89328
3.51232
3.50947
3.5117
3.50898
3.50893
3.5097
3.50872
3.95362
3.9463
3.86885
3.86968
3.93308
3.91137
3.93311
3.93588
3.89697
3.91529
3.90515
3.92618
3.90954
3.78977
3.81049
3.8815
3.82305
3.93438
3.92769
3.94789
3.89828
3.87745
3.84985
3.91472
3.92342
3.94784
3.89368
3.90003
3.87637
3.8497
3.94652
3.85781
3.8705
3.92774
3.90974
3.52967
3.5194
3.53325
3.52294
3.5195
3.92781
3.93372
3.89628
3.89336
3.89179
3.92476
3.91191
3.93696
3.87348
3.94124
3.85685
3.90631
3.52087
3.52192
3.51557
3.51151
3.51347
3.92404
3.88149
3.80755
3.75424
3.82157
3.91651
3.92726
3.89306
3.508
3.508
3.508
3.508
3.91844
3.87955
3.85118
3.80726
3.9379
3.95106
3.89928
3.91306
3.50814
3.50806
3.50803
3.50809
3.51378
3.51037
3.51633
3.91604
3.90905
3.87855
3.8519
3.89083
3.89429
3.53437
3.54926
3.61899
3.53548
3.53696
3.5676
3.55905
3.53479
3.77448
3.75474
3.70562
3.81555
3.72728
3.94142
3.88474
3.93733
3.85613
3.90479
3.83718
3.59431
3.75586
3.67176
3.63298
3.68998
3.92513
3.93812
3.8928
3.51576
3.51885
3.53273
3.51789
3.52311
3.83323
3.82936
3.78249
3.7657
3.70496
3.69034
3.508
3.508
3.508
3.508
3.508
3.508
3.50865
3.50854
3.50873
3.5089
3.73397
3.66407
3.56409
3.61375
3.93709
3.92045
3.89813
3.88711
3.50849
3.50844
3.50955
3.50878
3.50487
3.52123
3.7906
3.72193
3.83203
3.70982
3.50374
3.50856
3.51708
3.93452
3.85561
3.90964
3.93254
3.91276
3.84796
3.81811
3.72892
3.67518
3.6343
3.57551
3.57392
3.65781
3.63599
3.53989
3.51263
3.51809
3.52592
3.51232
3.51329
3.5194
3.92864
3.92864
3.92005
3.89549
3.50848
3.5102
3.51009
3.513
3.50925
3.51017
3.50846
3.50859
3.93806
3.91427
3.88891
3.90177
3.91141
3.87981
3.51303
3.51089
3.51438
3.50915
3.6464
3.59806
3.53674
3.66291
3.60592
3.56718
3.61437
3.58424
3.51077
3.51307
3.51388
3.5083
3.50811
3.50804
3.50816
3.5081
3.50806
3.93422
3.91451
3.77405
3.8072
3.92776
3.89695
3.81444
3.92394
3.89148
3.85562
3.87387
3.91593
3.93737
3.89165
3.78357
3.92709
3.9231
3.90054
3.83433
3.6768
3.65913
3.59781
3.92355
3.87404
3.86329
3.91818
3.89987
3.87958
3.508
3.508
3.508
3.508
3.508
3.508
3.50895
3.50922
3.50948
3.50943
3.51096
3.51071
3.90428
3.92016
3.88974
3.85868
3.87853
3.90637
3.88228
3.86369
3.51107
3.51029
3.50914
3.50922
3.50863
3.51246
3.52129
3.52004
3.51824
3.51454
3.51144
3.50949
3.51311
3.51169
3.50951
3.65536
3.72123
3.72244
3.65816
3.54566
3.62183
3.56903
3.62057
3.56794
3.58216
3.55159
3.55385
3.53937
3.56054
3.54435
3.51031
3.50902
3.51141
3.50951
3.50873
3.52742
3.51608
3.51368
3.52605
3.51926
3.53066
3.8237
3.66121
3.65853
3.58756
3.60205
3.62896
3.58119
3.60114
3.79499
3.74401
3.68983
3.70125
3.78186
3.70855
3.80642
3.8091
3.77135
3.73257
3.69174
3.67343
3.64926
3.62844
3.52162
3.53065
3.53558
3.52705
3.53776
3.54804
3.54791
3.5166
3.52042
3.55791
3.66305
3.54351
3.82332
3.81296
3.74042
3.81883
3.79454
3.7867
3.71842
3.71059
3.67752
3.64782
3.67944
3.51774
3.52603
3.51503
3.51045
3.51434
3.51154
3.51299
3.51462
3.77889
3.79789
3.79291
3.8011
3.778
3.75618
3.508
3.508
3.508
3.8997
3.83575
3.82775
3.50994
3.50693
3.85092
3.81246
3.83921
3.50874
3.50854
3.50927
3.50845
3.50875
3.5298
3.54632
3.60281
3.54153
3.56043
3.78731
3.82065
3.77181
3.77065
3.721
3.71084
3.67696
3.66331
3.82157
3.89306
3.87888
3.83764
3.85903
3.81245
3.77736
3.8351
3.52049
3.51914
3.51382
3.51076
3.51446
3.51092
3.66619
3.71648
3.6877
3.90628
3.82763
3.82384
3.84539
3.82898
3.83506
3.80377
3.78064
3.76124
3.6981
3.68584
3.73674
3.78079
3.80112
3.50894
3.50844
3.50832
3.50839
3.50836
3.50856
3.50828
3.50912
3.50833
3.50865
3.84466
3.81112
3.82802
3.77089
3.75152
3.75765
3.72262
3.67445
3.66505
3.88798
3.84991
3.87173
3.69333
3.6281
3.62201
3.60011
3.57608
3.58344
3.54723
3.53613
3.54959
3.51177
3.51027
3.50934
3.79137
3.79
3.64364
3.66523
3.67021
3.72916
3.71976
3.77499
3.64384
3.60871
3.70117
3.70738
3.68101
3.64867
3.64539
3.70472
3.70935
3.51586
3.5089
3.51139
3.504
3.85498
3.83061
3.81647
3.86709
3.86059
3.83678
3.84531
3.83426
3.81574
3.50822
3.50483
3.83579
3.76888
3.78668
3.7224
3.66761
3.55917
3.77763
3.69684
3.77605
3.75989
3.66436
3.61597
3.69642
3.69602
3.50862
3.50899
3.50983
3.50886
3.50851
3.5083
3.8764
3.88396
3.82159
3.84514
3.80133
3.81235
3.86862
3.50881
3.51081
3.50924
3.51031
3.50916
3.50879
3.52447
3.58268
3.60839
3.52102
3.52651
3.52147
3.54115
3.5322
3.77957
3.81371
3.78048
3.69592
3.74274
3.69685
3.63177
3.61051
3.67003
3.90131
3.81937
3.82225
3.52317
3.52423
3.51279
3.51843
3.51434
3.51518
3.51867
3.84673
3.82398
3.86379
3.89914
3.8672
3.77594
3.5086
3.50885
3.51022
3.50906
3.5102
3.84535
3.87176
3.8211
3.84884
3.82124
3.81006
3.83707
3.508
3.508
3.508
3.508
3.508
3.508
3.508
3.508
3.508
3.508
3.91549
3.85217
3.79806
3.80001
3.84487
3.84805
3.83668
3.82786
3.5222
3.51567
3.51032
3.51398
3.85335
3.82565
3.81371
3.85483
3.85502
3.78578
3.81139
3.79524
3.78629
3.74087
3.66661
3.66931
3.7297
3.73719
3.81046
3.80088
3.84879
3.84274
3.819
3.79817
3.59788
3.5911
3.58664
3.55059
3.56502
3.54188
3.80996
3.82853
3.85557
3.81747
3.83596
3.86399
3.86061
3.83396
3.81878
3.83555
3.81386
3.51146
3.5098
3.50881
3.51013
3.50867
3.50865
3.50908
3.5085
3.50858
3.83779
3.81863
3.86572
3.7512
3.68175
3.84827
3.82604
3.86329
3.83634
3.84964
3.82811
3.86444
3.81839
3.84442
3.81758
3.85923
3.87435
3.84286
3.81754
3.8431
3.8179
3.85934
3.86542
3.82472
3.84177
3.86305
3.81848
3.85861
3.82005
3.83808
3.83451
3.81382
3.83801
3.85921
3.84135
3.82662
3.8595
3.82341
3.80714
3.85328
3.80891
3.53843
3.52697
3.5923
3.55513
3.53336
3.54022
3.57921
3.56193
3.84337
3.82105
3.82327
3.83699
3.83537
3.79602
3.75047
3.71287
3.65746
3.64316
3.75355
3.69199
3.86154
3.83882
3.82495
3.82492
3.84668
3.781
3.56891
3.64021
3.60588
3.61301
3.59053
3.54526
3.55323
3.55271
3.53874
3.54177
3.52503
3.52428
3.80115
3.79822
3.77196
3.69607
3.75552
3.73594
3.72002
3.67513
3.64062
3.62675
3.68276
3.65734
3.79002
3.81656
3.6496
3.60463
3.60238
3.54991
3.53015
3.54031
3.54716
3.5578
3.81895
3.81503
3.84731
3.8474
3.80891
3.82835
3.83518
3.82019
3.8187
3.84721
3.79772
3.8146
3.69256
3.6731
3.63961
3.59028
3.62233
3.55304
3.58092
3.58567
3.60138
3.55999
3.55659
3.81628
3.80094
3.83237
3.81666
3.84112
3.80374
3.81069
3.79365
3.83431
3.80498
3.81956
3.51173
3.5105
3.50979
3.50929
3.50863
3.84042
3.82759
3.80571
3.83023
3.84669
3.80556
3.8366
3.8027
3.82629
3.51474
3.51254
3.50988
3.5153
3.84458
3.83126
3.81279
3.83071
3.8125
3.85213
3.81213
3.85136
3.84865
3.8171
3.80382
3.508
3.508
3.508
3.508
3.508
3.508
3.508
3.508
3.508
3.83664
3.80702
3.79411
3.81174
3.79296
3.83337
3.763
3.81673
3.76493
3.75781
3.70284
3.70266
3.6539
3.65702
3.50803
3.50804
3.50802
3.50803
3.50801
3.50801
3.82576
3.79236
3.84049
3.508
3.508
3.508
3.508
3.508
3.508
3.50896
3.50861
3.51082
3.5092
3.51128
3.50973
3.50803
3.50801
3.50801
3.50806
3.50803
3.5081
3.50802
3.50805
3.79648
3.80002
3.8438
3.50807
3.50804
3.50802
3.52247
3.51668
3.55848
3.53858
3.50887
3.50848
3.50902
3.51002
3.50921
3.50868
3.50861
3.50841
3.74998
3.72824
3.75197
3.6439
3.62426
3.58854
3.55074
3.56713
3.63594
3.76342
3.82445
3.73527
3.7472
3.76666
3.6846
3.68962
3.62157
3.63471
3.50846
3.50886
3.50872
3.82924
3.76836
3.77906
3.74369
3.73204
3.68473
3.67518
3.508
3.508
3.508
3.508
3.508
3.508
3.82924
3.82187
3.83317
3.80942
3.78499
3.53135
3.51693
3.51548
3.51892
3.51084
3.50952
3.50943
3.50858
3.50856
3.51809
3.51118
3.51439
3.50975
3.51104
3.50939
3.51527
3.52965
3.51198
3.50986
3.51018
3.52458
3.51546
3.52555
3.51277
3.51596
3.77427
3.7557
3.7414
3.77506
3.77988
3.80923
3.50838
3.50913
3.50907
3.50861
3.508
3.50805
3.50803
3.50802
3.50801
3.50801
3.50801
3.50836
3.50816
3.50855
3.50913
3.50826
3.50829
3.50906
3.50868
3.75841
3.71137
3.74256
3.845
3.82628
3.81323
3.76405
3.76457
3.50836
3.50846
3.50873
3.51165
3.50879
3.50905
3.50944
3.5122
3.50656
3.50981
3.51885
3.52052
3.53761
3.56365
3.53646
3.53081
3.58479
3.52751
3.52275
3.52064
3.51597
3.5144
3.51255
3.80904
3.80955
3.75945
3.508
3.508
3.50801
3.50801
3.508
3.50802
3.50801
3.82856
3.79119
3.81
3.82041
3.79796
3.78413
3.77355
3.82505
3.83026
3.80606
3.5093
3.5085
3.50931
3.50875
3.5086
3.5084
3.82371
3.83086
3.80453
3.78578
3.76935
3.80994
3.80739
3.82983
3.77043
3.7971
3.78682
3.74974
3.73752
3.7081
3.81555
3.80674
3.75812
3.72581
3.58166
3.54646
3.59712
3.57412
3.55603
3.53947
3.53295
3.53021
3.8252
3.82618
3.77053
3.75499
3.81262
3.79285
3.50872
3.50822
3.5082
3.50851
3.50849
3.50801
3.50801
3.50801
3.50801
3.508
3.508
3.81145
3.70924
3.78697
3.77091
3.75352
3.80348
3.81477
3.82486
3.78107
3.74328
3.8134
3.75757
3.79275
3.79684
3.7585
3.76665
3.78602
3.79395
3.81394
3.80418
3.81321
3.78503
3.81212
3.81883
3.80618
3.78729
3.80788
3.78037
3.73169
3.72303
3.69671
3.71289
3.67831
3.66261
3.69345
3.53548
3.53311
3.5253
3.815
3.79128
3.76824
3.50858
3.51172
3.50984
3.51007
3.50879
3.54246
3.53321
3.53386
3.52369
3.51903
3.51629
3.77427
3.71717
3.73
3.71843
3.66948
3.65217
3.68711
3.54094
3.51444
3.51292
3.53209
3.77149
3.78311
3.82256
3.77015
3.82124
3.80414
3.82417
3.78849
3.76138
3.76626
3.52949
3.51757
3.5204
3.51442
3.52245
3.51629
3.51117
3.51158
3.50925
3.50956
3.5085
3.50918
3.50836
3.50832
3.50875
3.50861
3.50862
3.83558
3.81535
3.74022
3.79821
3.7887
3.82294
3.81252
3.79666
3.82703
3.77993
3.76744
3.80956
3.78944
3.79999
3.8093
3.73047
3.75756
3.81941
3.7842
3.77509
3.75188
3.7898
3.73532
3.77278
3.508
3.508
3.508
3.508
3.508
3.508
3.54572
3.55431
3.56141
3.53957
3.53771
3.53099
3.53255
3.51871
3.51767
3.54061
3.52537
3.5164
3.82871
3.80675
3.79845
3.7814
3.76566
3.79285
3.5121
3.51004
3.50875
3.50845
3.51059
3.50901
3.74813
3.7487
3.80245
3.80041
3.81397
3.77631
3.51231
3.50944
3.50786
3.51123
3.5121
3.51471
3.79568
3.78177
3.75522
3.51357
3.5209
3.51589
3.51057
3.50921
3.51164
3.8212
3.75911
3.74756
3.77282
3.73242
3.51598
3.52397
3.51157
3.51086
3.72808
3.79446
3.8019
3.77355
3.76572
3.7464
3.55058
3.58615
3.55417
3.59266
3.54514
3.56862
3.53008
3.54126
3.52511
3.74563
3.77382
3.79157
3.51196
3.51748
3.50642
3.79089
3.80182
3.77491
3.76399
3.74872
3.77215
3.78717
3.76616
3.76412
3.74282
3.73856
3.80303
3.81754
3.79202
3.79917
3.77689
3.80203
3.77289
3.79378
3.80321
3.81015
3.78939
3.80597
3.74973
3.76866
3.79656
3.81296
3.78372
3.79031
3.77385
3.79568
3.7732
3.80909
3.79638
3.77507
3.76484
3.78454
3.80692
3.76307
3.79858
3.7523
3.76937
3.80834
3.78458
3.77575
3.7317
3.72724
3.74656
3.70791
3.67601
3.51477
3.5116
3.51078
3.51431
3.51915
3.51652
3.82123
3.76139
3.77025
3.81919
3.75902
3.78895
3.8154
3.79565
3.80774
3.76867
3.77373
3.74968
3.81661
3.78265
3.7526
3.79569
3.50889
3.50801
3.50807
3.50803
3.50801
3.50803
3.50807
3.5081
3.508
3.50804
3.50804
3.50801
3.508
3.50801
3.50802
3.50802
3.50801
3.80823
3.75188
3.78412
3.80321
3.75617
3.78817
3.79709
3.75976
3.74237
3.76801
3.50993
3.50945
3.50846
3.50885
3.5085
3.50898
3.50856
3.50812
3.50812
3.50809
3.50805
3.50805
3.74212
3.73063
3.7764
3.80086
3.50884
3.50983
3.50824
3.5081
3.50814
3.50815
3.50806
3.50808
3.50803
3.50803
3.75246
3.79482
3.74969
3.76876
3.77512
3.75875
3.75795
3.51359
3.51355
3.51131
3.51061
3.80373
3.78843
3.77419
3.69809
3.70481
3.61593
3.58746
3.61021
3.54573
3.51085
3.51047
3.79314
3.77579
3.71174
3.71109
3.64538
3.70054
3.62824
3.49572
3.74443
3.59442
3.54221
3.52223
3.70661
3.59681
3.50709
3.79647
3.80199
3.77539
3.52748
3.51365
3.51869
3.56547
3.56751
3.59233
3.63123
3.65611
3.60759
3.64033
3.73729
3.73546
3.76604
3.68736
3.68428
3.61482
3.5997
3.62363
3.61688
3.58588
3.51346
3.51056
3.50853
3.50957
3.50884
3.50963
3.50882
3.5093
3.50883
3.50976
3.51163
3.51115
3.7871
3.78093
3.76101
3.50428
3.67505
3.52674
3.60334
3.61739
3.50688
3.53896
3.69345
3.65502
3.49332
3.75063
3.80457
3.76331
3.72297
3.74905
3.73568
3.72458
3.72764
3.75329
3.72752
3.54016
3.61618
3.67069
3.66063
3.64315
3.60587
3.59124
3.5977
3.56106
3.55876
3.74898
3.76136
3.77615
3.6892
3.70298
3.6151
3.57684
3.54897
3.62538
3.59352
3.55366
3.55821
3.58416
3.57513
3.55796
3.52944
3.5439
3.54627
3.53099
3.52409
3.5397
3.51905
3.52441
3.7847
3.77073
3.71215
3.71223
3.7064
3.51047
3.50878
3.50853
3.50938
3.50827
3.50823
3.50874
3.54989
3.53238
3.53023
3.52575
3.53815
3.53811
3.51926
3.52731
3.70582
3.68698
3.66171
3.61114
3.60483
3.50832
3.50854
3.51096
3.50887
3.50912
3.51166
3.50984
3.65629
3.61332
3.61249
3.72582
3.70072
3.66228
3.67453
3.72305
3.51439
3.51424
3.51168
3.51016
3.50923
3.51015
3.51288
3.64932
3.59908
3.55275
3.50969
3.50968
3.50915
3.50848
3.50833
3.50869
3.60436
3.58764
3.50811
3.50829
3.50822
3.66649
3.69959
3.70112
3.6438
3.7062
3.65405
3.50824
3.50827
3.50838
3.50833
3.51105
3.51281
3.51027
3.50965
3.50928
3.50867
3.50885
3.50871
3.50875
3.71905
3.68221
3.63895
3.69115
3.66885
3.62304
3.62087
3.64788
3.53045
3.5405
3.61278
3.53233
3.53208
3.57191
3.60242
3.72798
3.7238
3.73579
3.72313
3.72383
3.68258
3.67706
3.74362
3.73489
3.5518
3.53782
3.52025
3.51785
3.508
3.508
3.508
3.508
3.72787
3.72723
3.74881
3.73644
3.77394
3.69406
3.64139
3.65596
3.61788
3.67195
3.64779
3.61147
3.59368
3.51239
3.51594
3.52477
3.51388
3.529
3.52069
3.66306
3.60332
3.54629
3.56433
3.60282
3.50961
3.50952
3.51178
3.50875
3.51097
3.50927
3.50939
3.50855
3.50901
3.51117
3.51165
3.51493
3.51248
3.51075
3.50802
3.50801
3.508
3.6204
3.59808
3.60494
3.55862
3.55919
3.5404
3.6599
3.62662
3.62839
3.58992
3.59166
3.54556
3.57674
3.59108
3.50843
3.50846
3.50898
3.50874
3.50881
3.50939
3.51026
3.70957
3.68855
3.71083
3.69385
3.50995
3.50888
3.50848
3.51534
3.51752
3.53162
3.52129
3.52608
3.69783
3.69314
3.72049
3.6635
3.58827
3.65465
3.63342
3.6531
3.61438
3.60619
3.62933
3.60569
3.57982
3.59053
3.55281
3.55088
3.54403
3.51253
3.50748
3.51288
3.52609
3.51796
3.51711
3.77279
3.72477
3.71894
3.71646
3.70602
3.74421
3.69199
3.62814
3.67156
3.60383
3.62872
3.59819
3.57856
3.73918
3.76227
3.73128
3.70791
3.72937
3.74601
3.73274
3.71491
3.74698
3.71386
3.72493
3.70112
3.69911
3.72232
3.69086
3.70296
3.68583
3.69781
3.64427
3.64879
3.60535
3.50835
3.50833
3.50825
3.50823
3.50845
3.50825
3.76976
3.72892
3.74218
3.71929
3.71013
3.72999
3.72754
3.71502
3.74925
3.72032
3.71433
3.74563
3.70976
3.74397
3.72712
3.73221
3.70964
3.75331
3.70959
3.7166
3.7429
3.70757
3.71363
3.73706
3.69897
3.71532
3.70006
3.73978
3.72956
3.71047
3.72581
3.70389
3.7463
3.62271
3.6123
3.55205
3.58385
3.58824
3.5633
3.71699
3.52046
3.5147
3.51582
3.51043
3.5126
3.7125
3.72449
3.74832
3.70871
3.74485
3.72706
3.71701
3.74465
3.70703
3.69312
3.72037
3.50835
3.5082
3.5082
3.50858
3.50832
3.51018
3.50863
3.50845
3.50952
3.73038
3.71123
3.75711
3.74092
3.71029
3.69562
3.74746
3.71056
3.728
3.56058
3.54283
3.53086
3.73844
3.71029
3.69616
3.73666
3.69858
3.7071
3.71716
3.68631
3.60778
3.64283
3.51493
3.51379
3.51857
3.52232
3.77548
3.7366
3.727
3.73232
3.74197
3.70624
3.74583
3.72819
3.71381
3.657
3.64716
3.63381
3.68458
3.67044
3.69748
3.50831
3.50859
3.50896
3.50809
3.50811
3.50815
3.71669
3.70946
3.72683
3.68623
3.64183
3.68452
3.67287
3.71016
3.69715
3.73608
3.71234
3.67425
3.7001
3.68645
3.67584
3.59549
3.6463
3.63672
3.64088
3.59609
3.59596
3.50856
3.50962
3.50966
3.50829
3.50869
3.51164
3.50856
3.50844
3.50932
3.50886
3.50965
3.51126
3.6081
3.62443
3.6471
3.69744
3.69611
3.67247
3.67501
3.71751
3.66756
3.65129
3.67076
3.69429
3.51584
3.51442
3.51177
3.50992
3.50957
3.51191
3.70683
3.69192
3.73143
3.7177
3.71551
3.70137
3.73021
3.69151
3.72848
3.70991
3.75835
3.73338
3.69004
3.7177
3.68505
3.68895
3.7195
3.71961
3.69632
3.7097
3.69233
3.73609
3.70522
3.71775
3.70824
3.71757
3.70236
3.70015
3.70935
3.72958
3.69455
3.72964
3.69599
3.70356
3.72316
3.68925
3.73674
3.68821
3.72049
3.67633
3.51314
3.51714
3.54233
3.53185
3.71572
3.7041
3.73346
3.71097
3.73077
3.69878
3.65458
3.73352
3.70813
3.69422
3.72356
3.69427
3.71123
3.73595
3.69533
3.68827
3.70645
3.67044
3.6701
3.64659
3.51059
3.59893
3.55718
3.615
3.59679
3.55753
3.58051
3.60532
3.58846
3.55958
3.56291
3.5433
3.74983
3.67955
3.68324
3.74134
3.73841
3.68997
3.6761
3.70004
3.54369
3.55008
3.53619
3.53649
3.52255
3.52302
3.508
3.508
3.508
3.508
3.60029
3.57881
3.57231
3.55014
3.55089
3.72839
3.69769
3.68426
3.69889
3.7196
3.68421
3.71085
3.73025
3.68679
3.50861
3.50847
3.50936
3.51464
3.5122
3.51167
3.51028
3.5103
3.70764
3.73666
3.69457
3.71923
3.71373
3.71041
3.69076
3.67982
3.51392
3.52712
3.5114
3.51439
3.5131
3.51869
3.69723
3.67569
3.70204
3.71149
3.72632
3.71023
3.71852
3.7228
3.71227
3.70023
3.69427
3.69708
3.7246
3.68917
3.51158
3.50868
3.50959
3.50831
3.50942
3.5085
3.59715
3.59228
3.56358
3.56402
3.55541
3.54176
3.55739
3.56734
3.57126
3.69404
3.72185
3.71153
3.71406
3.68777
3.67958
3.61676
3.6688
3.63961
3.71241
3.71907
3.70166
3.71737
3.68311
3.70047
3.57096
3.54571
3.52474
3.53222
3.51747
3.51738
3.5195
3.52503
3.52777
3.53187
3.53539
3.52199
3.51608
3.52444
3.51569
3.52522
3.51396
3.51624
3.509
3.50859
3.5094
3.5085
3.50857
3.50878
3.50846
3.50852
3.50835
3.70046
3.68186
3.73629
3.72641
3.70652
3.68338
3.69535
3.69938
3.68187
3.68403
3.51726
3.5099
3.51168
3.50923
3.51022
3.51315
3.50867
3.50838
3.50827
3.50814
3.50841
3.50848
3.50872
3.50813
3.50813
3.50807
3.50829
3.50838
3.71436
3.71006
3.68709
3.68916
3.66861
3.65313
3.65372
3.64487
3.60554
3.57852
3.59577
3.50853
3.50834
3.50888
3.50822
3.50871
3.50835
3.51027
3.5106
3.5086
3.50847
3.50855
3.50904
3.50855
3.70528
3.70045
3.7183
3.68496
3.6581
3.70215
3.68247
3.63813
3.62745
3.5984
3.5967
3.57741
3.55019
3.68447
3.60751
3.63547
3.6503
3.60214
3.58901
3.61872
3.60118
3.65948
3.68147
3.63368
3.70581
3.65202
3.66447
3.69186
3.65098
3.60142
3.67782
3.69669
3.65556
3.65908
3.63556
3.60412
3.54604
3.53079
3.52911
3.52236
3.51817
3.51613
3.53904
3.52604
3.55972
3.5441
3.54071
3.51668
3.53029
3.52922
3.51783
3.5136
3.51683
3.71705
3.70451
3.69237
3.50835
3.50827
3.70501
3.71136
3.68878
3.70708
3.71758
3.68611
3.67253
3.68345
3.69864
3.7101
3.5938
3.56513
3.56059
3.50837
3.50849
3.68354
3.68532
3.68499
3.63299
3.62792
3.53077
3.53701
3.52333
3.51882
3.53982
3.52706
3.51618
3.50952
3.51188
3.50853
3.51099
3.50847
3.50946
3.5087
3.50873
3.50837
3.50927
3.5087
3.50846
3.51007
3.51206
3.51209
3.50884
3.50868
3.50844
3.51011
3.50952
3.71444
3.68124
3.62186
3.65779
3.61434
3.61736
3.69798
3.67715
3.68316
3.65443
3.66273
3.64261
3.69927
3.71505
3.7134
3.70107
3.68136
3.68684
3.69121
3.50824
3.50822
3.5082
3.50813
3.70447
3.70264
3.67792
3.68664
3.68154
3.64403
3.60471
3.63553
3.61257
3.62855
3.58937
3.58806
3.65561
3.62112
3.65023
3.508
3.508
3.508
3.508
3.508
3.72234
3.71187
3.69018
3.67573
3.65622
3.64485
3.60843
3.61073
3.66636
3.64996
3.70174
3.68182
3.66846
3.69968
3.71102
3.71513
3.70217
3.6869
3.66465
3.69333
3.70885
3.70528
3.69703
3.63568
3.64137
3.62361
3.68243
3.70468
3.65993
3.65533
3.6605
3.71599
3.70356
3.7152
3.6884
3.66868
3.67653
3.68443
3.63936
3.61281
3.58484
3.56672
3.54773
3.57828
3.57321
3.55248
3.53916
3.52999
3.53999
3.55834
3.50915
3.51055
3.50911
3.51288
3.51064
3.69584
3.66894
3.68208
3.55954
3.56846
3.55011
3.53799
3.53334
3.6472
3.67741
3.69447
3.70243
3.6634
3.70741
3.68131
3.65577
3.69778
3.68618
3.66766
3.69065
3.70304
3.69364
3.66053
3.66943
3.69094
3.6983
3.68411
3.68244
3.68656
3.68134
3.69962
3.66848
3.67423
3.70306
3.6867
3.67043
3.51064
3.50972
3.50948
3.51135
3.51141
3.70281
3.71384
3.68385
3.67242
3.68433
3.67304
3.67675
3.58717
3.59169
3.62692
3.57452
3.58807
3.50919
3.50923
3.51087
3.51069
3.5102
3.51342
3.51406
3.51451
3.52794
3.51912
3.52888
3.68068
3.68866
3.67014
3.69951
3.65421
3.66478
3.65272
3.65485
3.62686
3.59063
3.59866
3.50899
3.5096
3.50594
3.70239
3.69323
3.69346
3.67167
3.69121
3.6969
3.66877
3.65409
3.67105
3.50817
3.50822
3.5081
3.50859
3.50841
3.50846
3.50848
3.50868
3.50889
3.50984
3.50898
3.50858
3.50847
3.50833
3.50913
3.51116
3.50875
3.50956
3.706
3.67427
3.66055
3.67611
3.64747
3.64624
3.69389
3.6675
3.65887
3.50823
3.50851
3.50812
3.50805
3.50832
3.50815
3.50807
3.50806
3.50812
3.66461
3.68728
3.68696
3.68828
3.69034
3.66837
3.69056
3.66838
3.70156
3.67469
3.658
3.68973
3.69947
3.67635
3.65919
3.67033
3.68444
3.68858
3.67195
3.66119
3.62907
3.68746
3.69567
3.70014
3.67844
3.67568
3.662
3.5113
3.52239
3.51509
3.52191
3.51096
3.51046
3.51317
3.511
3.51082
3.51645
3.51355
3.51514
3.66047
3.68483
3.66798
3.64492
3.63103
3.65242
3.50851
3.50816
3.50891
3.5085
3.50883
3.50864
3.50906
3.50831
3.50844
3.50878
3.50863
3.50816
3.50808
3.50812
3.50829
3.50828
3.50802
3.50802
3.50801
3.50801
3.50801
3.64872
3.66833
3.70353
3.68921
3.63291
3.62862
3.50872
3.50932
3.50847
3.5105
3.50887
3.51016
3.6637
3.65261
3.61181
3.58786
3.64147
3.62339
3.56946
3.62622
3.6419
3.62773
3.6455
3.64547
3.66098
3.50886
3.50921
3.50898
3.67769
3.68036
3.64777
3.66119
3.64016
3.52255
3.55784
3.53863
3.55283
3.53047
3.53495
3.68307
3.67105
3.65543
3.65292
3.65461
3.66865
3.50849
3.5085
3.50827
3.50806
3.50813
3.50807
3.50803
3.50802
3.50809
3.50805
3.50805
3.50816
3.67615
3.69029
3.66845
3.51336
3.51754
3.51377
3.5104
3.5109
3.52687
3.54369
3.52175
3.52892
3.51547
3.51549
3.52797
3.52397
3.50857
3.50822
3.50831
3.50809
3.68292
3.67247
3.66319
3.62727
3.63461
3.63204
3.62456
3.62717
3.67717
3.65917
3.63931
3.63339
3.66087
3.65573
3.64766
3.63889
3.64301
3.63316
3.62755
3.69286
3.59647
3.65764
3.64886
3.63702
3.60832
3.61405
3.5969
3.62625
3.63658
3.59076
3.57552
3.52506
3.53395
3.53503
3.51681
3.52685
3.51908
3.63716
3.66947
3.6499
3.65435
3.6479
3.51268
3.51029
3.51331
3.50865
3.50915
3.50848
3.51071
3.50928
3.5111
3.50935
3.50878
3.51466
3.51271
3.57447
3.57866
3.5368
3.51753
3.51686
3.51523
3.52486
3.51657
3.50842
3.5082
3.5081
3.50808
3.5082
3.51893
3.52249
3.51379
3.51304
3.50855
3.50833
3.50836
3.50839
3.50834
3.53474
3.52262
3.56182
3.5437
3.52988
3.60872
3.59381
3.53287
3.55715
3.52578
3.50803
3.50814
3.50809
3.50817
3.50805
3.50807
3.50857
3.50374
3.61714
3.62549
3.62344
3.67457
3.50292
3.60589
3.62104
3.62432
3.59004
3.57498
3.56076
3.56988
3.55279
3.55787
3.58286
3.57364
3.57391
3.55473
3.54312
3.53563
3.62233
3.61649
3.65805
3.50826
3.50822
3.50847
3.50846
3.50815
3.50813
3.50805
3.50805
3.50802
3.63226
3.60641
3.59099
3.59065
3.5804
3.61332
3.61732
3.63253
3.62475
3.65537
3.5877
3.58434
3.508
3.508
3.508
3.508
3.508
3.508
3.508
3.508
3.508
3.508
3.508
3.508
3.508
3.508
3.508
3.50817
3.50821
3.5082
3.50817
3.50814
3.50821
3.508
3.508
3.508
3.51215
3.5091
3.51026
3.50935
3.51061
3.51164
3.51297
3.63589
3.5919
3.60997
3.60461
3.63181
3.50431
3.59215
3.57281
3.51646
3.51166
3.50759
3.59136
3.52051
3.57969
3.50848
3.51251
3.50879
3.51097
3.51002
3.51044
3.50897
3.51098
3.50933
3.57412
3.54012
3.54364
3.53365
3.55318
3.5525
3.50835
3.50831
3.50853
3.50855
3.63857
3.5904
3.60983
3.61342
3.57048
3.5674
3.57057
3.50824
3.50817
3.50827
3.50829
3.5082
3.50819
3.63026
3.6229
3.66063
3.66088
3.65201
3.6582
3.63658
3.66054
3.52172
3.52233
3.53722
3.5218
3.57905
3.55144
3.64932
3.66067
3.63499
3.62754
3.64607
3.6463
3.63732
3.50816
3.50827
3.50809
3.50812
3.50807
3.51727
3.51123
3.5168
3.62654
3.61676
3.65371
3.51012
3.50868
3.50916
3.50857
3.50822
3.50819
3.62593
3.60582
3.64604
3.5087
3.50834
3.50824
3.50879
3.50841
3.50837
3.50847
3.50852
3.50841
3.50905
3.50858
3.62663
3.61068
3.62795
3.58519
3.59148
3.56805
3.63836
3.65297
3.62521
3.61954
3.53828
3.51332
3.53148
3.52002
3.52667
3.51488
3.51659
3.51196
3.63872
3.63175
3.61474
3.62616
3.61188
3.63525
3.62449
3.60667
3.62348
3.62393
3.60495
3.64833
3.62449
3.62955
3.65527
3.62851
3.64659
3.61348
3.51015
3.50896
3.60262
3.66278
3.64024
3.62604
3.6114
3.63317
3.61082
3.64768
3.60543
3.60538
3.61541
3.62012
3.64702
3.61932
3.59719
3.62288
3.64481
3.60514
3.64205
3.60568
3.62491
3.63732
3.60547
3.59779
3.50991
3.51921
3.51387
3.51476
3.51298
3.63283
3.62364
3.65946
3.66016
3.63052
3.61291
3.60157
3.59656
3.64699
3.61954
3.60735
3.58252
3.53122
3.56076
3.57371
3.53669
3.58395
3.59814
3.56325
3.5733
3.55915
3.50947
3.51037
3.51096
3.50847
3.50898
3.50832
3.50863
3.64628
3.59319
3.63001
3.5821
3.59258
3.56723
3.5777
3.58435
3.59124
3.54539
3.55102
3.62554
3.5915
3.63267
3.6347
3.61646
3.5991
3.59237
3.60491
3.58142
3.57559
3.63207
3.62178
3.62584
3.64222
3.61278
3.63793
3.62234
3.63783
3.63658
3.64211
3.62901
3.63725
3.65476
3.51722
3.51902
3.54143
3.53303
3.53781
3.52313
3.59545
3.61698
3.6323
3.61629
3.6454
3.61333
3.61874
3.6241
3.60433
3.63983
3.52196
3.51636
3.51135
3.50976
3.51622
3.51233
3.59661
3.60241
3.63231
3.64549
3.60496
3.59482
3.50902
3.5093
3.50956
3.62506
3.60587
3.64391
3.60075
3.59008
3.61887
3.62754
3.60997
3.63138
3.50861
3.50892
3.50863
3.51003
3.50916
3.51011
3.63269
3.5887
3.50817
3.50891
3.50844
3.5084
3.63221
3.63845
3.61356
3.63083
3.61335
3.56255
3.59658
3.58682
3.56329
3.63337
3.63521
3.59645
3.52591
3.51848
3.53287
3.51917
3.52923
3.5217
3.52441
3.63713
3.60187
3.59625
3.63341
3.64599
3.61765
3.61209
3.59874
3.61998
3.57422
3.58227
3.57461
3.60813
3.60282
3.62764
3.64344
3.59917
3.59233
3.63798
3.58811
3.5087
3.50872
3.50821
3.50839
3.50822
3.5081
3.50811
3.50812
3.50808
3.50811
3.50809
3.50863
3.50827
3.50879
3.50951
3.51012
3.50911
3.50832
3.50838
3.50818
3.63341
3.5748
3.56844
3.64291
3.61273
3.58107
3.61788
3.58754
3.51022
3.50992
3.5091
3.51119
3.51358
3.51415
3.6102
3.60119
3.63876
3.59259
3.58111
3.61784
3.58959
3.54175
3.57273
3.52786
3.50801
3.50801
3.508
3.50801
3.508
3.508
3.63332
3.59625
3.59035
3.61713
3.62678
3.62894
3.63459
3.63248
3.63223
3.51218
3.51559
3.50998
3.5134
3.51068
3.51624
3.51081
3.51428
3.52701
3.52468
3.51528
3.51676
3.51358
3.51266
3.51103
3.60625
3.62253
3.61299
3.58957
3.58538
3.60377
3.57334
3.58637
3.60103
3.59601
3.591
3.63543
3.63616
3.62285
3.63839
3.50837
3.50821
3.50813
3.50847
3.50811
3.50821
3.53158
3.52314
3.51443
3.51186
3.52453
3.51896
3.52271
3.51548
3.51391
3.5786
3.61494
3.62545
3.63987
3.62155
3.61515
3.61028
3.60723
3.58591
3.5668
3.56998
3.54865
3.54546
3.61582
3.61387
3.59304
3.62784
3.60939
3.61055
3.59454
3.59119
3.58952
3.57315
3.58168
3.56835
3.5084
3.50888
3.50961
3.50834
3.50876
3.50881
3.50855
3.50942
3.50823
3.50878
3.50827
3.50872
3.50836
3.5084
3.50838
3.50825
3.50832
3.5084
3.50828
3.50814
3.60667
3.61644
3.62468
3.61509
3.61965
3.50877
3.50842
3.50974
3.50925
3.51185
3.51039
3.51255
3.5234
3.51552
3.51204
3.58817
3.57087
3.60946
3.59293
3.62138
3.62373
3.61328
3.62774
3.60342
3.613
3.60021
3.60278
3.50803
3.50801
3.508
3.50804
3.50801
3.50809
3.50807
3.5661
3.56654
3.60362
3.50892
3.50841
3.50818
3.50828
3.50848
3.50884
3.50961
3.50968
3.50832
3.50856
3.50831
3.50862
3.50873
3.61571
3.62533
3.61953
3.5109
3.51051
3.50845
3.52402
3.51276
3.51981
3.51211
3.51722
3.55704
3.5788
3.5829
3.6052
3.50801
3.50802
3.50801
3.50801
3.50801
3.51106
3.50968
3.51387
3.51274
3.51402
3.52609
3.51811
3.50816
3.50808
3.50847
3.50814
3.50816
3.5083
3.62594
3.60749
3.60456
3.57358
3.57619
3.50925
3.50863
3.50965
3.50921
3.50848
3.50831
3.63726
3.57395
3.57506
3.61806
3.63204
3.61642
3.60359
3.63532
3.61986
3.54644
3.55375
3.53859
3.52744
3.52151
3.53273
3.53256
3.52104
3.51678
3.50831
3.50855
3.56001
3.58047
3.59342
3.6185
3.60984
3.57183
3.56261
3.50943
3.50881
3.51188
3.5108
3.55948
3.55018
3.53761
3.52979
3.524
3.55114
3.54007
3.52965
3.62131
3.6184
3.59878
3.58896
3.61642
3.64145
3.6393
3.56635
3.56732
3.59433
3.62616
3.60715
3.6034
3.60089
3.59917
3.58719
3.57912
3.60616
3.61336
3.59216
3.60203
3.61923
3.60957
3.61248
3.61536
3.62822
3.59396
3.60467
3.6119
3.60609
3.62607
3.60774
3.61045
3.62108
3.60229
3.6285
3.59797
3.61938
3.59771
3.60519
3.61246
3.59147
3.60029
3.62954
3.56062
3.56031
3.58757
3.50821
3.50837
3.50818
3.50822
3.5082
3.50816
3.50818
3.51087
3.50902
3.50867
3.50989
3.50916
3.59079
3.58961
3.57641
3.5555
3.57279
3.56715
3.5523
3.55605
3.54845
3.54069
3.5413
3.53356
3.61626
3.6273
3.60604
3.5917
3.60693
3.51013
3.50918
3.50909
3.50894
3.5146
3.51
3.51068
3.50905
3.50789
3.50873
3.60233
3.61957
3.62951
3.61878
3.59441
3.63116
3.60923
3.57756
3.6258
3.59825
3.6024
3.59502
3.58628
3.59317
3.58005
3.53996
3.52965
3.59788
3.61266
3.60098
3.61673
3.61132
3.60444
3.61928
3.61834
3.62643
3.60617
3.60204
3.58975
3.61936
3.61931
3.60502
3.59953
3.62095
3.60467
3.62187
3.54063
3.5517
3.55219
3.52736
3.53214
3.53282
3.52329
3.5564
3.557
3.5717
3.5752
3.54205
3.52721
3.53203
3.52581
3.56535
3.56415
3.54202
3.54065
3.53095
3.599
3.60824
3.60211
3.60437
3.59614
3.58157
3.57848
3.59173
3.60184
3.59419
3.61238
3.52253
3.5136
3.51418
3.51268
3.51735
3.5136
3.5106
3.5113
3.51227
3.51014
3.59654
3.61181
3.61011
3.59735
3.59381
3.57903
3.58062
3.59168
3.59961
3.61715
3.60159
3.59298
3.61663
3.60102
3.60726
3.60612
3.62353
3.60575
3.597
3.58381
3.5869
3.57707
3.55193
3.5532
3.56933
3.58872
3.60187
3.58868
3.59143
3.5761
3.53486
3.55525
3.55134
3.5574
3.53071
3.52558
3.59358
3.59856
3.60499
3.57277
3.56915
3.56918
3.56945
3.53156
3.55057
3.55826
3.60011
3.58292
3.59297
3.51778
3.51374
3.51669
3.61844
3.62844
3.59768
3.57378
3.56017
3.54911
3.58802
3.56507
3.55479
3.57336
3.5571
3.55794
3.60694
3.5937
3.58643
3.60604
3.59997
3.57272
3.54701
3.56487
3.55307
3.54075
3.61765
3.59179
3.59743
3.60783
3.59316
3.59243
3.58017
3.60297
3.60002
3.58356
3.5092
3.50666
3.5142
3.51054
3.51008
3.50935
3.51581
3.55368
3.55966
3.55218
3.50814
3.50886
3.50852
3.50827
3.50839
3.50818
3.508
3.508
3.508
3.508
3.508
3.508
3.50824
3.50862
3.50858
3.50857
3.50854
3.60159
3.59644
3.58044
3.59231
3.508
3.508
3.508
3.508
3.508
3.508
3.508
3.5987
3.59004
3.58548
3.58962
3.6163
3.57557
3.58563
3.58395
3.59154
3.59027
3.51194
3.51041
3.50925
3.51013
3.5113
3.50896
3.50962
3.51448
3.51277
3.58024
3.59478
3.58132
3.56094
3.56639
3.55567
3.55832
3.5096
3.50862
3.5084
3.50874
3.50949
3.50923
3.59862
3.57586
3.60305
3.60453
3.50952
3.50973
3.50948
3.50868
3.50832
3.50825
3.50846
3.50851
3.50898
3.50881
3.61437
3.6131
3.59608
3.59574
3.59582
3.59381
3.58498
3.50736
3.50915
3.50906
3.50933
3.50866
3.50747
3.60684
3.59838
3.55729
3.58101
3.57592
3.56734
3.55349
3.5607
3.58746
3.60913
3.57403
3.59091
3.58385
3.508
3.508
3.508
3.508
3.591
3.6054
3.57989
3.57725
3.5705
3.56265
3.55903
3.57901
3.56769
3.50855
3.50821
3.50813
3.50815
3.50828
3.50818
3.5081
3.50813
3.61276
3.57031
3.58102
3.57077
3.57566
3.58987
3.57244
3.59906
3.52315
3.52783
3.51189
3.5144
3.52233
3.51554
3.5149
3.50833
3.50818
3.50831
3.50812
3.50807
3.50806
3.50957
3.51111
3.51126
3.50866
3.59977
3.57645
3.5814
3.57493
3.58937
3.51696
3.51861
3.51477
3.51046
3.51346
3.51423
3.51331
3.5095
3.51039
3.61487
3.59317
3.58693
3.59634
3.58084
3.58168
3.56817
3.57064
3.56291
3.58408
3.56979
3.55826
3.56605
3.58117
3.55977
3.57843
3.51349
3.50875
3.50939
3.51222
3.51042
3.50919
3.50864
3.50848
3.50821
3.5081
3.50816
3.58872
3.59372
3.57578
3.57736
3.56887
3.508
3.508
3.508
3.508
3.508
3.54577
3.54508
3.60864
3.60105
3.58525
3.58099
3.57667
3.59289
3.57048
3.50805
3.50805
3.50808
3.50807
3.50807
3.50805
3.50805
3.52758
3.52598
3.53538
3.53975
3.52089
3.52664
3.51477
3.51761
3.59713
3.59025
3.59676
3.58128
3.51265
3.51146
3.51029
3.51172
3.51384
3.516
3.51594
3.52021
3.53206
3.52656
3.60592
3.55269
3.55216
3.57034
3.56801
3.50969
3.51177
3.50925
3.51287
3.51079
3.54467
3.54193
3.55643
3.50823
3.50837
3.50811
3.50818
3.50811
3.50805
3.50803
3.58189
3.58704
3.56428
3.5727
3.57203
3.58623
3.54032
3.52044
3.57333
3.5633
3.57105
3.57335
3.59953
3.58819
3.57415
3.53588
3.568
3.55227
3.55707
3.57081
3.58212
3.58688
3.5082
3.50866
3.50818
3.50873
3.50833
3.50829
3.57038
3.55591
3.55954
3.56501
3.57142
3.53136
3.52917
3.52266
3.52462
3.51775
3.51406
3.51636
3.55668
3.54643
3.54994
3.50808
3.50804
3.50809
3.5082
3.50813
3.50804
3.50802
3.50806
3.50874
3.50852
3.50854
3.50821
3.5082
3.50811
3.55162
3.53886
3.55092
3.55575
3.53472
3.55043
3.5541
3.57322
3.55025
3.56645
3.53965
3.5417
3.54345
3.52823
3.52658
3.57415
3.55312
3.56867
3.55766
3.57169
3.56682
3.58709
3.56927
3.57514
3.52624
3.52189
3.52666
3.55007
3.52643
3.5351
3.50821
3.50836
3.50818
3.50821
3.50832
3.50824
3.50824
3.53095
3.534
3.54244
3.53541
3.54445
3.56352
3.51172
3.51474
3.5097
3.51092
3.51174
3.50901
3.51002
3.50933
3.54285
3.509
3.50852
3.59618
3.58232
3.58263
3.55592
3.57084
3.55971
3.56931
3.5681
3.55454
3.53765
3.54441
3.56828
3.55223
3.52581
3.53259
3.53521
3.55293
3.53711
3.52907
3.54161
3.54499
3.52867
3.51732
3.51794
3.51833
3.51895
3.53986
3.53791
3.50855
3.50827
3.50815
3.56996
3.54621
3.56858
3.54434
3.56279
3.5205
3.52689
3.53162
3.52517
3.53563
3.5443
3.54476
3.53155
3.54759
3.57529
3.57279
3.57227
3.59135
3.53667
3.54489
3.56325
3.52115
3.53892
3.50743
3.51661
3.51755
3.53048
3.54445
3.53653
3.5289
3.5575
3.50972
3.52805
3.53032
3.54698
3.50838
3.56109
3.5716
3.55656
3.54561
3.54431
3.57391
3.5622
3.56333
3.52611
3.54463
3.56376
3.50815
3.50831
3.50818
3.50821
3.50809
3.50808
3.50812
3.50808
3.50809
3.50811
3.51555
3.54021
3.53027
3.52431
3.5282
3.54228
3.52286
3.51904
3.56024
3.52222
3.53898
3.51492
3.53535
3.52539
3.52319
3.54786
3.51959
3.51289
3.51417
3.51491
3.51913
3.52094
3.53304
3.55912
3.52376
3.53997
3.58082
3.5804
3.5764
3.55761
3.55406
3.54895
3.54906
3.54531
3.55901
3.52275
3.53987
3.52691
3.56089
3.57183
3.51645
3.52213
3.58892
3.5761
3.54667
3.55545
3.55717
3.55392
3.57366
3.57501
3.52474
3.51912
3.54119
3.51223
3.52406
3.52595
3.51564
3.54738
3.56076
3.55067
3.56833
3.55418
3.56445
3.54225
3.53268
3.56884
3.53683
3.52524
3.55725
3.51025
3.50937
3.51103
3.50971
3.50867
3.50832
3.50878
3.52527
3.53516
3.55891
3.51917
3.53824
3.57857
3.5452
3.51562
3.50851
3.51611
3.51245
3.51091
3.50933
3.51148
3.51992
3.52275
3.5151
3.53335
3.56627
3.51237
3.51039
3.50851
3.50825
3.50853
3.5083
3.50816
3.50851
3.50829
3.50806
3.50806
3.50809
3.50811
3.50808
3.50918
3.50859
3.50913
3.50815
3.51323
3.50908
3.51183
3.51249
3.50938
3.53183
3.53425
3.56172
3.52641
3.52628
3.54645
3.54189
3.5209
3.57313
3.56466
3.55338
3.5671
3.54189
3.53
3.5258
3.53717
3.52699
3.56406
3.57241
3.53926
3.57724
3.56069
3.55702
3.55435
3.55632
3.53906
3.54658
3.53698
3.54177
3.50801
3.50802
3.50808
3.50802
3.50801
3.50803
3.50801
3.50801
3.508
3.50865
3.50858
3.50836
3.50922
3.50876
3.50936
3.58168
3.5563
3.5657
3.55789
3.55001
3.57522
3.57752
3.55346
3.55495
3.54339
3.57417
3.50864
3.50854
3.50908
3.50983
3.50932
3.51388
3.50931
3.5126
3.51057
3.51172
3.5101
3.5133
3.52232
3.55211
3.52279
3.53961
3.5005
3.5684
3.58141
3.54566
3.55058
3.546
3.5597
3.55293
3.50827
3.50825
3.50859
3.5081
3.50807
3.50807
3.50818
3.50811
3.50807
3.56399
3.56651
3.57128
3.56225
3.5514
3.53496
3.49667
3.50186
3.51282
3.53878
3.53684
3.54798
3.55366
3.50818
3.50831
3.50874
3.50971
3.5091
3.50837
3.50864
3.50855
3.5083
3.50914
3.50814
3.50869
3.50824
3.54219
3.50926
3.51138
3.52396
3.50954
3.51168
3.50856
3.50909
3.50848
3.5099
3.50912
3.56605
3.56472
3.5542
3.5469
3.5419
3.54413
3.53923
3.50904
3.50931
3.4966
3.51522
3.53312
3.52457
3.52507
3.52225
3.55536
3.55171
3.49211
3.49349
3.5104
3.51262
3.51421
3.51148
3.51755
3.52808
3.53733
3.53353
3.51823
3.52407
3.51852
3.52354
3.52027
3.51966
3.56045
3.49214
3.50305
3.50801
3.508
3.508
3.50802
3.50801
3.50801
3.508
3.508
3.508
3.508
3.5517
3.56492
3.54314
3.54148
3.56161
3.55571
3.50813
3.50823
3.50827
3.52941
3.54057
3.52705
3.54414
3.50814
3.50803
3.5081
3.50807
3.50802
3.50805
3.50804
3.52685
3.54364
3.54164
3.53256
3.54548
3.52561
3.5212
3.52558
3.52059
3.52098
3.56162
3.54148
3.54257
3.54923
3.5426
3.54001
3.49909
3.5016
3.52915
3.55058
3.52603
3.53057
3.56133
3.5559
3.5447
3.55054
3.53744
3.53771
3.52709
3.52193
3.52579
3.52137
3.52013
3.52498
3.49574
3.53776
3.50255
3.50848
3.50905
3.51024
3.50816
3.50832
3.50886
3.50915
3.55332
3.55937
3.54566
3.5547
3.55042
3.54913
3.50847
3.50816
3.50813
3.50824
3.508
3.508
3.508
3.508
3.508
3.508
3.50966
3.5089
3.50869
3.5097
3.51022
3.51193
3.56017
3.55929
3.53137
3.5313
3.5275
3.50258
3.54928
3.47735
3.48561
3.51264
3.51581
3.51106
3.51232
3.50974
3.5126
3.51017
3.56676
3.5672
3.54944
3.56732
3.5549
3.55265
3.54534
3.54795
3.53943
3.56444
3.54195
3.53479
3.54754
3.50975
3.50992
3.5094
3.51038
3.51452
3.5143
3.51351
3.50917
3.51554
3.50998
3.51511
3.5095
3.51048
3.50842
3.50853
3.50962
3.50862
3.51142
3.50849
3.5085
3.50884
3.50833
3.50981
3.50884
3.57262
3.55768
3.55005
3.54525
3.54541
3.53455
3.52627
3.52847
3.53633
3.54457
3.54667
3.56183
3.55296
3.53664
3.54785
3.53402
3.54515
3.50811
3.50819
3.50811
3.5083
3.50817
3.5107
3.51369
3.51032
3.50958
3.51416
3.51137
3.56591
3.55851
3.5436
3.55505
3.53932
3.54396
3.53442
3.54551
3.5338
3.53084
3.54278
3.55529
3.54544
3.50802
3.50804
3.50801
3.50801
3.50804
3.57271
3.55488
3.55317
3.55899
3.53864
3.54217
3.54556
3.54054
3.53378
3.55808
3.54419
3.54328
3.52918
3.52464
3.52871
3.47797
3.51721
3.48982
3.50813
3.50869
3.5083
3.50826
3.50837
3.54736
3.52801
3.54061
3.52071
3.52806
3.53789
3.47401
3.48005
3.55909
3.5574
3.54201
3.54177
3.53393
3.54179
3.55864
3.52302
3.53967
3.5564
3.53741
3.51875
3.5081
3.50827
3.50816
3.50832
3.50809
3.50809
3.50814
3.50806
3.50812
3.47737
3.48703
3.49974
3.52963
3.54196
3.54017
3.54498
3.53183
3.53271
3.53232
3.52804
3.53142
3.52424
3.53407
3.53391
3.52558
3.54877
3.54156
3.53659
3.54426
3.54313
3.5172
3.51137
3.514
3.51365
3.51101
3.50984
3.51269
3.51059
3.52388
3.54282
3.53282
3.55381
3.54656
3.55894
3.53981
3.53956
3.53517
3.52805
3.53896
3.5307
3.54698
3.52736
3.53418
3.52856
3.5284
3.54469
3.5092
3.50918
3.51005
3.5112
3.51217
3.54717
3.53806
3.52942
3.55084
3.5102
3.49055
3.48618
3.52242
3.50881
3.50817
3.50841
3.50808
3.5082
3.50825
3.50814
3.5296
3.51881
3.52033
3.53582
3.5613
3.56477
3.53834
3.48389
3.49326
3.52442
3.4998
3.5046
3.53292
3.508
3.508
3.508
3.508
3.508
3.508
3.508
3.508
3.508
3.51186
3.52358
3.53303
3.54465
3.53891
3.50866
3.5083
3.5081
3.50805
3.50815
3.50821
3.50808
3.50813
3.50806
3.51299
3.51101
3.5096
3.50932
3.50802
3.50803
3.50801
3.50801
3.50801
3.52929
3.5212
3.50846
3.51998
3.49916
3.53358
3.51509
3.50851
3.50808
3.50806
3.50819
3.51028
3.50902
3.50873
3.50831
3.5085
3.50824
3.51043
3.5124
3.51428
3.51302
3.54646
3.54321
3.54475
3.54553
3.5503
3.52294
3.52161
3.54039
3.52298
3.53177
3.55847
3.50897
3.51062
3.51067
3.51285
3.50842
3.50945
3.51063
3.508
3.508
3.508
3.508
3.508
3.508
3.52211
3.53708
3.4838
3.48818
3.50598
3.50814
3.50833
3.50884
3.56274
3.56431
3.56093
3.55161
3.54235
3.53966
3.55035
3.53193
3.5467
3.50837
3.50879
3.50911
3.52996
3.52027
3.54896
3.53965
3.52409
3.51699
3.52167
3.54372
3.55965
3.50812
3.50851
3.50821
3.5084
3.50839
3.5082
3.50865
3.50838
3.50808
3.50814
3.55104
3.52194
3.52097
3.53721
3.53256
3.54287
3.53511
3.4982
3.51289
3.533
3.5254
3.51979
3.51467
3.51539
3.50806
3.50824
3.50808
3.50811
3.50847
3.50831
3.50938
3.5086
3.54623
3.54517
3.54527
3.53632
3.53778
3.52808
3.52431
3.52363
3.51058
3.50859
3.50893
3.52057
3.53309
3.52171
3.51794
3.52839
3.51954
3.50952
3.50888
3.50963
3.51137
3.51095
3.52449
3.52155
3.51635
3.51383
3.51175
3.51047
3.51239
3.52983
3.52629
3.52084
3.51475
3.51759
3.51897
3.52229
3.51493
3.50642
3.53252
3.51982
3.53223
3.53271
3.52974
3.53109
3.52297
3.51741
3.51737
3.54814
3.55298
3.54013
3.5347
3.53836
3.53132
3.53823
3.52224
3.52398
3.52632
3.52344
3.52255
3.47535
3.47865
3.4967
3.54412
3.52995
3.53061
3.51967
3.52341
3.5093
3.50822
3.50896
3.51723
3.52696
3.50719
3.53123
3.51909
3.52672
3.47605
3.49432
3.50534
3.50165
3.51647
3.51057
3.51078
3.50956
3.50867
3.50833
3.50805
3.50803
3.50808
3.50802
3.50804
3.50805
3.50801
3.50803
3.50801
3.50801
3.50803
3.50806
3.50816
3.50808
3.50804
3.4741
3.4861
3.52367
3.48039
3.50239
3.53783
3.55397
3.53224
3.50591
3.50787
3.54042
3.52703
3.54331
3.50858
3.50826
3.50844
3.50828
3.47819
3.51116
3.51129
3.53109
3.49302
3.50461
3.50858
3.52453
3.52932
3.52173
3.51456
3.51275
3.51212
3.51228
3.51607
3.52109
3.51357
3.51779
3.50745
3.51196
3.54097
3.52089
3.52673
3.52151
3.51863
3.52046
3.51497
3.51655
3.51404
3.51524
3.51301
3.51269
3.50809
3.50815
3.50807
3.50806
3.50804
3.50812
3.50807
3.50804
3.52399
3.51655
3.51722
3.53248
3.53753
3.54813
3.48195
3.51577
3.47497
3.50347
3.46288
3.52976
3.53132
3.52654
3.52536
3.46129
3.47423
3.55118
3.53336
3.53094
3.53425
3.5295
3.53027
3.49975
3.50753
3.51654
3.52629
3.51585
3.52951
3.52838
3.49246
3.50617
3.49755
3.50908
3.50497
3.52151
3.50946
3.51587
3.49406
3.5167
3.50429
3.51888
3.48997
3.48252
3.50342
3.47322
3.50385
3.47393
3.51452
3.50385
3.50637
3.4784
3.49796
3.52495
3.52263
3.508
3.508
3.50801
3.50803
3.50801
3.50803
3.50802
3.50801
3.50801
3.50052
3.49801
3.51605
3.53
3.52036
3.5207
3.51781
3.51455
3.51381
3.5132
3.51119
3.51157
3.47746
3.47405
3.50812
3.50815
3.48461
3.47988
3.50652
3.50858
3.5092
3.51072
3.51252
3.50839
3.50824
3.5086
3.51011
3.52541
3.53765
3.52894
3.50939
3.51054
3.50974
3.50983
3.50922
3.51295
3.51139
3.50982
3.48406
3.48963
3.50457
3.51297
3.51694
3.51066
3.51001
3.51361
3.50997
3.5177
3.51438
3.52432
3.50849
3.50887
3.51037
3.51409
3.51691
3.50847
3.50815
3.51326
3.51015
3.51731
3.51395
3.50819
3.50815
3.52409
3.51683
3.5203
3.50667
3.47267
3.48623
3.49116
3.4894
3.47748
3.49946
3.50911
3.509
3.50841
3.50807
3.50814
3.50819
3.50845
3.5081
3.50818
3.50807
3.50813
3.50805
3.50813
3.50804
3.50806
3.50815
3.50832
3.50817
3.50832
3.46879
3.47967
3.51556
3.50889
3.50817
3.50885
3.50832
3.51071
3.50664
3.50027
3.46314
3.48118
3.47854
3.48071
3.5103
3.50268
3.48502
3.46091
3.46291
3.49134
3.50821
3.5081
3.50805
3.50806
3.50812
3.50808
3.52927
3.5308
3.53494
3.53061
3.52089
3.52671
3.53202
3.52882
3.52361
3.51937
3.52014
3.51464
3.51608
3.49021
3.49685
3.48873
3.51448
3.48251
3.45807
3.508
3.508
3.508
3.52415
3.50071
3.49165
3.49688
3.50349
3.50804
3.47738
3.50541
3.508
3.508
3.508
3.508
3.508
3.50822
3.50833
3.50805
3.50808
3.50804
3.50809
3.54883
3.50832
3.52071
3.47959
3.48469
3.53379
3.52163
3.51409
3.51802
3.54225
3.53156
3.49564
3.48757
3.51059
3.5265
3.49996
3.50913
3.52009
3.51702
3.52481
3.51893
3.51169
3.51493
3.51458
3.51687
3.51206
3.51191
3.45293
3.48296
3.46186
3.46675
3.49425
3.52352
3.50699
3.51385
3.47762
3.46417
3.47338
3.49655
3.50991
3.51878
3.49505
3.50394
3.51964
3.48846
3.50496
3.51677
3.52876
3.5253
3.52383
3.52167
3.51789
3.51798
3.51716
3.51844
3.4991
3.50078
3.51386
3.50173
3.51573
3.50805
3.50805
3.50808
3.53871
3.52512
3.53326
3.53512
3.51768
3.51483
3.52099
3.44604
3.45352
3.53039
3.53808
3.5397
3.51324
3.5214
3.52054
3.5266
3.50869
3.50832
3.50861
3.50842
3.50815
3.50806
3.5082
3.50802
3.52624
3.52871
3.5278
3.46205
3.50912
3.50999
3.50948
3.51378
3.46259
3.46171
3.48966
3.46905
3.45278
3.50806
3.50804
3.50811
3.50805
3.50801
3.50802
3.45203
3.48664
3.50878
3.48873
3.46369
3.4428
3.46389
3.48712
3.45221
3.46928
3.50828
3.50879
3.50937
3.50846
3.50865
3.45494
3.46066
3.48831
3.4845
3.44787
3.45498
3.45779
3.47241
3.48544
3.44672
3.46016
3.48518
3.44607
3.50806
3.50803
3.50803
3.47948
3.45249
3.48302
3.48112
3.50123
3.49945
3.51445
3.52434
3.53743
3.50084
3.51839
3.50094
3.52069
3.52322
3.50879
3.5153
3.50958
3.50872
3.50817
3.50824
3.50863
3.50703
3.51251
3.49863
3.51128
3.47802
3.49492
3.51145
3.48166
3.50205
3.50998
3.49697
3.46737
3.52638
3.51899
3.52675
3.51521
3.47665
3.48496
3.49058
3.50793
3.52187
3.5277
3.508
3.508
3.508
3.508
3.508
3.45227
3.49088
3.46949
3.46686
3.46736
3.44746
3.508
3.508
3.508
3.508
3.508
3.508
3.50802
3.50811
3.50805
3.50804
3.50801
3.50802
3.50807
3.47951
3.48629
3.50148
3.5056
3.50808
3.50803
3.50801
3.50802
3.50803
3.50802
3.49549
3.43774
3.44398
3.541
3.5371
3.52555
3.52665
3.53292
3.52029
3.47674
3.48697
3.4871
3.50094
3.49873
3.5081
3.50798
3.508
3.50801
3.50796
3.52194
3.52402
3.52982
3.51871
3.49707
3.43946
3.44412
3.52367
3.51371
3.52245
3.51638
3.51127
3.52022
3.5256
3.50152
3.53822
3.52485
3.5134
3.48225
3.49453
3.49236
3.49598
3.52335
3.49766
3.53185
3.5267
3.5262
3.52143
3.5209
3.52558
3.52206
3.53269
3.51798
3.53039
3.44177
3.50801
3.50781
3.50757
3.50792
3.52352
3.48962
3.49046
3.46411
3.46683
3.49065
3.47646
3.49231
3.51398
3.51881
3.5165
3.51115
3.51148
3.51079
3.51144
3.50807
3.50801
3.50802
3.50803
3.50803
3.50802
3.4417
3.44972
3.47242
3.52086
3.52863
3.51403
3.51214
3.44448
3.50851
3.50796
3.50814
3.50851
3.5087
3.50776
3.50804
3.50801
3.50802
3.50803
3.50803
3.50803
3.50802
3.50801
3.50807
3.50823
3.50818
3.50802
3.50989
3.50864
3.50918
3.5089
3.50962
3.51026
3.51883
3.51291
3.45405
3.51127
3.50275
3.48489
3.44079
3.45374
3.4651
3.457
3.50946
3.4869
3.51017
3.508
3.508
3.508
3.508
3.508
3.508
3.44193
3.43826
3.4739
3.44847
3.44208
3.46716
3.50522
3.51038
3.50998
3.50928
3.5052
3.50058
3.50032
3.50413
3.50957
3.50847
3.49823
3.50415
3.508
3.508
3.508
3.508
3.508
3.508
3.50811
3.50802
3.50803
3.50802
3.50803
3.49347
3.52358
3.44966
3.46642
3.48649
3.47957
3.4945
3.518
3.5169
3.50814
3.51619
3.50909
3.50912
3.51122
3.50986
3.50854
3.50814
3.50802
3.50802
3.50816
3.50803
3.51161
3.51113
3.44166
3.48564
3.50852
3.51075
3.50869
3.44182
3.48241
3.50887
3.50835
3.50793
3.50794
3.50804
3.50818
3.44589
3.43826
3.4641
3.43467
3.45751
3.43024
3.45497
3.43249
3.508
3.508
3.508
3.47217
3.42509
3.42911
3.4368
3.47028
3.43239
3.50821
3.50833
3.50848
3.50815
3.5083
3.50852
3.50816
3.50808
3.50834
3.50822
3.5081
3.47045
3.50981
3.46601
3.48523
3.48743
3.49851
3.46291
3.49492
3.46205
3.47766
3.47801
3.50368
3.49672
3.50812
3.50803
3.50805
3.50803
3.50805
3.50803
3.50801
3.50801
3.508
3.508
3.508
3.508
3.47135
3.4743
3.41777
3.44165
3.42611
3.51145
3.51429
3.50952
3.51107
3.5186
3.50653
3.50155
3.50175
3.51841
3.51538
3.52958
3.48372
3.4887
3.49709
3.51144
3.43891
3.46133
3.47677
3.48039
3.48423
3.45601
3.4594
3.50923
3.51018
3.48707
3.50005
3.42155
3.46431
3.43589
3.52023
3.47377
3.4882
3.48898
3.49743
3.4603
3.45249
3.51431
3.52915
3.51569
3.52456
3.50632
3.50868
3.50863
3.50879
3.50832
3.50839
3.50801
3.50798
3.50799
3.50798
3.50799
3.50798
3.44267
3.50847
3.50939
3.50851
3.5086
3.50835
3.50806
3.50801
3.50803
3.50802
3.50933
3.50875
3.50884
3.50851
3.50841
3.50826
3.50533
3.4732
3.49276
3.4963
3.5155
3.51172
3.50914
3.51154
3.51386
3.51018
3.43568
3.4342
3.45428
3.42109
3.42748
3.52172
3.51623
3.52292
3.5087
3.524
3.51967
3.52143
3.52718
3.52384
3.51524
3.51501
3.51716
3.48228
3.50507
3.45639
3.47101
3.48268
3.48854
3.46429
3.45019
3.50239
3.50147
3.5164
3.51898
3.51555
3.51716
3.51641
3.50656
3.51105
3.42234
3.45678
3.50798
3.50789
3.50791
3.50799
3.50786
3.459
3.47265
3.49563
3.51327
3.48539
3.45917
3.49588
3.48369
3.52045
3.51381
3.50824
3.50529
3.50119
3.50613
3.5057
3.5084
3.50825
3.50834
3.50815
3.50808
3.50806
3.44989
3.47161
3.49161
3.44763
3.46754
3.47417
3.4878
3.41388
3.42634
3.44702
3.50734
3.5067
3.50752
3.50755
3.50856
3.50764
3.50717
3.50761
3.5085
3.5081
3.50831
3.50822
3.508
3.508
3.508
3.508
3.508
3.50801
3.5099
3.50986
3.51227
3.50856
3.51772
3.51953
3.51476
3.50443
3.50759
3.50926
3.51049
3.50862
3.50892
3.45767
3.48424
3.46557
3.46091
3.41521
3.41503
3.43381
3.4629
3.47449
3.48472
3.48662
3.47121
3.47899
3.50906
3.49875
3.48653
3.52337
3.52024
3.51029
3.50637
3.5079
3.50514
3.5145
3.45301
3.46504
3.44837
3.49251
3.47746
3.50759
3.51004
3.46094
3.46315
3.48289
3.46883
3.47967
3.5066
3.50927
3.49295
3.5091
3.5075
3.50827
3.50779
3.50641
3.50666
3.50793
3.50611
3.50681
3.50689
3.50731
3.47628
3.44957
3.45203
3.45831
3.45828
3.47286
3.49532
3.46526
3.48984
3.51093
3.50796
3.50799
3.50792
3.50796
3.5079
3.50791
3.5078
3.50768
3.45099
3.47122
3.49383
3.45109
3.47507
3.50891
3.51127
3.51091
3.51181
3.50965
3.5086
3.50933
3.46155
3.45426
3.48952
3.48532
3.44866
3.50863
3.50863
3.50786
3.50793
3.50783
3.50764
3.50769
3.50059
3.44337
3.4598
3.45262
3.47359
3.47951
3.41557
3.39621
3.40591
3.51138
3.50962
3.50886
3.5099
3.50868
3.50843
3.48679
3.48425
3.51152
3.48097
3.49322
3.50292
3.47752
3.49674
3.46263
3.44806
3.48182
3.47938
3.45042
3.51172
3.51081
3.51164
3.51151
3.51234
3.41525
3.40942
3.44326
3.508
3.508
3.508
3.508
3.508
3.508
3.50801
3.50804
3.50801
3.50806
3.48881
3.51027
3.50219
3.50796
3.50798
3.50906
3.50808
3.50814
3.50806
3.50804
3.50803
3.50801
3.50694
3.50685
3.50735
3.50578
3.50693
3.45421
3.45179
3.47045
3.49453
3.49416
3.46044
3.44441
3.47269
3.47683
3.44782
3.51983
3.52259
3.40847
3.41409
3.39618
3.41542
3.47612
3.5055
3.47947
3.49226
3.50568
3.46576
3.46662
3.48836
3.48971
3.4976
3.50509
3.4087
3.42056
3.40886
3.44699
3.49497
3.41474
3.42429
3.48235
3.48836
3.50791
3.48397
3.49854
3.52248
3.50608
3.51996
3.52025
3.51106
3.50222
3.51145
3.4988
3.50267
3.5014
3.50307
3.49244
3.48087
3.41075
3.41553
3.45469
3.4545
3.40824
3.44354
3.44994
3.46857
3.46407
3.42185
3.43694
3.50802
3.50787
3.50829
3.50707
3.50779
3.50788
3.50758
3.50773
3.50888
3.50838
3.50823
3.50851
3.50822
3.48865
3.48636
3.50236
3.48188
3.46541
3.46498
3.47444
3.48237
3.48876
3.45094
3.47007
3.44959
3.4883
3.50799
3.50796
3.50795
3.50795
3.50798
3.50797
3.50157
3.48496
3.50275
3.51115
3.50862
3.50859
3.50841
3.50932
3.40303
3.5105
3.40254
3.44053
3.44688
3.46046
3.46086
3.42319
3.43579
3.508
3.508
3.508
3.508
3.50801
3.508
3.508
3.40172
3.39642
3.42731
3.40867
3.41533
3.48456
3.46104
3.49691
3.47059
3.4907
3.41877
3.44785
3.40146
3.41493
3.41668
3.43625
3.39649
3.50995
3.51064
3.51167
3.51514
3.5144
3.513
3.50837
3.50651
3.50653
3.50921
3.50882
3.39305
3.40877
3.40914
3.44403
3.43668
3.39347
3.39861
3.43539
3.43184
3.44615
3.43937
3.40483
3.4092
3.50802
3.508
3.50804
3.50801
3.50805
3.50805
3.508
3.5079
3.50798
3.50789
3.50796
3.50752
3.50758
3.50733
3.50802
3.50801
3.50801
3.50801
3.50801
3.508
3.508
3.508
3.48922
3.50163
3.49463
3.49121
3.50794
3.50783
3.50746
3.50769
3.5079
3.50781
3.45227
3.46267
3.47783
3.49532
3.50088
3.48562
3.5019
3.51516
3.51409
3.49499
3.50066
3.50298
3.50985
3.5111
3.40369
3.40477
3.44829
3.44234
3.44975
3.40944
3.40285
3.42559
3.50855
3.50225
3.47636
3.49289
3.49442
3.4456
3.47063
3.47595
3.49044
3.42307
3.44656
3.40188
3.39373
3.41941
3.50795
3.50781
3.50792
3.50793
3.50786
3.50774
3.50824
3.50812
3.50808
3.50809
3.50822
3.50806
3.50808
3.50824
3.4022
3.4289
3.42518
3.44167
3.47475
3.46302
3.40514
3.4077
3.43393
3.48034
3.47361
3.47224
3.48564
3.50127
3.48845
3.50043
3.43915
3.4016
3.45372
3.46963
3.44079
3.4304
3.47905
3.48583
3.43472
3.38661
3.39346
3.50797
3.50799
3.50794
3.50798
3.50801
3.508
3.508
3.508
3.508
3.508
3.508
3.46203
3.47644
3.49345
3.47793
3.50798
3.50795
3.50796
3.50799
3.50798
3.5079
3.50791
3.50794
3.50795
3.50792
3.50785
3.50248
3.50621
3.50807
3.50778
3.50791
3.50811
3.50761
3.47039
3.46826
3.46571
3.49031
3.5045
3.46481
3.49543
3.4093
3.47925
3.46463
3.47125
3.46551
3.46734
3.48285
3.5023
3.50362
3.508
3.508
3.50801
3.508
3.50801
3.508
3.49961
3.47792
3.47784
3.46733
3.47811
3.48532
3.49216
3.50851
3.50731
3.50882
3.50624
3.5082
3.50639
3.51988
3.51464
3.51401
3.51118
3.51331
3.51143
3.50962
3.51036
3.50046
3.48923
3.48017
3.47917
3.46941
3.49385
3.48796
3.5169
3.51299
3.51295
3.51152
3.51439
3.51247
3.5079
3.50792
3.50499
3.50609
3.4943
3.50575
3.49843
3.44028
3.46444
3.43691
3.44782
3.42458
3.44992
3.45954
3.39162
3.45222
3.41605
3.42514
3.39416
3.42411
3.48583
3.49099
3.49922
3.50786
3.50744
3.50784
3.50786
3.5078
3.40228
3.42204
3.37978
3.39968
3.37875
3.39894
3.4247
3.4955
3.48427
3.41362
3.43821
3.45997
3.43692
3.50877
3.50796
3.50805
3.5078
3.50777
3.50798
3.50798
3.50872
3.50833
3.42144
3.38533
3.39786
3.4884
3.4667
3.46902
3.48845
3.49961
3.50355
3.41904
3.38542
3.39799
3.40145
3.37936
3.40149
3.51397
3.51379
3.51076
3.50696
3.50887
3.511
3.42112
3.38502
3.42313
3.38526
3.39536
3.49812
3.47847
3.49078
3.49712
3.50408
3.49787
3.5052
3.50196
3.50831
3.5071
3.50354
3.50723
3.50696
3.51224
3.42019
3.38565
3.39621
3.50793
3.41394
3.43054
3.41822
3.46018
3.44627
3.45902
3.47132
3.4938
3.45754
3.48271
3.49871
3.50689
3.47944
3.46746
3.48284
3.48588
3.45641
3.45574
3.45943
3.45551
3.46043
3.48396
3.38366
3.38765
3.42365
3.41258
3.41045
3.43775
3.45233
3.41403
3.43394
3.49672
3.41606
3.43038
3.42791
3.45607
3.45385
3.46022
3.50322
3.48238
3.44708
3.45665
3.49086
3.48024
3.50171
3.508
3.508
3.508
3.4229
3.43454
3.44083
3.45888
3.46317
3.47658
3.42027
3.3882
3.50659
3.51049
3.50573
3.50921
3.43213
3.42158
3.3831
3.39071
3.48347
3.49685
3.50536
3.46358
3.48776
3.45197
3.48221
3.46908
3.48646
3.46213
3.50668
3.50732
3.50119
3.49519
3.49232
3.42491
3.38589
3.38499
3.46344
3.40935
3.41287
3.44439
3.41303
3.47022
3.43735
3.51159
3.51126
3.50955
3.50878
3.5103
3.50933
3.50743
3.50764
3.50771
3.5075
3.5068
3.44026
3.45996
3.48288
3.43915
3.44533
3.46943
3.49718
3.49854
3.47006
3.45595
3.4134
3.37344
3.38214
3.42672
3.42568
3.42929
3.44843
3.44854
3.46012
3.50799
3.50523
3.50603
3.50709
3.50668
3.5055
3.50812
3.50837
3.4114
3.43534
3.42746
3.44642
3.44199
3.50817
3.50815
3.50894
3.50833
3.37821
3.37734
3.38467
3.50801
3.50804
3.50806
3.50802
3.42022
3.4317
3.43433
3.44732
3.46543
3.46139
3.43875
3.41279
3.41243
3.43141
3.44888
3.43438
3.44871
3.49678
3.47484
3.4731
3.48761
3.4878
3.45054
3.46572
3.50803
3.50801
3.50801
3.508
3.50804
3.50801
3.50802
3.50802
3.50804
3.46193
3.46786
3.4511
3.48233
3.49514
3.44798
3.45517
3.48235
3.513
3.51433
3.5136
3.50303
3.49258
3.49985
3.49847
3.50631
3.50798
3.50869
3.5086
3.44519
3.40974
3.40606
3.38685
3.42677
3.42442
3.38488
3.50994
3.50962
3.50887
3.50995
3.51031
3.50894
3.50864
3.50904
3.50784
3.50788
3.50838
3.45541
3.46735
3.48421
3.43148
3.46588
3.44541
3.42537
3.44572
3.43852
3.46486
3.45306
3.46994
3.50407
3.50286
3.49916
3.50245
3.50627
3.50318
3.50441
3.50637
3.50746
3.50335
3.50145
3.37321
3.38166
3.50795
3.50765
3.50781
3.5077
3.50723
3.50758
3.50801
3.51194
3.5111
3.51136
3.51026
3.48451
3.4975
3.45201
3.47404
3.508
3.508
3.508
3.508
3.508
3.42793
3.40738
3.40129
3.40707
3.40415
3.51242
3.51183
3.51035
3.51018
3.50925
3.50852
3.50908
3.50845
3.42482
3.41513
3.4318
3.45101
3.38193
3.37679
3.39671
3.42027
3.42532
3.37098
3.37182
3.51028
3.50854
3.50884
3.50875
3.5088
3.50821
3.50809
3.50833
3.50845
3.50802
3.50801
3.508
3.508
3.50801
3.50801
3.50795
3.50792
3.50773
3.50784
3.50784
3.50773
3.5076
3.41032
3.42016
3.44893
3.43868
3.40691
3.41803
3.42029
3.44254
3.46086
3.44905
3.41003
3.41759
3.42716
3.45929
3.446
3.47092
3.41863
3.36205
3.36233
3.5044
3.50708
3.50265
3.50462
3.50203
3.50653
3.50558
3.50801
3.50817
3.50843
3.50694
3.50791
3.50785
3.50647
3.50761
3.50774
3.50738
3.50683
3.36532
3.37354
3.39656
3.37011
3.40334
3.41259
3.43735
3.43052
3.38752
3.40039
3.50826
3.38195
3.48439
3.43634
3.50902
3.50532
3.37802
3.37532
3.50549
3.43529
3.51122
3.37292
3.36363
3.39252
3.40509
3.40023
3.40839
3.42517
3.42303
3.50798
3.50796
3.50796
3.50798
3.50797
3.49911
3.49237
3.49836
3.50278
3.50504
3.36846
3.37061
3.41624
3.51033
3.51568
3.50472
3.49912
3.49538
3.50082
3.49962
3.50956
3.50763
3.51244
3.5068
3.50757
3.50595
3.50564
3.50647
3.37779
3.44472
3.46569
3.48535
3.41449
3.42874
3.39642
3.42139
3.45085
3.45303
3.50803
3.50805
3.50805
3.50803
3.50803
3.45721
3.44791
3.46073
3.41252
3.35915
3.3587
3.36143
3.36343
3.49312
3.49961
3.47869
3.4914
3.46334
3.49027
3.47973
3.41013
3.43329
3.40584
3.42255
3.43891
3.42757
3.44483
3.45079
3.48624
3.50791
3.50793
3.50796
3.50795
3.50789
3.3673
3.37486
3.3992
3.51091
3.50371
3.50499
3.50447
3.50736
3.50802
3.5086
3.50754
3.50622
3.5077
3.50994
3.50765
3.5076
3.50716
3.5048
3.50656
3.50774
3.50531
3.44858
3.45837
3.44948
3.44428
3.47697
3.50677
3.49887
3.50275
3.50529
3.50667
3.51116
3.49245
3.38893
3.44114
3.50607
3.51065
3.49509
3.40807
3.37044
3.36923
3.41418
3.40373
3.42368
3.41656
3.5078
3.50778
3.50782
3.50784
3.50782
3.5078
3.41451
3.37092
3.36343
3.40189
3.42022
3.40065
3.42175
3.44434
3.47718
3.45087
3.44606
3.46467
3.4403
3.469
3.39631
3.41601
3.39201
3.40729
3.41746
3.42717
3.41565
3.40975
3.42146
3.45742
3.49227
3.41958
3.43088
3.4746
3.46074
3.46397
3.47639
3.47504
3.48171
3.49796
3.41115
3.40099
3.40219
3.39853
3.42525
3.42039
3.4135
3.43902
3.38583
3.40814
3.42442
3.44379
3.50782
3.50784
3.50799
3.50803
3.50788
3.50793
3.47065
3.46483
3.46126
3.50952
3.47683
3.48923
3.47122
3.37032
3.38548
3.35778
3.36121
3.39203
3.3458
3.35389
3.36728
3.39366
3.50306
3.48569
3.49532
3.50495
3.49769
3.50792
3.50844
3.48705
3.48507
3.40201
3.38924
3.39361
3.40671
3.42118
3.43057
3.45905
3.4803
3.49336
3.49396
3.50177
3.50786
3.50787
3.50787
3.50787
3.50787
3.50769
3.50782
3.41533
3.40883
3.43686
3.41689
3.43568
3.35501
3.36248
3.38123
3.3912
3.40962
3.44253
3.39096
3.40903
3.42779
3.44449
3.50801
3.50801
3.508
3.508
3.508
3.41068
3.43362
3.38755
3.41348
3.38952
3.46762
3.47711
3.46373
3.48414
3.48847
3.50019
3.43679
3.43773
3.43482
3.46098
3.49267
3.45963
3.48862
3.50489
3.49693
3.50055
3.48365
3.48578
3.49436
3.38142
3.40592
3.38406
3.40747
3.42072
3.44412
3.39794
3.39842
3.39002
3.42404
3.41787
3.50551
3.50452
3.51217
3.50992
3.50575
3.50781
3.39695
3.39085
3.41041
3.34113
3.35821
3.50089
3.50571
3.50712
3.50769
3.50623
3.50186
3.50756
3.35769
3.36186
3.34329
3.37187
3.38714
3.50632
3.50474
3.50323
3.50576
3.50743
3.38687
3.40813
3.38651
3.42966
3.41401
3.44023
3.5074
3.50681
3.50739
3.50733
3.50767
3.50788
3.50759
3.50791
3.50805
3.5057
3.50749
3.50728
3.50763
3.50656
3.3482
3.35397
3.50763
3.50724
3.50781
3.50735
3.50767
3.49541
3.49626
3.51246
3.4843
3.49578
3.48917
3.50385
3.5003
3.48042
3.47207
3.4626
3.48441
3.48892
3.47325
3.45955
3.48214
3.47922
3.39085
3.39199
3.41113
3.44681
3.43543
3.47719
3.47489
3.49687
3.46836
3.47549
3.39231
3.4076
3.39283
3.41332
3.43006
3.40524
3.39682
3.43358
3.41982
3.44052
3.50848
3.50814
3.50829
3.50852
3.50823
3.4405
3.35048
3.35258
3.39148
3.3721
3.38831
3.39046
3.41274
3.41261
3.50934
3.50958
3.50789
3.43432
3.44974
3.34903
3.3671
3.38961
3.3836
3.43815
3.43024
3.44602
3.476
3.46693
3.486
3.4341
3.42737
3.50805
3.50799
3.50799
3.50799
3.508
3.50799
3.50804
3.50801
3.50799
3.35499
3.33039
3.35061
3.50765
3.50588
3.50733
3.50673
3.50781
3.50776
3.50753
3.50703
3.3467
3.33514
3.35654
3.51059
3.50844
3.49255
3.50023
3.50183
3.49202
3.34633
3.35853
3.3777
3.38456
3.38261
3.40542
3.43384
3.3783
3.34177
3.37616
3.33809
3.35061
3.50569
3.5065
3.50628
3.50311
3.50478
3.50225
3.36994
3.33953
3.34892
3.50695
3.50698
3.50741
3.50665
3.5075
3.50782
3.50713
3.50774
3.45532
3.49655
3.46708
3.49836
3.48534
3.40895
3.41515
3.4254
3.435
3.37699
3.38862
3.48105
3.49003
3.50002
3.50554
3.48361
3.49062
3.48531
3.49291
3.4966
3.50061
3.50257
3.47863
3.49379
3.49154
3.50152
3.49697
3.4994
3.34479
3.35426
3.38507
3.37577
3.39496
3.37933
3.40976
3.41556
3.50768
3.50772
3.50608
3.50727
3.50665
3.50683
3.50734
3.50807
3.5081
3.50806
3.50803
3.50801
3.50803
3.50803
3.378
3.36055
3.3328
3.33498
3.50794
3.50794
3.50784
3.50789
3.44235
3.46508
3.44654
3.47321
3.48184
3.37683
3.33019
3.33924
3.36309
3.38059
3.37314
3.39941
3.40808
3.40163
3.34957
3.35723
3.38863
3.37348
3.38184
3.4252
3.41187
3.38584
3.43205
3.4226
3.46151
3.50864
3.50906
3.50861
3.5077
3.50662
3.50754
3.50738
3.37504
3.39082
3.3996
3.41416
3.41548
3.43506
3.44467
3.42924
3.42522
3.4404
3.45023
3.45549
3.50797
3.50788
3.50795
3.508
3.39846
3.41981
3.42112
3.34576
3.34732
3.50996
3.5102
3.50776
3.50893
3.50874
3.50916
3.4891
3.49918
3.50725
3.50833
3.48525
3.49852
3.48695
3.41253
3.36174
3.37673
3.39876
3.40194
3.41673
3.43252
3.38508
3.38113
3.33521
3.33733
3.50786
3.50803
3.50802
3.50801
3.50802
3.50802
3.50799
3.508
3.50806
3.50806
3.50802
3.3326
3.3311
3.34843
3.37149
3.34201
3.37436
3.34567
3.33509
3.36937
3.36823
3.39413
3.39358
3.34687
3.36186
3.3436
3.34535
3.50787
3.50785
3.50759
3.50793
3.50764
3.50786
3.39317
3.42805
3.42255
3.39204
3.50781
3.50742
3.50786
3.50776
3.50786
3.50771
3.50791
3.50785
3.32773
3.32976
3.34379
3.41746
3.42598
3.42468
3.45825
3.45513
3.4724
3.50804
3.50803
3.33467
3.31917
3.33382
3.35513
3.32877
3.3423
3.50683
3.50905
3.50826
3.50951
3.50874
3.50763
3.50822
3.36836
3.38706
3.37269
3.39968
3.50801
3.50803
3.50803
3.50796
3.50799
3.508
3.5081
3.50806
3.36327
3.32783
3.34019
3.33226
3.32774
3.34606
3.34996
3.36404
3.32566
3.33652
3.32587
3.34677
3.34532
3.35891
3.38055
3.48517
3.49468
3.45199
3.49692
3.46813
3.48588
3.50821
3.50819
3.50818
3.50805
3.50807
3.37631
3.4404
3.41388
3.35222
3.32065
3.33372
3.48599
3.49171
3.49949
3.4795
3.44718
3.4209
3.45385
3.45041
3.43503
3.36236
3.32894
3.33923
3.50488
3.50431
3.49869
3.50282
3.49956
3.49548
3.41071
3.40539
3.47541
3.41479
3.46065
3.43429
3.44973
3.4654
3.41604
3.41975
3.38345
3.35937
3.32339
3.332
3.36964
3.37417
3.39234
3.39411
3.39779
3.35836
3.32731
3.33885
3.43443
3.40039
3.41539
3.37026
3.3634
3.36541
3.33826
3.50783
3.50783
3.50773
3.50479
3.50685
3.50666
3.50817
3.50686
3.50171
3.50548
3.50759
3.50528
3.50484
3.49865
3.50144
3.49873
3.50522
3.50294
3.50671
3.50556
3.50772
3.50778
3.50785
3.50786
3.50776
3.33278
3.33842
3.37459
3.37931
3.35963
3.40891
3.42924
3.40569
3.37459
3.36186
3.32372
3.33027
3.44531
3.41009
3.43078
3.40571
3.4215
3.42438
3.45102
3.45225
3.48215
3.5018
3.50465
3.5015
3.50357
3.50547
3.50741
3.50774
3.5065
3.5069
3.50604
3.33855
3.34885
3.37979
3.37715
3.40523
3.37274
3.50787
3.50794
3.50778
3.50742
3.50767
3.50677
3.50719
3.50745
3.508
3.508
3.508
3.508
3.38592
3.36649
3.373
3.404
3.40022
3.45617
3.45783
3.47202
3.46891
3.48149
3.48318
3.49752
3.49934
3.50593
3.3772
3.37202
3.40922
3.37396
3.39662
3.36998
3.40738
3.43531
3.38901
3.41204
3.50763
3.50886
3.50674
3.50607
3.50587
3.50363
3.50327
3.5075
3.50814
3.50723
3.50606
3.50656
3.36381
3.32627
3.366
3.33041
3.50732
3.50734
3.50917
3.5072
3.38157
3.33651
3.33769
3.40237
3.40848
3.37515
3.38409
3.42424
3.43465
3.46416
3.4624
3.50725
3.50785
3.50744
3.50791
3.5075
3.50779
3.50753
3.50786
3.508
3.50802
3.50767
3.50761
3.41505
3.43259
3.45323
3.44236
3.4204
3.41868
3.45157
3.32853
3.33158
3.50795
3.50796
3.50787
3.50795
3.50792
3.50796
3.50795
3.50789
3.50792
3.47504
3.47679
3.48323
3.49121
3.49258
3.50721
3.50867
3.508
3.508
3.508
3.508
3.508
3.508
3.508
3.508
3.3478
3.35366
3.36793
3.39048
3.39798
3.4817
3.46636
3.48802
3.4913
3.47725
3.46708
3.49043
3.49795
3.50428
3.50867
3.49851
3.49848
3.5027
3.50308
3.50953
3.50803
3.5093
3.51068
3.50991
3.508
3.508
3.508
3.508
3.508
3.508
3.44512
3.45678
3.48188
3.49421
3.5055
3.49201
3.50464
3.50093
3.49694
3.41199
3.42133
3.46549
3.40507
3.44902
3.50803
3.50801
3.50801
3.508
3.508
3.508
3.36433
3.37777
3.37933
3.41219
3.35341
3.32228
3.32836
3.37238
3.4024
3.42505
3.35723
3.35752
3.37189
3.41112
3.39387
3.50768
3.50779
3.5079
3.50721
3.50727
3.50724
3.50726
3.50795
3.50754
3.50767
3.50753
3.50684
3.50706
3.44951
3.41719
3.46523
3.47448
3.42727
3.46425
3.41301
3.40209
3.43755
3.44047
3.34842
3.38745
3.34742
3.36314
3.37333
3.38362
3.40116
3.35552
3.348
3.35927
3.3691
3.40598
3.3776
3.44548
3.45903
3.44067
3.44489
3.47263
3.48643
3.48402
3.4619
3.3712
3.39263
3.35884
3.39431
3.37506
3.40633
3.35237
3.36726
3.35531
3.38082
3.41161
3.35956
3.39142
3.50899
3.50908
3.50838
3.50848
3.34777
3.382
3.41049
3.35223
3.36853
3.41057
3.39072
3.37849
3.31511
3.32423
3.50825
3.5081
3.5081
3.50804
3.50804
3.50806
3.50579
3.50539
3.50653
3.50511
3.50164
3.35283
3.37239
3.37235
3.40375
3.50801
3.50801
3.50801
3.50801
3.50801
3.508
3.50756
3.50742
3.50703
3.50981
3.38731
3.3402
3.3531
3.38678
3.41297
3.37951
3.41058
3.42913
3.45242
3.42818
3.46429
3.49544
3.48165
3.50515
3.50428
3.45983
3.44445
3.47478
3.49182
3.45637
3.44728
3.48122
3.50813
3.50797
3.50799
3.50798
3.50799
3.50802
3.50801
3.50804
3.46634
3.46107
3.45005
3.48247
3.43683
3.45425
3.44283
3.45305
3.45361
3.4702
3.47416
3.48174
3.50514
3.50723
3.5077
3.50646
3.37004
3.36861
3.32194
3.32965
3.50768
3.50775
3.50734
3.50591
3.5061
3.50793
3.50795
3.50797
3.50964
3.50875
3.50923
3.50862
3.50239
3.49438
3.49805
3.29692
3.30698
3.31068
3.31924
3.50766
3.50744
3.5078
3.5065
3.50708
3.50604
3.5067
3.50802
3.50804
3.50801
3.50802
3.50801
3.50669
3.50766
3.50819
3.50801
3.50652
3.50727
3.50678
3.50782
3.50795
3.49983
3.50626
3.50712
3.50223
3.49437
3.49931
3.50707
3.50321
3.50526
3.5047
3.50199
3.34378
3.34684
3.38846
3.41134
3.34172
3.31869
3.35887
3.39003
3.37363
3.34141
3.33352
3.36135
3.39326
3.42616
3.34215
3.34661
3.36657
3.40333
3.393
3.38413
3.42648
3.40547
3.38797
3.40081
3.40447
3.508
3.508
3.508
3.508
3.508
3.508
3.50809
3.50768
3.50753
3.50791
3.38018
3.41558
3.39423
3.31799
3.36044
3.32231
3.31803
3.33249
3.3655
3.32133
3.30329
3.30842
3.3678
3.35372
3.35461
3.37921
3.37813
3.46453
3.41178
3.42683
3.44639
3.4785
3.41397
3.44256
3.42671
3.47336
3.45924
3.34859
3.35026
3.31419
3.31229
3.43104
3.424
3.46026
3.42236
3.44009
3.4624
3.34657
3.35664
3.36391
3.38582
3.38708
3.40617
3.42748
3.30162
3.30799
3.32798
3.29799
3.30701
3.32217
3.3527
3.38168
3.41819
3.34566
3.34405
3.38918
3.39629
3.4737
3.38993
3.39973
3.41525
3.44792
3.43575
3.34393
3.30186
3.30852
3.33844
3.3554
3.38959
3.33584
3.34986
3.3684
3.35746
3.39212
3.34219
3.34153
3.39629
3.33647
3.35214
3.38165
3.41936
3.49073
3.47597
3.46726
3.48805
3.47622
3.49648
3.48989
3.50785
3.50758
3.50729
3.50672
3.50751
3.42848
3.42544
3.41783
3.43931
3.47528
3.4806
3.45596
3.35841
3.36458
3.38804
3.41322
3.45518
3.43872
3.46404
3.50803
3.50801
3.50801
3.50803
3.50802
3.34051
3.42086
3.50395
3.50846
3.50454
3.49361
3.49575
3.31227
3.30809
3.3394
3.50767
3.50444
3.51029
3.50444
3.49163
3.49498
3.31548
3.3388
3.30222
3.508
3.50794
3.508
3.50796
3.50799
3.50801
3.508
3.50801
3.34514
3.37765
3.32751
3.33189
3.34799
3.37027
3.37682
3.35581
3.34612
3.3394
3.36886
3.37926
3.40688
3.30448
3.34181
3.30077
3.50441
3.50752
3.50879
3.50435
3.50349
3.50151
3.50029
3.50785
3.50775
3.50773
3.50779
3.50756
3.50779
3.50773
3.33154
3.33324
3.35054
3.37016
3.38474
3.35113
3.34875
3.41426
3.34423
3.37285
3.38036
3.34292
3.33334
3.35208
3.38134
3.33583
3.34992
3.36731
3.38086
3.50757
3.28686
3.29019
3.31603
3.3331
3.31292
3.33946
3.33631
3.32886
3.35815
3.34672
3.35291
3.296
3.30396
3.50802
3.50802
3.50802
3.50799
3.33907
3.37586
3.37372
3.33407
3.32084
3.47059
3.46872
3.47758
3.47987
3.48424
3.49951
3.50322
3.3284
3.42687
3.51871
3.51861
3.49664
3.32638
3.3887
3.33106
3.32894
3.35057
3.35794
3.3739
3.39404
3.50788
3.5079
3.50784
3.50793
3.50792
3.29994
3.30777
3.3326
3.34369
3.36852
3.379
3.39849
3.33976
3.34214
3.3326
3.33552
3.36327
3.39059
3.48115
3.47023
3.46319
3.48189
3.47477
3.49432
3.49174
3.50061
3.48153
3.49227
3.50138
3.47369
3.4973
3.48833
3.49759
3.49527
3.50829
3.50819
3.50806
3.50809
3.50818
3.50781
3.50786
3.50791
3.50788
3.50793
3.50794
3.50789
3.50795
3.30789
3.3001
3.32715
3.32925
3.33107
3.36004
3.3936
3.29023
3.29526
3.32731
3.50718
3.50718
3.50629
3.50691
3.50758
3.50785
3.50774
3.50755
3.50771
3.50765
3.50766
3.50768
3.50771
3.30851
3.29873
3.32495
3.45124
3.38828
3.37425
3.43764
3.39492
3.4288
3.50797
3.508
3.50808
3.50816
3.50756
3.50789
3.50777
3.50783
3.50588
3.50596
3.50287
3.50946
3.50083
3.48893
3.33037
3.41448
3.33322
3.34445
3.38443
3.38115
3.27293
3.29817
3.34951
3.37934
3.34304
3.32546
3.38681
3.49941
3.4907
3.49551
3.50044
3.50212
3.508
3.508
3.508
3.508
3.508
3.508
3.30321
3.28185
3.30335
3.3237
3.32829
3.34798
3.35802
3.49819
3.48639
3.46381
3.47847
3.4874
3.48069
3.33415
3.33275
3.35372
3.37841
3.36806
3.39203
3.508
3.50799
3.508
3.508
3.508
3.50803
3.50801
3.50801
3.35159
3.34625
3.30846
3.31122
3.50752
3.50759
3.31872
3.28858
3.29794
3.31846
3.43273
3.36749
3.38401
3.41746
3.32235
3.28968
3.30235
3.33535
3.31269
3.27525
3.28532
3.4797
3.47265
3.48744
3.47016
3.48287
3.49179
3.49556
3.50081
3.46389
3.43624
3.39094
3.41082
3.39194
3.39927
3.43688
3.42179
3.44593
3.49132
3.44344
3.45255
3.45916
3.47967
3.47527
3.33314
3.36486
3.39252
3.50602
3.50758
3.507
3.50735
3.50769
3.50748
3.50762
3.50803
3.50803
3.50775
3.50797
3.50796
3.50788
3.31941
3.30438
3.27838
3.28617
3.38664
3.41069
3.45979
3.40954
3.41973
3.50801
3.508
3.50799
3.50799
3.508
3.50168
3.46969
3.48334
3.47918
3.45223
3.46444
3.33878
3.37786
3.32061
3.33769
3.39539
3.41661
3.3654
3.39321
3.5075
3.5067
3.50722
3.50775
3.50767
3.4737
3.49132
3.47571
3.46843
3.48924
3.49701
3.34981
3.39729
3.39269
3.30078
3.32646
3.35363
3.32762
3.3456
3.31046
3.3413
3.508
3.508
3.5077
3.50756
3.50777
3.32436
3.27716
3.29348
3.2905
3.29516
3.31909
3.2877
3.29899
3.49937
3.50534
3.50413
3.50023
3.33711
3.33964
3.36847
3.36904
3.2978
3.29677
3.37518
3.39858
3.44866
3.38686
3.40525
3.34393
3.36718
3.43229
3.3673
3.3756
3.40535
3.44504
3.50817
3.50819
3.50813
3.50722
3.50698
3.50747
3.50646
3.50514
3.50343
3.50219
3.50611
3.50439
3.39025
3.46099
3.38928
3.39288
3.40669
3.42936
3.43929
3.50801
3.508
3.508
3.508
3.50801
3.508
3.508
3.5075
3.28821
3.49936
3.49362
3.49834
3.4992
3.50386
3.50431
3.50719
3.50616
3.50756
3.50568
3.50697
3.44758
3.37799
3.35729
3.40071
3.44834
3.38472
3.37259
3.42829
3.46434
3.49186
3.47175
3.50417
3.49576
3.47899
3.48354
3.49517
3.49563
3.48923
3.50117
3.50506
3.50165
3.50211
3.50509
3.50642
3.50173
3.50472
3.50243
3.50588
3.50632
3.3334
3.34774
3.32836
3.36912
3.3614
3.39713
3.32064
3.35118
3.38646
3.30965
3.3626
3.45113
3.45435
3.46481
3.48702
3.30394
3.31866
3.35939
3.31952
3.36077
3.36111
3.32063
3.3244
3.43485
3.37802
3.42325
3.43481
3.41903
3.40025
3.37991
3.38488
3.33254
3.34308
3.33366
3.37592
3.37641
3.29343
3.3053
3.27513
3.28606
3.33408
3.2758
3.29207
3.27021
3.28656
3.29971
3.27501
3.28422
3.37882
3.43375
3.29089
3.27207
3.29176
3.41039
3.48748
3.45403
3.49613
3.50472
3.50189
3.4959
3.50345
3.50017
3.49665
3.44254
3.43863
3.46356
3.48153
3.4479
3.47681
3.46758
3.30875
3.27584
3.28916
3.30608
3.27605
3.28905
3.31207
3.30475
3.28087
3.29213
3.32247
3.32805
3.34922
3.36609
3.38276
3.38751
3.40417
3.39557
3.39761
3.38399
3.42981
3.42915
3.45989
3.46251
3.47486
3.30467
3.27376
3.27955
3.50836
3.50026
3.5039
3.50722
3.50464
3.39899
3.41455
3.43728
3.45634
3.27093
3.28158
3.30477
3.3638
3.39644
3.35705
3.36419
3.38899
3.42768
3.38247
3.38584
3.39712
3.4242
3.42623
3.3218
3.32444
3.28047
3.27908
3.4343
3.39356
3.36668
3.36156
3.42488
3.31305
3.26976
3.28263
3.50816
3.50807
3.50816
3.50823
3.50799
3.50798
3.508
3.50801
3.50797
3.508
3.50804
3.50754
3.5082
3.50739
3.50767
3.50786
3.50807
3.50798
3.50749
3.50731
3.50773
3.50774
3.34235
3.31224
3.3241
3.35299
3.36313
3.32956
3.37382
3.36874
3.32485
3.50736
3.50479
3.50528
3.50618
3.50624
3.50673
3.31283
3.27891
3.28803
3.50797
3.50761
3.50782
3.50765
3.50792
3.50797
3.50788
3.50793
3.50828
3.50809
3.50806
3.50803
3.508
3.50801
3.50802
3.50799
3.50798
3.50096
3.49951
3.5052
3.50661
3.50477
3.5019
3.38941
3.37719
3.44754
3.4148
3.42297
3.31828
3.31147
3.32878
3.34472
3.35568
3.30563
3.27074
3.2786
3.50467
3.50315
3.50604
3.50329
3.50509
3.50752
3.50772
3.50774
3.50759
3.50805
3.50801
3.50802
3.50803
3.50353
3.50349
3.50172
3.50543
3.50502
3.50956
3.50875
3.32589
3.32003
3.28065
3.2832
3.27761
3.28076
3.29542
3.30889
3.27638
3.27557
3.29484
3.30485
3.33029
3.48918
3.46085
3.4756
3.44776
3.50704
3.50689
3.50747
3.31606
3.33728
3.34287
3.35673
3.3839
3.34303
3.30609
3.27765
3.32484
3.36415
3.35335
3.31071
3.30269
3.30144
3.27144
3.28367
3.36973
3.40633
3.41797
3.36806
3.38064
3.35921
3.37733
3.41365
3.40661
3.43455
3.4651
3.485
3.49045
3.49493
3.30766
3.31106
3.35255
3.35365
3.30663
3.50196
3.49119
3.49549
3.49944
3.50298
3.50487
3.30294
3.31689
3.27564
3.2783
3.50682
3.50473
3.50691
3.48695
3.49306
3.4956
3.47532
3.46068
3.44353
3.50778
3.50716
3.50787
3.50788
3.50762
3.50776
3.50771
3.50737
3.50768
3.50764
3.50759
3.50776
3.50777
3.49858
3.49779
3.50738
3.50724
3.50395
3.50784
3.50798
3.50795
3.5079
3.27449
3.30998
3.50763
3.50706
3.5063
3.50678
3.39608
3.43051
3.42756
3.45432
3.39022
3.37852
3.3266
3.34631
3.35
3.30808
3.30735
3.29856
3.27526
3.50769
3.50722
3.50784
3.50728
3.5077
3.36698
3.35661
3.36254
3.36704
3.38078
3.37536
3.44702
3.44404
3.41515
3.41016
3.3164
3.35051
3.31172
3.50769
3.50782
3.50766
3.50777
3.50767
3.50747
3.49022
3.49643
3.5036
3.31778
3.38024
3.30479
3.30476
3.32316
3.35417
3.36831
3.42029
3.41716
3.49115
3.48381
3.49749
3.50303
3.49309
3.31487
3.39259
3.31229
3.30876
3.35247
3.34514
3.50782
3.50792
3.50793
3.50761
3.50779
3.29972
3.26865
3.27368
3.50851
3.50821
3.50784
3.50822
3.5079
3.50806
3.47391
3.4105
3.42874
3.4695
3.4817
3.49051
3.28433
3.28889
3.31198
3.28141
3.27402
3.31445
3.5077
3.50789
3.50764
3.50794
3.50786
3.28533
3.35948
3.3214
3.33043
3.37693
3.37199
3.32242
3.3088
3.31457
3.26436
3.26265
3.50792
3.50782
3.50796
3.50792
3.50796
3.33468
3.27565
3.28283
3.29823
3.29394
3.33216
3.29643
3.49766
3.49415
3.5041
3.50147
3.49563
3.50286
3.49963
3.27781
3.29131
3.31969
3.40028
3.3746
3.39813
3.43571
3.47094
3.48416
3.38941
3.40491
3.44583
3.45913
3.42811
3.27212
3.508
3.508
3.44508
3.49417
3.45237
3.49624
3.49384
3.49939
3.49328
3.47418
3.50611
3.50733
3.50742
3.50671
3.50578
3.50652
3.28749
3.31079
3.36346
3.30459
3.3506
3.30959
3.30253
3.33874
3.33527
3.36931
3.42081
3.508
3.508
3.508
3.508
3.508
3.30581
3.26309
3.27213
3.50704
3.50757
3.50721
3.50608
3.5076
3.33565
3.31648
3.34962
3.26342
3.29873
3.29959
3.28142
3.29804
3.35983
3.33649
3.33134
3.30851
3.29873
3.3138
3.32475
3.33594
3.3615
3.38527
3.39743
3.50814
3.50818
3.50816
3.50832
3.50863
3.50856
3.50783
3.50633
3.50743
3.50614
3.50702
3.50538
3.50256
3.50345
3.50504
3.32761
3.369
3.32286
3.34923
3.36751
3.29513
3.30605
3.27206
3.29831
3.35512
3.38622
3.39025
3.32989
3.32634
3.29498
3.31365
3.30968
3.31374
3.29423
3.29883
3.31308
3.33423
3.34194
3.45549
3.46123
3.49627
3.48301
3.49333
3.50538
3.50674
3.50663
3.50412
3.5025
3.50069
3.50731
3.50699
3.5085
3.50552
3.50696
3.50823
3.50809
3.50685
3.34536
3.34432
3.37693
3.42219
3.41906
3.29949
3.30336
3.36651
3.39931
3.50794
3.5078
3.5078
3.31284
3.27658
3.30721
3.30338
3.26029
3.26364
3.39155
3.40139
3.44421
3.42504
3.48066
3.42927
3.45608
3.39229
3.33735
3.33639
3.41794
3.45326
3.43413
3.45411
3.45353
3.38819
3.41756
3.49621
3.50116
3.47871
3.49107
3.50098
3.50688
3.50608
3.50757
3.5068
3.50783
3.50774
3.50654
3.50711
3.28363
3.30685
3.34088
3.28281
3.29796
3.33955
3.31875
3.30161
3.28234
3.29188
3.30534
3.32581
3.33729
3.36223
3.279
3.30018
3.29342
3.32559
3.32301
3.50082
3.49986
3.49082
3.30058
3.25234
3.26497
3.28494
3.30378
3.28651
3.29385
3.32393
3.33473
3.48693
3.49087
3.48749
3.48938
3.49129
3.49818
3.50079
3.503
3.2864
3.28885
3.30123
3.33293
3.34515
3.28868
3.29056
3.33482
3.36415
3.36527
3.30185
3.34868
3.34956
3.38453
3.28813
3.3057
3.2871
3.30834
3.3318
3.33722
3.35366
3.49699
3.50622
3.50505
3.507
3.50697
3.50304
3.50543
3.50542
3.50093
3.50404
3.28826
3.25577
3.25895
3.50795
3.50796
3.50792
3.50798
3.29322
3.29083
3.32525
3.36781
3.46991
3.46813
3.47635
3.48273
3.47911
3.423
3.42261
3.42768
3.46896
3.47131
3.44599
3.33648
3.32788
3.36818
3.40326
3.34631
3.38879
3.27639
3.26244
3.29882
3.45221
3.45698
3.47236
3.48686
3.508
3.508
3.508
3.508
3.50726
3.50699
3.50277
3.50514
3.5049
3.50628
3.50664
3.50761
3.50782
3.50791
3.50782
3.50756
3.29615
3.32806
3.27616
3.27714
3.29769
3.31889
3.33039
3.35513
3.29937
3.34341
3.36747
3.27991
3.28731
3.32762
3.5076
3.5076
3.50738
3.27714
3.28253
3.29638
3.32271
3.33158
3.45281
3.46343
3.46148
3.4828
3.48244
3.49195
3.27576
3.27968
3.29551
3.3225
3.33445
3.40861
3.47774
3.43494
3.44867
3.48728
3.42638
3.43794
3.43823
3.4685
3.46308
3.29907
3.27462
3.29036
3.32722
3.32732
3.37226
3.29713
3.27832
3.29157
3.30084
3.3358
3.34355
3.37346
3.26517
3.25528
3.28116
3.50407
3.49858
3.50595
3.50634
3.49982
3.50361
3.25357
3.24936
3.2684
3.27979
3.31156
3.33625
3.35629
3.28011
3.29762
3.31947
3.33682
3.508
3.50801
3.508
3.508
3.508
3.508
3.2667
3.2559
3.2808
3.50807
3.50804
3.50801
3.50806
3.24813
3.25415
3.26842
3.50769
3.50793
3.50775
3.50801
3.50802
3.50794
3.50788
3.50797
3.50797
3.50799
3.29545
3.27049
3.26196
3.50764
3.50649
3.50718
3.50601
3.5069
3.49866
3.49755
3.5007
3.50466
3.50472
3.50659
3.23976
3.26027
3.27634
3.2782
3.27726
3.29749
3.3369
3.40337
3.319
3.39571
3.27926
3.29083
3.30717
3.32081
3.35476
3.3635
3.29588
3.29378
3.24839
3.25229
3.28127
3.30064
3.24925
3.2514
3.27236
3.28437
3.28908
3.25618
3.25137
3.35426
3.37943
3.47045
3.41374
3.34999
3.36801
3.35612
3.37643
3.40531
3.42768
3.46617
3.46044
3.36885
3.40113
3.43544
3.43604
3.45032
3.508
3.508
3.508
3.508
3.508
3.508
3.508
3.51387
3.49325
3.29876
3.41223
3.43601
3.25181
3.24306
3.27488
3.52204
3.4812
3.29609
3.37234
3.50732
3.50758
3.50672
3.50762
3.5068
3.50733
3.33895
3.34887
3.37075
3.39042
3.40385
3.42114
3.28605
3.3178
3.32857
3.28943
3.37823
3.30149
3.33304
3.32347
3.29279
3.28303
3.28246
3.28082
3.30047
3.31087
3.32164
3.35104
3.43957
3.46287
3.44698
3.44375
3.47023
3.46804
3.37304
3.41587
3.35182
3.39945
3.28165
3.24263
3.25142
3.32189
3.353
3.36005
3.37797
3.38354
3.43184
3.24317
3.25091
3.27708
3.508
3.508
3.508
3.508
3.508
3.508
3.508
3.28557
3.2944
3.32511
3.24896
3.27218
3.28015
3.27955
3.30746
3.3515
3.22866
3.2504
3.24885
3.26426
3.23575
3.24957
3.23405
3.25165
3.28547
3.29008
3.30744
3.32298
3.33105
3.50777
3.50671
3.50718
3.50607
3.50679
3.50736
3.50755
3.50796
3.50654
3.5077
3.50749
3.50711
3.36193
3.3528
3.36262
3.40449
3.44446
3.46928
3.4722
3.39585
3.422
3.43721
3.44702
3.50799
3.50804
3.50799
3.508
3.50801
3.30749
3.30035
3.35868
3.50458
3.50584
3.50677
3.50337
3.495
3.49724
3.49807
3.49024
3.47707
3.4905
3.49915
3.49407
3.44721
3.4425
3.43328
3.45092
3.46674
3.46512
3.29433
3.24862
3.25042
3.2849
3.25803
3.27906
3.25138
3.50575
3.50732
3.50539
3.50619
3.50733
3.50782
3.26173
3.23805
3.2434
3.50784
3.50791
3.50777
3.50789
3.50793
3.27076
3.23852
3.24981
3.26226
3.2262
3.23754
3.2783
3.28152
3.29189
3.32118
3.3367
3.47296
3.47878
3.47922
3.49771
3.48196
3.49431
3.48903
3.48643
3.49239
3.50043
3.49094
3.5046
3.50146
3.5032
3.50685
3.50709
3.50401
3.50623
3.51024
3.28616
3.39929
3.49985
3.51869
3.50858
3.29076
3.49399
3.40463
3.50747
3.50728
3.38228
3.41659
3.34595
3.36921
3.39475
3.38292
3.50769
3.50612
3.5071
3.50493
3.50732
3.50654
3.50772
3.5078
3.50787
3.50786
3.50777
3.34782
3.35446
3.40862
3.34339
3.36708
3.41319
3.43531
3.28359
3.28368
3.33102
3.37014
3.27923
3.24235
3.26308
3.50652
3.50727
3.50352
3.50558
3.50682
3.50521
3.5072
3.27235
3.26705
3.2764
3.30396
3.30996
3.50623
3.50741
3.50467
3.50551
3.33006
3.30145
3.40915
3.39988
3.34733
3.33705
3.34576
3.394
3.27944
3.29661
3.29619
3.33217
3.32958
3.28035
3.2489
3.24619
3.27897
3.49739
3.49743
3.5029
3.50568
3.50465
3.50207
3.50384
3.50676
3.50341
3.50618
3.5073
3.50597
3.50262
3.50318
3.50684
3.50712
3.24903
3.26742
3.24707
3.26367
3.23385
3.24876
3.22887
3.24766
3.27808
3.32003
3.3251
3.26058
3.27738
3.26375
3.22118
3.23516
3.50332
3.50694
3.48509
3.48787
3.49936
3.50416
3.26264
3.23265
3.24437
3.32489
3.30834
3.37672
3.33883
3.36408
3.32511
3.41279
3.43088
3.38067
3.27927
3.23828
3.23594
3.27404
3.24108
3.25213
3.23099
3.23944
3.36713
3.40772
3.43057
3.40787
3.23684
3.23859
3.22864
3.2394
3.2554
3.23342
3.24475
3.25283
3.21493
3.22749
3.29153
3.33014
3.267
3.27656
3.31908
3.3588
3.48156
3.42189
3.48741
3.46706
3.48773
3.45387
3.508
3.50802
3.50801
3.50801
3.50801
3.37583
3.38796
3.42666
3.40456
3.44392
3.50763
3.50746
3.50762
3.50767
3.50768
3.50746
3.5077
3.50758
3.50727
3.5068
3.50669
3.50509
3.5064
3.50709
3.48911
3.45499
3.47004
3.47791
3.42772
3.43531
3.25389
3.23456
3.24226
3.25286
3.22227
3.23344
3.29178
3.32579
3.35549
3.36605
3.40403
3.40957
3.2341
3.23476
3.2713
3.24463
3.23018
3.24408
3.33956
3.34031
3.34727
3.38991
3.41693
3.39358
3.25654
3.23239
3.23701
3.26852
3.25145
3.29742
3.50782
3.50797
3.50792
3.50799
3.508
3.50799
3.50795
3.50797
3.27141
3.27476
3.2589
3.30121
3.30325
3.34079
3.29145
3.32283
3.25663
3.26925
3.27154
3.30472
3.29616
3.50803
3.50801
3.50801
3.34043
3.37775
3.36538
3.42021
3.42698
3.25909
3.2738
3.27592
3.30767
3.30673
3.50507
3.50452
3.50177
3.49754
3.50202
3.5092
3.31704
3.34257
3.40086
3.336
3.35242
3.4131
3.42223
3.4772
3.47394
3.4842
3.43892
3.44246
3.47034
3.25373
3.23735
3.26008
3.23335
3.26225
3.26305
3.23944
3.27018
3.26178
3.25193
3.29561
3.29385
3.41692
3.42179
3.43798
3.44211
3.46762
3.47196
3.22715
3.2343
3.24551
3.50785
3.50774
3.5076
3.5078
3.50784
3.50788
3.50793
3.50789
3.26246
3.23845
3.50724
3.50773
3.50783
3.5076
3.50784
3.50755
3.28427
3.28081
3.28245
3.32591
3.32563
3.38791
3.26245
3.22201
3.241
3.50692
3.50742
3.50706
3.50795
3.50778
3.50797
3.26752
3.22367
3.2298
3.27006
3.27796
3.30667
3.34092
3.48656
3.48513
3.48737
3.49485
3.49555
3.50347
3.507
3.50567
3.5075
3.50661
3.50591
3.50736
3.50746
3.50712
3.48335
3.43932
3.44044
3.46906
3.47019
3.30644
3.32366
3.33105
3.27198
3.26517
3.27324
3.28018
3.31463
3.35698
3.32119
3.36763
3.48379
3.48921
3.49657
3.50412
3.28738
3.3243
3.25916
3.27645
3.3431
3.36564
3.50787
3.50786
3.50793
3.50791
3.50795
3.50784
3.50791
3.5079
3.5079
3.50785
3.30338
3.31468
3.25321
3.23449
3.27993
3.45736
3.44387
3.48473
3.48626
3.50676
3.50523
3.50765
3.50703
3.5075
3.5065
3.50752
3.50714
3.32955
3.33764
3.38894
3.41277
3.36911
3.40846
3.39236
3.3545
3.35615
3.508
3.508
3.508
3.508
3.508
3.508
3.508
3.23415
3.24814
3.23564
3.21216
3.22699
3.23992
3.32539
3.3724
3.36622
3.40172
3.37807
3.3792
3.41538
3.45246
3.42112
3.44423
3.45354
3.46697
3.50613
3.50433
3.50688
3.50572
3.50669
3.50746
3.50743
3.50672
3.45715
3.43196
3.42418
3.45568
3.44378
3.46268
3.26519
3.26645
3.22423
3.22753
3.43802
3.31446
3.3489
3.34614
3.32987
3.34724
3.39356
3.40133
3.27093
3.22069
3.22937
3.24888
3.25644
3.2915
3.46494
3.40031
3.41816
3.49306
3.47337
3.49407
3.46074
3.47642
3.39042
3.38769
3.39973
3.42896
3.506
3.49781
3.50126
3.50007
3.49658
3.50756
3.50769
3.50733
3.5077
3.22547
3.2244
3.26009
3.24038
3.26251
3.25635
3.29959
3.33399
3.34729
3.50769
3.50702
3.50712
3.5039
3.5048
3.27635
3.3144
3.24691
3.25696
3.26657
3.31017
3.29038
3.50647
3.50446
3.50536
3.23761
3.23082
3.256
3.32874
3.35134
3.35637
3.4031
3.38369
3.41642
3.48092
3.4839
3.47578
3.4998
3.47609
3.47987
3.49808
3.50277
3.48915
3.48968
3.49943
3.508
3.508
3.508
3.508
3.508
3.508
3.508
3.508
3.26204
3.31024
3.26049
3.2957
3.30893
3.24465
3.25465
3.44187
3.45826
3.45574
3.43982
3.42
3.44866
3.26417
3.26646
3.29125
3.2961
3.33062
3.43506
3.44582
3.48454
3.46453
3.47197
3.49707
3.48521
3.49502
3.49609
3.32822
3.35697
3.40672
3.33719
3.39614
3.5072
3.50761
3.50784
3.50755
3.25899
3.30181
3.24168
3.27436
3.31312
3.29361
3.3287
3.25749
3.22963
3.24695
3.22928
3.21717
3.21366
3.23306
3.50572
3.50565
3.50729
3.50658
3.50686
3.5048
3.50508
3.50741
3.50763
3.50629
3.50662
3.50736
3.50627
3.50761
3.50723
3.20375
3.20937
3.24456
3.50539
3.50335
3.50028
3.4965
3.49011
3.47016
3.47857
3.3963
3.48501
3.40761
3.46182
3.23902
3.24861
3.26163
3.2853
3.29729
3.2435
3.3424
3.25143
3.29582
3.25831
3.26724
3.3085
3.34466
3.34173
3.40049
3.39815
3.27842
3.24946
3.25535
3.31088
3.33391
3.4855
3.43012
3.47965
3.47938
3.45762
3.43879
3.39178
3.2834
3.31418
3.36246
3.26064
3.28012
3.3501
3.25696
3.2474
3.25224
3.265
3.3095
3.29412
3.30233
3.32201
3.24562
3.25594
3.21391
3.21447
3.49205
3.50345
3.42656
3.47274
3.46777
3.41624
3.44333
3.43919
3.50802
3.5081
3.50557
3.50415
3.50677
3.50643
3.4913
3.49218
3.2408
3.25302
3.28529
3.49917
3.48995
3.50351
3.50395
3.48987
3.4988
3.25435
3.29606
3.24533
3.23865
3.27586
3.30676
3.24669
3.26938
3.25983
3.27225
3.3366
3.34594
3.35209
3.26152
3.21562
3.24575
3.21893
3.25453
3.27796
3.26254
3.33724
3.33111
3.36743
3.50524
3.49164
3.47726
3.49575
3.48643
3.50221
3.48643
3.49601
3.50148
3.4919
3.50165
3.29625
3.24258
3.25332
3.27239
3.29206
3.24094
3.25648
3.29798
3.32365
3.38603
3.50532
3.50743
3.50646
3.50565
3.50775
3.50306
3.50376
3.50571
3.26974
3.26601
3.22198
3.22348
3.50798
3.50799
3.508
3.50799
3.50796
3.25844
3.26218
3.29389
3.35736
3.25537
3.23448
3.24472
3.24889
3.28484
3.29755
3.50693
3.50691
3.50781
3.50791
3.50794
3.5079
3.50794
3.50793
3.50796
3.28661
3.2843
3.32045
3.32442
3.24871
3.25009
3.30601
3.31791
3.25762
3.21979
3.28147
3.28084
3.23453
3.26901
3.25918
3.27136
3.27505
3.31351
3.46478
3.43714
3.39533
3.43244
3.39607
3.21808
3.1898
3.23607
3.50736
3.50773
3.5074
3.50779
3.50786
3.50786
3.50766
3.50793
3.50786
3.50794
3.29702
3.34732
3.4445
3.3643
3.41511
3.43946
3.40483
3.35422
3.32147
3.35832
3.3584
3.40494
3.41405
3.43701
3.4874
3.49014
3.44338
3.45094
3.46674
3.47199
3.50751
3.50581
3.50688
3.50729
3.25416
3.28656
3.29301
3.23694
3.24501
3.32509
3.3498
3.34604
3.39964
3.39413
3.42231
3.5077
3.50786
3.50779
3.26239
3.23533
3.25275
3.29983
3.24765
3.2517
3.25015
3.28615
3.2884
3.20637
3.2048
3.2312
3.37365
3.32994
3.37102
3.38365
3.31063
3.2469
3.26247
3.24217
3.2453
3.28404
3.28625
3.32523
3.32437
3.24037
3.25263
3.25283
3.29897
3.30187
3.24395
3.22137
3.24876
3.24897
3.32245
3.37513
3.25636
3.30784
3.34722
3.23647
3.29961
3.25057
3.50779
3.50809
3.50828
3.50814
3.50824
3.49062
3.50694
3.5075
3.50769
3.50748
3.50771
3.24741
3.20562
3.20924
3.32246
3.32556
3.39474
3.37859
3.41382
3.41788
3.45558
3.46039
3.19891
3.50702
3.50735
3.50668
3.50741
3.50738
3.50722
3.50764
3.21753
3.2051
3.24248
3.23145
3.2221
3.23264
3.20499
3.28716
3.33187
3.50731
3.50747
3.50742
3.23182
3.24508
3.29513
3.50509
3.50768
3.50594
3.50361
3.50596
3.50494
3.50628
3.50669
3.32519
3.33962
3.39641
3.40654
3.31658
3.34524
3.25734
3.29274
3.24017
3.253
3.29118
3.32306
3.2352
3.24817
3.25624
3.30287
3.30866
3.50575
3.50546
3.5073
3.50677
3.46826
3.47463
3.47457
3.49005
3.48115
3.49901
3.49561
3.5005
3.48936
3.49193
3.21827
3.20878
3.23476
3.30142
3.29993
3.39473
3.34329
3.39742
3.43169
3.45036
3.48981
3.49297
3.46749
3.46135
3.48151
3.26549
3.30571
3.31215
3.35251
3.23841
3.23793
3.23441
3.21632
3.50144
3.50328
3.50119
3.36016
3.34188
3.3875
3.42977
3.50528
3.49817
3.48728
3.47669
3.48161
3.49259
3.49463
3.47072
3.4773
3.41987
3.30938
3.31687
3.33882
3.37337
3.36391
3.23268
3.23793
3.24788
3.28198
3.28286
3.21726
3.22927
3.21117
3.2464
3.23062
3.24679
3.24772
3.2882
3.28084
3.31606
3.21342
3.23376
3.19575
3.34018
3.23185
3.24607
3.2609
3.30501
3.29575
3.18837
3.19659
3.49715
3.49433
3.49745
3.50291
3.50276
3.50533
3.49732
3.23897
3.25931
3.31023
3.35261
3.40521
3.21228
3.18838
3.26691
3.32955
3.24316
3.28648
3.32168
3.35312
3.34064
3.21485
3.23136
3.19704
3.20522
3.20266
3.50745
3.50776
3.50781
3.50776
3.39098
3.39993
3.4333
3.4608
3.45997
3.44199
3.43165
3.20108
3.22707
3.20306
3.21593
3.22994
3.1933
3.2041
3.22544
3.19709
3.20693
3.3374
3.39448
3.29845
3.32283
3.38764
3.41938
3.42777
3.24678
3.20524
3.23253
3.22278
3.23079
3.28426
3.29437
3.33406
3.18918
3.50727
3.50632
3.50756
3.50723
3.50766
3.38121
3.38438
3.30751
3.34168
3.36699
3.50766
3.5074
3.50709
3.19727
3.20914
3.22328
3.508
3.508
3.508
3.508
3.508
3.508
3.508
3.508
3.29935
3.31903
3.42818
3.33894
3.37943
3.38871
3.3219
3.30838
3.50551
3.50746
3.50688
3.50595
3.22222
3.18799
3.19776
3.24286
3.28889
3.28637
3.21818
3.24133
3.2256
3.18496
3.20142
3.23307
3.26111
3.2631
3.23224
3.22388
3.50408
3.50111
3.49678
3.49246
3.49875
3.47941
3.2211
3.20149
3.20167
3.21658
3.30892
3.35721
3.40622
3.30146
3.33522
3.33191
3.38066
3.38296
3.2293
3.19577
3.20283
3.2416
3.26276
3.23237
3.24401
3.27219
3.28179
3.50466
3.50634
3.50611
3.21067
3.20902
3.23594
3.23869
3.24416
3.19561
3.20193
3.25371
3.28032
3.24413
3.23213
3.29318
3.31552
3.3415
3.37583
3.38205
3.50678
3.50622
3.50898
3.50799
3.50799
3.508
3.508
3.508
3.23871
3.21235
3.2093
3.49957
3.29895
3.39268
3.24771
3.47072
3.38443
3.50459
3.24131
3.1968
3.20041
3.27649
3.32701
3.52033
3.4881
3.23471
3.33489
3.2006
3.23488
3.4005
3.34474
3.32297
3.34526
3.35188
3.39701
3.39964
3.4243
3.4261
3.30316
3.35012
3.39348
3.2559
3.22134
3.23256
3.31611
3.50738
3.50686
3.5055
3.50267
3.50435
3.3286
3.29038
3.32047
3.32187
3.36634
3.36421
3.40573
3.46184
3.44298
3.4824
3.47129
3.48586
3.5069
3.50636
3.50414
3.5022
3.50564
3.27323
3.29807
3.20345
3.21713
3.22408
3.22652
3.50522
3.50597
3.50343
3.50047
3.30738
3.32363
3.37562
3.4088
3.50762
3.50761
3.50764
3.50673
3.50694
3.50789
3.50711
3.50708
3.50753
3.50715
3.50791
3.50754
3.50783
3.50784
3.20042
3.22618
3.19299
3.20893
3.18412
3.20099
3.22585
3.19356
3.19928
3.2086
3.22307
3.20814
3.37461
3.40788
3.42042
3.47011
3.43734
3.47464
3.4562
3.21989
3.18261
3.19028
3.20216
3.22227
3.2285
3.24559
3.49776
3.49903
3.50658
3.50117
3.50718
3.50489
3.5066
3.50461
3.5028
3.22856
3.2
3.21355
3.50237
3.50578
3.50387
3.50583
3.50276
3.50672
3.50553
3.20023
3.19384
3.21363
3.22745
3.508
3.508
3.508
3.508
3.508
3.508
3.21857
3.18419
3.19616
3.2081
3.27263
3.30829
3.309
3.3521
3.38942
3.30032
3.3125
3.40959
3.50512
3.50687
3.50668
3.50753
3.50721
3.50783
3.50778
3.20278
3.22356
3.24394
3.2763
3.2224
3.22887
3.28544
3.3147
3.40543
3.4727
3.4186
3.42621
3.44005
3.46168
3.46587
3.5066
3.50503
3.50153
3.50701
3.22965
3.19421
3.20426
3.24449
3.24081
3.28133
3.27642
3.31677
3.50168
3.50255
3.503
3.5052
3.20665
3.23343
3.2336
3.2796
3.27653
3.22162
3.17713
3.18771
3.49807
3.48898
3.50291
3.49313
3.5007
3.22231
3.30152
3.52126
3.45837
3.49423
3.42112
3.23983
3.39489
3.50775
3.37662
3.30369
3.32201
3.36232
3.38807
3.36452
3.5075
3.50726
3.50779
3.28227
3.37547
3.29463
3.368
3.40838
3.19739
3.32316
3.32807
3.31881
3.37742
3.37823
3.42118
3.46551
3.4313
3.41968
3.41993
3.44553
3.44784
3.476
3.48519
3.4684
3.23045
3.23819
3.25368
3.31495
3.30573
3.34848
3.18619
3.22752
3.21928
3.20089
3.23843
3.28073
3.2368
3.27236
3.31102
3.3353
3.36344
3.43161
3.41558
3.50807
3.50342
3.50471
3.50563
3.50609
3.45558
3.48021
3.484
3.49767
3.47658
3.48353
3.49622
3.22183
3.18101
3.17747
3.19389
3.20421
3.2277
3.24145
3.27253
3.26471
3.32153
3.31526
3.36901
3.19395
3.2074
3.48191
3.49261
3.49382
3.49996
3.19338
3.21302
3.21551
3.22337
3.19199
3.19923
3.50343
3.50419
3.50691
3.48811
3.50037
3.49061
3.508
3.50799
3.50801
3.50799
3.50801
3.508
3.508
3.508
3.508
3.24001
3.2338
3.28707
3.26927
3.30633
3.21648
3.2222
3.25157
3.4835
3.46913
3.46343
3.49272
3.47697
3.48263
3.48961
3.49367
3.48525
3.47985
3.48078
3.4761
3.45585
3.46159
3.48773
3.48016
3.41957
3.44615
3.46298
3.43259
3.47333
3.21458
3.22841
3.26654
3.29922
3.26526
3.18962
3.1805
3.22906
3.50804
3.50805
3.50787
3.5079
3.50793
3.50793
3.50794
3.508
3.50795
3.36557
3.25291
3.33991
3.31051
3.40366
3.28292
3.3661
3.35419
3.49502
3.47014
3.48111
3.32668
3.39294
3.40275
3.37345
3.3593
3.43668
3.45167
3.42503
3.19832
3.21492
3.1965
3.50705
3.50645
3.42954
3.43808
3.49855
3.44163
3.43482
3.47127
3.4684
3.48269
3.22969
3.22884
3.27586
3.41123
3.41781
3.40584
3.45847
3.50796
3.50796
3.508
3.508
3.50797
3.50798
3.50799
3.50802
3.50801
3.24722
3.275
3.26525
3.22991
3.22252
3.44025
3.4525
3.48845
3.47595
3.49093
3.22225
3.2622
3.25989
3.18199
3.18261
3.20656
3.27323
3.32115
3.22736
3.2337
3.3325
3.28463
3.42147
3.4193
3.45352
3.45459
3.39729
3.42406
3.17451
3.16844
3.19801
3.23427
3.24437
3.2719
3.32346
3.28456
3.34198
3.30803
3.31312
3.36853
3.28849
3.31048
3.36812
3.50782
3.50791
3.50769
3.50786
3.50791
3.50527
3.50688
3.50736
3.50672
3.50554
3.50647
3.50599
3.50731
3.50767
3.5069
3.5069
3.50742
3.50769
3.31323
3.32635
3.37762
3.39104
3.31294
3.34483
3.38527
3.47676
3.41579
3.44939
3.409
3.42635
3.44806
3.46614
3.50282
3.50274
3.4946
3.50424
3.48267
3.50359
3.50538
3.50361
3.49842
3.49464
3.2045
3.21853
3.22247
3.27215
3.26474
3.50803
3.5081
3.50808
3.50804
3.50802
3.50801
3.50801
3.50783
3.50766
3.5076
3.50791
3.50794
3.50776
3.50796
3.5079
3.50792
3.50769
3.50728
3.50747
3.50777
3.5078
3.50787
3.18777
3.20199
3.50798
3.5079
3.50781
3.50793
3.50792
3.50806
3.508
3.49099
3.48066
3.49838
3.49035
3.49928
3.21344
3.23733
3.26963
3.31276
3.22946
3.23461
3.28979
3.27697
3.44846
3.46141
3.45956
3.48068
3.23138
3.18317
3.19801
3.50763
3.50754
3.50738
3.50773
3.50766
3.23732
3.28278
3.20928
3.23239
3.28252
3.31934
3.50137
3.50689
3.50522
3.5058
3.50769
3.5079
3.50777
3.50622
3.50702
3.50663
3.50711
3.2252
3.26601
3.20542
3.22333
3.27249
3.2486
3.21274
3.50784
3.50619
3.50713
3.50662
3.50727
3.50754
3.50694
3.50731
3.50742
3.50718
3.5071
3.50656
3.49995
3.49122
3.48433
3.49414
3.50041
3.2272
3.2511
3.20639
3.25148
3.24251
3.21265
3.20808
3.23302
3.29077
3.20668
3.22435
3.23647
3.27026
3.27975
3.508
3.50799
3.50796
3.50798
3.50796
3.50798
3.50797
3.50789
3.35234
3.36142
3.39963
3.40588
3.43145
3.17551
3.17654
3.197
3.50665
3.50473
3.50644
3.49808
3.50453
3.49672
3.4989
3.50635
3.50378
3.50498
3.5036
3.49996
3.50355
3.22378
3.21072
3.29547
3.2011
3.21191
3.2075
3.28383
3.27147
3.2219
3.20963
3.17988
3.18522
3.19641
3.21681
3.27054
3.21618
3.23274
3.26499
3.27647
3.50799
3.50799
3.508
3.2063
3.20645
3.24513
3.21774
3.20441
3.17672
3.17681
3.21461
3.22759
3.24387
3.25592
3.32048
3.33781
3.50784
3.50735
3.50789
3.50746
3.50775
3.50703
3.50782
3.50761
3.25262
3.25536
3.20231
3.21794
3.27512
3.21863
3.2279
3.26355
3.2769
3.35094
3.31395
3.33478
3.39705
3.42153
3.39238
3.21266
3.21673
3.27014
3.31264
3.50364
3.50459
3.50275
3.50544
3.49318
3.50375
3.50502
3.50386
3.50423
3.50606
3.50721
3.5062
3.50749
3.50692
3.2001
3.22873
3.26981
3.21231
3.22879
3.25827
3.2725
3.29419
3.29012
3.30761
3.32082
3.36902
3.37681
3.22132
3.23033
3.24506
3.29771
3.28761
3.30798
3.32789
3.48471
3.4252
3.4632
3.41621
3.47409
3.43758
3.46632
3.38207
3.26354
3.27473
3.32236
3.36975
3.36263
3.1871
3.19394
3.19317
3.21624
3.19644
3.22423
3.20502
3.24495
3.26059
3.25622
3.21488
3.30976
3.22214
3.22821
3.27426
3.25574
3.2228
3.26396
3.27033
3.19778
3.20952
3.31583
3.25705
3.20831
3.19517
3.19849
3.17017
3.23041
3.3723
3.21868
3.32393
3.2363
3.23802
3.29266
3.28359
3.20692
3.16115
3.17283
3.1758
3.22916
3.20123
3.29756
3.2486
3.22537
3.21566
3.31435
3.29535
3.22523
3.21968
3.22416
3.2337
3.27947
3.26388
3.27107
3.2975
3.37307
3.45866
3.47986
3.48527
3.4718
3.47207
3.48224
3.49675
3.49449
3.21029
3.21028
3.25289
3.29092
3.28919
3.29142
3.3063
3.32331
3.36935
3.34559
3.38313
3.39826
3.18802
3.20599
3.19231
3.50647
3.50582
3.50724
3.50785
3.50781
3.50745
3.50728
3.50593
3.50693
3.507
3.50789
3.50767
3.50744
3.50778
3.50738
3.50745
3.50767
3.50772
3.50788
3.50787
3.508
3.508
3.508
3.508
3.508
3.508
3.508
3.508
3.508
3.50068
3.49435
3.48236
3.48844
3.49726
3.49195
3.48842
3.50274
3.49574
3.50059
3.50453
3.19683
3.19626
3.22221
3.20024
3.22285
3.27023
3.2188
3.26279
3.49772
3.50036
3.49972
3.50501
3.50243
3.50489
3.50499
3.50675
3.50671
3.50191
3.50506
3.50162
3.50378
3.4196
3.49301
3.4943
3.48848
3.46536
3.44467
3.18312
3.21669
3.17814
3.18083
3.48303
3.49435
3.5019
3.50527
3.50626
3.49329
3.50096
3.4971
3.50426
3.50481
3.2294
3.20086
3.22665
3.27888
3.27889
3.32993
3.3144
3.20038
3.21874
3.21269
3.25494
3.25319
3.29672
3.50701
3.50612
3.50695
3.50441
3.50622
3.50436
3.4198
3.38882
3.45786
3.4061
3.40111
3.44068
3.44328
3.46782
3.50747
3.50674
3.5059
3.50569
3.50752
3.50694
3.23977
3.26726
3.26261
3.20852
3.21892
3.46453
3.4625
3.47579
3.41762
3.41211
3.46994
3.4385
3.42869
3.46698
3.43723
3.42347
3.19949
3.20386
3.21808
3.26255
3.25092
3.28891
3.19979
3.24747
3.20809
3.50748
3.50703
3.50777
3.50788
3.50737
3.50786
3.50753
3.18251
3.19955
3.16642
3.19668
3.22091
3.20192
3.23794
3.25225
3.29031
3.3816
3.37188
3.41922
3.42143
3.44951
3.40143
3.39642
3.46256
3.47323
3.48132
3.2088
3.20798
3.20139
3.25836
3.25724
3.32113
3.36132
3.19463
3.21396
3.21264
3.24348
3.2587
3.37303
3.49364
3.49489
3.47643
3.48257
3.48973
3.45573
3.41768
3.18766
3.17986
3.21892
3.19995
3.2093
3.21979
3.26107
3.2115
3.17175
3.17901
3.50671
3.50748
3.50602
3.5077
3.50785
3.50712
3.508
3.508
3.508
3.508
3.508
3.21968
3.17198
3.23974
3.46055
3.2031
3.20898
3.26055
3.29953
3.30337
3.36764
3.35853
3.16581
3.15188
3.18125
3.17373
3.20457
3.1647
3.16855
3.47535
3.46097
3.49589
3.48198
3.5008
3.4852
3.49591
3.47413
3.49676
3.48461
3.48525
3.49819
3.48067
3.49547
3.48801
3.50141
3.49059
3.50281
3.50485
3.25274
3.29657
3.32858
3.29734
3.27637
3.30134
3.30868
3.36841
3.37357
3.49361
3.50357
3.50003
3.49681
3.50415
3.50089
3.50202
3.50449
3.20183
3.14253
3.16164
3.5072
3.50701
3.50799
3.50798
3.50799
3.508
3.5031
3.50511
3.50448
3.50622
3.50716
3.5077
3.50663
3.50736
3.21415
3.23065
3.30213
3.34324
3.33989
3.36766
3.49973
3.50315
3.50153
3.50426
3.38573
3.40985
3.42699
3.40524
3.41595
3.44716
3.45486
3.46623
3.47396
3.48088
3.5013
3.50516
3.5063
3.48975
3.4981
3.50347
3.21331
3.18472
3.17034
3.20237
3.17793
3.16191
3.17367
3.19026
3.1681
3.16494
3.1753
3.18707
3.15788
3.16915
3.30443
3.20972
3.20048
3.19695
3.26729
3.27374
3.18995
3.17569
3.17552
3.16139
3.17286
3.20173
3.21355
3.20429
3.20281
3.27753
3.27581
3.31707
3.15607
3.17453
3.50714
3.50732
3.5073
3.50748
3.50765
3.27223
3.3099
3.28879
3.29797
3.31993
3.36881
3.35887
3.39279
3.35973
3.18985
3.15296
3.16104
3.43155
3.43458
3.47343
3.15965
3.18293
3.20582
3.50118
3.50178
3.47825
3.49758
3.48523
3.50108
3.48522
3.49513
3.16416
3.17296
3.19899
3.20848
3.19173
3.20257
3.20809
3.24847
3.19215
3.16242
3.17905
3.508
3.508
3.508
3.50744
3.50775
3.50688
3.50773
3.50739
3.18859
3.15335
3.16549
3.26907
3.20584
3.18986
3.26204
3.20572
3.22534
3.31655
3.27652
3.27781
3.21804
3.20897
3.50729
3.50739
3.50686
3.50732
3.5054
3.50743
3.50705
3.50607
3.33621
3.33017
3.41302
3.44663
3.36903
3.3679
3.41235
3.42662
3.44471
3.50768
3.50705
3.50696
3.28506
3.3885
3.35102
3.34393
3.3952
3.30928
3.26262
3.26437
3.38732
3.17173
3.19741
3.16028
3.48534
3.4859
3.46477
3.19718
3.21262
3.25368
3.20279
3.21317
3.25412
3.24003
3.28157
3.15906
3.17686
3.34884
3.40474
3.50712
3.22729
3.24474
3.27661
3.29216
3.17427
3.19403
3.20512
3.20631
3.50791
3.50692
3.50702
3.50698
3.50743
3.50737
3.50735
3.50753
3.50778
3.27201
3.29314
3.31136
3.3534
3.36808
3.39289
3.43944
3.50788
3.5077
3.50793
3.50786
3.50796
3.50791
3.50797
3.20275
3.14386
3.1633
3.30696
3.3226
3.27953
3.2102
3.25276
3.19579
3.18689
3.19471
3.1692
3.25511
3.28853
3.34203
3.35334
3.19969
3.15947
3.20373
3.22377
3.27428
3.27405
3.20279
3.1871
3.19171
3.16277
3.14806
3.16568
3.17105
3.50662
3.5043
3.50439
3.50044
3.50374
3.50518
3.28871
3.20519
3.25101
3.25242
3.19885
3.18186
3.21483
3.2676
3.2059
3.18743
3.30264
3.32256
3.25642
3.20208
3.21106
3.25896
3.24762
3.20939
3.23637
3.17806
3.18787
3.16526
3.18227
3.50755
3.50775
3.50718
3.50785
3.50756
3.50779
3.50757
3.50774
3.1896
3.20023
3.21989
3.25593
3.27392
3.30211
3.2583
3.25931
3.34916
3.3234
3.40789
3.41132
3.16196
3.15089
3.16397
3.178
3.18209
3.1532
3.16539
3.24198
3.26645
3.33483
3.39091
3.30179
3.34566
3.27679
3.33493
3.19088
3.15721
3.1759
3.4296
3.43281
3.45863
3.44655
3.47456
3.48234
3.46833
3.15513
3.17209
3.1834
3.26797
3.29691
3.36238
3.29918
3.35258
3.38542
3.39016
3.41327
3.19704
3.15751
3.17285
3.28896
3.33191
3.39053
3.40028
3.32799
3.16562
3.17581
3.1514
3.16653
3.15688
3.19625
3.16031
3.16843
3.16662
3.1924
3.1556
3.16878
3.50356
3.50533
3.50648
3.50542
3.50701
3.50761
3.50662
3.50751
3.19801
3.16377
3.16114
3.36616
3.23107
3.35367
3.27324
3.23181
3.1652
3.16206
3.19093
3.2038
3.24648
3.19014
3.24537
3.24349
3.16644
3.16185
3.19434
3.50784
3.50789
3.50785
3.5079
3.50786
3.1879
3.16411
3.29914
3.33279
3.41424
3.35694
3.36551
3.50267
3.50463
3.50669
3.50419
3.50654
3.50644
3.51358
3.50563
3.50322
3.50321
3.50472
3.22318
3.1955
3.26361
3.29736
3.26523
3.25585
3.20951
3.20761
3.5073
3.50497
3.49991
3.50551
3.50669
3.50336
3.50467
3.50645
3.50793
3.50796
3.50784
3.50788
3.50794
3.50449
3.21369
3.47349
3.34922
3.51409
3.50481
3.18366
3.1718
3.13686
3.15195
3.39383
3.20718
3.51724
3.48954
3.185
3.36713
3.27661
3.233
3.23576
3.15523
3.16981
3.15469
3.18961
3.15728
3.17543
3.18153
3.17292
3.50767
3.50752
3.50778
3.50772
3.39301
3.40541
3.42993
3.43846
3.45038
3.46486
3.28718
3.29903
3.31531
3.34799
3.38404
3.3983
3.30735
3.42242
3.32533
3.32124
3.3805
3.3863
3.18195
3.14036
3.15356
3.17209
3.24062
3.33247
3.28905
3.38419
3.40973
3.30502
3.35841
3.28039
3.31256
3.36445
3.28669
3.20169
3.18432
3.23986
3.23963
3.47374
3.46966
3.48913
3.49759
3.26876
3.30375
3.29902
3.37296
3.49949
3.49686
3.50146
3.49089
3.4982
3.50233
3.48133
3.49139
3.49253
3.49725
3.16192
3.50599
3.50684
3.50589
3.50407
3.50438
3.31124
3.2959
3.42585
3.39239
3.43778
3.41529
3.33151
3.4002
3.2747
3.38347
3.29557
3.27982
3.3308
3.33673
3.16054
3.19786
3.16625
3.50785
3.50779
3.50752
3.50778
3.50763
3.50791
3.50786
3.50791
3.34333
3.37972
3.33394
3.40717
3.45955
3.42461
3.20138
3.20901
3.21652
3.27252
3.28346
3.31057
3.50718
3.50763
3.15398
3.15673
3.16902
3.17114
3.19244
3.18841
3.30851
3.35723
3.19035
3.20168
3.23113
3.23357
3.14481
3.1781
3.15855
3.34604
3.38672
3.44537
3.39227
3.40549
3.41921
3.45745
3.508
3.508
3.508
3.508
3.508
3.508
3.508
3.17251
3.18801
3.20129
3.23712
3.508
3.508
3.508
3.16044
3.16457
3.17883
3.50369
3.48926
3.50588
3.48974
3.16915
3.18452
3.18236
3.23344
3.2332
3.50329
3.50656
3.50665
3.50525
3.50712
3.50651
3.19498
3.18406
3.2643
3.30658
3.21737
3.26692
3.20422
3.2386
3.21369
3.28953
3.30626
3.25262
3.39378
3.18271
3.4778
3.33196
3.40654
3.50188
3.49477
3.51127
3.50945
3.20125
3.36369
3.14356
3.15529
3.49794
3.50266
3.48947
3.47091
3.41684
3.32183
3.32844
3.39154
3.42546
3.40284
3.508
3.508
3.508
3.16605
3.19004
3.16274
3.4987
3.50688
3.5016
3.49367
3.50287
3.49879
3.49842
3.5019
3.50407
3.41746
3.42578
3.42055
3.45621
3.47773
3.48861
3.45278
3.46919
3.47801
3.48379
3.45781
3.44856
3.47099
3.49877
3.47005
3.46259
3.48762
3.49769
3.49991
3.49608
3.46835
3.454
3.47999
3.47835
3.50215
3.50399
3.50643
3.17817
3.15184
3.16261
3.19933
3.17917
3.14234
3.16288
3.18229
3.21342
3.16429
3.17479
3.19248
3.20562
3.264
3.25257
3.30484
3.18816
3.18689
3.38374
3.39751
3.45479
3.43538
3.46392
3.508
3.508
3.508
3.508
3.508
3.5038
3.50401
3.5
3.1929
3.20147
3.23398
3.23661
3.26481
3.18686
3.18561
3.1748
3.14588
3.16399
3.17976
3.29126
3.19637
3.25272
3.39063
3.40572
3.41683
3.30811
3.33268
3.35798
3.40554
3.3039
3.36255
3.37251
3.25352
3.28791
3.29425
3.33864
3.27763
3.29469
3.4045
3.35305
3.40919
3.48799
3.5053
3.48979
3.50038
3.50767
3.50797
3.50793
3.50798
3.47959
3.49732
3.50133
3.36163
3.2683
3.28534
3.30824
3.30103
3.36229
3.40243
3.4331
3.40446
3.46002
3.44867
3.21025
3.24708
3.24879
3.26946
3.19917
3.18789
3.50721
3.50732
3.50683
3.5069
3.50717
3.31643
3.32767
3.33363
3.39417
3.38234
3.40324
3.42514
3.45158
3.43814
3.16629
3.18722
3.22313
3.17494
3.19055
3.20895
3.22624
3.2942
3.31483
3.29061
3.31187
3.40989
3.38516
3.38178
3.41397
3.43068
3.16609
3.19102
3.18276
3.24441
3.23771
3.19265
3.20019
3.20546
3.26975
3.30314
3.50738
3.50112
3.50663
3.50331
3.19977
3.20465
3.24087
3.26075
3.50643
3.5057
3.51122
3.46132
3.47567
3.48437
3.49392
3.4529
3.47379
3.47003
3.48766
3.48723
3.18064
3.24718
3.2768
3.30151
3.14936
3.17676
3.14566
3.1437
3.162
3.13729
3.14177
3.15571
3.18099
3.19593
3.20246
3.26039
3.25082
3.16758
3.19249
3.24536
3.19137
3.20103
3.25057
3.23565
3.50604
3.50202
3.50195
3.50542
3.48551
3.49465
3.47416
3.49835
3.48865
3.44917
3.40394
3.42848
3.47399
3.4665
3.50795
3.50777
3.5079
3.50796
3.50798
3.50801
3.50801
3.50787
3.50796
3.50794
3.50799
3.50799
3.19187
3.13416
3.15424
3.50798
3.50786
3.50773
3.50794
3.50788
3.50796
3.17242
3.19935
3.17908
3.19775
3.24117
3.25971
3.25414
3.4108
3.48011
3.43441
3.46727
3.45957
3.42032
3.32185
3.26952
3.32897
3.28084
3.16618
3.16752
3.18725
3.21716
3.23031
3.26436
3.24003
3.29484
3.25089
3.31054
3.20402
3.19502
3.28259
3.30849
3.31258
3.37517
3.36473
3.40635
3.48545
3.29542
3.42078
3.28577
3.27508
3.3102
3.38669
3.4862
3.494
3.4954
3.50108
3.50184
3.50435
3.42546
3.41197
3.47925
3.45495
3.43154
3.508
3.50801
3.50799
3.50794
3.508
3.50799
3.508
3.50203
3.50441
3.50493
3.50434
3.50547
3.50707
3.50744
3.50663
3.50735
3.16927
3.18799
3.18468
3.20727
3.26024
3.33259
3.30159
3.33192
3.508
3.508
3.508
3.508
3.508
3.508
3.508
3.508
3.508
3.508
3.38542
3.2854
3.31596
3.31752
3.38077
3.20114
3.18162
3.19388
3.26181
3.27074
3.17516
3.20216
3.19239
3.22568
3.27272
3.25304
3.30079
3.50467
3.50614
3.50695
3.50727
3.35622
3.37915
3.39598
3.43804
3.46507
3.19776
3.20612
3.26618
3.29189
3.31111
3.33485
3.50633
3.50443
3.50748
3.18268
3.12001
3.13329
3.12908
3.14529
3.16011
3.50328
3.50545
3.50601
3.50699
3.16559
3.18602
3.23692
3.1819
3.19443
3.23479
3.23688
3.16658
3.18061
3.19988
3.2695
3.23055
3.28545
3.17373
3.21394
3.21579
3.12871
3.15115
3.13364
3.1863
3.23104
3.16391
3.17649
3.18303
3.23491
3.21682
3.17514
3.18207
3.25229
3.29703
3.50569
3.50497
3.50704
3.50639
3.5062
3.508
3.508
3.508
3.508
3.508
3.508
3.508
3.29848
3.23683
3.18599
3.17503
3.17305
3.21709
3.17155
3.19566
3.24168
3.18517
3.19322
3.2429
3.22914
3.16307
3.17555
3.18398
3.13922
3.14584
3.15992
3.18003
3.19257
3.21627
3.28046
3.26363
3.2786
3.16088
3.22004
3.17336
3.418
3.46759
3.44381
3.4945
3.47359
3.20072
3.21659
3.1509
3.18255
3.12897
3.14873
3.24082
3.18977
3.16905
3.14068
3.22948
3.18593
3.22538
3.17728
3.16742
3.30011
3.182
3.19471
3.19703
3.28604
3.28516
3.50662
3.50707
3.50401
3.50542
3.50529
3.50635
3.50706
3.50772
3.50773
3.5072
3.50756
3.50781
3.50786
3.50767
3.50772
3.15682
3.1657
3.19447
3.1409
3.11643
3.16677
3.17737
3.18215
3.18081
3.24331
3.23908
3.29247
3.15715
3.19761
3.22165
3.18048
3.19573
3.23219
3.21417
3.33007
3.37889
3.3321
3.39979
3.44353
3.47118
3.47977
3.38451
3.40955
3.37566
3.45649
3.4157
3.45832
3.18795
3.17004
3.18752
3.25357
3.27904
3.50765
3.50749
3.50775
3.50703
3.36507
3.40859
3.40469
3.43123
3.50731
3.50746
3.50646
3.50698
3.50661
3.50595
3.17523
3.18559
3.31741
3.24687
3.27973
3.34046
3.32083
3.50174
3.50615
3.50687
3.50564
3.50407
3.17835
3.12899
3.14211
3.20682
3.32794
3.26538
3.32679
3.36039
3.33119
3.15769
3.12247
3.13504
3.1765
3.18805
3.1906
3.23861
3.24211
3.26035
3.50739
3.50791
3.5076
3.50786
3.50741
3.45528
3.47656
3.46003
3.4679
3.47592
3.48071
3.48583
3.17898
3.13029
3.14703
3.1477
3.12066
3.15779
3.39051
3.40861
3.39355
3.45121
3.26443
3.22268
3.22579
3.2985
3.26244
3.35577
3.4056
3.32361
3.33078
3.3931
3.22207
3.23198
3.33497
3.24298
3.1736
3.18189
3.25635
3.29328
3.17262
3.16456
3.23011
3.21031
3.36479
3.21889
3.23173
3.33363
3.28614
3.35849
3.41156
3.508
3.50799
3.508
3.508
3.50799
3.508
3.508
3.508
3.40215
3.42018
3.46444
3.25459
3.13897
3.16611
3.16141
3.17502
3.18308
3.2351
3.21763
3.26584
3.27924
3.34702
3.3504
3.24689
3.28068
3.19308
3.19287
3.18362
3.50721
3.50742
3.50712
3.50729
3.50736
3.50752
3.50759
3.17551
3.2658
3.31025
3.1765
3.1877
3.23145
3.21946
3.25599
3.1544
3.18539
3.18511
3.24761
3.25499
3.16669
3.16629
3.17946
3.18224
3.22979
3.22164
3.24918
3.15413
3.18547
3.17663
3.22463
3.2166
3.48926
3.48823
3.50254
3.49578
3.50446
3.50101
3.49438
3.12263
3.14562
3.11834
3.13353
3.13332
3.14751
3.18944
3.2368
3.17997
3.1659
3.24247
3.27892
3.14323
3.13181
3.13883
3.15606
3.14595
3.13425
3.12232
3.13092
3.15302
3.13949
3.12468
3.16216
3.11895
3.13382
3.15142
3.14404
3.12356
3.13271
3.13583
3.13955
3.15793
3.48812
3.48933
3.40286
3.49064
3.41486
3.45629
3.50607
3.5075
3.50602
3.50373
3.50526
3.50666
3.50696
3.17104
3.18071
3.23504
3.28275
3.18716
3.1462
3.14459
3.15993
3.1119
3.23521
3.32232
3.33495
3.4636
3.47454
3.39829
3.37777
3.48081
3.44266
3.29378
3.37494
3.28648
3.32152
3.28783
3.32192
3.33876
3.39453
3.40492
3.14611
3.14853
3.16107
3.14154
3.1167
3.16896
3.28166
3.22503
3.27134
3.30204
3.2727
3.29865
3.36088
3.36833
3.31348
3.38115
3.3856
3.41008
3.11022
3.12853
3.47977
3.49126
3.48307
3.48074
3.49227
3.49314
3.47856
3.49905
3.4858
3.49679
3.48439
3.4949
3.17185
3.17326
3.21925
3.28393
3.26683
3.35114
3.35995
3.37765
3.11031
3.13345
3.15665
3.12051
3.13847
3.11862
3.16433
3.12116
3.16781
3.19859
3.17826
3.1938
3.24298
3.25003
3.39824
3.34968
3.17488
3.14424
3.20213
3.1729
3.11903
3.13274
3.33839
3.25878
3.24177
3.32722
3.12806
3.13497
3.42023
3.49301
3.42049
3.46029
3.15956
3.15756
3.17897
3.17386
3.23001
3.5021
3.50156
3.48346
3.48621
3.49888
3.13974
3.12769
3.15482
3.48514
3.48696
3.45884
3.41433
3.50328
3.49438
3.50704
3.50446
3.50667
3.50365
3.5059
3.4993
3.50588
3.50316
3.17226
3.17595
3.2324
3.43305
3.47445
3.46591
3.21788
3.22851
3.17526
3.18032
3.26033
3.28877
3.27708
3.12322
3.15307
3.50624
3.50404
3.50719
3.50449
3.50648
3.3726
3.41449
3.43899
3.12187
3.14699
3.15413
3.37861
3.37236
3.37404
3.45226
3.40697
3.42741
3.46806
3.45914
3.41783
3.45156
3.40196
3.43141
3.50691
3.50631
3.50656
3.1569
3.18967
3.20757
3.50093
3.49445
3.48357
3.49967
3.48861
3.49064
3.49806
3.50289
3.30717
3.37329
3.278
3.37734
3.22428
3.23194
3.29082
3.33714
3.20254
3.26158
3.35645
3.32815
3.35047
3.43653
3.44837
3.4152
3.42042
3.44832
3.46849
3.4573
3.508
3.508
3.508
3.50797
3.508
3.50798
3.50797
3.50799
3.50799
3.15529
3.19774
3.27506
3.16269
3.2536
3.28291
3.12141
3.16298
3.50742
3.50723
3.5063
3.50741
3.50705
3.50754
3.50772
3.50759
3.2912
3.16039
3.18385
3.25394
3.13458
3.12065
3.13958
3.10951
3.17889
3.25035
3.14691
3.24293
3.24386
3.19001
3.15566
3.16688
3.13478
3.12194
3.1525
3.15965
3.12425
3.13597
3.17563
3.218
3.22316
3.13322
3.1567
3.15349
3.1638
3.19444
3.25854
3.23271
3.28836
3.1566
3.17806
3.1591
3.12605
3.13964
3.13097
3.15878
3.13498
3.14382
3.12037
3.13207
3.16578
3.12636
3.13432
3.15591
3.17326
3.19293
3.24888
3.23678
3.1387
3.10996
3.12559
3.12648
3.10881
3.15028
3.16407
3.11921
3.15813
3.12473
3.13866
3.50525
3.50733
3.50775
3.50622
3.50764
3.50696
3.23129
3.23675
3.2909
3.33169
3.13184
3.15559
3.12443
3.15829
3.12198
3.11815
3.26737
3.12494
3.14815
3.22813
3.15477
3.16128
3.22877
3.21336
3.32801
3.20895
3.20856
3.26383
3.37271
3.27611
3.24116
3.24475
3.31432
3.32262
3.39966
3.43605
3.46781
3.47421
3.40948
3.44057
3.44453
3.50603
3.50706
3.5075
3.50631
3.5061
3.50778
3.50792
3.50795
3.50711
3.50768
3.50704
3.50785
3.50737
3.50776
3.16841
3.16121
3.14919
3.25403
3.20694
3.14374
3.20381
3.36568
3.21508
3.24182
3.27469
3.27963
3.14783
3.09631
3.11159
3.11436
3.12789
3.15034
3.50685
3.50714
3.50692
3.155
3.13412
3.27688
3.30663
3.38107
3.49559
3.49403
3.50061
3.50125
3.50248
3.5072
3.50582
3.50715
3.50604
3.50411
3.50048
3.50738
3.50637
3.50492
3.15031
3.17231
3.10477
3.12171
3.13886
3.50797
3.50798
3.508
3.50799
3.50797
3.50798
3.47332
3.49565
3.50033
3.49132
3.49481
3.50445
3.4955
3.50118
3.50142
3.49707
3.27793
3.2902
3.31538
3.36926
3.38695
3.41507
3.41969
3.22465
3.14311
3.21263
3.50795
3.50798
3.50521
3.50639
3.50707
3.50724
3.50671
3.50527
3.49554
3.49885
3.49953
3.50275
3.50327
3.1743
3.16574
3.14645
3.24004
3.23769
3.11324
3.15866
3.1294
3.11277
3.15782
3.49537
3.50369
3.50538
3.50324
3.4996
3.49542
3.50207
3.50702
3.50621
3.5046
3.50469
3.508
3.508
3.508
3.508
3.50798
3.508
3.50799
3.11168
3.14988
3.1352
3.13547
3.16829
3.29993
3.29294
3.35165
3.36523
3.38857
3.40042
3.41838
3.11603
3.11909
3.13977
3.1598
3.10643
3.11135
3.5068
3.50744
3.50774
3.50753
3.50698
3.18275
3.24136
3.24519
3.15286
3.17846
3.48688
3.49879
3.48878
3.49652
3.50328
3.50277
3.34531
3.51316
3.48489
3.18435
3.30643
3.1492
3.11674
3.14337
3.12352
3.15126
3.39029
3.51153
3.49621
3.49763
3.31085
3.31592
3.4279
3.44891
3.33285
3.33353
3.39297
3.39679
3.37701
3.43283
3.40781
3.43781
3.49756
3.4936
3.49865
3.50336
3.50516
3.50297
3.49459
3.49653
3.4812
3.48212
3.49483
3.17766
3.11158
3.1117
3.12737
3.30085
3.33397
3.35914
3.41029
3.42467
3.37816
3.14292
3.15908
3.15706
3.20832
3.19807
3.21001
3.24325
3.34548
3.375
3.26587
3.27682
3.32715
3.12838
3.11898
3.15783
3.14338
3.17654
3.1688
3.15749
3.18273
3.18849
3.24982
3.24842
3.50594
3.50383
3.50742
3.50567
3.50705
3.50658
3.46608
3.49845
3.45867
3.46865
3.47148
3.48501
3.48754
3.14686
3.16119
3.17134
3.20239
3.22616
3.27209
3.33755
3.1165
3.17
3.1589
3.16881
3.12023
3.11747
3.42819
3.45769
3.44447
3.42825
3.45376
3.46323
3.47287
3.48487
3.489
3.17044
3.15433
3.14565
3.24549
3.14883
3.17061
3.22978
3.23236
3.17719
3.11005
3.09772
3.14393
3.50801
3.508
3.508
3.508
3.508
3.50656
3.50579
3.50741
3.50676
3.13599
3.16057
3.15891
3.24749
3.31411
3.25951
3.23487
3.27925
3.33487
3.34586
3.37199
3.39606
3.36358
3.47081
3.47679
3.21403
3.27764
3.3554
3.26374
3.29848
3.31292
3.36062
3.26552
3.33853
3.27344
3.29107
3.32888
3.34126
3.3719
3.37213
3.40213
3.13324
3.15533
3.16456
3.22458
3.24029
3.31184
3.16048
3.11613
3.13147
3.16323
3.10829
3.11632
3.14051
3.16222
3.22532
3.15774
3.17061
3.21252
3.2345
3.44242
3.39523
3.40392
3.44256
3.4354
3.45868
3.50569
3.50696
3.50668
3.50548
3.50717
3.50234
3.50434
3.49508
3.49342
3.48017
3.47886
3.48432
3.21094
3.27217
3.25951
3.30094
3.34244
3.38777
3.36833
3.50617
3.5044
3.50791
3.16113
3.19273
3.25686
3.16611
3.27029
3.22811
3.1269
3.12858
3.16101
3.31153
3.15661
3.28432
3.26218
3.508
3.508
3.508
3.508
3.508
3.12865
3.15736
3.22686
3.14987
3.16616
3.23014
3.21314
3.16144
3.2002
3.1852
3.14824
3.13037
3.4951
3.49603
3.50026
3.50042
3.50634
3.507
3.50613
3.50343
3.50356
3.508
3.508
3.508
3.508
3.508
3.508
3.508
3.508
3.16734
3.23442
3.23638
3.16879
3.49655
3.15624
3.40106
3.32219
3.50793
3.16507
3.3085
3.52326
3.14704
3.18375
3.24731
3.17211
3.17765
3.22987
3.23395
3.17431
3.14511
3.17561
3.16829
3.24142
3.23599
3.50768
3.50779
3.50742
3.50735
3.50758
3.5066
3.50731
3.18241
3.25038
3.16626
3.13355
3.14921
3.22631
3.22514
3.27365
3.27111
3.30669
3.46388
3.4906
3.49004
3.47784
3.47675
3.31865
3.10728
3.09561
3.1414
3.12341
3.12311
3.1385
3.15631
3.27542
3.14093
3.16649
3.16332
3.22757
3.23298
3.19971
3.17423
3.32525
3.29694
3.13893
3.16697
3.23379
3.16606
3.22403
3.41302
3.46246
3.43213
3.48451
3.4731
3.45443
3.47717
3.48533
3.13667
3.2782
3.15047
3.22899
3.50768
3.5077
3.50781
3.27853
3.13834
3.16534
3.16335
3.23422
3.23281
3.09343
3.10623
3.24354
3.25086
3.23019
3.22199
3.32615
3.38483
3.35364
3.30875
3.2633
3.33457
3.50744
3.50659
3.50749
3.5066
3.50732
3.507
3.50726
3.508
3.508
3.508
3.508
3.508
3.508
3.17063
3.18712
3.24342
3.24877
3.30807
3.32735
3.10246
3.14077
3.10087
3.15995
3.17355
3.21041
3.21977
3.28087
3.32632
3.50735
3.50776
3.50766
3.50787
3.50781
3.50784
3.19615
3.3458
3.28245
3.37574
3.24607
3.34131
3.27937
3.33013
3.23454
3.26465
3.39683
3.3925
3.40543
3.45624
3.44946
3.47167
3.47181
3.50726
3.50772
3.50787
3.50795
3.50795
3.50774
3.50749
3.50784
3.50774
3.50734
3.12878
3.15136
3.1523
3.22947
3.22892
3.27514
3.13164
3.15405
3.14937
3.16755
3.20365
3.20746
3.12704
3.15359
3.19637
3.18833
3.37397
3.32746
3.43868
3.38906
3.38644
3.43409
3.43578
3.45671
3.50789
3.50789
3.50793
3.50795
3.13283
3.15509
3.15618
3.21571
3.22876
3.50381
3.50265
3.50101
3.5004
3.49675
3.49848
3.48138
3.4387
3.46746
3.47942
3.14869
3.16169
3.23237
3.27506
3.276
3.3069
3.14991
3.16553
3.2174
3.31346
3.22587
3.29823
3.31317
3.32214
3.35491
3.45102
3.40694
3.37103
3.38842
3.40925
3.45038
3.44209
3.49297
3.49839
3.50094
3.50438
3.49461
3.49757
3.49927
3.50025
3.15252
3.08154
3.10352
3.1268
3.11049
3.11701
3.1249
3.12224
3.14235
3.10819
3.10613
3.08117
3.14131
3.46772
3.45793
3.47165
3.48748
3.16363
3.2272
3.14391
3.16255
3.16455
3.20639
3.2166
3.503
3.5008
3.50312
3.50609
3.50729
3.50617
3.32809
3.38673
3.31186
3.36963
3.41093
3.32602
3.38848
3.50391
3.5049
3.50672
3.50635
3.50715
3.22633
3.4158
3.31459
3.39746
3.2936
3.36639
3.36538
3.26981
3.31284
3.19556
3.12436
3.15851
3.20045
3.18029
3.45154
3.47293
3.47986
3.48799
3.49768
3.48979
3.49948
3.4994
3.50326
3.49303
3.49094
3.49984
3.50354
3.50434
3.14345
3.15381
3.21987
3.27368
3.2652
3.32729
3.16721
3.20347
3.18129
3.27727
3.33145
3.39751
3.41149
3.44521
3.40459
3.48029
3.47749
3.29113
3.30964
3.38105
3.13246
3.14352
3.20059
3.25394
3.13713
3.16467
3.22316
3.15219
3.21806
3.25683
3.24924
3.50567
3.50688
3.50711
3.50672
3.50607
3.14333
3.2428
3.15813
3.1633
3.19084
3.20002
3.34497
3.3581
3.34288
3.39616
3.4284
3.43344
3.38498
3.35995
3.50754
3.50698
3.50456
3.50649
3.50615
3.14179
3.17286
3.16989
3.22404
3.14813
3.12809
3.0938
3.11582
3.13384
3.40182
3.47632
3.37201
3.42333
3.25418
3.23119
3.27323
3.28281
3.34449
3.34939
3.41234
3.46247
3.48484
3.44494
3.46248
3.48553
3.50398
3.50637
3.50715
3.50772
3.50766
3.50722
3.50428
3.50634
3.50455
3.50707
3.50632
3.16773
3.13057
3.15174
3.19976
3.19548
3.508
3.508
3.508
3.508
3.508
3.508
3.508
3.508
3.508
3.10171
3.10252
3.12767
3.19591
3.09672
3.10645
3.12987
3.14426
3.15673
3.22811
3.2706
3.32586
3.49755
3.47275
3.48694
3.47857
3.49733
3.50729
3.50502
3.50047
3.50575
3.50168
3.50695
3.4196
3.4567
3.46685
3.31127
3.35315
3.29684
3.39308
3.35129
3.40779
3.46033
3.0839
3.09271
3.1216
3.48229
3.48898
3.49321
3.49857
3.49939
3.508
3.508
3.50799
3.508
3.508
3.508
3.50685
3.5072
3.50728
3.42614
3.16392
3.29068
3.35588
3.49328
3.49377
3.49195
3.47843
3.46604
3.0972
3.08619
3.12684
3.47596
3.45774
3.48834
3.50095
3.49389
3.50539
3.50393
3.47907
3.48965
3.47974
3.49951
3.14248
3.16984
3.15545
3.24296
3.20918
3.26015
3.50779
3.50768
3.50782
3.50782
3.19266
3.1878
3.23697
3.14001
3.1389
3.17857
3.50747
3.50165
3.49428
3.50328
3.50612
3.50008
3.11322
3.12403
3.14725
3.28188
3.29925
3.26811
3.36783
3.35417
3.40367
3.11324
3.13596
3.15647
3.21692
3.1357
3.1474
3.15015
3.19273
3.20204
3.10251
3.14231
3.16838
3.22896
3.149
3.15784
3.26698
3.30005
3.40247
3.37774
3.4753
3.13569
3.08853
3.16786
3.21353
3.11157
3.13395
3.13482
3.23171
3.24771
3.19096
3.18626
3.11754
3.11717
3.12885
3.10846
3.13315
3.09377
3.10781
3.10188
3.11629
3.13075
3.10417
3.12775
3.11279
3.09901
3.11268
3.13542
3.1123
3.09425
3.50747
3.5073
3.50779
3.50772
3.50789
3.10052
3.094
3.12738
3.13264
3.16357
3.13846
3.09549
3.1091
3.50798
3.50789
3.50798
3.50793
3.50794
3.50797
3.50799
3.07531
3.11906
3.14392
3.10241
3.09822
3.13515
3.3758
3.40484
3.09606
3.10799
3.11902
3.12408
3.14235
3.4887
3.49511
3.50314
3.50324
3.50144
3.39982
3.43968
3.44128
3.3979
3.37404
3.09737
3.10814
3.50787
3.50743
3.50775
3.50785
3.11723
3.13729
3.10017
3.09305
3.12012
3.1256
3.09706
3.15791
3.21056
3.20673
3.24352
3.13707
3.1309
3.20165
3.1578
3.16639
3.23617
3.28037
3.26244
3.29184
3.15405
3.09793
3.12684
3.50455
3.50501
3.49662
3.50219
3.49683
3.50176
3.26355
3.23732
3.21426
3.31285
3.28514
3.24085
3.32109
3.41544
3.39898
3.38242
3.35316
3.08986
3.1043
3.13515
3.08915
3.08692
3.13236
3.172
3.21494
3.23316
3.1606
3.14296
3.14786
3.12026
3.11891
3.14514
3.22942
3.21445
3.29387
3.35465
3.33636
3.09536
3.08817
3.13549
3.08978
3.09254
3.13471
3.50678
3.5072
3.50773
3.26847
3.30668
3.36928
3.35648
3.35705
3.30243
3.29525
3.14936
3.22104
3.07767
3.10308
3.13009
3.1275
3.08642
3.07265
3.50745
3.50658
3.50767
3.50753
3.50768
3.50683
3.11987
3.09146
3.09784
3.45194
3.45492
3.43286
3.46119
3.47842
3.4928
3.47049
3.4914
3.09946
3.12891
3.19257
3.13743
3.14613
3.3863
3.45909
3.4409
3.4223
3.20385
3.25719
3.28913
3.35606
3.35553
3.25629
3.28454
3.45257
3.41005
3.39481
3.41735
3.44689
3.45917
3.47171
3.50749
3.50772
3.50769
3.50762
3.50779
3.50779
3.14589
3.22525
3.22698
3.11728
3.13478
3.50721
3.50544
3.50442
3.35387
3.39757
3.34402
3.34026
3.38405
3.43265
3.37967
3.40201
3.42634
3.44589
3.45933
3.50793
3.50796
3.50798
3.1498
3.0798
3.09421
3.29105
3.32497
3.2075
3.25202
3.26961
3.27718
3.36374
3.38329
3.31692
3.2391
3.25137
3.31796
3.50542
3.49946
3.50639
3.50051
3.50436
3.49649
3.50247
3.23529
3.26048
3.28452
3.30293
3.35063
3.33974
3.12216
3.1422
3.15913
3.22056
3.13949
3.15453
3.16837
3.20488
3.22129
3.29011
3.31214
3.24582
3.27982
3.35216
3.07666
3.09665
3.12478
3.27899
3.14125
3.22534
3.22686
3.12112
3.14436
3.0876
3.10649
3.12179
3.0954
3.10932
3.12614
3.09507
3.10864
3.49934
3.48328
3.46287
3.13279
3.09571
3.11085
3.22798
3.28752
3.26073
3.26255
3.28492
3.33636
3.28582
3.2685
3.34665
3.34466
3.37571
3.42191
3.29584
3.30705
3.38784
3.15925
3.13638
3.13165
3.13117
3.10448
3.21037
3.11029
3.10474
3.10442
3.08476
3.13442
3.09723
3.17879
3.09908
3.09334
3.1282
3.11888
3.13923
3.10093
3.11002
3.12889
3.09095
3.1003
3.12382
3.13934
3.1477
3.1939
3.19672
3.23186
3.15181
3.12599
3.1527
3.21921
3.21504
3.27144
3.24683
3.17743
3.17847
3.27316
3.27766
3.23389
3.23207
3.08741
3.508
3.508
3.508
3.508
3.508
3.13272
3.07849
3.13089
3.12212
3.17164
3.50738
3.50752
3.50776
3.50774
3.50788
3.50798
3.5079
3.13253
3.09883
3.16285
3.10801
3.13988
3.12567
3.15027
3.16098
3.21582
3.09333
3.10755
3.12614
3.13792
3.19526
3.19961
3.23322
3.39128
3.36757
3.4186
3.40169
3.46167
3.48266
3.41935
3.46465
3.13685
3.13637
3.24608
3.24008
3.14961
3.10021
3.13083
3.12335
3.13579
3.19574
3.20879
3.10615
3.09365
3.12399
3.49493
3.46594
3.47855
3.47771
3.41762
3.508
3.508
3.508
3.508
3.508
3.508
3.11302
3.13911
3.13958
3.37873
3.30175
3.28113
3.30832
3.37462
3.39252
3.2897
3.34968
3.40576
3.45415
3.38227
3.50797
3.50798
3.50798
3.50796
3.24169
3.2823
3.31883
3.34953
3.37397
3.25332
3.25917
3.27125
3.33713
3.33905
3.38132
3.37727
3.40395
3.11012
3.50512
3.50727
3.50733
3.50642
3.50565
3.50691
3.50587
3.50252
3.50199
3.24921
3.30451
3.31988
3.14769
3.20368
3.18837
3.12161
3.13899
3.22171
3.27378
3.26735
3.36842
3.34201
3.39083
3.18823
3.2547
3.12564
3.15764
3.20045
3.18464
3.46927
3.36976
3.36776
3.32217
3.33908
3.38686
3.41825
3.45734
3.4244
3.45508
3.50793
3.50793
3.508
3.508
3.508
3.508
3.508
3.508
3.508
3.48723
3.47343
3.462
3.46642
3.48235
3.21125
3.35122
3.19585
3.26041
3.0959
3.08433
3.11642
3.13868
3.16053
3.10506
3.08229
3.12043
3.12711
3.21495
3.25797
3.50246
3.48254
3.48998
3.50079
3.50296
3.50046
3.49952
3.07812
3.08985
3.20845
3.25582
3.50523
3.50465
3.50629
3.50145
3.50388
3.50559
3.49416
3.50602
3.50552
3.50267
3.50026
3.11477
3.09797
3.13475
3.08002
3.08841
3.50726
3.50696
3.50676
3.50748
3.50714
3.50734
3.50782
3.50791
3.50778
3.50797
3.50799
3.50791
3.50797
3.3977
3.29309
3.35291
3.42666
3.47147
3.41653
3.31592
3.35857
3.38213
3.3936
3.4297
3.43616
3.27709
3.32881
3.37929
3.4053
3.34958
3.38681
3.2096
3.21783
3.23693
3.3076
3.31869
3.36596
3.50632
3.50644
3.50628
3.123
3.15738
3.13545
3.21397
3.23275
3.26584
3.08882
3.08212
3.12574
3.30353
3.31119
3.31466
3.34897
3.37165
3.4019
3.50776
3.50787
3.50792
3.50769
3.50751
3.50779
3.50778
3.50786
3.15169
3.21195
3.11853
3.14484
3.21754
3.2606
3.50745
3.50577
3.50619
3.08742
3.11312
3.073
3.50564
3.50647
3.50205
3.50417
3.5063
3.16612
3.06079
3.08853
3.12808
3.12014
3.24125
3.50665
3.50754
3.5073
3.50604
3.50518
3.50358
3.508
3.508
3.508
3.508
3.508
3.508
3.508
3.508
3.3202
3.35343
3.38483
3.43257
3.42859
3.38587
3.508
3.508
3.508
3.508
3.508
3.508
3.508
3.09423
3.09412
3.12701
3.09127
3.10094
3.11848
3.4635
3.46611
3.4781
3.49316
3.47979
3.50749
3.50786
3.50636
3.50711
3.5065
3.50739
3.50706
3.50777
3.50769
3.50787
3.18584
3.27712
3.19225
3.26762
3.34638
3.35462
3.1127
3.05813
3.19809
3.12544
3.18121
3.49693
3.49473
3.50024
3.50195
3.50396
3.51405
3.49904
3.14327
3.29371
3.12126
3.07839
3.08549
3.2076
3.15955
3.3769
3.51611
3.48502
3.49766
3.46896
3.47475
3.45781
3.49482
3.48252
3.47848
3.50063
3.49382
3.50086
3.35254
3.15537
3.13128
3.20182
3.21911
3.27644
3.48712
3.50542
3.50182
3.50354
3.49518
3.23654
3.12055
3.1321
3.14055
3.20387
3.19823
3.23962
3.14241
3.1348
3.10906
3.12946
3.19438
3.20093
3.29846
3.2523
3.28251
3.36282
3.35814
3.40676
3.39393
3.43947
3.43395
3.1872
3.11341
3.17388
3.09044
3.09201
3.12692
3.11823
3.15371
3.1152
3.13247
3.14041
3.19463
3.18989
3.50698
3.5074
3.11896
3.12969
3.12564
3.19067
3.20359
3.27871
3.25161
3.28068
3.33694
3.37618
3.41756
3.34552
3.37977
3.41951
3.09019
3.12461
3.0955
3.48576
3.46188
3.4949
3.48663
3.47492
3.48894
3.08246
3.10993
3.07042
3.40708
3.47146
3.44383
3.47044
3.48356
3.46859
3.47292
3.43239
3.45513
3.50729
3.50651
3.50596
3.50709
3.50741
3.50717
3.24808
3.11827
3.13563
3.15099
3.17296
3.18819
3.09984
3.13403
3.14705
3.18496
3.20189
3.20595
3.15983
3.11994
3.13241
3.19475
3.24712
3.2681
3.41795
3.47983
3.43756
3.43697
3.46134
3.48914
3.4735
3.48598
3.11739
3.13507
3.14502
3.20249
3.2145
3.2547
3.49678
3.50549
3.50232
3.13943
3.20963
3.11583
3.13769
3.26664
3.26446
3.22454
3.50179
3.50426
3.50679
3.50641
3.50721
3.50631
3.50557
3.50687
3.50761
3.11242
3.13848
3.17002
3.16688
3.07158
3.07659
3.50659
3.50574
3.50277
3.50529
3.50645
3.49849
3.49071
3.47729
3.49486
3.48228
3.1216
3.14497
3.20753
3.13645
3.14289
3.20208
3.21626
3.50667
3.50078
3.50581
3.50637
3.50434
3.50329
3.50115
3.37391
3.40312
3.42978
3.46167
3.50777
3.50692
3.5078
3.50654
3.50748
3.50751
3.50709
3.25666
3.20756
3.21956
3.16109
3.1149
3.15687
3.2173
3.21408
3.13151
3.10998
3.27631
3.35406
3.28826
3.26465
3.33526
3.34529
3.37697
3.33919
3.12517
3.14812
3.21039
3.25751
3.14607
3.14723
3.21443
3.19604
3.50786
3.50795
3.1348
3.18138
3.10949
3.12686
3.13426
3.18141
3.16555
3.19188
3.24207
3.07913
3.10657
3.11761
3.11919
3.08058
3.09309
3.11363
3.11406
3.23607
3.13736
3.14575
3.20801
3.19413
3.08674
3.08644
3.11443
3.19852
3.19214
3.24796
3.40339
3.28216
3.24299
3.37345
3.09875
3.12667
3.20322
3.13007
3.19536
3.50749
3.50673
3.50719
3.50753
3.50783
3.50789
3.37713
3.3427
3.37073
3.41749
3.45582
3.39871
3.40482
3.44495
3.46769
3.21011
3.12545
3.10161
3.1159
3.14289
3.15018
3.11973
3.14079
3.08736
3.09457
3.51224
3.5063
3.50683
3.13955
3.11551
3.07732
3.08696
3.51489
3.12614
3.32891
3.46409
3.47393
3.412
3.50977
3.48186
3.14768
3.38262
3.11131
3.12049
3.1917
3.21499
3.12516
3.15105
3.10195
3.12901
3.08256
3.09104
3.13015
3.09016
3.50728
3.50725
3.50766
3.50794
3.10382
3.13295
3.12867
3.19676
3.19253
3.25127
3.28382
3.22009
3.23227
3.30905
3.31758
3.21755
3.23104
3.3435
3.30416
3.29611
3.31323
3.2857
3.32702
3.38179
3.31953
3.3339
3.40705
3.38501
3.46612
3.11941
3.15321
3.21349
3.26543
3.14753
3.15278
3.22425
3.20636
3.11273
3.13396
3.12445
3.13693
3.19369
3.18603
3.19511
3.23473
3.07702
3.06063
3.10655
3.26801
3.20613
3.26261
3.29466
3.36485
3.36145
3.39762
3.26112
3.29115
3.10526
3.12743
3.17576
3.32751
3.13094
3.18617
3.25212
3.10098
3.10596
3.12388
3.15924
3.17331
3.09277
3.06119
3.1109
3.13119
3.18808
3.2474
3.1301
3.13153
3.21175
3.2157
3.508
3.508
3.508
3.508
3.508
3.13491
3.20218
3.17793
3.22067
3.11216
3.13468
3.39575
3.39081
3.41479
3.43697
3.44997
3.47626
3.48391
3.42761
3.48921
3.46532
3.22597
3.2559
3.06001
3.10281
3.11763
3.12059
3.12205
3.13298
3.19868
3.24967
3.13811
3.18591
3.10782
3.16906
3.17491
3.06503
3.08474
3.10979
3.17822
3.23038
3.13081
3.18779
3.1083
3.12138
3.50748
3.50729
3.50697
3.50754
3.5076
3.50746
3.50777
3.50774
3.50693
3.50233
3.50026
3.50412
3.50663
3.50464
3.50546
3.09362
3.08405
3.12708
3.102
3.1334
3.20356
3.23939
3.18657
3.12482
3.11426
3.13746
3.14803
3.17204
3.19934
3.1849
3.1744
3.13051
3.12815
3.34887
3.48737
3.46067
3.49087
3.41625
3.07769
3.08272
3.11092
3.18048
3.17028
3.21357
3.08596
3.09973
3.11062
3.11045
3.07176
3.10773
3.07623
3.13118
3.17285
3.14141
3.25618
3.21376
3.28209
3.08694
3.10399
3.06608
3.07893
3.08022
3.08217
3.0944
3.09579
3.12024
3.09282
3.10762
3.07809
3.07439
3.08113
3.09437
3.0927
3.11531
3.07521
3.08579
3.10498
3.09347
3.0808
3.07611
3.07245
3.09331
3.11283
3.07763
3.07665
3.08916
3.11105
3.08707
3.2417
3.41566
3.39277
3.23863
3.26585
3.35545
3.28078
3.33798
3.38664
3.48406
3.46602
3.4933
3.47434
3.47271
3.48866
3.49069
3.508
3.508
3.508
3.508
3.508
3.508
3.508
3.508
3.17107
3.28133
3.26691
3.20467
3.32977
3.29914
3.33353
3.50203
3.48142
3.50045
3.4855
3.49592
3.49062
3.07362
3.07438
3.07568
3.33457
3.36663
3.43951
3.397
3.38487
3.37163
3.43207
3.43579
3.45717
3.47004
3.45648
3.18917
3.12775
3.06396
3.08497
3.50703
3.50314
3.50338
3.50579
3.50533
3.50685
3.50756
3.50744
3.50642
3.06051
3.08561
3.09839
3.50752
3.50774
3.50748
3.50789
3.50774
3.5079
3.41851
3.50134
3.50086
3.50163
3.49783
3.48508
3.48876
3.44103
3.35826
3.38183
3.39525
3.37503
3.42955
3.41902
3.44477
3.44639
3.4443
3.44786
3.45572
3.46595
3.47077
3.48813
3.48421
3.47489
3.48892
3.50513
3.50106
3.50797
3.13144
3.18338
3.12558
3.07102
3.08066
3.50684
3.50666
3.50608
3.49494
3.50061
3.50322
3.50124
3.49278
3.50774
3.50774
3.50788
3.50782
3.50793
3.50795
3.5049
3.50315
3.49739
3.47856
3.49614
3.49115
3.48363
3.2627
3.34126
3.2116
3.25873
3.25007
3.32186
3.32404
3.36188
3.12389
3.12401
3.19789
3.12825
3.19674
3.24565
3.47814
3.47292
3.43768
3.44623
3.46211
3.46754
3.47815
3.49191
3.4919
3.49595
3.50709
3.50742
3.50779
3.50793
3.50752
3.50787
3.50794
3.50212
3.50566
3.50672
3.20581
3.08638
3.18215
3.50792
3.50798
3.50798
3.50795
3.50794
3.50789
3.10753
3.0967
3.12349
3.11933
3.18419
3.16817
3.508
3.508
3.508
3.508
3.508
3.508
3.14098
3.12594
3.11034
3.21747
3.21006
3.26839
3.50356
3.50585
3.50609
3.43411
3.34883
3.34169
3.43051
3.39904
3.37971
3.07525
3.07386
3.10373
3.11415
3.14105
3.21467
3.26589
3.31408
3.30258
3.20573
3.26062
3.27816
3.13742
3.20761
3.14848
3.50742
3.50754
3.50734
3.50681
3.50561
3.50629
3.5047
3.50504
3.50285
3.50656
3.50567
3.30138
3.25473
3.27926
3.36604
3.38466
3.07672
3.096
3.06904
3.46946
3.49792
3.49774
3.47868
3.49142
3.48514
3.49415
3.06553
3.0972
3.06691
3.28232
3.33488
3.36087
3.1078
3.10663
3.15
3.13642
3.2176
3.22728
3.07195
3.08111
3.16173
3.28289
3.24723
3.22254
3.11563
3.08314
3.13114
3.17584
3.17043
3.12479
3.10859
3.14423
3.21807
3.10647
3.13289
3.50407
3.50668
3.50569
3.50527
3.50634
3.48837
3.49601
3.50438
3.50107
3.49686
3.50361
3.08515
3.09919
3.06178
3.06971
3.07269
3.09197
3.06128
3.08567
3.09937
3.50706
3.50646
3.50607
3.50347
3.50472
3.1085
3.0703
3.08102
3.47316
3.47046
3.48058
3.49285
3.47237
3.48235
3.49748
3.49324
3.11221
3.07069
3.08821
3.1004
3.05752
3.10501
3.10802
3.06736
3.07619
3.09133
3.15368
3.12963
3.08447
3.08767
3.07072
3.07274
3.08589
3.17924
3.06873
3.07072
3.10909
3.49897
3.48189
3.06912
3.08099
3.10986
3.10358
3.07841
3.0862
3.11939
3.40063
3.44871
3.44271
3.44631
3.41314
3.37942
3.40103
3.50444
3.50394
3.50653
3.50608
3.50694
3.0749
3.08912
3.11481
3.10079
3.07037
3.07988
3.50538
3.50031
3.49386
3.5026
3.50559
3.50047
3.32318
3.42356
3.39758
3.44489
3.45835
3.38306
3.38595
3.43653
3.43307
3.36643
3.3995
3.07008
3.06334
3.11221
3.26812
3.24643
3.3719
3.38599
3.16769
3.22811
3.2069
3.24223
3.2697
3.30387
3.32382
3.11059
3.17753
3.17543
3.18418
3.50524
3.50494
3.50674
3.50657
3.50771
3.50723
3.49719
3.50314
3.50463
3.50013
3.49387
3.49597
3.37171
3.39287
3.40609
3.44559
3.44009
3.45737
3.47158
3.45821
3.07826
3.07551
3.11327
3.09098
3.29929
3.26297
3.30387
3.09972
3.12816
3.14991
3.22705
3.23114
3.06914
3.05803
3.10464
3.28086
3.1716
3.24051
3.25307
3.29496
3.28803
3.36075
3.38151
3.40711
3.1392
3.20446
3.24174
3.1689
3.10529
3.12037
3.06292
3.10558
3.50648
3.50671
3.50742
3.50748
3.50761
3.50765
3.22998
3.21402
3.25323
3.31743
3.50558
3.50787
3.22107
3.18156
3.09681
3.11567
3.06929
3.10556
3.49169
3.47768
3.48796
3.49551
3.49936
3.50401
3.50361
3.49726
3.49991
3.38561
3.40398
3.45941
3.44405
3.24334
3.34038
3.37975
3.29936
3.36388
3.28569
3.33161
3.1317
3.11044
3.12897
3.20437
3.19411
3.25128
3.48626
3.46646
3.46961
3.50693
3.50742
3.50593
3.50334
3.50689
3.5043
3.50624
3.2583
3.26577
3.28587
3.2927
3.35731
3.39204
3.37038
3.3995
3.41942
3.2924
3.35066
3.35879
3.27449
3.24423
3.13375
3.20096
3.18875
3.24654
3.09753
3.118
3.08888
3.10443
3.06557
3.06543
3.19846
3.39038
3.3576
3.2147
3.23239
3.39577
3.46319
3.42381
3.47301
3.12352
3.18621
3.12762
3.11121
3.28472
3.19559
3.28301
3.09273
3.11199
3.11714
3.17465
3.17482
3.08626
3.07932
3.05484
3.06495
3.19369
3.10476
3.13222
3.24913
3.37714
3.23086
3.31577
3.34854
3.28046
3.30601
3.35344
3.2753
3.34876
3.50733
3.50746
3.50773
3.50773
3.10902
3.11859
3.10596
3.18716
3.28268
3.08426
3.48908
3.48436
3.48424
3.4943
3.46634
3.35877
3.39937
3.38201
3.25806
3.22721
3.49361
3.43734
3.45661
3.46154
3.46659
3.48485
3.22982
3.13075
3.09218
3.15893
3.49391
3.4988
3.4918
3.49575
3.49726
3.50271
3.50071
3.50217
3.5062
3.5056
3.50406
3.29178
3.16591
3.17522
3.25954
3.27284
3.14059
3.12032
3.10715
3.13085
3.1156
3.19236
3.1879
3.238
3.07228
3.06347
3.08689
3.42354
3.41209
3.44022
3.46771
3.4173
3.39114
3.40222
3.46573
3.47113
3.48853
3.32433
3.39528
3.44733
3.36685
3.39232
3.43637
3.46485
3.10656
3.12128
3.12011
3.20602
3.19218
3.24224
3.5072
3.50694
3.50578
3.5076
3.50299
3.50641
3.50725
3.50476
3.50728
3.50642
3.41293
3.30606
3.40401
3.35878
3.27711
3.37845
3.11035
3.12979
3.20878
3.1094
3.11723
3.16696
3.1669
3.21628
3.21355
3.2495
3.24136
3.25509
3.25546
3.32019
3.32401
3.36002
3.508
3.508
3.508
3.45499
3.47051
3.48368
3.46929
3.47332
3.48917
3.49353
3.49411
3.48385
3.49708
3.50169
3.48865
3.49832
3.49857
3.5044
3.50364
3.5058
3.50007
3.49591
3.21468
3.25776
3.33537
3.09421
3.10043
3.11748
3.17936
3.17151
3.10983
3.08935
3.12627
3.11082
3.19975
3.19014
3.09278
3.11866
3.12536
3.18854
3.50667
3.50701
3.50495
3.50654
3.50532
3.50663
3.16675
3.32217
3.35913
3.20629
3.23575
3.30536
3.29843
3.21699
3.23663
3.4235
3.43914
3.46262
3.44734
3.45117
3.47327
3.48047
3.49031
3.48563
3.24377
3.3192
3.23287
3.2669
3.2997
3.33761
3.35796
3.11734
3.06942
3.0775
3.32758
3.34711
3.21441
3.29464
3.24696
3.05609
3.07066
3.0641
3.07134
3.0928
3.50681
3.50786
3.50705
3.50601
3.5077
3.50785
3.50769
3.50721
3.50669
3.5071
3.49613
3.49463
3.50086
3.1674
3.22841
3.21875
3.27019
3.33364
3.24718
3.30731
3.31676
3.22291
3.25561
3.50486
3.50587
3.50742
3.5064
3.50771
3.50682
3.50753
3.07292
3.1094
3.04959
3.48213
3.49409
3.48815
3.49427
3.48635
3.50024
3.49658
3.48063
3.45014
3.48066
3.46885
3.50154
3.49531
3.49895
3.26035
3.26923
3.2824
3.35913
3.10337
3.13924
3.14117
3.22437
3.13064
3.19892
3.19769
3.09957
3.11829
3.18949
3.25455
3.23411
3.32052
3.37257
3.41264
3.27608
3.34015
3.34059
3.37883
3.25364
3.27357
3.06485
3.05291
3.09856
3.12598
3.17814
3.23618
3.10667
3.1176
3.1788
3.19893
3.12018
3.50749
3.50791
3.50782
3.50799
3.50799
3.508
3.50799
3.50799
3.50798
3.50799
3.50599
3.50589
3.50609
3.12078
3.16962
3.08754
3.16021
3.11481
3.12781
3.19844
3.13502
3.12904
3.21145
3.21988
3.26402
3.3468
3.24299
3.27186
3.28148
3.35046
3.34462
3.25979
3.28477
3.35218
3.39182
3.508
3.508
3.508
3.508
3.508
3.508
3.40729
3.41956
3.4379
3.46454
3.45946
3.48011
3.47442
3.50467
3.49326
3.50116
3.49876
3.5052
3.49994
3.50104
3.50677
3.50349
3.50563
3.50252
3.50108
3.50341
3.5055
3.14012
3.20925
3.21637
3.10801
3.13173
3.41967
3.42052
3.44532
3.38151
3.4048
3.46244
3.44828
3.48628
3.48845
3.47732
3.22078
3.19827
3.32796
3.37589
3.25431
3.26171
3.16161
3.16867
3.31117
3.39472
3.4616
3.41382
3.4162
3.44023
3.44489
3.10134
3.09555
3.12012
3.11238
3.18535
3.50561
3.50741
3.50691
3.50719
3.50691
3.5066
3.50561
3.49437
3.47352
3.49968
3.49961
3.48195
3.49473
3.10152
3.12072
3.12487
3.21209
3.46944
3.41104
3.45443
3.45546
3.11431
3.18151
3.05979
3.05991
3.06626
3.07184
3.09926
3.0604
3.0666
3.508
3.508
3.508
3.508
3.508
3.508
3.50798
3.508
3.50798
3.508
3.50799
3.508
3.508
3.508
3.508
3.508
3.49644
3.47669
3.48975
3.48988
3.47218
3.39679
3.42437
3.47323
3.43557
3.44044
3.12617
3.41851
3.30832
3.50933
3.06136
3.07283
3.48942
3.10586
3.37191
3.50245
3.07716
3.10349
3.04987
3.0372
3.07406
3.50464
3.49808
3.50041
3.50508
3.5018
3.50672
3.50403
3.50612
3.49554
3.50192
3.49998
3.50441
3.50375
3.50512
3.508
3.508
3.508
3.508
3.508
3.508
3.508
3.508
3.508
3.508
3.07333
3.08203
3.1088
3.11289
3.13794
3.09953
3.1279
3.06279
3.06567
3.10577
3.1642
3.07852
3.12256
3.18392
3.164
3.11182
3.09868
3.17807
3.18705
3.24922
3.39038
3.22609
3.26745
3.28309
3.3613
3.34804
3.50799
3.508
3.508
3.508
3.50799
3.508
3.24342
3.3726
3.25778
3.32348
3.21775
3.20995
3.29359
3.17018
3.12201
3.18743
3.08495
3.10222
3.05092
3.08749
3.50175
3.49573
3.49966
3.48826
3.11047
3.10091
3.18706
3.10736
3.25223
3.22139
3.29897
3.20457
3.19467
3.09525
3.08671
3.05246
3.05713
3.46144
3.43701
3.45239
3.4625
3.46508
3.45449
3.48395
3.48472
3.49289
3.08977
3.10905
3.17134
3.104
3.11612
3.16029
3.18219
3.1237
3.22103
3.26663
3.20673
3.12363
3.09542
3.11365
3.16301
3.08129
3.09766
3.10155
3.15914
3.14212
3.10485
3.14918
3.08359
3.14077
3.09744
3.23922
3.1024
3.12395
3.19339
3.11465
3.10293
3.11879
3.19861
3.20686
3.3787
3.22252
3.27799
3.26085
3.34018
3.31908
3.50468
3.50394
3.13052
3.05299
3.08576
3.10195
3.10608
3.21178
3.24079
3.32421
3.10635
3.13072
3.13301
3.20768
3.21023
3.30585
3.08368
3.11197
3.17332
3.10262
3.10991
3.16713
3.15649
3.1028
3.19213
3.2503
3.27095
3.2369
3.34228
3.38063
3.49161
3.43157
3.4959
3.43838
3.47633
3.43163
3.45681
3.48321
3.49282
3.49779
3.49655
3.5027
3.50169
3.50433
3.5077
3.50768
3.50783
3.50779
3.50773
3.50783
3.50769
3.50786
3.50783
3.05586
3.08089
3.0853
3.08205
3.1582
3.21935
3.30087
3.49615
3.50054
3.49669
3.16639
3.28417
3.35074
3.36715
3.24728
3.28415
3.04432
3.07501
3.1579
3.10551
3.11778
3.17521
3.14909
3.10191
3.08613
3.37051
3.45843
3.38708
3.37335
3.42048
3.41941
3.27841
3.2443
3.27688
3.35031
3.35796
3.39615
3.50719
3.50627
3.50688
3.50499
3.50603
3.49355
3.49971
3.50059
3.08317
3.10164
3.0485
3.09234
3.19222
3.09203
3.10269
3.12598
3.16878
3.18662
3.21825
3.50387
3.50445
3.50636
3.50643
3.10457
3.13186
3.1325
3.19182
3.20132
3.04861
3.0603
3.11414
3.13129
3.08793
3.09266
3.10557
3.09747
3.15711
3.16732
3.23935
3.50797
3.50791
3.50777
3.50787
3.50781
3.50795
3.50793
3.09406
3.05179
3.06185
3.3175
3.17637
3.22709
3.3052
3.27443
3.27925
3.32707
3.35003
3.37119
3.37797
3.42872
3.41849
3.07848
3.09906
3.12023
3.16251
3.06412
3.04203
3.1014
3.50799
3.50792
3.50796
3.50796
3.50793
3.11226
3.07657
3.09572
3.19573
3.17406
3.28095
3.48126
3.46696
3.41571
3.40782
3.04164
3.05783
3.08287
3.08339
3.49869
3.50487
3.50373
3.50612
3.22795
3.37642
3.26978
3.26495
3.33877
3.33606
3.50031
3.09362
3.34934
3.52105
3.18235
3.50833
3.49777
3.12252
3.39832
3.09202
3.10352
3.17733
3.20162
3.12421
3.19783
3.0729
3.10004
3.15557
3.18183
3.21268
3.22563
3.11004
3.11653
3.08694
3.09409
3.11338
3.15522
3.17875
3.21116
3.26922
3.28888
3.08511
3.06393
3.49112
3.4898
3.092
3.10414
3.17076
3.21823
3.21539
3.508
3.508
3.508
3.508
3.508
3.508
3.508
3.06641
3.0437
3.09362
3.34545
3.38736
3.42671
3.50763
3.50692
3.50741
3.50661
3.50562
3.50702
3.50674
3.37967
3.43878
3.39107
3.42989
3.37814
3.42307
3.38227
3.40525
3.44694
3.41227
3.45114
3.40339
3.09563
3.10509
3.20975
3.2504
3.27042
3.0516
3.04232
3.05954
3.09666
3.0953
3.08369
3.23433
3.11154
3.17073
3.16789
3.10408
3.50799
3.50799
3.508
3.508
3.508
3.06256
3.05764
3.06904
3.08674
3.08403
3.11302
3.05214
3.06261
3.06022
3.07612
3.06837
3.07667
3.09997
3.11871
3.0683
3.1141
3.06645
3.05638
3.07376
3.09743
3.06776
3.0879
3.07158
3.05289
3.06456
3.08997
3.04686
3.06212
3.05463
3.08239
3.04302
3.07784
3.32498
3.36663
3.37003
3.42583
3.427
3.44968
3.22475
3.20386
3.23526
3.18549
3.3313
3.3555
3.04678
3.06906
3.50365
3.4997
3.49845
3.50562
3.50525
3.50239
3.04974
3.06312
3.04423
3.02797
3.09407
3.10963
3.19404
3.24355
3.08851
3.03904
3.0406
3.0623
3.50796
3.50797
3.50796
3.50798
3.50799
3.50799
3.50799
3.508
3.10266
3.1253
3.17902
3.11597
3.10683
3.16773
3.16499
3.20471
3.10524
3.19884
3.25206
3.508
3.508
3.508
3.508
3.34455
3.39117
3.35403
3.3915
3.40965
3.44246
3.48099
3.47302
3.42767
3.46145
3.49647
3.49881
3.50282
3.50591
3.50438
3.09226
3.03392
3.05828
3.2282
3.19955
3.304
3.34022
3.38213
3.3526
3.50651
3.06889
3.091
3.04129
3.45502
3.46664
3.47407
3.46694
3.47136
3.48842
3.48796
3.38574
3.38639
3.35378
3.43295
3.508
3.508
3.508
3.508
3.508
3.49646
3.50296
3.50578
3.50087
3.1018
3.14002
3.11774
3.17945
3.22508
3.25709
3.50799
3.50799
3.508
3.508
3.508
3.03437
3.09421
3.50634
3.50735
3.50511
3.50208
3.50643
3.50291
3.50554
3.23616
3.24854
3.32326
3.32584
3.20093
3.24506
3.38499
3.25266
3.33409
3.222
3.25903
3.32821
3.49986
3.49697
3.50691
3.50207
3.5016
3.50513
3.50324
3.5066
3.50589
3.05848
3.04801
3.07337
3.04683
3.07034
3.50688
3.50568
3.50738
3.50694
3.50696
3.05561
3.06075
3.08262
3.04778
3.05496
3.07802
3.04335
3.05619
3.21726
3.21448
3.26212
3.25684
3.24915
3.32643
3.34127
3.34694
3.37302
3.09844
3.08529
3.04591
3.05573
3.50786
3.50797
3.50799
3.50799
3.50796
3.50794
3.03399
3.04584
3.06317
3.051
3.06105
3.0737
3.07853
3.04662
3.05544
3.04638
3.05454
3.07627
3.07205
3.03444
3.05075
3.04187
3.05194
3.07107
3.08345
3.1137
3.10067
3.16224
3.16062
3.04712
3.0794
3.09356
3.05662
3.03626
3.08436
3.20833
3.22605
3.2324
3.26679
3.23558
3.17456
3.508
3.508
3.508
3.508
3.508
3.508
3.26749
3.12676
3.19672
3.20071
3.09193
3.11764
3.11482
3.07783
3.09036
3.19295
3.26088
3.2259
3.14072
3.07261
3.05363
3.08998
3.05619
3.30423
3.46243
3.46277
3.39501
3.36762
3.45156
3.39421
3.45199
3.50687
3.5074
3.50656
3.50498
3.50484
3.50333
3.50176
3.05012
3.06633
3.48935
3.50534
3.50119
3.50265
3.0769
3.08813
3.03812
3.04716
3.05358
3.03566
3.08783
3.12544
3.16788
3.13807
3.12021
3.1925
3.23487
3.17739
3.10993
3.08621
3.11597
3.16667
3.10341
3.09201
3.26638
3.16239
3.25733
3.04106
3.05753
3.07495
3.09242
3.10741
3.11512
3.19374
3.10314
3.11222
3.17547
3.22497
3.5069
3.50751
3.50761
3.08652
3.16117
3.16505
3.06606
3.0922
3.50327
3.50189
3.50033
3.50586
3.50722
3.50643
3.50388
3.5063
3.05502
3.06369
3.08415
3.50801
3.50802
3.508
3.50801
3.508
3.16626
3.10725
3.1402
3.08935
3.1324
3.50651
3.50583
3.50471
3.51061
3.2916
3.28231
3.09802
3.1568
3.08837
3.08315
3.11677
3.09577
3.05545
3.06027
3.08215
3.46824
3.50157
3.48889
3.49539
3.48486
3.39371
3.47275
3.45133
3.4182
3.49627
3.48334
3.48602
3.4957
3.03276
3.09848
3.11263
3.16125
3.1732
3.09597
3.08223
3.31573
3.32469
3.21052
3.43817
3.43931
3.38045
3.3931
3.26396
3.33639
3.37142
3.508
3.50799
3.508
3.50798
3.50798
3.50799
3.508
3.11786
3.18431
3.0882
3.11403
3.07224
3.08336
3.05199
3.02672
3.05279
3.0993
3.09408
3.0896
3.05387
3.1773
3.22737
3.21948
3.05752
3.10788
3.12898
3.15443
3.1964
3.21874
3.50784
3.50794
3.50793
3.50793
3.50795
3.10271
3.15679
3.17981
3.21909
3.17057
3.20233
3.37012
3.25733
3.35116
3.39151
3.26535
3.22616
3.24107
3.33565
3.35056
3.5035
3.50662
3.50173
3.50314
3.50041
3.46396
3.4641
3.47957
3.49369
3.48484
3.50773
3.5074
3.50771
3.50725
3.50674
3.50697
3.50548
3.16384
3.2172
3.27226
3.34795
3.34751
3.22955
3.26164
3.09344
3.03312
3.41782
3.40865
3.45002
3.47286
3.46218
3.40337
3.44443
3.37214
3.39354
3.4412
3.46482
3.45762
3.06137
3.508
3.508
3.508
3.508
3.508
3.39102
3.48786
3.48281
3.44842
3.4232
3.37367
3.42433
3.45467
3.50517
3.50571
3.50632
3.50606
3.50467
3.50357
3.48964
3.49467
3.43344
3.49095
3.4457
3.46832
3.09106
3.04386
3.0639
3.50752
3.50732
3.50701
3.50771
3.50753
3.14992
3.16394
3.3288
3.50789
3.50779
3.50786
3.50789
3.50774
3.50792
3.50789
3.50794
3.28598
3.30702
3.41296
3.44359
3.35866
3.43349
3.33826
3.3765
3.25173
3.32066
3.24919
3.27619
3.31176
3.35514
3.3797
3.37747
3.5069
3.50749
3.5067
3.50768
3.50742
3.09901
3.19888
3.10499
3.1752
3.1977
3.23848
3.09742
3.49924
3.4879
3.50616
3.50347
3.50689
3.50592
3.508
3.508
3.508
3.508
3.508
3.5076
3.50735
3.50734
3.50765
3.5077
3.50757
3.50768
3.50764
3.50774
3.0448
3.06361
3.30862
3.29738
3.36437
3.41194
3.4483
3.38769
3.35854
3.41757
3.4254
3.50787
3.50791
3.50787
3.50795
3.5079
3.50793
3.50792
3.50268
3.50118
3.50499
3.49423
3.50358
3.49761
3.24931
3.11155
3.17476
3.19337
3.23097
3.08122
3.06714
3.09695
3.09876
3.1494
3.14699
3.07316
3.0982
3.10692
3.09468
3.17506
3.15428
3.08177
3.07609
3.0374
3.03768
3.11086
3.19197
3.10318
3.12571
3.18645
3.22621
3.23855
3.43938
3.40801
3.30116
3.30187
3.07519
3.11454
3.08946
3.14497
3.28666
3.26061
3.30818
3.38291
3.36473
3.04857
3.08655
3.41447
3.33554
3.33423
3.39328
3.43036
3.41217
3.50695
3.50309
3.49947
3.50565
3.50343
3.50579
3.5032
3.50578
3.50697
3.50552
3.5067
3.50745
3.03306
3.05259
3.07137
3.04669
3.09255
3.15532
3.11925
3.19754
3.22077
3.22309
3.27135
3.25765
3.34842
3.34452
3.13861
3.22119
3.3116
3.19695
3.34715
3.3106
3.29628
3.50391
3.50518
3.50717
3.50672
3.50631
3.50545
3.50556
3.50329
3.50693
3.50408
3.50509
3.50547
3.50567
3.50569
3.5049
3.12069
3.08683
3.13577
3.50774
3.50782
3.50728
3.50739
3.05578
3.03758
3.07418
3.5075
3.50595
3.50712
3.50729
3.27883
3.2857
3.33314
3.38153
3.40648
3.41885
3.36611
3.35364
3.36486
3.33893
3.22121
3.26703
3.21704
3.25642
3.32444
3.0616
3.08971
3.03987
3.23515
3.2876
3.25742
3.33345
3.3602
3.40968
3.06369
3.08084
3.09129
3.20764
3.25804
3.20638
3.21827
3.26791
3.32013
3.26973
3.31616
3.24175
3.30876
3.0819
3.11752
3.10584
3.19907
3.19134
3.2509
3.09372
3.0752
3.03022
3.03936
3.43502
3.42018
3.4654
3.45903
3.47881
3.46883
3.36515
3.39276
3.44558
3.46379
3.07775
3.1117
3.18051
3.10086
3.15442
3.09725
3.19109
3.22219
3.23374
3.04646
3.03343
3.09209
3.07021
3.10163
3.18988
3.09506
3.10955
3.17659
3.19337
3.50788
3.50773
3.50747
3.50774
3.04831
3.04928
3.08284
3.19671
3.24363
3.31014
3.36586
3.28233
3.28632
3.42749
3.43008
3.40686
3.4671
3.47909
3.50741
3.50759
3.50721
3.50784
3.50788
3.50733
3.50772
3.50552
3.50527
3.50653
3.42919
3.30322
3.44096
3.39265
3.30027
3.35594
3.20064
3.2358
3.23778
3.3201
3.31236
3.06768
3.08463
3.09498
3.20468
3.18036
3.21733
3.25551
3.28344
3.06068
3.02319
3.08398
3.08083
3.0817
3.08331
3.1674
3.16362
3.21684
3.07062
3.1026
3.11326
3.17476
3.16393
3.14911
3.22694
3.2771
3.26839
3.15223
3.15432
3.09722
3.14782
3.06888
3.12587
3.07064
3.07598
3.10599
3.20157
3.23262
3.50399
3.5013
3.50526
3.4992
3.50338
3.49841
3.08489
3.12164
3.10253
3.19541
3.18726
3.24627
3.10157
3.14114
3.06406
3.08889
3.15002
3.12658
3.08301
3.50742
3.50572
3.50698
3.50742
3.50702
3.22437
3.25492
3.27052
3.34384
3.33563
3.37597
3.09059
3.15267
3.19344
3.0685
3.08744
3.13202
3.36183
3.39723
3.3943
3.42596
3.43915
3.4551
3.50799
3.50799
3.50799
3.508
3.508
3.508
3.508
3.0668
3.08287
3.08074
3.15002
3.15476
3.50291
3.49683
3.49908
3.49964
3.50375
3.50524
3.50696
3.4162
3.4383
3.40786
3.38126
3.41741
3.05027
3.08759
3.20994
3.25239
3.09458
3.16408
3.07108
3.09422
3.09475
3.16331
3.16935
3.49232
3.50403
3.50611
3.50403
3.49636
3.49557
3.5003
3.50038
3.0759
3.10066
3.18987
3.09138
3.18087
3.23725
3.06285
3.08292
3.14512
3.19142
3.21386
3.23196
3.18343
3.29306
3.35812
3.2753
3.27503
3.3554
3.41294
3.29856
3.07459
3.11681
3.20485
3.11193
3.11929
3.18572
3.19947
3.44735
3.46642
3.48867
3.47203
3.4737
3.49295
3.49841
3.50243
3.50791
3.50796
3.50793
3.50787
3.50796
3.50793
3.50797
3.50798
3.37836
3.45802
3.43805
3.42096
3.03462
3.04606
3.07682
3.02202
3.04314
3.22447
3.25829
3.33172
3.36804
3.23655
3.2477
3.30732
3.42316
3.46723
3.45381
3.06589
3.08912
3.14822
3.07613
3.07856
3.1407
3.15365
3.06505
3.03179
3.02616
3.06338
3.47103
3.3662
3.38191
3.44334
3.44913
3.40757
3.50755
3.5075
3.50765
3.50794
3.50796
3.50798
3.50776
3.50779
3.04825
3.08206
3.15546
3.14482
3.07761
3.06716
3.09771
3.07656
3.15931
3.15463
3.22259
3.05906
3.09407
3.09715
3.17143
3.17123
3.47825
3.4674
3.49625
3.48527
3.49754
3.4875
3.24127
3.33961
3.38295
3.21359
3.03806
3.03925
3.50467
3.49002
3.40741
3.24586
3.12561
3.07646
3.02352
3.03902
3.33686
3.51875
3.48295
3.07571
3.2828
3.08378
3.10238
3.05123
3.02637
3.07302
3.08052
3.09077
3.16075
3.1805
3.22042
3.48972
3.49228
3.49571
3.4984
3.49967
3.49859
3.50196
3.50484
3.50276
3.50319
3.50451
3.50604
3.50532
3.08092
3.10947
3.21498
3.17036
3.1526
3.0337
3.07513
3.07958
3.08853
3.17009
3.23556
3.22034
3.26712
3.09333
3.14939
3.14061
3.17853
3.03153
3.05353
3.07099
3.0738
3.03085
3.06111
3.08894
3.13543
3.16848
3.20317
3.06638
3.07263
3.06181
3.1048
3.08554
3.18715
3.14793
3.22709
3.45394
3.42163
3.4701
3.48642
3.40039
3.39301
3.43195
3.48313
3.49065
3.43859
3.46666
3.44668
3.47401
3.37988
3.37034
3.42552
3.40981
3.15759
3.08916
3.06695
3.08379
3.17924
3.22845
3.24823
3.37233
3.33909
3.35883
3.50477
3.50575
3.50657
3.50687
3.36913
3.39183
3.43175
3.44695
3.12643
3.16801
3.21066
3.24422
3.33767
3.21648
3.26624
3.37885
3.32514
3.02539
3.0686
3.08898
3.08995
3.18904
3.24371
3.21004
3.0813
3.05032
3.06942
3.03835
3.02632
3.39583
3.48071
3.44914
3.4888
3.4713
3.27498
3.34613
3.36237
3.39364
3.24889
3.27489
3.04237
3.01572
3.06859
3.01019
3.05185
3.0797
3.07976
3.12498
3.11688
3.48892
3.49669
3.50135
3.501
3.49676
3.47297
3.48959
3.45396
3.48775
3.46973
3.30768
3.42411
3.37383
3.40738
3.44593
3.37694
3.39306
3.43283
3.45625
3.43684
3.3982
3.36768
3.06225
3.07914
3.15855
3.22343
3.0202
3.02154
3.06358
3.03548
3.05942
3.0019
3.08465
3.06644
3.0946
3.15596
3.16643
3.21322
3.01399
3.01898
3.05978
3.09232
3.15361
3.15475
3.05871
3.09654
3.0297
3.04375
3.07198
3.06168
3.09947
3.01619
3.04915
3.05497
3.07722
3.07601
3.1035
3.04158
3.03347
3.0785
3.02479
3.02529
3.04469
3.06581
3.07247
3.10082
3.04035
3.0641
3.06892
3.1111
3.03291
3.03953
3.07044
3.01528
3.02726
3.04767
3.01189
3.03249
3.01836
3.03108
3.06127
3.06506
3.02367
3.38609
3.41156
3.4467
3.50454
3.49844
3.48792
3.48571
3.5032
3.5014
3.508
3.508
3.508
3.508
3.47578
3.48838
3.48921
3.49506
3.46209
3.47572
3.49237
3.50564
3.50202
3.49829
3.48998
3.49898
3.4918
3.01281
3.03566
3.49798
3.48083
3.49362
3.49671
3.01447
3.08651
3.5047
3.5065
3.5072
3.50587
3.50598
3.5068
3.50687
3.50585
3.03364
3.03801
3.05769
3.5046
3.50643
3.50609
3.50597
3.506
3.50672
3.50696
3.50708
3.50742
3.50786
3.50765
3.50785
3.50757
3.50791
3.50781
3.05893
3.08207
3.03701
3.05651
3.03675
3.20941
3.06338
3.02745
3.0828
3.15243
3.14946
3.07315
3.05733
3.49349
3.47849
3.49961
3.50203
3.49496
3.49507
3.0705
3.02197
3.03714
3.19217
3.22931
3.32308
3.19003
3.22702
3.32012
3.20494
3.02572
3.05972
3.1395
3.05892
3.06999
3.21779
3.3591
3.3145
3.19655
3.24177
3.31998
3.24242
3.32244
3.497
3.50336
3.50632
3.50134
3.01901
3.0511
3.07395
3.09203
3.11323
3.1874
3.18633
3.24001
3.21049
3.21747
3.2641
3.3058
3.36184
3.32174
3.24625
3.20403
3.32666
3.33493
3.02084
3.04969
3.02899
3.07438
3.50542
3.50598
3.50296
3.50378
3.49817
3.50149
3.08943
3.12758
3.15483
3.18153
3.19141
3.09558
3.16301
3.1693
3.21677
3.252
3.33298
3.33971
3.37374
3.08272
3.30203
3.51547
3.51302
3.48727
3.06807
3.29726
3.50454
3.50567
3.50449
3.50352
3.50198
3.50706
3.49204
3.50108
3.49705
3.50131
3.50495
3.49808
3.04082
3.04828
3.07682
3.46092
3.46769
3.48704
3.484
3.48755
3.4932
3.37968
3.35525
3.42629
3.13839
3.21291
3.24175
3.19619
3.24013
3.33309
3.32856
3.50648
3.50753
3.50774
3.50781
3.50738
3.50672
3.50743
3.50761
3.18654
3.38535
3.18832
3.2266
3.24172
3.3249
3.32964
3.16904
3.1616
3.0852
3.0523
3.07037
3.14323
3.02898
3.00756
3.04241
3.07657
3.02355
3.04613
3.02132
3.04099
3.05454
3.02848
3.0231
3.04979
3.01068
3.50798
3.50799
3.50797
3.508
3.50799
3.22372
3.10258
3.10329
3.15025
3.0636
3.05709
3.17618
3.22876
3.22221
3.23618
3.25085
3.31266
3.33181
3.3738
3.43201
3.48927
3.48206
3.08336
3.15398
3.23173
3.03732
3.06282
3.03156
3.05166
3.0714
3.01797
3.50453
3.50559
3.5029
3.0263
3.0447
3.06192
3.02818
3.04026
3.06567
3.02389
3.04147
3.05972
3.04276
3.06573
3.02835
3.0229
3.49414
3.48218
3.50076
3.48729
3.50241
3.49537
3.07416
3.03447
3.02848
3.11068
3.13697
3.15302
3.08647
3.07054
3.02124
3.03736
3.05526
3.06949
3.10442
3.15773
3.19526
3.08188
3.08466
3.14131
3.13544
3.50436
3.50524
3.5068
3.01469
3.49555
3.50242
3.50212
3.50472
3.50362
3.49348
3.49865
3.49669
3.50062
3.50144
3.50397
3.50169
3.03026
3.0304
3.07963
3.00781
3.02923
3.07973
3.0402
3.07434
3.02606
3.50551
3.50612
3.50613
3.50703
3.5076
3.50775
3.50722
3.07367
3.13401
3.24367
3.24028
3.06188
3.08181
3.13028
3.08462
3.15937
3.19263
3.22207
3.04069
3.03406
3.07093
3.07206
3.10512
3.16506
3.08732
3.15077
3.16439
3.50318
3.48907
3.49657
3.4974
3.5022
3.50686
3.50118
3.50305
3.50195
3.50502
3.50585
3.50656
3.49274
3.48557
3.45468
3.48493
3.45477
3.46949
3.48025
3.27185
3.42618
3.19882
3.3605
3.28037
3.31723
3.39853
3.38374
3.36541
3.4311
3.43779
3.45998
3.47008
3.45319
3.46281
3.47593
3.45273
3.44505
3.48992
3.49831
3.49425
3.48075
3.22631
3.28252
3.32439
3.33957
3.28307
3.33851
3.32887
3.13318
3.17932
3.20932
3.24041
3.08676
3.09351
3.05164
3.0108
3.00693
3.50683
3.50703
3.50735
3.50778
3.06427
3.02098
3.01795
3.45282
3.39859
3.40338
3.36787
3.40208
3.44479
3.46302
3.47412
3.46388
3.44309
3.48666
3.48416
3.49658
3.49463
3.09938
3.06379
3.037
3.02604
3.06544
3.28864
3.19765
3.14203
3.2418
3.22484
3.37517
3.32996
3.31236
3.34712
3.39755
3.42502
3.32329
3.38701
3.25075
3.26042
3.32137
3.39017
3.00646
3.1303
3.15415
3.07508
3.06354
3.20482
3.13531
3.37672
3.38657
3.46702
3.39494
3.39697
3.44124
3.44623
3.0827
3.18213
3.22386
3.4176
3.45747
3.47481
3.3824
3.09083
3.16397
3.18046
3.22802
3.13461
3.21107
3.195
3.3587
3.29354
3.19728
3.23282
3.31587
3.02192
3.04548
3.02127
3.50764
3.50784
3.5075
3.50774
3.50788
3.50784
3.50791
3.50525
3.50273
3.50489
3.19894
3.14622
3.19804
3.23854
3.32351
3.36741
3.24539
3.30858
3.19945
3.22682
3.31591
3.05762
3.07956
3.0829
3.16387
3.21665
3.15706
3.43979
3.45862
3.46123
3.47748
3.47525
3.06319
3.06998
3.15658
3.20577
3.0324
3.01765
3.06441
3.05882
3.04969
3.07821
3.07749
3.13841
3.14521
3.49431
3.46214
3.4835
3.45489
3.46789
3.4824
3.05207
3.0759
3.08442
3.17159
3.05887
3.08372
3.1504
3.16315
3.06744
3.08661
3.07391
3.0603
3.10472
3.01194
3.01208
3.08181
3.18573
3.23976
3.2374
3.31069
3.31549
3.01918
3.0327
3.22613
3.30392
3.36556
3.50643
3.5071
3.50642
3.50739
3.5065
3.50773
3.50715
3.50769
3.50739
3.50787
3.50777
3.26102
3.10551
3.18616
3.18392
3.08236
3.10002
3.05852
3.07151
3.05598
3.16464
3.06374
3.03076
3.02835
3.05111
3.50381
3.5071
3.50758
3.50737
3.50669
3.50686
3.5051
3.03713
3.07142
3.10348
3.40858
3.32711
3.20557
3.25292
3.2752
3.18681
3.28548
3.26454
3.3056
3.32306
3.24941
3.46412
3.49791
3.49139
3.48896
3.47802
3.47538
3.46405
3.33555
3.20489
3.30881
3.31368
3.14119
3.12318
3.41592
3.322
3.44008
3.36102
3.42086
3.43382
3.09367
3.15776
3.09825
3.071
3.17537
3.21733
3.26045
3.21309
3.50535
3.50631
3.50728
3.07728
3.04789
3.06712
3.15293
3.14776
3.47629
3.46221
3.45847
3.34166
3.37851
3.42081
3.37386
3.39526
3.4144
3.43137
3.48692
3.48602
3.48074
3.46708
3.42232
3.08363
3.14758
3.06267
3.04828
3.48776
3.4899
3.49795
3.50413
3.50042
3.50147
3.50481
3.50481
3.21401
3.12856
3.16022
3.19359
3.31392
3.2703
3.35247
3.29562
3.24215
3.3335
3.36243
3.50466
3.50299
3.50509
3.50511
3.50451
3.41352
3.45902
3.49352
3.50474
3.50473
3.50191
3.49236
3.49977
3.13004
3.18793
3.21592
3.29631
3.1908
3.16749
3.18235
3.26771
3.30611
3.34847
3.3466
3.38219
3.14361
3.0686
3.10328
3.09752
3.09823
3.19533
3.19915
3.23166
3.00287
3.01883
3.48918
3.49199
3.46293
3.47754
3.47725
3.48989
3.50465
3.49924
3.50165
3.46204
3.49033
3.45572
3.47087
3.48894
3.508
3.508
3.508
3.508
3.508
3.508
3.508
3.508
3.508
3.08246
3.14631
3.15327
3.20397
3.05245
3.07277
3.2065
3.35355
3.26437
3.488
3.34633
3.43728
3.04724
3.05305
3.01628
3.01842
3.38436
3.1281
3.14148
3.20064
3.30377
3.27987
3.39659
3.36037
3.21519
3.24476
3.23978
3.35766
3.29929
3.39529
3.36191
3.30254
3.36509
3.0539
3.08671
3.07352
3.16489
3.14813
3.50537
3.50673
3.50743
3.50652
3.50475
3.50731
3.50565
3.507
3.50655
3.5059
3.50438
3.05208
3.00826
3.01808
3.4934
3.49885
3.49189
3.50377
3.50543
3.50717
3.50769
3.5071
3.50754
3.04481
3.08003
3.15821
3.07623
3.08666
3.13978
3.17149
3.1532
3.15175
3.17762
3.25933
3.25278
3.31908
3.03725
3.07309
3.06815
3.13885
3.13289
3.10159
3.05905
3.09353
3.16493
3.1942
3.12106
3.0052
3.02303
3.50789
3.50781
3.50761
3.50721
3.50763
3.20616
3.18188
3.22335
3.30328
3.22986
3.32876
3.05481
3.08514
3.19124
3.09118
3.19488
3.23609
3.24743
3.29221
3.05985
3.0122
3.00758
3.40003
3.37954
3.45015
3.3886
3.39214
3.42844
3.42837
3.46125
3.06658
3.05192
3.08418
3.21854
3.27508
3.35151
3.21173
3.25533
3.34715
3.03685
3.20059
3.06428
3.08172
3.14926
3.16025
3.50798
3.50799
3.50799
3.50798
3.508
3.508
3.508
3.04074
3.01052
3.02093
3.06538
3.14766
3.2012
3.0658
3.08938
3.11141
3.5079
3.50795
3.5078
3.50795
3.5079
3.508
3.508
3.508
3.508
3.508
3.508
3.508
3.22484
3.04232
3.07228
3.14547
3.13736
3.0558
3.09511
3.15638
3.0846
3.14462
3.19972
3.50732
3.50593
3.507
3.50593
3.50743
3.50695
3.03808
3.06882
3.15535
3.08872
3.11476
3.16352
3.18833
3.0355
3.00733
3.06417
3.15873
3.06612
3.08521
3.04613
3.07118
3.07644
3.1621
3.22069
3.20831
3.158
3.31498
3.31901
3.31411
3.35223
3.35297
3.36831
3.42992
3.4418
3.45449
3.06259
3.09005
3.1778
3.24351
3.42275
3.45233
3.45634
3.44282
3.45771
3.48839
3.47363
3.49533
3.47868
3.49021
3.49276
3.48621
3.42349
3.45029
3.48407
3.45321
3.46235
3.46389
3.48502
3.2559
3.11116
3.13553
3.50224
3.5052
3.50701
3.50712
3.50607
3.32203
3.35898
3.36197
3.42621
3.44619
3.45749
3.41505
3.4158
3.44774
3.50199
3.49934
3.50219
3.50546
3.50138
3.50464
3.47405
3.48419
3.48536
3.49802
3.07902
3.04412
3.06816
3.06652
3.15112
3.14804
3.02476
3.00485
3.04643
3.50735
3.5075
3.5078
3.50756
3.50782
3.19741
3.23209
3.20444
3.22904
3.29262
3.49717
3.50424
3.49552
3.50561
3.50069
3.50186
3.50526
3.50477
3.5037
3.29985
3.31135
3.35549
3.37824
3.04107
3.06964
3.06671
3.15846
3.16085
3.0415
3.07924
3.06779
3.13649
3.1344
3.32818
3.339
3.26458
3.38162
3.35934
3.44922
3.40631
3.46439
3.43238
3.00403
3.02623
3.05478
3.05141
3.05954
3.06918
3.13998
3.15222
3.50728
3.5056
3.50838
3.02669
3.06046
3.00189
3.50794
3.50795
3.50797
3.50799
3.50799
3.48624
3.48408
3.49903
3.49889
3.50406
3.49568
3.5053
3.50194
3.04496
3.05511
3.13961
3.1998
3.0554
3.08968
3.07543
3.06916
3.1426
3.14395
3.04737
3.0714
3.0741
3.13742
3.16619
3.08838
3.04272
3.07674
3.14601
3.48013
3.49414
3.48821
3.49615
3.05314
3.07345
3.08638
3.1483
3.16046
3.50462
3.50383
3.5018
3.50267
3.49749
3.43551
3.39592
3.36618
3.44911
3.4787
3.38601
3.42215
3.50796
3.50784
3.5079
3.50789
3.50797
3.508
3.50798
3.50795
3.50798
3.16571
3.05409
3.07777
3.10745
3.48586
3.45922
3.42724
3.33537
3.34432
3.46385
3.27158
3.23424
3.2891
3.35453
3.2835
3.3916
3.34572
3.35659
2.99683
3.03508
3.05172
3.05904
3.14365
3.19698
3.05652
2.98183
3.00078
3.39632
3.44692
3.37059
3.4023
3.44466
3.46712
3.5066
3.50484
3.50648
3.508
3.508
3.50799
3.508
3.508
3.508
3.50799
3.508
3.4304
3.42979
3.44882
3.46648
3.45141
3.45785
3.48364
3.49116
3.49766
3.47856
3.48977
3.49634
3.49166
3.20545
3.25786
3.25133
3.33891
3.33139
3.38257
3.0183
3.02526
3.05313
3.05052
3.00711
3.01306
3.2161
3.25756
3.31636
3.31708
3.36393
3.24609
3.32295
3.23172
3.19395
3.50717
3.50663
3.5076
3.50784
3.50759
3.25307
3.24666
3.33795
3.37083
3.38247
3.42801
3.42024
3.20282
3.24384
3.24557
3.32649
3.3242
3.00733
2.96731
3.00757
3.00723
3.01208
3.0375
3.0381
3.0759
3.50476
3.50648
3.07022
3.13109
3.00717
3.02683
3.03349
3.08498
3.09258
3.04635
3.00486
3.43536
3.45305
3.48088
3.46032
3.48576
3.36348
3.38533
3.18751
3.23691
3.22578
3.29863
3.29846
3.34639
3.05735
3.054
3.09253
3.07887
3.15445
3.15495
3.47453
3.4502
3.49193
3.46968
3.49074
3.50528
3.50614
3.50704
3.50741
3.50749
3.50646
3.10943
3.17512
3.15321
3.20096
3.26967
3.24775
3.00274
3.0154
3.04159
3.03718
3.07115
3.0702
3.12422
3.07582
3.18798
3.13936
3.19329
3.36777
3.29422
3.20263
3.24004
3.31282
3.29741
3.04802
3.0756
3.01576
3.01561
3.04901
2.98785
3.01434
2.99494
3.03778
3.00754
3.01643
3.04283
3.0425
3.07631
2.9988
3.01515
3.039
3.04412
3.07347
3.02102
3.00076
3.01719
3.04239
3.0556
3.08362
3.00899
3.03151
3.03203
3.06389
3.01559
3.00626
3.06386
3.03885
2.99439
2.99674
3.01245
3.01487
3.04655
3.01657
3.02069
3.03684
3.00076
3.0392
2.99957
3.01404
3.00038
3.03305
3.14719
3.26085
3.14088
3.32821
3.21976
3.31275
3.00965
3.01621
3.04849
3.05075
3.09349
3.09668
3.2293
3.17774
3.18408
3.03684
3.00997
3.04647
3.31475
3.43396
3.36946
3.38268
3.4334
3.39766
3.40146
3.41382
3.43055
3.45845
3.45308
3.50599
3.45868
3.10468
3.27655
3.04679
3.00047
3.01705
3.51433
3.49122
3.07282
3.35496
3.07804
3.13802
3.13573
3.04004
3.05723
3.01115
3.0469
3.04365
2.99548
3.01761
3.35685
3.37914
3.44196
3.46064
3.41022
3.45676
3.4255
3.47482
3.45978
3.28445
3.03166
3.05998
3.11845
3.19341
3.0709
3.06059
3.13468
3.12414
3.49431
3.46977
3.47307
3.48228
3.48585
3.48259
3.47603
3.50127
3.49424
3.49943
3.49057
3.08426
3.14455
3.05421
3.06681
3.12295
3.07212
3.08637
3.04898
3.06423
3.13012
3.20047
3.14936
3.28745
3.13303
3.19792
3.19383
3.2437
3.28603
3.31967
3.50662
3.50781
3.50697
3.50727
3.50792
3.10987
3.17825
3.22381
3.2979
3.29981
3.16809
3.20398
2.98917
2.99801
3.04856
3.00578
3.01964
2.98965
2.9869
3.03713
3.04483
3.06977
3.19789
3.26142
3.50657
3.50642
3.50722
3.50768
3.50723
3.5077
3.508
3.508
3.508
3.508
3.508
3.508
3.50336
3.50164
3.49179
3.49443
3.50457
3.5028
3.05286
3.04759
3.13141
3.12646
3.50767
3.50786
3.50707
3.50779
3.50349
3.49865
3.50562
3.50499
3.50149
3.50303
3.50511
3.48133
3.48457
3.48702
3.5009
3.49232
3.49013
3.5079
3.50795
3.50798
3.50798
3.50792
3.50795
3.05373
3.16388
3.15331
3.22451
3.02157
2.98256
3.00977
3.49702
3.49947
3.50341
3.50191
3.48966
2.98769
3.04334
3.04736
2.99271
3.00097
3.03514
3.00007
2.99392
3.01413
3.04106
3.00163
3.00183
3.06768
3.12677
3.12541
3.03515
3.0589
3.19564
3.02999
3.05418
3.0581
3.12452
3.12551
3.07939
3.14295
3.16216
3.20531
3.07806
3.04632
3.00335
3.00966
3.5008
3.49501
3.5064
3.50508
3.01745
2.99096
3.00931
3.50383
3.50322
3.50584
3.04073
3.00658
3.01255
3.03538
3.04292
3.00063
3.02139
3.00272
3.02126
3.03668
3.00945
2.99606
3.07945
3.10417
3.19168
3.2665
3.27204
3.02073
2.99888
3.05777
3.20211
3.24377
3.33359
3.37299
3.04871
3.01063
2.99055
2.95739
3.05982
3.21032
3.09547
3.16911
3.15306
3.05144
3.06288
3.00322
3.04689
3.05325
3.03234
2.9947
3.00288
3.14259
3.05429
3.12712
3.15634
3.36666
3.39459
3.43557
3.39241
3.42988
3.50465
3.50521
3.37813
3.33421
3.35507
3.41319
3.42089
3.44256
3.44434
3.46058
3.48567
3.47236
3.46409
3.47105
3.46511
3.48397
3.48349
3.49155
3.49425
3.01727
3.00179
3.04303
3.49609
3.48152
3.5004
3.48237
3.49357
3.07846
3.18458
3.22924
3.2269
3.50778
3.50698
3.50593
3.50748
3.50611
3.50711
3.00143
3.01853
3.04087
3.03308
3.08355
3.09794
3.31598
3.18164
3.40662
3.43024
3.3318
3.26526
3.36856
3.4029
3.41961
3.30658
3.33223
3.01233
3.0224
3.03684
3.04512
3.00105
2.97464
3.04529
3.19204
3.36046
3.20908
3.22306
3.25983
3.31442
3.32607
3.36546
3.38487
3.40297
3.36176
3.19659
3.21387
3.25664
3.30452
3.32766
3.49513
3.50079
3.49826
3.50028
3.49767
3.50177
3.50327
3.50407
3.5044
3.50518
3.50591
3.5063
3.50767
3.50786
3.50777
3.50792
3.50788
3.46116
3.46872
3.48621
3.4754
3.48832
3.47479
3.48812
3.04331
3.04929
3.10509
3.15861
3.25666
3.22073
3.26464
3.23858
3.33869
3.29943
3.3785
3.40325
3.44718
3.47313
3.46708
3.35838
3.41111
3.36068
3.427
3.44114
3.33746
3.25802
3.31329
3.36378
3.40141
3.34916
3.06296
3.13594
3.15116
3.19513
3.5049
3.50555
3.5042
3.50606
3.50671
3.50689
3.34981
3.44885
3.0587
3.30063
3.51913
3.51171
3.50106
3.45668
3.08977
3.29465
3.0468
3.07735
3.08256
3.15787
3.1764
3.22188
3.15411
3.05636
3.13972
3.20051
3.0273
3.02292
3.06447
3.31598
3.36254
3.39024
3.37207
3.38269
2.99781
3.00719
3.02985
3.04981
3.12398
3.13393
3.19049
3.0374
3.0569
3.06633
3.13054
3.03923
3.06059
3.13852
3.17818
3.50358
3.5055
3.50459
3.5017
3.50755
3.50641
3.50743
3.50683
3.50745
3.20927
3.17293
3.23366
3.21841
3.23202
3.32391
3.31299
3.35862
3.38901
3.32674
3.3618
2.99513
3.02074
3.45056
3.46601
3.4786
3.48839
3.48358
3.49216
3.0521
3.14262
3.12513
3.18027
3.06457
3.11824
3.07908
3.18436
3.16575
3.02185
3.04289
3.20627
3.25293
3.06197
3.15672
3.19573
3.49555
3.47736
3.45116
3.48845
3.46956
3.48563
3.44313
3.38384
3.35947
3.43426
3.46043
3.24831
3.20401
3.24388
3.31457
3.33571
3.36925
3.38673
3.36273
3.01399
3.05059
2.98857
3.42363
3.43113
3.45424
3.44364
3.47648
3.4872
3.46251
3.44384
3.45748
3.46195
3.46924
3.4794
3.48306
3.30419
3.22277
3.04761
2.98397
3.00392
3.50211
3.50234
3.5051
3.50537
3.50635
3.5075
3.50719
3.50709
3.5079
3.50789
3.50796
3.50796
3.50799
3.50799
3.07721
3.13013
3.14349
3.19908
3.06989
3.04047
3.50763
3.50723
3.50761
3.50777
3.50751
3.50774
3.40778
3.4325
3.36825
3.3825
3.04706
3.00108
2.98606
3.0456
3.17988
3.16194
3.20901
3.19669
3.29945
3.35228
3.29969
3.50366
3.50535
3.50103
3.5067
3.50433
3.50651
3.5036
3.2937
3.34015
3.39539
3.43162
3.3611
3.38863
3.42936
3.44429
3.34965
3.40498
3.50476
3.50561
3.50369
3.50646
3.50573
3.50796
3.50769
3.50783
3.06432
3.13214
3.15874
3.19586
3.04666
3.05597
3.20709
3.30812
3.47975
3.47681
3.48699
3.48748
3.4975
3.49895
3.1218
3.09998
3.14219
3.05803
3.05542
3.2021
3.30278
3.23159
3.35899
3.30385
3.01151
2.99935
3.04089
3.50784
3.50794
3.50713
3.5076
3.50722
3.50774
3.50758
3.02166
3.03853
3.14958
3.04317
3.0877
3.0452
3.02682
3.13258
3.17721
3.01755
3.04697
3.0465
3.1272
3.14187
3.08683
3.17149
3.04696
3.06328
3.15447
3.22306
3.38009
3.3974
3.4428
3.45652
3.20703
3.21551
3.24426
3.31256
3.36748
3.33324
3.50597
3.50638
3.50759
3.50661
3.50753
3.50722
3.50758
3.50723
3.50781
3.5077
3.50762
3.50716
3.50735
3.50706
3.50776
3.50785
3.50754
3.50782
3.0109
3.04148
2.99744
3.18116
3.21662
3.31604
3.3362
3.38327
3.36422
3.50247
3.50443
3.4914
3.30601
3.36827
3.4301
3.39097
3.35423
3.38667
3.43135
3.44802
3.50504
3.50342
3.50597
3.04678
2.995
3.01534
3.46536
3.47322
3.489
3.49278
3.49547
3.15249
3.19426
3.2258
3.25341
3.27363
3.50795
3.50794
3.50793
3.50798
3.50794
3.50799
3.50798
3.50797
3.50796
3.06234
3.12765
3.11612
3.05389
3.02863
3.28697
3.30818
3.4589
3.33874
3.36022
3.43612
3.42737
3.37122
3.21683
3.28887
3.34862
3.2948
3.36249
3.30668
3.31223
3.42875
3.44256
3.45456
3.39227
3.36204
3.36901
3.10643
3.38806
3.34578
3.14182
3.30653
3.33698
3.20028
3.23252
3.29547
3.29764
3.23022
3.21691
3.05776
3.1357
3.12741
3.03191
3.04882
3.2411
3.23643
3.18752
3.34081
3.05168
3.0431
3.09568
3.5057
3.50431
3.50145
3.50039
3.50277
3.49923
3.4942
3.49084
3.46578
3.48889
3.49116
3.438
3.3456
3.39689
3.30369
3.35004
3.35823
3.40853
3.41344
3.02859
3.02601
2.98991
2.98787
3.05873
3.10979
3.11895
3.03762
3.43703
3.36415
3.38939
3.38191
3.43173
3.45321
3.02549
3.04638
3.0491
3.1129
3.14908
3.18615
3.50507
3.50418
3.50642
3.50691
3.50731
3.50771
3.40452
3.44385
3.45967
3.46283
3.22656
3.26476
3.24036
3.34752
3.00597
2.97813
3.02124
3.39162
3.44007
3.50232
3.50339
3.49864
3.01364
3.05455
3.48468
3.50158
3.49034
3.49813
3.49755
3.48649
3.49139
3.50797
3.50799
3.508
3.06925
3.14229
3.22298
3.03386
3.05356
3.0559
3.12456
3.14476
3.19724
3.05671
3.03928
3.14589
3.20341
3.20115
3.24734
3.27146
3.44158
3.3424
3.45999
3.35091
3.47045
3.42647
2.98843
3.01021
3.03787
3.11963
3.18233
3.19538
3.23832
3.17549
3.21508
3.1877
3.20351
3.31802
3.29709
3.30886
3.36076
3.3504
3.32786
3.32068
3.35902
3.39102
3.45144
3.4061
3.41403
3.45509
3.42143
3.47704
3.45301
3.48154
3.01694
3.04863
3.13185
3.508
3.508
3.508
3.02523
3.07457
3.06833
3.18238
3.20872
3.14794
3.05813
3.1286
3.19678
3.13129
2.9902
3.02135
3.03434
3.03827
3.05561
3.03062
3.0518
3.11901
3.11845
3.02312
3.06302
3.16476
3.22616
3.0469
3.05444
3.13823
3.1303
3.21868
3.29717
3.32317
3.31501
3.23913
3.05724
3.15547
3.155
3.04453
3.02851
3.09855
3.05546
3.06829
3.19288
3.16558
3.25074
3.33832
3.03931
2.98555
3.00677
3.50748
3.507
3.50521
3.50687
3.50681
3.02967
3.04773
3.05545
3.1319
3.11981
3.18557
3.49531
3.50167
3.49509
3.5044
3.50172
3.2871
3.4216
3.36566
3.32103
3.41924
3.36334
3.39595
3.35098
3.36222
2.99607
2.99311
3.03718
3.03584
3.06724
3.2242
3.1228
3.30511
3.25901
3.14457
3.31822
3.22612
3.03821
3.05382
3.04867
3.12595
3.1394
3.19738
3.50768
3.50761
3.50781
3.50791
3.50785
3.5079
3.50789
3.04415
3.19871
3.25268
3.21368
3.07074
3.06324
3.14896
3.14111
3.4977
3.50584
3.50346
3.49896
3.50098
3.50477
3.50646
3.5074
3.49838
3.49765
3.49544
3.48082
3.47067
3.14541
3.21296
3.04107
3.0692
3.05672
3.16226
3.15346
3.03564
3.06399
3.06911
3.14383
3.14936
3.20929
3.50667
3.50776
3.50776
3.50786
3.50748
3.50731
2.98965
2.99993
3.34124
3.37113
3.03549
2.99315
2.99137
3.13439
3.03524
3.06099
3.11173
3.17361
3.12289
3.03591
3.05427
3.09575
3.11999
3.15681
3.14914
3.20579
3.49751
3.49753
3.50174
3.46512
3.49446
3.4701
3.017
3.04492
3.11232
3.04338
3.11068
3.33803
3.24288
3.31763
3.0676
3.01498
3.03421
3.11246
3.1434
3.16495
3.06397
3.12625
3.18507
3.08011
3.16214
3.13431
2.97764
3.02434
3.04782
3.05783
3.49602
3.49817
3.50256
3.50576
3.50241
3.50547
3.02519
3.08989
3.16102
3.07131
3.11775
3.46035
3.48048
3.49074
3.31273
3.17976
3.21012
3.32513
3.18284
3.23765
3.0316
3.0736
3.16522
3.19524
3.10945
3.10889
3.21381
3.31445
3.30317
2.97042
2.98806
3.37059
3.39869
3.42507
3.44186
3.0326
2.99386
3.00556
3.04487
3.06017
3.47692
3.49307
3.46908
3.48116
3.49497
3.12302
3.02025
3.04224
2.98287
3.02788
3.50402
3.49936
3.4977
3.508
3.508
3.508
3.508
3.508
3.508
3.508
3.508
3.508
3.508
3.508
3.508
3.508
3.508
3.21047
3.0367
3.07232
3.14704
3.20769
3.002
2.98283
3.04222
3.0398
3.03035
3.07756
3.50301
3.50107
3.50502
3.50638
3.50565
3.5072
3.45111
3.48577
3.49612
3.471
3.46408
3.49261
3.48606
3.13408
3.0517
3.0302
3.02553
2.96941
3.44955
3.43658
3.44307
3.48599
3.4606
3.46643
3.49739
3.49245
3.48439
3.46517
3.48258
3.49103
3.4673
3.45552
3.50408
3.50102
3.50411
3.50489
3.50795
3.50404
3.50214
3.50155
2.97468
3.02931
2.97558
3.25123
3.17053
3.2448
2.99864
3.02521
2.99113
3.39438
3.3948
3.44254
3.4476
3.46814
3.48561
3.31523
3.22609
2.97868
3.0398
3.14105
3.05015
3.07676
3.12768
3.03211
2.99788
2.97321
3.44851
3.4625
3.48405
3.46728
3.48732
3.47569
3.06992
3.16485
3.20416
3.06456
3.12568
3.12662
3.05233
3.02913
3.03423
2.97833
2.96694
3.00458
3.01718
3.03347
3.09965
3.11025
3.184
3.216
3.17839
3.21085
3.30127
3.50256
3.50505
3.50368
3.50507
3.50371
3.50371
3.15466
3.28627
3.13219
3.21844
3.02282
3.04506
3.06692
3.13242
2.99831
2.98314
3.04697
2.97685
2.99446
3.02559
2.98004
3.03098
3.03139
3.05041
3.48804
3.49703
3.47676
3.49842
3.49234
3.18687
3.22854
3.22395
3.3178
3.29978
3.36016
3.00762
2.99654
3.04461
2.97947
2.98675
3.01086
2.99758
3.03601
3.50773
3.50792
3.50784
3.50784
3.50776
3.50787
3.35073
3.2665
3.15791
3.17786
3.24387
3.50698
3.50765
3.50713
3.50783
3.50765
3.50796
3.50798
3.50792
3.50797
3.50799
3.50799
2.99839
2.98262
3.01222
2.97962
3.0194
2.99074
3.03882
3.07637
3.15701
3.0622
3.0551
3.11841
3.12374
2.97985
3.00611
3.02038
3.02346
3.0581
2.97592
2.97422
3.00081
3.0227
3.02072
3.05517
2.97951
2.99906
3.01679
3.00966
3.0461
2.99658
3.00558
3.01442
3.04162
3.03626
3.0551
3.10148
3.05669
3.14389
3.17227
3.20165
2.99903
3.23088
3.31212
3.36464
2.98986
2.99538
3.00253
3.02523
2.97916
3.00033
3.3431
3.37747
3.3845
3.43083
3.42661
3.45664
3.36615
3.38982
3.39569
3.44252
3.44675
3.46962
3.46845
3.03708
3.01548
3.04128
3.13703
3.12001
3.18661
3.50611
3.50535
3.50688
3.50701
3.5073
3.50747
3.507
3.50691
3.03555
3.06713
3.15579
3.21919
2.99048
3.00616
3.04735
3.11422
2.98209
2.99715
3.02061
3.16516
3.04587
3.08965
3.08784
3.04599
3.50551
3.50409
3.50494
3.50632
3.50647
3.507
3.50737
3.50733
3.50756
3.508
3.508
3.508
3.508
3.508
3.508
3.508
3.50284
3.4957
3.39682
3.47135
3.41434
3.37426
3.41745
3.39008
3.37415
3.35253
3.30896
3.44644
3.45532
3.30959
3.25045
3.30465
2.96356
3.49359
3.5018
3.49646
3.49774
3.49582
3.50165
3.50357
3.50059
3.5028
3.50492
2.9894
3.00002
3.50405
3.50565
3.50595
3.50713
3.4965
3.50164
3.50168
3.4914
3.02555
3.04664
3.06166
3.12813
3.17955
3.1297
3.2419
3.24519
3.39726
3.32009
3.09938
3.06369
3.07966
3.1129
3.22278
3.12892
3.27517
3.30684
3.50789
3.50796
3.50798
3.508
3.508
3.50793
3.50797
3.50797
3.50799
3.1884
3.25109
3.31546
3.24451
3.30193
3.02294
3.00641
2.97751
2.98028
3.0341
3.00254
2.98865
2.99874
2.97666
3.02528
2.95374
3.18373
3.36107
3.32246
3.24436
3.23144
3.30591
3.19963
3.29434
3.50791
3.507
3.50754
3.50739
3.50773
3.50767
3.02894
2.96966
2.98673
3.01424
2.97386
2.9944
3.01184
2.99841
2.99367
2.95535
3.01482
2.99031
2.9788
3.02076
2.97862
2.9992
2.98207
3.02514
2.95781
2.97189
3.02697
3.50611
3.50341
3.50575
3.50657
3.50723
3.50668
3.50482
3.50572
3.50668
3.50167
3.50406
3.49907
3.50584
3.50283
3.50534
2.96219
2.99676
3.00998
3.00073
3.02242
2.97682
2.99097
2.97572
3.00728
3.01571
2.99258
3.00287
3.02344
2.99069
3.00338
3.02208
2.97195
2.98592
3.36608
3.296
2.99947
3.03349
3.04945
3.03799
3.05052
3.14823
3.19381
3.49758
3.5022
3.50396
3.50169
3.50651
3.49826
3.50299
3.50109
3.49867
3.49413
3.49707
3.50205
3.50218
3.50362
3.50504
3.47355
3.47458
3.46271
3.407
3.37907
3.35047
3.01136
2.96056
2.98651
3.50413
2.97597
2.98627
3.14101
3.20206
3.17884
3.27743
3.2642
3.33199
3.32409
3.36821
3.51218
3.46544
3.0699
3.27229
3.12776
3.25979
3.01656
2.97928
2.99955
3.49297
3.39494
3.04717
3.35227
3.51186
3.48346
3.49741
3.48513
3.47375
3.48585
3.49657
3.494
3.50038
3.50289
3.50048
3.11017
3.03656
3.12623
3.17583
3.10232
3.502
3.49564
3.48838
3.49236
3.50369
3.50482
3.50313
3.49814
3.49973
3.3741
3.4317
3.32003
3.02401
3.08966
3.10261
3.02704
3.06543
3.14323
3.20333
3.05346
3.05587
3.13094
3.14655
3.17677
3.2202
3.31992
3.35019
3.29611
3.20712
3.0332
3.03158
3.10916
3.10654
3.05301
3.11186
3.11871
3.04432
3.47932
3.45106
3.48122
3.27881
3.30871
3.26726
3.34393
3.3926
3.43338
3.37506
3.43649
3.50799
3.508
3.508
3.508
3.508
3.07158
3.04467
3.13654
3.2036
3.16073
3.16327
3.10805
3.23412
3.17926
3.32785
3.31065
3.29619
3.508
3.508
3.508
3.508
3.508
3.508
3.12668
3.32469
3.2005
3.30931
3.33085
3.36313
3.38469
3.37893
3.39085
3.03408
2.96625
2.99255
3.29163
3.21664
3.29856
3.34611
3.19043
3.2948
3.50397
3.50284
3.50177
3.49711
3.49997
3.4918
3.16763
3.04089
3.13118
3.11572
3.16081
3.20116
3.16733
3.20366
3.22932
3.28212
3.27632
3.41672
3.45716
3.43911
3.39205
3.39904
3.41612
3.44749
3.46909
3.47366
3.31168
3.20103
3.23056
3.36482
3.50717
3.50775
3.50743
3.5076
3.50749
3.50785
3.50774
3.50791
3.40282
3.37837
3.44229
3.47574
3.43769
3.46676
3.4822
2.96149
3.01174
3.50798
3.50799
3.06149
3.13792
3.05526
3.02505
3.14935
3.2044
3.22601
3.30816
3.17412
3.14272
3.20375
3.23696
3.20934
3.20549
3.30902
3.29152
3.35944
3.46793
3.45182
3.46511
3.48493
3.49231
3.48854
3.49474
3.49351
3.03818
3.14282
3.13848
3.19513
3.04288
3.02946
3.13702
3.17207
3.50447
3.49564
3.48057
3.50078
3.5001
3.48869
3.1901
3.24544
3.02283
3.19292
3.05171
3.12166
3.11524
3.04326
3.00723
3.02773
3.04312
3.10158
3.10309
2.9656
3.02225
2.99761
3.03495
3.10469
3.0891
3.04732
3.10129
3.0363
3.01592
3.13699
3.16977
3.18758
3.21559
3.40486
3.41222
3.43248
3.47695
3.48106
3.48679
3.45964
3.45391
3.44364
3.37926
3.42307
3.34934
3.37191
3.43073
3.45196
3.39548
3.45761
3.43897
3.35642
3.38683
3.43308
3.38665
3.15906
3.18306
3.38061
3.33033
3.02626
2.96626
2.97619
3.508
3.508
3.508
3.508
3.508
3.50584
3.49135
3.49867
3.4936
3.17182
3.28457
3.29834
3.35861
3.36154
3.09337
3.52506
3.11375
3.50913
3.47167
3.06433
3.34189
3.4489
3.46423
3.46033
3.4526
3.48097
3.48322
3.48423
3.48888
3.4955
3.50203
3.50155
3.49561
2.97165
2.98349
3.02483
3.05574
3.06672
3.15055
3.14328
3.21448
3.05154
3.13851
3.1752
3.10189
3.03816
3.01289
3.50651
3.5
3.49461
3.5009
3.49314
3.50325
3.49471
3.4809
3.50226
3.48394
3.47851
3.4945
3.50246
3.49222
3.03397
3.07695
3.15291
3.06074
3.06648
3.15544
3.1662
3.21686
3.25705
3.21403
3.02064
2.98995
3.00928
3.15402
3.04877
3.11217
3.37735
3.37905
3.42958
3.44801
3.36539
3.40407
3.35574
3.40409
3.508
3.508
3.508
3.508
3.508
3.50794
3.50793
3.50798
3.508
3.50798
3.50796
3.47321
3.50253
3.49955
3.49116
3.03237
3.0325
2.9791
2.97773
3.45026
3.48776
3.49703
3.4655
3.50799
3.50799
3.508
3.508
3.508
3.508
3.508
3.508
3.508
3.508
3.49021
3.49945
3.50041
3.4586
3.47648
3.4695
3.4873
3.49001
3.0453
3.01098
2.9965
2.99277
3.50798
3.50799
3.508
3.50799
3.50799
3.508
3.508
3.50799
2.98452
2.99404
3.02426
3.03198
3.06151
3.08696
3.10738
3.06206
3.05197
3.01547
3.08543
3.13196
3.16764
3.16743
3.05693
3.12315
3.13269
3.18771
3.46753
3.46261
3.47621
3.46388
3.47158
3.49068
3.49061
3.49764
3.16585
3.21089
3.31619
3.33323
3.23973
3.26239
3.34353
3.34423
3.38247
3.02812
3.0858
3.09334
3.15087
3.15445
3.20389
3.27626
3.26642
3.28551
3.31284
3.19506
3.21982
3.21137
3.3211
3.18283
3.21648
3.32484
3.40985
3.379
3.39589
3.5072
3.50763
3.50782
3.50745
3.50773
3.01158
3.04784
3.11258
3.0708
3.50762
3.50722
3.50764
3.50696
3.50786
3.50737
3.5078
3.04051
3.04576
3.01393
3.15246
3.19637
3.19462
3.23259
3.32938
3.1829
3.23509
3.22959
3.31252
3.32196
3.3663
3.00815
2.97179
2.98606
3.26712
3.3204
3.36876
3.16629
3.22911
3.29016
3.20034
3.30244
2.99326
3.03834
2.97571
2.98842
3.11712
3.04466
3.01116
3.04515
3.0401
3.1103
3.12183
3.26488
3.37305
3.41907
3.33349
3.37852
3.42193
3.41005
3.32659
3.36449
3.30293
3.21086
3.1569
3.28642
3.21612
3.15212
3.18384
3.17883
3.26717
3.26284
3.32338
3.07662
3.01084
3.08213
3.0444
2.98995
3.01353
2.96478
3.45316
3.4599
3.4523
3.46575
3.48325
3.49194
3.48617
3.49332
3.49164
3.50384
3.50001
3.50321
3.50596
3.50664
3.50524
2.99734
2.9765
3.03283
3.22841
3.32595
3.49569
3.50379
3.50036
3.50153
3.01759
3.04439
3.10925
3.16893
3.03612
3.03185
3.10765
3.12682
3.508
3.508
3.508
3.508
3.508
3.508
3.508
3.448
3.46483
3.44987
3.41249
3.03443
3.08734
3.05118
3.16858
3.12411
3.19686
3.50744
3.50776
3.50779
3.50795
3.50794
3.50788
3.5078
3.5079
3.50766
3.50768
3.50686
3.50488
3.50729
3.50535
3.50648
3.50657
3.26473
3.19342
3.29486
3.17418
3.23048
3.34652
3.27245
3.29149
3.50552
3.50504
3.50672
3.50672
3.50579
3.4146
3.39849
3.45454
3.47567
3.28575
3.08849
3.1377
3.09622
3.18092
3.27383
3.20455
3.16207
3.16195
3.18857
3.29207
3.33595
3.33403
3.37089
3.46884
3.41755
3.46166
3.47996
3.31036
3.36449
3.21864
3.23768
3.32491
3.01378
3.01374
3.03801
3.05143
3.14022
3.29461
3.27447
3.45649
3.35189
3.38696
3.43226
3.3858
3.39517
3.42727
3.43563
3.48471
3.48494
3.4957
3.502
3.50443
3.49249
3.4982
3.49785
3.50237
3.50198
3.01626
3.00898
3.05907
3.02562
2.95772
2.9714
3.142
3.15946
3.1955
3.19936
3.29891
3.33532
3.11376
3.19028
3.13264
3.21921
3.07407
3.07283
3.00666
2.9748
2.97808
3.04417
3.12511
3.01178
3.03941
3.04618
3.17248
3.1045
3.21583
2.99941
3.03684
3.0506
3.12465
3.13473
2.99312
2.96467
3.02122
3.22438
3.18564
3.24784
3.27815
3.34006
3.35454
3.50497
3.50573
3.50656
3.50614
3.50685
3.50745
3.5078
3.50767
3.50787
3.50677
3.50739
3.50699
3.50747
3.05047
3.12553
3.12505
3.0394
3.01529
3.03889
3.11099
3.00355
3.09124
3.04013
3.11908
3.13467
3.06969
3.01386
3.10476
3.00124
3.03093
3.043
3.10706
3.12767
3.44336
3.34179
3.45909
3.35496
3.46951
3.41553
3.50745
3.50772
3.50786
3.50778
3.49892
3.48024
3.4879
3.49848
3.49766
3.01004
3.04987
3.04641
3.16097
3.15415
3.02172
3.04305
3.10267
3.02124
3.04553
3.06776
3.08906
3.12267
3.00333
3.16057
3.03981
3.04455
3.13342
3.10948
3.50665
3.50561
3.50549
3.50637
3.50649
3.50431
3.50494
3.50767
3.50767
3.50787
3.50783
3.50792
3.13907
3.1481
3.19322
3.2349
3.05816
3.06023
3.29792
3.36479
3.40344
3.36796
3.3946
3.43572
3.44224
3.50672
3.50531
3.50675
3.50552
3.49921
3.50013
3.50359
3.50039
3.49931
3.07517
3.02089
3.08312
3.06106
3.12068
3.01604
3.04925
3.14803
3.18635
3.38333
3.48955
3.47528
3.44821
3.42648
3.47186
3.10674
3.22206
3.27959
3.17472
3.17102
3.20134
3.32283
3.36137
3.36042
3.39924
3.40747
3.508
3.508
3.508
3.508
3.508
3.00371
2.97607
2.95128
2.99996
3.05416
3.13572
3.12036
3.17585
2.96119
3.01074
3.01278
3.02556
3.05967
3.03232
3.04941
3.13653
3.17372
3.00114
3.04968
3.08497
3.15762
3.03929
3.11307
3.02537
2.97367
2.93855
3.00395
2.99803
3.02799
3.03227
3.09389
3.09852
3.22829
3.31056
3.30787
3.1803
3.22306
3.19734
3.23836
3.33412
3.37625
3.33185
3.23812
3.0143
3.05524
3.11923
3.0491
3.05786
3.10574
3.13547
3.21528
3.32432
3.30187
3.35039
3.23917
3.25998
3.35498
3.39019
3.17548
2.96119
3.00596
3.03959
3.11932
3.10708
3.00426
3.02308
3.20469
3.20545
3.23741
3.33859
3.37812
3.50123
3.49247
3.46761
3.47007
3.41914
3.37306
3.33565
3.00738
2.95321
2.97595
3.00287
3.5066
3.50674
3.50705
3.50737
3.50703
3.06359
3.12658
3.14481
3.01517
3.02983
2.96374
3.01622
3.04361
3.04722
3.01293
3.02991
3.15021
3.12792
3.13145
3.20077
3.00604
2.9563
2.9423
3.49488
3.50119
3.48229
3.48588
3.49799
3.5079
3.50784
3.50796
3.50793
3.50797
3.50794
2.99838
3.02701
3.15002
3.00636
3.03009
3.1243
3.19871
3.03001
3.06729
3.19261
3.23201
3.50708
3.50711
3.50589
3.50241
3.50456
3.50278
3.50555
3.50648
3.50619
3.50445
3.38474
3.43401
3.36949
3.42241
3.42474
3.44702
3.33831
3.50784
3.5074
3.50763
3.50755
3.50776
3.50686
3.37342
3.38988
3.4031
3.45368
3.1352
3.00498
2.97788
3.02656
3.06869
3.08604
3.01197
3.00074
3.45512
3.36679
3.41983
3.42338
3.37533
3.38281
3.34243
3.4272
3.42744
3.45487
2.98406
2.95224
3.0093
3.3652
3.41175
3.39422
3.35778
3.43774
3.45256
3.3475
3.31928
3.35298
3.37053
3.39688
3.43391
3.389
3.40084
3.4358
3.4365
3.45355
3.00774
3.04906
3.05033
3.13741
3.16381
3.09184
3.48771
3.50005
3.49591
3.49564
3.50035
3.18741
3.27691
3.05039
3.11264
3.13047
3.00265
3.02477
2.97108
3.00773
2.96219
3.20129
3.25779
3.2433
3.3455
3.33898
3.16938
3.11206
3.18447
3.19717
3.16039
3.19323
3.29326
3.28962
3.34047
2.95619
2.96572
3.5078
3.5079
3.50784
3.50791
2.96885
3.00599
3.07421
3.14799
3.03071
3.01614
2.96434
2.95833
3.01036
3.37001
3.39254
3.4313
2.95452
2.9743
3.01457
3.50711
3.50773
3.50727
2.98684
2.95378
2.998
3.02407
3.01083
3.05454
2.96371
2.9904
3.0167
3.01652
3.0536
2.96626
3.02578
2.95066
3.08656
2.97603
3.01122
2.94376
2.95979
2.95926
2.98735
3.00843
3.00677
3.0434
2.96081
2.98504
3.00753
3.00123
3.0392
2.97731
2.9927
2.99339
3.0243
3.01988
2.9777
2.96931
3.00493
2.97257
2.97582
2.95152
3.02787
3.03986
3.14745
3.2166
3.20061
3.30127
3.29267
2.98873
3.01278
2.95732
2.95723
2.98849
3.01726
2.96186
3.02196
3.04488
3.08793
3.29318
3.22232
3.24667
3.30855
3.50065
3.49568
3.49812
3.50264
3.50448
3.50224
3.49381
3.49885
3.49026
3.50391
3.50139
3.49869
3.50521
3.50361
3.50126
3.5052
3.50028
3.50498
3.49483
3.13521
3.01291
3.03579
2.9835
2.95106
3.01506
3.01292
3.20388
3.03935
3.04343
3.12748
3.11062
3.15414
3.18788
3.20626
3.27242
3.3033
3.32854
2.98236
3.05051
3.00083
3.02536
3.07521
3.05311
3.49146
3.48321
3.49174
3.4984
3.49873
3.50281
3.50263
3.5047
2.99209
2.9319
2.95484
3.5069
3.50647
3.50784
3.50742
3.50767
3.50773
3.50786
3.50786
3.5077
3.50207
3.50111
3.50334
3.50289
3.5006
3.50245
3.1635
3.21808
3.31237
3.35863
3.22846
3.30858
3.21391
3.32463
3.44541
3.4602
3.4697
3.49776
3.49169
3.48235
3.48656
3.49807
3.4922
3.45493
3.46821
3.48407
3.47349
3.48728
3.47023
2.96711
2.95229
3.00898
2.99553
2.9548
2.97227
3.49462
3.5075
3.501
3.49823
3.47615
3.47591
3.39829
3.45461
3.41746
3.48702
3.49581
3.49312
3.49948
3.50446
3.50397
3.508
3.508
3.508
3.508
3.508
3.508
3.508
3.01419
2.95507
2.97124
2.98811
2.9847
3.01948
3.01223
3.06283
3.06912
3.49894
3.50051
3.50286
2.99529
2.98979
3.02584
3.50687
3.49527
3.50006
3.50405
3.50548
3.50335
3.50078
2.9672
2.95982
2.97708
2.96537
2.95129
2.96483
3.00747
2.96685
2.9457
3.00303
2.98058
3.0032
2.96333
2.97309
2.99152
3.0063
2.99487
2.98165
2.98268
3.01318
2.96202
2.99179
2.97369
2.953
2.96471
2.95332
3.00578
2.96045
3.50367
3.50097
3.50297
3.00971
2.94587
2.96431
3.03942
3.10375
3.11917
3.16696
3.00689
3.0362
2.95252
2.9639
3.01203
3.508
3.508
3.18725
3.23221
3.01314
3.03408
3.04111
3.13011
3.10089
3.16833
3.09963
3.01833
3.08393
3.11417
3.50387
3.50169
3.50191
3.5039
3.50265
3.504
3.33142
3.37582
3.40225
3.43993
3.45909
3.40178
3.41082
3.44318
3.44611
3.36455
3.38617
3.42658
3.43515
3.44993
2.99779
2.95184
3.00784
3.21157
3.30369
3.02085
3.04924
3.05812
3.13235
3.13508
3.26073
3.32069
3.35962
3.32894
3.42599
3.39589
3.44365
3.3976
3.45277
3.46768
3.02668
3.10249
2.95433
2.99815
3.07684
3.00777
3.02352
3.50603
3.50698
3.50724
3.50738
3.14482
3.20186
3.28116
3.20098
3.16148
3.34609
3.3116
3.00614
2.95451
2.96099
2.97411
2.9877
3.01532
3.20534
3.25224
3.3275
3.32256
3.2544
3.18386
3.03657
3.1242
3.13271
3.44904
3.36702
3.38965
3.39952
3.43497
3.44244
3.50792
3.50793
3.50798
3.50797
3.50798
3.27063
3.20427
3.13916
3.31269
3.39329
3.28913
3.40797
3.35657
3.15239
3.30845
3.16755
3.22399
3.17645
3.1905
3.25629
3.28768
3.32603
3.45062
3.45968
3.48428
3.49366
3.50298
3.5045
3.50628
3.50523
3.50628
3.15075
3.02001
3.08913
3.11986
3.12101
3.04338
3.11159
3.11986
3.03094
3.50831
3.50321
3.17904
3.23279
3.32194
3.2236
3.32656
3.37597
3.36865
3.18225
3.30738
3.15267
3.20577
3.21185
3.30042
3.30737
3.44646
3.41848
3.36478
3.32885
3.37381
3.37666
3.41545
3.4209
3.26981
3.29285
3.35449
3.28023
3.36908
3.41942
3.36228
3.32614
3.32732
3.42921
3.45372
3.19566
3.01875
3.0494
3.16354
3.14027
3.5062
3.50249
3.50552
3.50644
3.50498
3.50201
2.97429
2.98475
3.01775
3.00091
3.01592
3.06824
3.07362
2.94745
2.9759
2.99509
3.50388
3.50438
3.50324
3.5063
3.50572
3.50663
3.06389
3.13658
2.99033
3.0477
3.50785
3.50793
3.50793
3.50797
3.50797
3.46817
3.43023
3.48531
3.44938
3.47487
3.43964
3.48203
3.46282
3.4838
3.49402
3.47938
3.44495
3.45683
3.44382
3.40179
3.37433
3.03247
3.03727
3.11872
3.16222
3.10385
3.18241
3.18542
3.224
2.9855
3.017
2.98069
3.0051
3.03082
3.05951
3.0723
3.30709
3.33939
3.25507
3.14763
3.21468
3.27077
3.23929
3.19909
3.35404
3.24395
3.18127
3.32387
3.4393
3.46231
3.08897
3.22725
3.51443
3.46315
3.04404
3.23295
2.9966
3.02675
2.95629
2.97131
2.99869
3.35602
3.51517
3.48305
3.01071
3.30384
3.10454
3.12931
3.19401
3.22571
3.31191
3.35839
3.10613
3.11423
3.16981
3.24021
3.23754
3.35066
3.3959
3.42005
3.39953
3.01212
3.11767
3.1187
3.09245
3.16047
3.31111
3.29874
3.36736
3.35051
2.96253
3.03737
3.04409
3.13868
3.01327
3.03557
3.14784
3.20007
3.03586
3.00428
3.04408
3.14238
3.23223
3.18149
3.21293
3.32972
3.03336
2.99748
3.03379
3.14179
3.12526
3.18335
3.23682
3.19317
3.49925
3.50428
3.50256
3.5051
3.50615
3.50785
3.508
3.50792
3.5079
3.50797
3.50798
3.50796
3.49167
3.48082
3.50164
3.50188
3.4934
3.48061
3.09318
3.16049
3.2461
3.23039
3.29475
3.18815
3.27284
3.5079
3.50772
3.50797
3.50791
3.50797
3.50794
3.50788
3.50459
3.50617
3.50226
3.50692
3.50543
3.50582
3.31066
3.30692
3.21295
3.03487
3.15944
3.22593
3.39461
3.44078
3.41372
3.44557
3.46901
3.45553
3.01793
3.05378
3.05959
3.15433
3.1548
3.20945
3.50786
3.50792
3.50797
3.50799
3.50798
3.50797
3.36086
3.31496
3.4345
3.38441
3.35966
3.39563
3.38003
3.43929
3.43382
3.50029
3.50424
3.5016
3.49892
3.50268
3.50594
3.50451
3.50692
3.5064
3.50554
3.0591
3.1456
3.0357
3.01783
3.19057
3.11306
3.50605
3.50706
3.50699
3.50457
3.50615
3.1515
3.21091
3.21393
3.00762
3.02904
3.10623
3.50094
3.50382
3.49451
3.50553
3.49754
3.50325
3.49486
3.49489
3.50077
3.50016
3.50262
3.50459
3.50313
2.96885
2.95461
3.19873
3.21248
3.26537
3.32603
3.23711
3.3223
3.3554
3.37526
3.35333
3.36868
3.42081
3.44484
3.50738
3.50794
3.5075
3.50726
3.50782
3.50763
3.50783
3.12914
3.01437
3.04249
3.05925
3.12795
3.13962
3.19774
3.04226
3.17533
3.21173
3.20129
3.30208
3.2902
3.0005
3.0503
3.13684
3.01152
3.50774
3.50694
3.50623
3.50751
3.50781
3.50787
3.50702
3.50747
3.50771
3.18259
3.35402
3.23089
3.23528
3.31374
3.31261
3.38967
3.42876
3.44274
3.45808
3.4609
3.48123
3.4764
3.0409
3.01663
3.04912
3.11699
3.12505
3.14679
3.04521
3.00684
3.06366
3.12782
3.48481
3.48888
3.47589
3.164
3.22698
3.17062
3.35528
3.30008
3.19073
3.20709
3.26975
3.30198
3.32816
2.99255
3.03261
2.94847
2.96662
2.99777
3.35146
3.38417
3.37374
3.42656
3.41697
3.44976
3.50685
3.50659
3.5067
3.50713
3.5073
3.5076
3.508
3.508
3.508
3.508
3.508
3.508
2.99738
3.03341
3.04018
3.13228
3.1782
3.10384
3.44616
3.46203
3.48748
3.47656
3.44761
3.4619
3.46224
3.48122
3.47983
2.97963
3.4621
3.36282
3.38516
3.44147
3.46337
3.46113
3.43148
3.44837
3.46361
3.38798
3.38263
3.35992
3.50796
3.50798
3.50799
3.50799
3.50798
3.50799
3.50799
3.508
3.50799
3.44791
3.46828
3.48624
3.46773
3.47124
3.48433
3.48555
3.50416
3.50454
3.50635
3.50689
3.5061
3.50753
3.1605
3.20101
3.22338
3.3028
3.35183
3.38782
3.34304
3.3055
2.98059
3.01172
2.9523
2.94214
3.0115
3.04815
3.13416
3.19108
3.12505
3.0059
3.03254
3.09416
3.52017
3.4908
3.03824
3.27101
3.52075
3.44448
3.05179
3.22294
3.48307
3.50129
3.48411
3.48417
3.49724
3.49866
3.50037
3.3755
3.17828
3.24497
3.33538
3.23284
3.31938
3.33133
3.23749
3.16317
3.23674
3.03932
3.10342
3.14672
3.17931
3.00659
3.02517
2.97312
2.96252
3.02442
3.47529
3.34536
3.37931
3.45325
3.36389
3.40923
3.41773
3.45641
3.50698
3.5074
3.50561
3.50679
3.50709
3.50482
3.5016
3.50356
3.50583
3.50702
3.50645
3.50754
3.50773
3.50732
3.47047
3.45935
3.44184
3.46004
3.47955
3.47803
3.48344
3.49275
3.20905
3.3041
3.29113
3.31283
3.2581
3.23108
3.1918
2.99672
2.94736
2.95629
2.95964
2.95955
3.36715
3.46313
3.42315
3.47433
3.45848
3.15994
3.23612
3.14029
3.32731
3.3666
3.23056
3.21699
3.32798
3.32282
3.46162
3.48459
3.40528
3.44165
3.47235
3.39682
3.42795
3.46587
3.50761
3.5079
3.50771
3.44098
3.42929
3.46845
3.46045
3.45588
3.48266
3.49169
3.4963
3.49262
3.48201
3.48285
3.00471
3.04181
3.04061
3.14453
3.13601
3.19867
3.14304
3.25482
3.26695
2.99061
3.04324
3.03898
3.10189
3.15163
3.1752
3.49248
3.48289
3.49402
3.49014
2.945
2.97397
3.01268
3.508
3.508
3.508
3.508
3.508
3.508
3.508
3.49793
3.48546
3.50212
3.4832
3.49436
3.49534
3.23002
3.17853
3.30811
3.213
3.32126
3.32742
3.3672
3.20664
3.23922
3.32737
3.20712
3.26227
3.2801
3.34791
3.35706
3.38165
3.39495
3.19063
3.23284
3.31475
3.34657
3.31603
3.35384
3.0211
3.02331
3.09339
3.11562
3.50701
3.50743
3.5064
3.50767
3.508
3.508
3.508
3.508
3.12976
3.16061
3.06645
3.50075
3.50525
3.50479
3.50528
3.50316
3.50661
3.50544
3.5066
3.50402
3.50022
3.50508
2.93599
2.99699
3.02878
3.04267
3.11887
3.10154
3.16087
3.49631
3.5036
3.50607
3.5071
3.49401
3.50604
3.50434
3.49883
3.02401
3.13274
2.99991
3.0291
3.03354
3.11827
3.12971
3.1872
3.09589
3.14162
3.1676
3.21665
3.02723
3.04671
3.00516
3.04932
3.03514
3.12892
3.14765
3.26752
3.1845
3.27676
3.0174
3.10967
2.96869
3.00487
3.01193
3.08442
3.09006
3.37249
3.38551
3.35408
3.38946
3.43168
3.43042
3.44248
3.4581
3.46137
3.00076
3.0322
3.12125
3.17983
3.16638
3.2201
3.50699
3.50717
3.50765
3.50577
3.50567
3.15468
2.99011
3.02265
3.10412
3.16133
2.97956
3.02436
2.95109
2.98752
3.01846
3.02053
3.10718
3.09917
3.508
3.508
3.508
3.508
3.50263
3.5052
3.50643
3.5039
3.50535
3.50701
3.5065
3.50751
3.50732
3.50749
3.15782
3.20486
3.29411
3.21165
3.22342
3.29048
3.30859
3.49841
3.49932
3.50307
3.50383
3.50513
3.49736
3.50636
3.50179
3.50241
3.50492
3.50551
3.33246
3.36272
3.42567
3.45638
3.3599
3.41513
3.38068
3.38735
3.4324
3.44591
3.46126
3.46547
3.00859
2.95537
2.94043
3.44387
3.45941
3.48044
3.4678
3.46015
3.48192
3.48141
3.02366
3.11202
3.18988
3.12754
3.00052
3.03511
3.36485
3.36427
3.2997
3.40264
3.16247
3.01726
3.07499
3.08336
3.01618
2.97922
3.23637
3.31038
3.32463
3.22339
3.17786
3.50262
3.49987
3.5004
2.97714
3.01785
3.11463
3.01676
3.02812
3.09857
3.11125
3.0413
3.10369
3.13677
3.18135
2.99688
3.02956
2.96476
2.94675
2.99911
3.10426
3.16644
2.92877
2.98149
3.00304
3.01693
3.50503
3.50202
3.50516
3.50308
3.50595
3.50371
3.50599
3.50705
3.5072
3.48771
3.49307
3.49549
3.49843
3.49975
3.02255
3.08854
3.13921
3.18207
2.99231
3.01411
3.36116
3.32018
3.37363
3.36177
3.38139
3.43442
3.46161
3.50756
3.50776
3.05027
3.14006
3.18503
3.21334
3.26738
3.29219
3.50535
3.49878
3.50337
3.4905
3.4971
3.50333
3.19647
3.17776
3.28088
3.28323
3.33976
2.98949
3.02522
3.13018
3.21185
3.46738
3.48772
3.49926
3.49766
3.4866
3.49398
3.49573
3.47114
3.4874
3.45409
3.46959
3.48705
3.20015
3.22714
3.31298
3.23281
3.37774
3.37112
3.40171
3.32652
3.12611
3.17994
3.2608
3.3108
3.24363
2.98854
2.97452
3.05275
3.47556
3.47737
3.49963
3.49724
3.49904
3.4904
3.50012
3.50331
3.24764
3.32589
3.38062
3.33765
3.22615
3.19767
3.49072
3.49751
3.49641
3.49734
3.49863
3.50294
3.50261
3.5048
3.50356
3.50548
2.99783
3.04699
3.01524
3.10698
3.10932
3.17095
3.20849
3.16427
3.37283
3.40538
3.30669
3.37338
3.2313
3.31819
3.26837
3.37839
3.34766
3.47625
3.40333
3.442
3.42068
3.4654
3.45047
3.47859
3.49067
3.48706
3.49549
3.46675
3.47253
2.93738
2.96741
2.98981
3.02498
3.11863
3.17142
3.03413
3.07915
3.1038
2.93518
2.98458
2.99201
3.00576
2.98386
3.02828
3.03867
3.11493
3.14053
2.97919
3.02262
3.13501
3.16873
3.50434
3.50389
3.50616
3.50675
3.50593
3.50738
3.5069
3.50792
3.50791
3.5079
3.50794
3.50796
3.50797
2.99403
3.11392
3.01632
3.33223
3.09996
3.11708
3.18705
3.29825
3.28203
2.96322
2.94384
3.00865
2.96696
3.45754
3.49786
3.45122
3.50344
3.49933
3.48711
2.94803
3.0087
2.95894
2.96469
3.48913
3.49448
3.49845
3.02822
3.10587
3.08875
3.01182
3.0528
3.00167
3.16079
3.02975
3.03917
3.10213
3.11178
2.98532
3.044
3.07871
2.96289
2.94803
3.01597
3.49978
3.50311
3.50709
3.50609
3.12528
3.14229
3.19709
3.18216
3.2719
3.26392
3.50298
3.50253
3.49598
3.49899
3.49908
3.50112
3.49758
3.48915
3.49077
3.21451
3.04719
3.14513
3.14948
3.03484
3.01008
3.46632
3.2781
3.3186
3.38627
3.41091
3.42477
3.22714
3.32683
3.31223
2.93883
2.99011
3.02737
3.1012
3.12096
2.98859
3.01271
3.47094
3.46908
3.48108
3.48802
3.49209
3.02804
3.05576
3.08514
3.1295
3.169
3.21282
3.37379
3.40957
3.45578
3.40481
3.45234
3.47226
3.24478
3.32024
3.31751
3.17123
3.21005
2.96122
2.93903
3.01571
3.15706
3.35277
3.23292
3.23247
3.3149
3.31523
3.508
3.50798
3.50799
3.50799
3.508
3.508
3.508
3.508
3.508
3.508
3.50797
3.50799
3.50797
3.50799
3.50799
3.35788
3.30271
3.30991
3.20978
3.20947
2.9594
2.94176
3.02051
2.93917
2.94372
2.96161
2.99371
2.99639
3.0363
2.94085
2.9594
2.99208
2.98939
3.03181
2.93703
2.93964
2.96599
2.99033
2.98844
3.02655
2.95813
2.98089
2.98454
3.01827
2.94592
2.97081
2.99717
3.00036
3.04365
2.94712
2.9708
2.98981
3.0002
3.03321
2.94605
2.98452
2.93848
2.92592
2.95497
2.96676
3.00189
2.99775
3.04213
2.96967
2.97222
3.00563
3.00256
3.04678
2.93663
2.96069
2.99916
2.9256
2.99529
2.93792
2.95474
3.23941
3.30408
3.15697
3.19505
3.21487
3.28258
3.32344
3.35408
3.36052
3.50478
3.5067
3.5071
2.9572
2.99641
2.95322
2.94828
2.95115
2.97985
3.36417
3.3864
3.39287
3.43222
3.43748
3.45525
3.19044
2.97693
2.98689
2.9251
3.06361
3.08176
3.508
3.508
3.508
2.95466
2.94854
2.97905
3.44884
3.46103
3.48134
3.42966
3.49379
3.46499
3.49232
3.01494
2.95124
2.95205
3.43662
3.40613
3.37546
3.41571
3.4322
3.44619
3.45683
3.19914
3.26658
3.32431
3.253
3.25894
3.33691
3.352
3.3811
3.38627
3.50787
3.50765
3.50793
3.50784
3.50791
3.50798
3.50796
2.99223
2.92196
2.95238
3.5043
3.50713
3.5055
3.50542
3.50654
3.50655
3.50665
3.50729
3.2996
3.37923
3.342
3.26158
3.25281
3.32599
3.29606
3.17852
3.20789
3.25174
3.17725
3.22485
3.30642
3.32716
3.35348
3.49533
3.50549
3.50076
3.5003
3.50394
3.50273
3.50473
2.93437
2.94579
3.49977
3.4887
3.50426
3.49657
3.50339
3.50652
3.50662
3.50749
3.5077
3.16672
2.9919
2.946
3.01545
3.09176
3.08115
3.01632
2.99228
2.99145
2.9855
3.04731
2.9897
2.93902
2.95557
3.00596
2.93604
2.94042
3.37638
3.43097
3.4601
2.94639
2.96637
2.99375
3.03369
2.99922
2.95672
2.96558
2.99735
2.99662
2.94406
3.17433
3.11499
3.11435
3.0226
3.46527
3.47673
3.46909
3.42296
3.38688
2.9594
2.92518
2.93962
2.98928
2.93485
2.94682
2.91899
2.9617
2.98914
2.94068
2.95953
3.00383
2.95629
2.94613
2.96569
2.99483
2.94527
2.9841
2.94497
2.95038
2.96983
2.98517
3.03247
2.99822
2.97244
2.98208
2.93036
2.94818
2.9789
3.45842
3.45189
3.49612
3.47963
3.50185
3.48775
3.47824
3.49772
3.48395
3.49622
2.98386
2.97785
3.0501
3.17639
3.21218
3.04168
3.08192
3.12386
3.14564
2.99417
3.01433
3.07103
3.00434
2.92398
2.9468
2.93422
2.95476
2.98441
3.2417
3.28485
3.3279
3.35782
2.99822
2.94862
3.50705
3.50782
3.50733
3.50757
3.50774
3.50695
3.45764
3.48259
3.4606
3.45341
3.46241
3.48005
3.48059
3.508
3.508
3.508
3.508
3.508
3.12006
3.20178
3.23952
3.31915
3.33033
3.19654
3.24065
3.10006
3.00872
3.08217
3.10619
3.02552
3.11021
3.14024
3.19536
2.99266
3.03932
3.38236
3.41126
3.44744
3.40877
3.44814
3.46318
2.91307
2.99043
3.43683
3.45416
3.44977
3.47545
3.43035
3.47641
3.48108
3.48716
2.94301
3.01423
3.50225
3.49924
3.50208
3.50139
3.50194
3.50274
3.50312
3.50134
3.508
3.508
3.508
3.508
3.508
3.508
3.508
3.508
3.37366
3.42188
3.3409
3.35778
3.43182
3.38873
3.508
3.508
3.508
3.508
3.508
2.93564
2.96996
2.99454
2.94219
2.9399
3.30517
3.47244
3.41314
3.47156
3.45772
3.36221
3.22988
3.29428
3.25909
3.37477
3.34651
3.40798
3.17448
3.09169
3.01844
3.12152
3.10768
3.17311
3.49125
3.47918
3.46935
3.49055
3.48216
3.46547
3.48165
3.16261
3.00821
3.10251
3.11262
3.19824
3.25653
3.27049
3.13877
3.17762
3.06236
3.1343
3.15071
3.29498
3.2026
3.33406
3.25837
2.9339
2.95908
2.9488
2.98677
2.99564
3.02716
3.50624
3.31388
3.22801
3.17885
3.50647
3.50599
3.50692
3.50736
3.5075
3.50783
3.50782
3.50791
3.11584
3.03931
3.10324
3.12895
3.05475
3.02271
2.99921
3.508
3.508
3.508
3.508
3.48111
3.49188
3.49777
3.47145
3.48525
3.49187
3.48828
3.20001
3.23725
3.33629
3.38408
3.01791
3.08313
3.13192
3.06526
3.01104
2.98875
3.19577
3.23943
3.32363
3.37221
3.0217
3.13
3.18596
3.11685
3.18395
3.02749
3.11696
3.13083
3.50774
3.50787
3.50785
3.1668
3.01983
3.09228
3.02575
2.98899
3.02393
3.01604
3.08306
3.07556
3.50745
3.50686
3.50777
3.50775
3.48363
3.49561
3.48956
3.50154
3.49758
3.50294
3.11062
3.16542
3.00375
3.11104
3.14073
3.1312
3.18713
3.19803
3.28582
3.28919
3.34988
3.34849
3.38119
3.1952
3.03881
3.13215
3.1433
3.03536
3.45204
3.46326
3.48366
3.49392
2.9797
2.95271
2.97835
2.97916
3.00169
3.15177
3.04586
3.04269
3.1328
3.11176
3.20312
3.50786
3.50777
3.50665
3.50687
3.50737
3.50735
3.50775
3.36773
3.34644
3.38905
3.4605
3.42666
3.46726
3.44964
3.41777
3.42305
3.50799
3.50799
3.50799
3.508
3.46412
3.45783
3.49285
3.47366
3.48235
3.47863
3.49254
3.48091
3.49895
3.49304
2.95144
2.96283
2.98727
3.4923
3.46529
3.4803
3.46627
3.48504
3.34325
3.37734
3.37051
3.42755
3.42102
3.44943
3.46388
3.38863
3.26612
3.42595
3.321
3.40268
3.50292
3.48674
3.49571
3.48744
3.46943
2.98423
3.03836
3.04093
3.15097
3.11559
3.20268
3.49982
3.50147
3.50452
3.50524
3.50418
3.49919
3.49608
3.50163
3.49936
3.50208
2.99523
3.04339
2.9499
2.94183
3.00117
3.41174
3.42258
3.39091
3.45606
3.4755
3.22058
3.31546
3.18257
3.23877
3.31643
3.22199
3.24892
3.30847
3.32196
3.3639
2.98853
3.01224
3.09135
3.01502
3.11119
3.16228
3.17989
3.27063
3.27286
2.91621
2.93434
3.14498
3.30633
3.16743
3.12624
3.1857
3.00439
3.09683
3.07467
3.16002
3.12689
3.24551
3.2335
3.00498
3.0376
3.04209
3.14308
3.00459
3.03509
3.16406
3.20918
3.50777
3.50744
3.50753
3.50776
3.50786
3.34375
3.37439
3.4326
3.37916
3.42475
3.45261
2.9713
3.01085
3.01114
3.09264
3.08591
3.14011
3.02014
3.08606
3.07665
3.14818
3.00944
2.97045
3.4832
3.49061
3.49581
3.50665
3.51587
3.18329
3.11261
3.02015
3.3951
3.37792
3.3803
3.40665
3.44977
3.43228
3.46024
3.18256
3.23851
3.21957
3.21426
3.32596
3.31917
3.50619
3.5057
3.50457
3.50593
3.50603
3.50438
3.22557
3.00499
3.05773
3.15444
3.15932
3.04223
3.44183
3.45922
3.48225
3.49191
3.49613
3.49164
2.96625
2.95574
3.01325
3.00626
3.10059
3.0984
3.14264
3.21512
3.16943
3.18915
3.02625
3.14018
3.11448
3.19251
3.0302
2.99985
2.92862
2.99557
2.92033
3.5079
3.50797
3.50798
3.34041
3.30467
3.36299
3.41055
3.38819
3.38608
3.04247
3.14089
3.22354
3.00113
3.30428
3.38568
3.36797
3.34532
3.37582
3.42186
3.42739
3.45152
3.33798
3.35624
3.37016
3.40932
3.42281
3.44363
3.52104
3.39475
3.06294
2.92902
2.95316
2.98241
3.3398
3.51188
3.47053
2.99115
3.29894
3.50128
3.49817
3.50299
3.5052
3.50286
3.50403
3.50521
3.50591
3.22584
3.02576
3.18077
3.13089
3.21918
3.40221
3.44033
3.45727
3.42078
3.38144
3.33546
3.42042
3.3641
3.32944
3.35933
3.40985
3.44265
3.18232
3.16248
3.22328
3.31686
3.49143
3.46877
3.48248
3.45502
3.48077
3.20205
3.00865
3.04494
3.12282
3.11651
3.01612
2.995
3.01699
3.09464
3.16991
2.97621
3.44097
3.45947
3.38238
3.42952
3.42095
2.93694
2.99815
2.93299
3.50776
3.5077
3.50799
3.50799
3.508
3.508
3.19443
3.04836
3.1309
3.14676
3.01759
2.99051
3.36262
3.45088
3.35724
3.39834
3.40003
3.43883
3.44115
3.28082
3.16672
3.01548
2.99798
3.06401
3.06572
3.21658
3.27863
3.16681
3.18708
3.30633
3.35549
3.38078
3.34676
3.50589
3.50638
3.50529
3.50716
3.50679
3.19883
3.28917
3.16583
3.21421
3.20967
3.28087
3.27924
3.32681
3.2401
3.16363
3.22006
3.32851
3.32623
3.08279
3.0903
3.19454
3.27363
3.25533
3.16576
3.19974
3.23112
3.3209
3.30188
3.31509
3.08098
3.15098
3.21037
3.05607
3.17241
3.3088
3.15046
3.1945
3.06807
3.09485
3.00886
3.0292
3.15581
3.18735
3.23218
3.25295
3.50796
3.50798
3.50796
3.50799
3.50798
3.38122
3.24179
3.23401
3.34025
3.32764
3.48823
3.49183
3.49944
3.48572
3.49561
3.50145
3.42156
3.42267
3.32938
3.38617
3.36067
3.28979
3.17125
3.28591
3.29645
3.50662
3.50317
3.50659
3.50507
3.21391
3.15721
2.97705
3.01253
3.01872
3.09217
3.08843
3.14196
3.49659
3.48145
3.50051
3.48194
3.4939
3.19342
3.10987
2.99219
3.03715
3.11649
3.1632
3.08101
3.49697
3.47981
3.49287
3.2511
3.33882
3.38205
3.43545
3.38944
3.34804
2.98806
2.96007
3.00391
3.00957
3.08148
3.09111
3.15754
3.14763
3.19659
3.19812
3.29635
3.29305
3.34376
3.37531
3.32215
3.17948
3.22833
3.32231
3.24018
3.32186
3.41587
3.41511
3.36488
3.34985
3.31843
2.92979
2.94363
2.96741
3.09515
3.1495
2.92286
2.98099
2.98174
2.99534
3.209
3.22956
3.30037
3.14783
3.1931
3.27773
3.28624
3.20754
3.14875
3.19969
3.19013
3.29031
3.2828
3.35784
3.26048
3.34183
3.32149
3.39607
3.43012
3.40253
3.35897
3.33201
3.39677
2.94247
2.95462
2.99506
2.92077
2.96068
2.92062
3.4218
3.37373
3.37068
3.38278
3.41187
3.38518
3.45193
3.46647
3.43069
3.48311
3.27437
3.27592
3.19647
3.17277
3.12519
3.49614
3.48081
3.48689
3.49679
3.49731
3.49887
3.50307
3.50671
3.50541
3.50345
3.50583
3.42451
3.40508
3.36651
3.38369
3.33747
2.99726
3.03857
3.02751
3.13638
3.11166
3.17572
3.508
3.508
3.508
3.508
3.508
3.508
3.29876
3.46256
3.0328
3.25122
3.37958
3.02418
3.15959
3.49522
3.44129
3.34424
3.32954
3.42985
3.37885
3.4205
2.95305
2.93932
2.96819
3.01713
3.1102
2.97634
3.02382
3.0189
3.09282
3.10052
3.41805
3.46251
3.48048
3.44912
3.4907
3.46985
3.48457
3.48628
3.45479
3.46575
3.49311
3.46051
3.43925
3.48722
3.47082
3.46051
3.14299
3.17956
3.29104
3.49894
3.50635
3.50416
3.50601
3.50168
3.49699
3.50373
3.501
2.9789
3.18129
3.02294
3.09987
2.90698
2.92332
2.9798
3.19903
3.15643
3.18972
3.29616
3.28841
3.35854
2.98095
2.92648
2.94209
2.97025
2.99821
3.00683
3.07075
3.0795
3.13632
3.21094
3.32799
3.32804
3.45337
3.45633
3.46658
3.4815
3.48533
3.49072
3.49493
3.49099
3.48167
3.49254
3.48244
3.46319
3.35104
3.19732
3.14746
3.18948
3.30194
3.30238
3.17295
2.977
3.0127
3.01496
3.10802
3.11793
3.07969
3.11249
3.15912
3.1948
3.01785
2.99786
3.34422
3.36976
3.37343
3.43006
3.43458
3.03319
3.13448
2.98737
3.15911
3.17056
3.22092
3.06008
3.05278
2.99278
3.09403
3.06769
2.93112
2.92412
2.98378
3.15312
3.193
3.31142
3.35658
2.92419
2.95541
2.98443
3.03429
2.99152
3.13904
3.16169
3.19761
3.00235
3.0765
3.01568
3.04666
3.08768
2.91857
2.96198
2.97787
2.98271
3.15566
3.19173
3.19951
3.29607
3.27783
3.34031
3.28979
3.1904
3.29484
3.21024
3.19233
3.28084
3.29576
3.34098
3.34856
3.40217
3.50581
3.50561
3.50697
3.50715
3.50692
3.5076
3.50775
3.50745
3.44908
3.48018
3.44821
3.49208
3.49809
3.48822
3.47137
3.50486
3.49736
3.50313
3.50457
3.19203
3.30368
3.21172
3.28297
3.16812
3.07173
3.06466
3.09633
3.13713
3.44367
3.35128
3.36251
3.38673
3.42866
3.41179
2.98224
2.91471
2.99951
3.07012
2.99511
2.96673
3.09311
3.14208
3.00598
2.93465
2.93172
3.50742
3.50746
3.50773
3.50762
3.50789
3.50784
3.00334
3.09474
2.99581
3.06856
3.08386
2.96577
2.9924
3.1422
2.9244
2.9914
3.06775
2.97025
2.9945
3.48951
3.43205
3.44621
3.47311
3.48281
3.48941
2.9783
2.92326
2.90582
3.44172
3.45521
3.48173
3.46362
3.46837
3.48464
3.49149
3.47799
3.49095
3.4884
3.49556
3.50159
3.50174
3.49673
3.13912
3.19161
3.19461
3.22018
3.28329
3.29404
3.30025
3.50747
3.50746
3.50708
3.50771
3.50771
3.50788
3.14942
3.1871
3.20083
3.28531
3.30002
3.16855
3.01079
3.08271
3.09775
2.92623
2.97821
2.97864
2.98535
3.38981
3.40016
3.42779
3.4374
3.50069
3.49814
3.49684
3.17114
3.23475
3.32006
3.20326
3.29166
3.34981
3.23223
3.31325
3.23593
3.3104
3.07996
3.19135
3.15777
3.31699
3.29125
3.25329
3.22413
3.07659
3.18617
3.11919
3.1419
3.17492
3.27254
3.50791
3.50791
3.50795
3.50795
3.50798
3.50797
3.50799
3.50799
2.97605
3.02618
3.00446
3.12219
3.1598
3.0694
2.92838
2.90491
2.97384
3.46106
3.47384
3.48496
3.50427
3.49937
3.50309
3.49421
3.50118
3.49282
3.4995
3.49554
3.50106
3.50301
3.50113
3.50727
3.50782
3.50768
3.50792
3.50794
3.50786
3.50762
2.91051
3.03852
2.98734
2.99653
3.09216
3.09816
3.0054
2.96666
2.93486
2.94173
2.98935
2.98366
3.03983
2.93117
2.97184
3.00536
3.088
3.14418
3.49451
3.50055
3.50123
3.50346
3.50337
3.49823
3.50398
3.49399
3.50495
3.50129
3.50257
3.50567
3.50664
3.00288
3.06933
3.09145
3.13252
2.91371
2.96264
2.96975
2.97477
3.15554
2.90875
2.96112
3.08348
2.96054
2.9898
3.4984
3.48971
3.50405
2.93074
2.91688
3.00646
3.50722
3.50763
3.50782
3.40327
3.40486
3.44499
3.02486
3.15303
3.20773
2.91234
2.91202
2.93589
2.96661
2.9672
3.01245
2.91348
2.94095
2.96727
2.96856
3.01378
2.91741
2.94123
2.96956
2.96717
3.01089
2.91927
2.94376
2.97969
2.97721
3.02329
2.91565
2.94057
2.97332
2.97723
3.02287
2.92007
2.94082
2.97207
2.98002
3.02007
2.92042
2.93307
2.97641
2.96944
3.02426
2.94097
2.94479
2.98535
2.98165
3.03384
2.96691
3.00346
3.11318
3.0769
3.1546
3.00213
2.93435
2.92641
2.94463
2.98577
2.92744
2.93924
2.98711
2.94603
2.92915
3.10252
2.9588
2.98906
2.93729
2.95007
2.97783
2.97484
3.0134
3.37032
3.38996
3.39899
3.4306
3.4517
3.45971
2.90779
2.92538
2.91046
2.99494
3.50681
3.50781
3.50749
3.50729
3.21428
3.26433
3.34034
3.2576
3.24734
3.34901
3.34972
3.38931
2.93199
2.99838
3.07314
3.06371
2.94415
2.97888
3.0385
3.00314
3.47194
3.4881
3.49798
3.18946
3.24085
3.38554
3.32575
3.25423
3.33366
2.94559
2.90901
2.98594
2.97947
3.0268
3.10581
3.14729
2.91715
2.93044
2.97057
3.5071
3.50729
3.50718
3.50762
3.50645
3.50565
3.50671
3.50742
3.50725
3.49887
3.49459
3.49675
3.49192
3.45801
3.4798
3.46728
2.92652
2.9485
3.00056
2.96299
3.01784
3.04031
3.073
3.08552
2.9501
2.91096
2.92475
2.977
3.15445
3.20595
3.28943
3.21312
3.22533
3.28168
3.30083
3.49978
3.49245
3.47705
3.48214
3.5013
3.49807
3.15099
3.2735
3.32267
3.18755
3.35161
3.27912
3.50074
3.50242
3.50426
3.50467
3.50274
2.9406
2.94932
3.508
3.508
3.508
3.508
3.508
3.508
3.05542
3.01911
3.11394
3.15715
2.97991
3.05944
3.08079
3.13954
3.15373
3.1722
3.28096
3.3375
2.9036
2.93857
2.97508
2.94093
2.94038
2.98212
2.99089
3.03478
2.92048
2.94303
2.98167
2.98529
3.0275
2.91654
2.93261
2.97123
3.01753
2.97237
2.96095
2.92584
2.92526
2.91456
2.91727
2.93273
2.97662
3.18927
3.28293
3.27915
3.3676
3.35338
3.40205
2.92789
2.92552
2.91887
2.93215
2.91911
2.96607
2.9355
2.96007
2.91479
2.92666
2.92162
2.93443
2.97058
3.01724
2.97388
2.93057
2.97243
2.92917
2.92497
2.94254
2.97328
2.97039
3.00848
2.94821
3.38822
3.43175
3.32439
3.36488
3.41213
3.40006
3.503
3.50559
3.50709
3.50627
3.50562
3.50721
3.507
3.49502
3.46173
3.49047
3.49426
3.48011
3.17745
3.25175
3.33403
3.2329
3.22423
3.32438
3.3252
2.97467
2.93762
2.9054
3.4984
3.49338
3.48565
3.49027
2.99552
3.17436
3.02509
3.03526
3.11229
3.10961
3.14845
2.96284
3.018
3.07759
3.09882
2.99493
3.47508
3.49854
3.49488
3.49696
3.48796
3.5019
3.50381
3.50276
3.50628
3.50476
3.50641
3.15232
3.20563
3.28228
3.35631
3.21425
3.29756
3.35645
3.35915
3.42145
3.42077
3.22367
3.17238
3.21585
3.31092
3.32339
3.3541
3.22721
3.25174
3.30291
3.33323
3.35673
3.49624
3.50274
3.50566
3.50316
3.50542
2.96788
2.93403
3.50608
3.50509
3.50724
3.50775
3.50787
3.36367
3.41377
3.3944
3.37537
3.14341
3.0658
3.08084
2.9868
3.21436
3.30009
3.30073
3.36097
2.99096
3.08075
3.08521
3.25041
3.16714
3.26565
3.38413
3.43237
3.4532
3.37321
3.43039
3.30392
3.31502
3.36142
3.41556
3.33192
3.36731
3.36418
3.32578
3.4221
3.4221
3.44402
2.92117
2.97393
2.92384
3.15004
3.06776
3.0834
2.98618
3.49929
3.49559
3.50339
3.50264
3.48822
3.50026
3.43096
3.46823
3.43914
3.48105
3.46365
2.99105
3.09243
3.0962
3.15812
3.24437
3.21639
3.32558
3.30172
3.50601
3.50656
3.50722
3.50752
2.96552
2.95907
3.44707
3.46629
3.44627
3.47567
3.48721
3.47736
3.48962
3.4939
3.46716
3.49823
3.50437
3.50043
3.50365
3.50517
3.50209
3.50796
3.50798
3.50798
3.50799
3.50797
3.50798
3.50799
3.508
3.31819
3.33173
3.17585
3.13733
3.37069
3.43835
3.41082
3.44188
3.49512
3.446
3.46411
3.46675
3.49307
3.49167
3.47917
3.17428
3.22719
3.23672
3.32395
3.31962
3.3679
3.17312
3.22063
3.10149
3.15839
3.00527
3.10256
3.10977
2.98223
2.94918
3.03692
2.896
3.50107
3.49901
3.50365
3.50299
3.50476
3.36376
3.18246
3.21583
3.31117
3.18888
3.25366
3.26192
3.34467
3.35629
3.39523
3.49988
3.50063
3.50463
3.50749
3.50775
3.5074
3.50789
3.50778
3.50789
3.13732
2.99772
3.08924
3.15042
3.05997
2.96752
3.14549
3.05934
3.06266
3.37975
3.41151
3.40607
3.39599
3.44281
3.44564
3.2523
3.20424
3.03029
3.14514
3.03238
3.13518
3.19723
3.33364
3.37247
3.38595
3.3467
3.20847
3.29776
3.30969
3.19191
3.13567
3.18037
3.21051
3.28085
3.24048
3.21133
3.33601
3.31682
3.35312
3.37449
2.91629
2.96294
2.92835
3.13746
2.99787
3.08942
3.10668
3.37851
3.3866
3.43941
3.1625
2.99689
3.09943
3.10909
3.08086
3.13817
2.98845
3.08783
3.13233
3.50481
3.50523
3.50649
3.50702
3.50686
3.50718
3.12853
3.18988
3.19353
3.26305
3.36829
3.30768
3.38587
3.43495
3.47508
3.44234
3.48697
3.41339
3.45824
3.50799
3.50798
3.508
3.50799
3.50799
3.47932
3.5
3.49261
3.50128
3.49758
3.50259
3.17575
3.00948
3.09431
3.10293
3.12343
3.19456
3.03409
3.12682
3.14951
3.02984
3.25862
3.34546
3.33534
3.18965
3.11834
3.27309
3.21972
3.0647
2.91713
2.92121
2.97605
3.16377
3.00944
3.10479
3.11022
3.508
3.508
3.508
3.508
3.508
3.508
3.37752
3.41404
3.44534
3.44251
3.38952
3.41102
3.42646
3.45598
3.47832
3.41947
3.46498
3.49061
3.50016
3.49629
3.49668
3.49577
3.49996
3.49886
3.01324
3.10665
3.17111
3.06562
3.00848
2.98424
3.30885
3.46742
3.34483
3.41662
3.43471
3.45706
2.9315
2.90111
2.9672
3.1311
2.95353
2.98909
2.9851
3.06003
3.06257
3.13169
3.03146
2.9918
3.17011
3.21174
3.21698
3.50788
3.5079
3.50795
3.50793
3.50798
3.50797
3.50796
3.50798
3.5075
3.5075
3.50762
3.50784
3.50771
3.50789
3.50783
3.50786
3.19779
3.28407
3.29543
3.33538
3.15246
3.19074
3.23594
3.31091
3.19753
3.22441
3.33543
3.37355
2.99997
3.06167
2.99548
2.97512
3.10451
3.14488
3.19958
3.28654
3.34638
3.38922
3.36053
3.44401
3.44731
3.41047
3.38079
3.4098
3.14816
2.96366
2.98855
3.07805
3.08534
2.94908
2.98067
3.02582
3.10741
3.13905
3.17563
2.98459
3.01907
3.23518
3.34784
3.35217
3.39458
3.34178
3.12422
3.1713
3.17642
3.24551
3.26746
3.15073
2.9677
3.00181
2.99499
3.06242
3.06851
3.18583
3.312
3.18359
3.21026
3.36011
3.34912
3.38182
3.28466
3.30215
3.34574
3.38207
3.3757
3.41972
3.42148
2.99818
3.10224
3.10181
3.15982
3.16303
3.40114
3.49848
3.49792
3.48154
3.47447
3.48448
3.4625
3.42666
3.10953
3.18734
2.96974
2.99793
2.99844
3.11379
3.12908
3.05167
3.03364
3.10697
2.96964
3.04686
3.03652
3.17239
3.09019
2.95257
2.98326
3.16924
3.18394
3.27719
3.32266
3.2726
2.97108
2.9056
2.92366
3.04513
3.10293
3.15029
3.0687
3.01864
2.96403
3.05556
2.94527
2.94339
2.96618
3.0318
3.1152
3.19966
2.98679
3.20801
3.23752
3.31882
3.34912
3.27728
3.40684
3.37121
3.39403
3.5078
3.50785
3.50794
3.50794
3.50776
3.50785
2.96464
3.01966
3.0106
3.13165
3.09414
3.18456
3.0205
3.08343
3.01505
2.9827
3.11106
3.16551
2.94368
3.08371
3.13528
2.99722
3.04022
3.18052
3.02643
3.127
3.12219
3.01865
3.48627
3.46859
3.48116
3.46582
2.92769
2.89568
2.96797
3.34885
3.2071
3.18207
3.30628
3.2901
3.01344
3.07217
3.15603
2.9797
3.38887
3.44179
3.43613
3.46138
3.18184
3.26817
3.32838
3.32999
3.43281
3.36848
3.4164
3.33807
3.36917
3.44058
3.46076
3.41543
3.45122
3.2008
3.28236
3.28361
3.31596
3.16867
3.19722
3.50652
3.50704
3.50679
3.50742
3.50735
3.50646
2.99234
2.93482
2.90038
2.97343
3.16279
3.19698
3.26694
3.34824
3.30471
3.20827
3.37542
3.45832
3.42208
3.36724
3.41975
3.45675
3.44838
3.40642
3.50733
3.50717
3.50754
3.50739
3.50772
3.50771
3.50769
3.50784
3.50791
3.50783
3.37157
3.42325
3.45002
3.45966
3.44372
3.50791
3.50788
3.50769
3.50794
3.50785
3.50793
3.50786
3.50795
3.50792
3.45923
3.37703
3.41517
3.42772
2.91952
2.93351
2.97931
3.41713
3.07544
3.10448
3.14927
3.0544
3.04261
2.98763
2.99195
3.10275
3.12068
3.24333
3.30998
3.15906
3.29817
3.22466
3.42097
3.45763
3.44496
3.48051
3.49152
3.47314
3.48237
3.48512
3.45632
3.46342
3.49828
3.48505
3.50327
3.50387
3.48962
3.49881
3.4919
3.49183
3.49426
3.50234
3.50069
3.37059
3.23419
3.25439
3.31532
3.35103
3.37528
2.99569
2.93072
2.97109
2.92119
3.30649
3.02647
3.52038
2.90788
2.92927
2.98096
2.9711
3.0169
3.51569
3.43475
2.98988
3.1772
3.47232
3.48866
3.4937
3.49456
3.50001
3.49968
3.0065
3.10056
3.02364
3.10437
3.10879
3.17108
3.5038
3.50627
3.50419
3.5048
3.50595
3.50681
3.50738
3.50748
3.50737
3.50713
3.50676
3.50635
3.49706
3.50009
3.49615
3.50416
3.50074
3.50392
3.30426
3.37909
3.34657
3.38907
3.39181
3.44095
3.46087
3.50275
3.50482
3.50583
3.50627
3.50679
3.49896
3.50057
3.50096
3.50464
3.50433
3.4967
3.50079
3.50366
3.50634
3.49006
3.41955
3.40751
3.4365
3.42499
3.45519
3.46169
3.48695
3.48431
3.47133
3.11258
3.18286
3.17918
3.29674
3.34577
3.28311
3.35935
3.36206
3.39796
3.21744
3.31413
3.30282
3.20546
3.31972
3.19878
3.13309
3.15765
3.20261
3.25147
3.34985
3.43886
3.46002
3.47224
3.48391
3.46629
3.47748
3.47196
3.49141
3.49389
3.48881
3.49251
3.13827
3.18565
3.27874
3.18163
3.17914
3.2825
3.27931
3.33817
3.37279
3.41797
3.47159
3.45571
3.45719
3.50794
3.50797
3.50799
3.50289
3.50542
3.50671
3.5059
3.50302
3.35019
3.36566
3.42978
3.42056
3.3854
3.39349
3.41273
3.43397
3.19573
3.0429
3.07883
2.96762
2.99909
3.11125
3.03342
2.96144
3.00504
3.01815
3.10046
3.11238
3.46461
3.44916
3.45836
3.49462
3.48139
3.47835
3.49063
3.49727
3.49547
3.34709
3.073
3.20487
3.07773
3.25922
3.15739
3.23799
3.49626
3.49909
3.50584
3.50434
3.50709
3.50582
3.50718
3.50708
3.50715
3.49273
3.49731
3.48562
3.48983
3.49733
3.23805
2.97242
3.00871
3.03122
3.10034
3.12369
3.18632
3.24124
3.2139
3.32504
3.30174
3.35907
3.07855
3.07193
3.12018
3.1373
3.22951
3.24363
3.36414
3.37247
3.33813
3.42859
3.41742
3.44929
2.92118
2.9323
3.21178
3.31022
3.34764
3.29541
3.16158
3.21322
3.47551
3.48854
3.3648
3.43669
3.40698
3.43987
3.47536
3.47903
2.97404
3.03562
2.91226
2.91887
2.97872
3.3203
3.33639
3.24429
3.16766
3.20935
3.48952
3.46837
3.49734
3.47209
3.48858
2.94862
2.90063
2.89987
3.10095
3.20318
3.29472
3.18698
3.28431
3.12349
3.20288
3.21758
3.28811
3.28902
3.07439
3.07836
2.8913
2.97751
2.92244
2.96426
2.95321
3.01978
3.47171
3.48312
3.30905
3.309
3.38688
3.43549
3.50563
3.50697
3.50689
3.50418
3.50728
3.50635
3.50309
3.5056
3.04164
2.9153
2.95402
2.91186
3.37669
3.37076
3.43116
3.43103
3.45952
2.96712
2.98511
3.07904
2.95566
2.99538
3.07247
3.1498
3.5079
3.5079
3.50796
3.50795
3.50798
3.50799
3.50799
3.50797
3.50799
3.50795
3.50799
3.50798
3.33886
3.38172
3.36867
3.46539
3.43009
3.42651
3.48287
3.31155
3.37191
3.46494
3.38425
3.42372
3.44206
3.45314
3.36062
3.39003
3.13783
3.06839
3.03383
3.19508
3.00785
3.13865
3.10943
3.19329
3.04996
2.97729
3.01035
3.03414
3.10315
3.15987
3.18728
3.11512
3.26828
3.17363
3.18329
3.20422
3.28828
3.28296
3.33906
3.50793
3.50782
3.50792
3.50783
3.50795
3.50798
3.50791
3.50796
3.01758
3.08377
3.15672
2.89711
2.96547
3.08791
2.96735
2.99161
3.51988
3.44722
3.20176
3.01691
3.47975
3.36305
3.50878
3.47781
3.30134
3.02442
2.97531
3.05044
3.05343
2.88889
2.91992
2.96648
3.12135
2.90515
3.01916
3.08754
3.13365
2.97169
3.01685
3.05516
3.06913
2.96912
2.99386
3.15235
3.05997
3.50786
3.50792
3.50796
3.50796
3.50798
3.50794
3.27631
3.21443
3.31996
3.35937
3.37914
3.50051
3.49944
3.50054
3.5006
3.50347
3.50382
3.01355
3.12025
3.15638
3.49862
3.50623
3.50618
3.50543
3.50289
3.50433
3.50593
3.50566
3.1445
3.20129
3.29778
3.28677
3.16388
3.06933
3.11124
3.05322
3.13513
3.14658
3.36213
3.39692
3.38964
3.14847
3.18664
3.25534
3.30153
3.33063
3.13004
3.41827
3.15597
3.18168
3.21559
3.27314
3.32526
3.34996
3.508
3.508
3.508
3.508
3.00199
3.15719
3.10284
2.89922
2.95798
3.06571
2.97065
2.986
3.00925
3.07272
3.14441
2.9597
2.89476
2.99938
3.08275
3.08387
2.98836
2.95687
3.47997
3.45727
3.43854
3.45784
3.48013
3.4788
3.43659
3.45869
3.50596
3.50496
3.50668
3.50736
3.50775
3.41592
3.44635
3.48294
3.45547
3.44509
3.45867
3.47859
3.48133
3.48958
3.4866
3.50346
3.49081
3.50105
3.4939
3.49914
3.23282
3.26194
3.31996
3.508
3.508
3.508
3.508
3.508
3.508
3.508
3.508
3.508
3.508
3.508
3.50795
3.50792
3.50787
3.5079
3.50797
3.50796
2.88468
2.97819
2.91459
2.91745
2.96224
2.89219
3.14426
3.21292
3.31248
3.29745
3.1806
3.07746
3.131
3.06442
3.15452
2.95175
3.02397
3.01235
3.12082
3.11118
3.18453
3.50795
3.5079
3.50793
3.50797
3.50798
3.50797
3.50798
3.50799
3.34264
3.20229
3.22705
3.30217
3.30202
3.20533
3.29374
3.31754
3.50533
3.5071
3.50685
3.50578
3.50388
3.42737
3.43946
3.45272
3.42789
3.39827
3.46954
3.43199
3.48594
3.45387
3.48181
2.91316
2.97658
2.90234
3.06945
3.07347
2.96375
3.03164
2.91415
2.96617
2.97428
2.89865
3.13645
3.20691
3.21052
3.27986
3.2913
3.32943
3.12204
3.12791
2.94906
2.89647
2.99536
3.06886
3.07029
2.96867
2.94969
2.88828
2.91806
2.95952
2.96276
3.01562
2.90082
2.92069
2.95164
2.94676
3.00148
2.99646
2.88956
2.92811
2.95877
2.96151
3.01208
2.96708
2.87872
2.88006
2.88782
2.92384
2.95165
2.95345
3.00395
2.89563
2.93063
2.95925
2.9558
3.00493
2.8914
2.92993
2.95564
2.96052
3.00533
2.89112
2.92366
2.95384
2.95603
3.00689
2.89036
2.93205
2.96184
2.9636
3.01703
2.8938
2.99048
3.07588
2.95585
3.00687
3.04462
3.07629
2.96099
2.98339
3.36557
3.34526
3.39111
3.40176
3.44666
3.41334
3.38105
3.46295
3.44765
3.36838
3.49024
3.4932
2.9588
2.89993
2.90171
3.17019
3.11827
3.25871
3.33053
3.15245
3.27156
2.92842
2.92464
2.95545
2.9675
3.01098
2.92537
2.96733
2.89259
2.91009
2.93604
2.96864
2.94036
2.97665
2.955
2.89134
2.96785
2.91138
2.90458
2.89853
2.93812
3.0119
3.12018
2.95079
3.02271
2.91314
2.91417
2.91527
2.95507
2.90621
2.96746
2.90964
2.95547
2.88964
3.00313
2.98788
2.95527
2.95563
2.88972
2.99394
2.98123
2.9478
3.49799
3.50235
3.49481
3.49853
3.50355
3.50352
3.50494
3.16222
3.21767
3.23243
3.25569
3.32462
3.33347
3.37472
3.32816
3.23396
3.28382
3.13506
3.19232
3.24581
2.92096
2.91717
3.2028
3.21375
3.27557
3.29474
3.33274
3.21455
3.29209
3.14039
3.05702
3.22997
3.31286
3.30638
3.2165
3.17794
3.49714
3.49845
3.50564
3.50713
3.49978
3.50132
3.50423
3.50585
3.50429
3.5069
3.50573
3.50721
3.50744
3.43988
3.46487
3.46689
3.45908
3.47465
3.49006
3.48723
3.09179
3.16935
2.89685
2.95049
2.99559
3.10257
3.0122
2.96148
3.50705
3.50472
3.50542
3.50687
3.50659
3.50734
3.50634
2.92425
2.93646
2.97417
2.96821
3.02554
3.04072
3.04678
3.06931
2.9513
3.00155
3.03839
3.34163
3.37804
3.38076
3.37408
3.42584
3.43276
3.43735
3.45928
3.4662
3.45164
2.93018
2.92131
3.36153
3.46398
3.43463
3.4187
3.29181
3.20103
3.2704
3.35713
3.37357
3.29143
2.94796
2.99505
2.99314
3.06824
3.0979
3.14801
2.88583
2.92142
2.96262
2.91049
2.96163
3.00854
2.98618
2.89429
2.91964
3.29719
3.13845
3.18844
3.05965
3.15944
2.88345
2.91436
2.94728
2.95345
3.00409
2.88738
2.91544
2.94976
2.94817
3.00234
2.92149
2.94722
2.91526
2.94313
2.92831
2.94014
2.97739
2.97223
3.02363
3.03066
2.90237
2.93407
2.93009
2.91268
2.90271
2.91497
2.88708
2.92937
2.95517
2.92359
2.93474
2.96435
2.90149
2.92101
2.94906
2.95593
3.00037
3.01056
2.89531
2.96298
2.94163
2.96911
2.97515
3.01498
3.50001
3.49614
3.49736
3.50262
3.50398
3.5033
3.50487
3.50657
3.507
3.50693
3.50749
3.50774
3.50787
3.50765
3.50741
3.50751
3.50779
3.50783
3.2296
3.33419
3.37524
3.16351
3.06001
3.32536
3.22819
3.17408
3.17064
3.12927
3.14777
2.99996
2.96712
3.05916
2.98835
3.08942
3.07125
3.15267
3.50724
3.49753
3.50145
3.50242
3.50511
3.50536
3.16982
3.2418
3.26522
3.35212
3.33614
3.38933
2.92974
2.88836
3.50752
3.50773
3.50756
3.50755
2.95694
2.90167
3.18978
3.25323
3.35094
3.2642
3.35265
3.41297
3.339
3.37019
3.43734
3.40669
3.40882
3.50256
3.43535
3.46605
3.44229
3.49913
3.49798
3.4659
3.47314
3.49511
3.22522
3.32043
3.16539
3.21235
3.08461
3.17755
3.34035
3.35122
3.37602
3.42744
3.44628
3.45837
3.44204
3.10118
3.13289
3.18796
3.25042
3.19396
3.14159
3.1794
3.29976
3.30484
3.35863
3.24282
3.1045
3.15613
3.17558
3.1618
3.27463
3.36176
3.26991
3.32149
3.31502
2.95715
2.90453
2.92037
2.95278
2.96801
3.01227
3.17436
3.17551
3.21439
3.20328
3.28639
3.31112
3.36167
3.38994
3.35154
3.5055
3.50315
3.16226
3.20781
3.25145
3.33778
3.35617
3.26253
3.18801
3.12958
3.32817
3.22418
3.07993
2.97127
3.02128
2.98655
3.20766
3.13793
3.21262
3.3025
3.29706
3.35056
3.17268
3.21578
3.31072
3.35003
3.47532
3.44888
3.35727
3.41559
3.45065
3.4313
3.21605
3.30738
3.07793
3.1588
3.20996
3.30172
3.30121
3.15444
3.19535
3.2681
3.2823
3.35073
3.48231
3.48263
3.4962
3.49595
3.50233
2.99881
3.09183
3.12716
2.99113
3.09917
3.10105
3.16036
3.49541
3.47864
3.49097
3.48539
3.46871
2.91168
2.89364
2.95639
3.08151
3.08587
3.13193
3.17047
3.23378
3.27093
2.98964
3.07258
3.08769
3.01638
2.95118
2.93086
3.47605
3.46284
3.4831
3.4804
3.35451
3.29325
3.35364
3.37907
3.42508
3.43744
3.45426
3.39468
3.36583
3.508
3.508
3.508
3.508
3.508
3.508
2.98637
3.12901
2.98044
3.101
2.99425
3.14053
3.0645
3.1476
2.97079
3.08175
3.34812
3.43603
3.45671
3.41541
3.41429
3.07432
3.13869
3.16646
3.18844
3.30395
3.3566
3.35506
3.3697
3.40197
3.44899
3.42713
3.43767
2.99207
3.09333
3.00127
2.97068
3.06754
3.06359
3.50712
3.5004
3.50584
3.50423
3.50423
3.50033
2.98372
3.09359
3.07087
3.15575
3.24762
3.15888
3.22987
3.17601
3.48898
3.46919
3.48122
3.47255
3.22229
3.32681
3.15941
3.1952
3.49969
3.47564
3.48683
3.44962
3.46307
3.33688
3.37004
3.43711
3.39503
3.30847
3.30777
3.50095
3.50329
3.50187
3.50529
3.50462
3.50579
3.50569
3.50641
3.00266
3.1149
3.10539
2.98706
3.46043
3.49644
3.48661
3.46868
3.49544
3.49469
3.50825
3.49537
3.15461
3.20746
3.29589
3.27302
3.13653
3.19539
2.98335
3.10399
3.50126
3.48285
3.49452
3.4952
3.50246
3.50338
3.50535
3.26681
3.34455
3.3489
3.19401
3.24732
3.33932
3.45121
3.48406
3.48509
3.46361
3.46895
3.50725
3.50739
3.50767
3.5078
3.5075
3.50771
3.50781
3.50776
2.98149
3.12562
3.07976
3.17091
3.49458
3.49408
3.50019
3.50161
3.50387
3.02777
3.15586
3.21564
3.04802
3.13998
3.12515
3.01312
3.49363
3.49378
3.50027
3.50353
3.50511
3.49997
3.50282
3.50387
3.50513
3.50532
3.01446
2.97599
3.15596
3.23484
3.508
3.508
3.508
3.508
3.508
3.508
2.98746
3.09956
3.15691
3.1378
3.26631
3.50799
3.50797
3.50792
3.50796
3.50792
3.50786
3.5069
3.50746
3.50649
3.50769
3.50705
3.50757
3.30747
3.1806
3.28375
3.46632
3.47485
3.48695
3.48047
3.49712
3.49508
3.49518
3.49182
3.1674
3.19518
3.3194
3.37615
3.33365
3.0932
2.95614
2.99253
3.00015
3.06582
3.09588
3.50391
3.50228
3.50337
3.50499
3.50457
3.50653
3.50585
3.50613
3.50645
3.50687
3.50705
3.50571
3.50547
3.50388
3.50615
3.50519
3.50688
3.50727
3.50668
3.47093
3.37957
3.4236
3.3673
3.45301
3.42021
3.32452
3.20444
3.30261
3.31485
3.37928
3.42846
3.39532
3.40403
3.50784
3.50786
3.50791
3.50795
3.50799
3.50798
3.50286
3.49133
3.49651
3.4903
3.50149
3.49947
3.42592
3.48333
3.47341
3.25001
3.20021
3.35287
3.37473
3.26083
3.32496
3.25261
3.34781
3.39514
3.39717
3.4228
3.40672
3.3853
3.3576
3.3803
3.42556
3.43088
3.44214
3.46474
3.46903
3.45356
3.50308
3.49973
3.50147
3.504
3.50462
3.24797
3.37411
3.33931
3.31499
3.35697
3.41812
3.42265
3.41628
3.3662
3.42208
3.32832
3.35934
3.50798
3.508
3.508
3.50799
3.50799
3.50796
3.50797
3.50799
3.50798
3.50798
3.50799
2.99886
3.08077
2.96656
3.12722
3.03106
3.49176
3.48809
3.4899
3.49798
3.48957
3.49278
3.49805
3.50005
3.49719
2.99064
3.0985
3.0867
3.13581
3.07189
2.98799
3.002
3.07378
3.15358
2.96046
3.46508
3.48958
3.48539
3.49655
3.50183
3.33006
3.27385
3.17691
3.2081
3.28421
3.02284
3.13603
3.18838
3.04753
3.13717
3.00271
3.12638
3.07083
3.18132
3.19205
3.12138
3.11249
3.45791
3.44025
3.48825
3.46889
3.46168
3.47033
3.48304
3.49251
3.09218
2.98544
2.95692
3.0006
2.9936
3.069
3.09147
3.18203
2.98714
3.11942
3.18209
3.48368
3.48996
3.48252
3.49827
3.49188
3.49899
3.07114
3.11604
3.22594
3.39224
3.13234
3.2355
3.31023
3.47452
3.49279
3.47502
3.46752
3.48951
3.4974
3.34482
3.24199
3.16358
3.26969
3.30523
3.25206
3.22155
3.29722
3.1613
3.19806
3.22827
3.31983
3.35371
2.9485
2.98586
2.97458
3.0648
3.0704
3.13841
3.04042
2.89219
2.95637
2.89451
3.1601
2.98969
3.11138
3.1691
2.96429
3.00069
3.04654
3.09018
3.11993
3.16917
3.19773
3.50568
3.48423
3.49395
3.4796
3.49891
3.49259
3.50394
3.4951
3.50256
3.50685
3.50763
3.50682
3.50739
3.50746
3.50775
3.05594
2.91715
2.98949
2.91548
3.43025
3.43731
3.46619
3.45909
3.47713
3.48703
3.48275
2.91407
3.07704
3.07896
3.12629
3.01187
2.93272
3.02486
3.18918
3.01748
3.14368
3.21154
2.97872
3.50271
3.50638
3.50506
3.50413
3.50407
3.50603
2.95655
2.98512
3.02196
3.08152
3.10477
3.47678
3.44909
3.45935
3.49551
3.49163
3.49414
3.48975
3.49686
3.48169
2.97652
2.95144
3.07565
3.14949
2.87353
2.91513
2.94391
3.19163
2.99583
3.15703
3.2071
2.95511
2.94997
2.97833
2.98207
3.08656
3.04233
3.11023
2.9497
2.97283
2.94666
3.03638
3.0016
3.07237
2.97648
3.15849
3.16184
3.11478
3.27227
3.34122
3.33102
3.40268
3.44153
3.39844
3.19371
3.23212
3.29485
3.30616
3.36019
3.41607
3.33939
3.37187
3.42807
3.44939
3.12321
3.18573
3.20289
3.31324
3.3125
3.2297
3.20794
3.07764
2.93437
2.96833
2.94427
2.97398
3.06205
3.1289
3.50026
3.50063
3.50319
3.5054
3.50677
3.50409
3.50567
3.50658
3.50623
3.50694
3.18757
2.94481
2.99219
3.0087
3.08604
3.10286
3.39497
3.46145
3.4135
3.4102
3.45691
3.45099
3.47353
3.49727
3.49429
3.49479
3.48462
3.4942
3.48681
3.45612
3.42364
3.44302
3.47125
3.48552
3.47909
3.31588
3.38838
3.23513
3.28688
3.31575
3.38957
3.44563
2.98905
2.89732
2.94264
2.91232
2.94122
3.49503
3.49825
3.49689
3.50148
3.5027
3.49926
3.45342
3.46326
3.4707
3.48133
3.49285
3.47527
3.47957
3.49059
3.49177
3.49719
3.31296
3.35549
3.40494
3.16611
3.08899
3.08968
3.0039
3.01332
3.49028
3.47957
3.49759
3.50047
3.49481
3.43224
3.43704
3.45186
3.43491
3.44422
3.46493
3.46199
3.47986
3.47716
3.49178
3.48925
3.496
3.50707
3.50776
3.50761
3.08283
3.11492
3.2155
3.25871
3.17759
3.36808
3.39946
3.44588
3.30214
3.28705
3.3613
3.39506
3.43278
3.39482
3.33394
3.38275
3.41175
3.39935
2.98256
3.09498
3.15588
3.23654
2.91478
2.91983
3.27603
3.2876
3.34343
3.34189
3.41438
3.31031
3.34872
3.39203
3.43577
3.44591
3.46119
3.37535
3.38449
2.97016
2.9546
3.11973
3.17551
3.17693
3.26879
3.25857
3.4316
3.45686
3.37967
3.38655
3.13758
3.21371
3.18122
3.31231
3.29412
3.46369
3.49434
3.4932
3.4863
3.48762
3.4976
3.49211
3.50221
3.26151
3.45484
3.43969
3.4582
3.46974
3.41976
3.34424
3.46034
3.42177
3.39025
3.45439
3.4362
3.46283
3.14431
3.20613
3.29059
3.23515
3.36017
3.32272
3.14874
3.2184
3.29626
3.21047
3.21617
3.28607
3.31296
3.21007
3.17254
3.12561
2.91419
2.91701
2.95356
2.96584
3.00686
3.00445
3.49262
3.46057
3.48256
3.49262
2.87384
2.90336
2.9499
3.43835
3.46212
3.42932
3.48194
3.47249
3.48585
2.91161
2.9002
2.95554
2.94941
2.98974
3.41881
3.3721
3.4049
3.41078
3.44768
3.44868
3.47377
3.10837
3.11089
3.16878
3.49681
3.49102
3.496
3.4899
3.49724
3.50022
3.50108
3.18796
3.10091
3.08646
3.00036
2.97134
3.00524
3.00991
2.92768
3.00933
2.97687
3.05096
2.98154
3.07677
3.1001
3.11385
3.39211
3.31686
3.37153
3.38048
3.40231
3.21696
3.22579
3.33477
3.4961
3.50102
3.50431
3.50151
3.50366
3.50533
3.50371
3.50524
3.29568
2.99351
3.10653
3.1858
2.94786
3.10223
3.06634
2.98949
2.97417
3.4954
3.50513
3.50576
3.50236
3.50088
3.13035
3.18914
3.13742
3.17317
3.09564
3.08423
2.99778
2.97183
3.00405
3.44974
3.44589
3.45992
3.47934
3.47404
3.48649
3.35163
3.37378
3.45517
3.46714
3.43313
3.45782
2.91342
2.91853
2.95795
2.99024
3.00616
3.03066
3.12735
3.20959
3.30382
3.19947
3.18815
3.28656
3.27558
3.1654
3.27417
3.24461
3.50518
3.50424
3.50654
3.50607
3.507
3.50716
3.42161
3.3342
3.36709
3.39924
3.44306
3.4816
3.44968
3.3802
3.3232
3.16802
3.24015
3.32516
3.36727
3.39843
3.45833
3.00945
3.05646
2.94587
2.99915
3.01794
3.31634
3.37621
3.45927
3.47562
3.47255
3.48986
3.48713
3.49398
3.4986
3.49672
3.50357
3.48946
3.49839
3.50033
3.49575
3.32518
3.36131
3.39546
3.0372
3.1332
3.15056
2.97796
3.46349
3.52744
2.97973
2.88342
2.86842
2.93119
3.02683
3.50574
3.4603
3.28183
2.98756
3.11331
3.00548
2.96404
2.99495
3.11276
3.13539
2.95383
3.50713
3.50661
3.50632
3.50647
3.50699
3.50715
3.23363
3.29704
3.28243
3.12855
3.20572
3.43724
3.46367
3.48719
3.45754
3.48174
3.49484
3.14234
3.21216
3.18442
3.29884
3.29147
3.35726
3.45151
3.46328
3.48768
3.46428
3.4946
3.50094
3.48074
3.50101
3.48473
3.4949
3.40011
3.30612
3.3215
3.40089
3.03514
3.2664
3.12255
3.16176
3.33332
3.33792
3.39349
3.39744
3.43448
3.43321
3.04798
3.10945
2.96501
3.20859
3.30393
3.20346
3.296
3.13858
3.21071
3.33454
3.18745
3.20791
3.31024
3.31671
3.08372
3.17706
3.5056
3.5068
3.50756
3.50751
3.50613
3.50712
3.30972
3.38137
3.27385
3.27095
3.36111
3.34152
3.42335
3.38911
3.39937
3.50791
3.50786
3.50796
3.508
3.508
3.508
3.508
3.508
3.22532
3.26195
3.30547
3.32011
3.35537
3.49685
3.46751
3.47635
3.48865
3.48907
3.23133
3.18711
3.28383
3.31694
3.36863
3.30583
3.0427
3.13964
3.19778
3.23146
3.40299
3.39288
3.44314
3.25404
3.23642
3.32949
3.35012
3.29307
3.4171
3.33189
3.35844
3.41662
3.4324
3.39781
3.49699
3.50378
3.16366
3.06223
3.0655
3.10327
3.02231
3.25889
3.1127
3.19107
3.16624
3.27742
3.3263
3.24816
3.50779
3.50786
3.50796
3.50793
3.50775
3.50787
3.50783
3.50794
3.50792
3.50762
3.50748
3.50781
3.50792
3.50772
3.5079
3.50756
3.48985
3.49751
3.4956
3.5026
3.50065
3.50366
3.5053
3.14921
3.18277
3.19784
3.28385
3.28197
3.19256
3.25694
3.33657
3.33976
3.24568
3.50745
3.50782
3.50771
3.50718
3.50754
3.50761
3.50716
3.23668
3.21719
3.29336
3.13355
3.24484
3.13838
3.21704
3.17784
3.13223
3.19304
3.01248
3.16685
3.36056
3.36881
3.42155
3.41645
3.21049
3.22491
3.30651
3.32794
3.14287
3.21731
3.31605
3.22406
3.24015
3.30965
3.32543
3.00999
2.88186
2.95233
2.89607
2.93339
2.92438
2.97849
3.48141
3.46492
3.45116
3.46158
3.48543
3.49233
3.4932
3.49719
2.8724
2.86736
2.90558
2.93841
2.93926
2.99174
2.87419
2.91566
2.94381
2.99561
2.95004
2.88031
2.90934
2.99657
2.94217
2.9491
3.15142
3.24037
3.3228
3.22098
3.2335
3.32015
3.30331
2.88062
2.91225
2.99563
2.94723
2.95062
2.881
2.87543
2.90182
2.9959
2.94472
2.94274
2.90057
2.98797
2.94123
2.94036
2.90332
2.91715
2.95518
3.01092
2.95699
2.90294
2.90482
2.91971
2.96723
2.9634
3.01982
2.88502
2.87942
2.95211
2.93324
3.00572
3.04427
2.90851
2.97127
2.95672
3.02145
2.89819
2.93379
2.87516
2.86156
2.90631
2.98437
2.94308
2.93408
2.87003
2.91939
2.95917
2.94949
3.00245
3.49432
3.49496
3.4618
3.46855
3.48592
3.48376
2.88282
2.90082
2.93666
2.98703
2.94246
2.87702
2.9145
2.94661
2.99784
2.95553
2.89461
2.89654
2.93874
2.94254
2.99379
2.89794
2.91651
2.96061
2.95018
3.00912
3.20087
3.17614
3.26537
2.89585
2.86593
2.92934
3.23872
3.30883
3.23692
3.27713
3.31918
3.09247
3.15417
3.17153
3.1919
2.89068
2.93
2.95419
2.94736
2.99064
3.50593
3.50697
3.50731
3.50548
3.50655
3.49644
3.48946
3.49756
3.49731
3.50096
3.50032
3.50433
3.5005
3.50586
3.50457
3.41966
3.44715
3.46473
3.44629
3.45788
3.47969
3.4826
3.48953
3.49392
3.4967
3.46538
3.50247
3.48793
3.46722
3.50163
3.49694
3.5021
3.5029
3.50457
3.50514
3.50424
2.89044
2.94404
2.90675
3.31003
3.50612
3.44003
2.97042
3.08193
3.28247
3.51711
3.42169
3.18949
2.96287
2.89317
2.90845
2.9454
3.35356
3.17164
3.22488
3.30695
3.11285
3.11997
3.18309
2.93431
2.97671
2.98222
3.04077
3.03187
2.87435
2.96637
2.8903
3.0634
3.03165
2.88534
3.0946
2.95162
2.98835
3.06437
3.06509
2.94286
2.97066
3.2389
3.23626
3.31972
3.3215
3.15805
3.19752
3.07469
3.16188
3.49214
3.50112
3.50172
3.49871
3.50303
3.50214
3.50356
3.50347
3.5055
3.5055
3.50656
3.50692
3.50728
2.95561
2.88662
2.92369
2.97435
2.97296
3.08346
3.09726
3.14129
3.11304
3.04206
3.00724
3.50335
3.50499
3.50558
3.50458
2.88883
2.91537
2.94555
2.89292
2.9457
2.90261
2.88593
3.48588
3.49417
3.50156
3.50163
3.49805
3.49289
3.49708
2.88147
2.88743
2.89754
2.9283
2.87443
2.90496
2.9442
2.98822
2.93765
3.33099
3.0796
3.13455
3.16418
3.17586
2.89779
2.91168
2.9515
2.95342
2.99779
2.86965
2.92045
3.00779
2.95382
2.95566
2.89119
2.90605
2.94607
3.00728
2.95609
2.88212
2.917
2.94877
2.99521
2.95401
2.90134
2.91845
2.9596
3.00784
2.95993
2.87188
2.89776
2.98897
2.93679
2.93736
2.87433
2.90663
2.94742
2.99183
2.94043
2.91119
2.9835
2.93836
2.94163
3.35448
3.4564
3.44175
3.40203
3.44822
3.39696
2.88671
2.91553
2.94775
2.99698
2.95693
2.88188
2.91779
2.90469
2.95239
3.01189
2.94412
2.8824
2.91912
2.99442
2.95179
2.94911
2.89847
2.91829
2.95354
3.00523
2.95999
2.87966
2.91123
2.9534
3.00396
2.95384
3.50767
3.50734
3.50783
3.5079
3.50794
3.50771
3.50791
3.50786
3.50769
3.50784
2.87791
2.91362
2.99082
2.94703
2.94629
2.88353
2.90457
2.99152
2.94608
2.9427
2.90514
2.98957
2.94323
2.94329
2.902
2.94915
2.89173
2.93
2.9873
3.19758
3.21311
3.28039
3.30204
3.50773
3.15737
3.19134
3.10664
3.07677
3.10146
2.98943
3.01299
2.8711
2.93899
2.90567
3.49196
3.48419
3.49589
3.49772
3.49888
3.50264
3.50141
3.50368
3.16491
3.22297
3.25894
3.34902
3.33773
3.37834
3.40856
3.4024
3.4515
3.46768
3.44953
3.12248
3.15973
3.19797
3.06843
3.08213
2.97524
2.96262
3.13656
3.18067
3.03265
3.0512
3.10124
2.97301
3.03411
3.17863
3.08641
3.07677
2.9673
3.29427
3.37952
3.4021
3.44481
3.36798
3.39019
3.38812
3.35676
3.43376
3.43048
3.45915
3.08083
3.0608
3.08763
2.97362
3.19576
3.30205
3.11691
3.17561
2.88106
2.89844
2.93463
3.15414
3.13701
3.20409
2.98095
3.07062
3.05985
2.9056
3.04367
3.06518
2.96714
3.26203
3.36213
3.16337
3.08575
3.28489
3.20663
3.16734
3.2774
2.89362
2.87862
2.9355
3.16576
3.00766
3.079
3.07424
2.9453
2.97564
3.1621
3.22342
3.13705
3.05385
3.06932
3.09425
2.97743
3.50407
3.50696
3.50585
3.50465
3.5061
2.88564
2.93497
2.90781
2.95906
2.97718
3.00405
3.50789
3.50776
3.50746
3.50723
3.50724
3.50771
3.50783
3.49886
3.4752
3.49291
3.48929
3.48399
3.47271
3.21895
3.14525
3.05873
3.08504
2.97491
3.50527
3.50153
3.50532
3.50586
3.50713
3.50658
3.50741
3.33298
3.40377
3.37168
3.42336
3.4377
3.08882
3.16938
3.11376
2.97828
3.14818
3.10158
3.15885
2.97421
3.37919
3.28429
3.35245
3.30086
3.43296
3.43305
3.38431
3.34602
3.38727
3.30353
3.29755
3.19125
3.5064
3.50443
3.50628
3.50674
3.5061
3.16968
3.21392
3.32225
3.37806
3.36764
3.43631
3.4286
3.22733
3.2386
3.33997
3.37398
3.47102
3.47922
3.49801
3.49143
3.48562
3.45551
3.43883
3.33271
3.34439
3.37917
3.38419
3.42668
3.4273
3.50786
3.50794
3.50795
3.09274
2.97592
3.0815
3.06709
3.08686
3.14616
2.97968
3.19768
3.24224
3.33321
3.38587
3.37527
3.08154
3.15133
3.07422
3.08603
2.97358
3.0972
2.98141
3.14989
3.12268
3.06746
3.07999
2.9682
3.26742
3.22399
3.1293
3.20445
3.16163
3.34119
3.32059
3.38159
3.40662
3.31171
3.37108
3.42439
3.40714
2.97962
3.05034
2.91761
2.9564
3.06037
3.13071
3.14321
3.21373
3.29152
3.25903
3.25357
3.15592
3.01246
3.141
3.10745
3.16091
3.14538
3.07075
3.09175
2.98876
3.23752
3.25599
3.31104
3.34935
3.41248
3.3945
3.36548
3.3952
3.44391
3.46279
3.50786
3.50787
3.50775
3.50794
3.50613
3.50701
3.50694
3.50752
3.17526
3.28685
3.26251
3.09258
3.17599
3.10894
3.10957
2.99007
2.97699
3.05424
3.0835
3.29094
3.15022
3.20289
3.2748
3.28526
3.33059
3.39545
3.50601
3.5064
3.50702
3.50647
3.50729
3.50705
3.50709
3.50703
3.50737
3.5076
3.50715
3.50705
3.50758
3.50724
3.50771
3.50753
3.50768
3.5078
3.34768
3.41689
3.3728
3.39201
3.42945
3.42189
3.44826
3.46317
3.44674
3.13002
3.15295
3.20203
3.10055
3.16634
3.07479
2.97568
3.15585
3.0787
2.97319
3.39203
3.44702
3.44312
3.34183
3.38188
3.40422
3.41016
3.20161
3.11402
2.97478
3.07726
3.15414
2.87148
2.87877
3.50798
3.50777
3.50788
3.50788
3.50794
2.92154
2.92592
3.46075
3.46497
3.47646
3.4666
3.48756
3.38344
3.28124
3.40815
3.3356
3.39874
3.09292
3.16031
3.08178
3.07761
2.98465
2.96218
3.20556
3.11607
3.15213
3.25255
3.27663
3.33637
3.41428
3.06247
2.98333
3.05328
2.94393
2.95988
3.14324
3.11116
3.18549
3.153
3.50683
3.50572
3.50657
3.50654
3.0186
2.94556
2.9333
3.2481
3.4498
3.36089
3.40725
3.00805
3.3035
3.08052
3.17315
3.18033
3.26157
3.27405
3.508
3.508
3.508
3.508
3.508
3.508
2.89955
2.94166
2.8724
3.06347
3.1539
2.97312
3.11318
3.16863
3.20257
3.37995
3.3296
3.11743
3.20618
3.32543
3.14564
3.21705
3.21845
3.50783
3.50784
3.50789
3.50789
3.50794
3.50794
3.50797
3.50799
3.50799
3.50799
3.50799
3.50799
3.50799
3.50799
3.508
3.32123
3.31353
3.39575
3.43244
3.40104
3.43429
3.2787
3.14182
3.1996
3.25126
3.27373
3.17788
3.28329
3.35145
3.30279
3.50747
3.50766
3.50753
3.50783
3.50781
3.22876
3.22498
3.33036
3.31956
3.47012
3.47207
3.49045
3.47748
3.46035
3.46673
3.4417
3.48747
3.49563
3.49678
3.39562
3.44131
3.3309
3.38168
3.37841
3.43691
3.43559
3.46339
3.50459
3.50722
3.50607
3.50385
3.50644
3.50733
3.50767
3.21301
3.3282
3.47788
3.50711
3.50716
3.50785
3.50765
3.50751
3.50765
3.5076
3.50783
3.50781
3.45417
3.45745
3.46817
3.48483
3.48132
3.48223
3.25365
2.96773
3.06341
3.07663
3.13769
2.96341
2.93324
2.95557
2.95946
3.05629
3.08033
3.13853
3.46496
3.48243
3.48585
3.49324
3.49803
3.13589
3.06236
3.25443
3.12826
3.24683
3.50131
3.49289
3.49613
3.50399
3.49809
3.49879
3.50186
3.50269
3.44818
3.46858
3.48455
3.49088
3.47627
3.21205
3.21981
3.33614
3.30566
3.37819
3.30346
3.34695
3.39095
3.38753
3.32273
3.43124
3.38685
3.40407
3.48104
3.49468
3.49813
3.50037
3.49402
3.47992
3.49033
3.37917
3.32717
3.39277
3.45816
3.42542
3.39744
3.41819
3.44507
3.45009
3.4637
3.41151
3.4624
3.47743
3.4871
3.41242
3.45134
3.45843
2.89833
2.88043
2.93726
3.15719
3.08459
3.06909
2.97247
2.92863
2.96328
3.50759
3.50785
3.50783
3.50794
3.5079
3.16279
2.98505
3.08991
3.12405
3.49961
3.49762
3.50101
3.49805
3.49197
3.12481
3.18215
2.98064
3.06419
3.38497
3.43832
3.45025
3.42327
3.45867
3.47077
3.20311
3.22532
3.40785
3.3343
3.39993
3.41913
3.27113
3.27473
3.35699
3.35729
3.42853
3.49401
3.48005
3.4875
3.49024
3.25549
3.14279
3.14352
3.25807
3.28069
3.32504
3.49647
3.45029
3.49298
3.49225
3.49648
3.48903
3.47538
3.18761
2.97349
3.09683
3.36069
3.35681
3.39843
3.39588
3.44416
3.44195
3.45492
3.46364
3.35004
3.22694
3.3235
3.29739
3.17238
3.20639
3.20766
3.21716
3.31452
3.37125
3.39491
3.33695
3.31188
3.30032
3.31785
3.19831
3.23418
2.89922
2.95397
2.85265
3.50799
3.50799
3.508
3.50799
3.50799
3.508
3.1551
3.25032
3.24545
3.05116
3.12171
3.14076
3.16288
3.06992
3.1505
3.30924
3.35325
3.15984
3.19708
3.27567
2.98297
3.10331
3.15628
3.50796
3.50794
3.50798
3.50798
3.50529
3.5062
3.50642
3.504
3.50493
3.18002
2.9983
3.07886
3.09032
3.08782
3.16697
3.30453
3.15108
3.3381
3.27033
3.25767
3.50749
3.5077
3.50786
3.50792
2.92699
3.00073
3.01414
3.11461
3.49217
3.49283
3.5017
2.97494
3.11033
3.15677
3.16792
3.39067
3.44362
3.45739
3.46822
2.92789
3.16116
3.09868
2.93999
2.96896
2.97
3.0348
3.0273
3.08878
3.2887
3.42288
3.38787
3.43853
3.27738
3.33362
3.5002
3.50344
3.5016
3.50552
3.5052
2.97576
2.95808
3.00309
3.07702
3.50624
3.50768
3.50699
3.5072
3.50752
3.50758
3.09516
3.164
3.18744
2.97107
3.10962
2.92549
2.97285
3.00026
3.06565
3.07245
3.04089
3.10029
2.95652
3.14125
2.97039
3.03764
2.97914
3.04865
3.50632
3.50707
3.50631
3.37531
3.36159
3.46292
3.42411
3.32918
3.37658
3.40433
3.44757
3.44729
3.38459
3.40834
3.20893
3.22799
3.15366
3.3145
3.49989
3.50094
3.5038
3.50618
3.50412
3.50717
3.50648
3.50731
3.47234
3.4895
3.46779
3.47452
3.49075
3.49672
3.49421
3.15217
3.10029
3.18146
2.95377
2.97282
3.04779
3.07796
3.10746
3.15833
3.26922
3.29324
3.34759
3.34671
3.38443
3.3391
3.29344
3.39609
3.42909
3.39285
3.23178
3.30985
3.39968
3.50786
3.50795
3.50794
3.50797
3.50799
3.50799
3.50797
3.50799
3.508
3.508
3.508
3.508
3.508
3.508
3.508
3.508
3.26161
2.93158
2.96348
3.08122
3.16586
2.93107
3.34594
3.37642
3.37905
3.42104
3.43583
3.43638
3.45466
2.92217
3.05266
2.97448
2.98174
2.99154
3.07869
2.96496
3.11063
3.13989
2.93975
3.40471
3.46695
3.48151
3.48874
3.49424
3.44425
3.45457
3.42258
3.45388
3.43155
3.3757
3.38729
3.40055
3.43489
3.43447
3.01463
2.87456
2.8978
2.92122
2.92517
2.96761
2.89781
2.87475
2.96524
3.48133
3.48233
3.44747
3.45201
3.47401
2.97759
3.11503
3.1799
3.17433
3.19816
3.30455
3.32207
3.255
3.2133
3.508
3.508
3.508
3.508
3.508
3.508
3.508
3.42642
3.34646
3.25036
3.29711
3.32283
3.34341
3.3988
3.38751
3.08326
3.10202
3.17108
3.22599
3.33184
3.28579
3.39603
3.36911
3.14916
3.19014
3.26677
3.26115
3.50798
3.50798
3.50799
3.50799
3.50799
3.50799
3.508
3.508
3.49104
3.49657
3.49423
3.50206
3.50375
3.50142
2.85893
2.88691
3.34104
3.44142
3.43039
3.40124
2.97505
3.1047
3.16844
3.15577
2.98626
2.98975
2.88423
2.86493
3.42139
3.38891
3.4695
3.50676
3.50713
3.50703
3.50749
3.50755
3.50758
3.50776
3.50769
3.50747
3.5078
3.22201
3.1692
3.23788
3.20855
3.29085
3.06347
3.09041
2.85916
2.83926
3.47992
3.49327
3.48158
3.49494
2.91661
3.00317
3.03446
3.10404
3.17564
3.15256
3.29035
3.25626
3.47281
3.48559
3.48416
3.4536
3.46872
3.35134
3.34654
3.40063
3.43283
3.41647
2.86793
2.86514
3.50726
3.50747
3.50771
3.50786
3.50783
3.5076
3.48199
3.44952
3.46245
3.48331
3.49252
3.50735
3.50567
3.50561
3.50679
3.50662
3.37202
3.3692
3.20638
3.20678
3.33268
3.32326
3.508
3.508
3.508
3.508
3.508
2.93474
2.97895
2.93633
2.85667
2.87153
2.95263
2.91466
3.42957
3.4551
3.35159
3.36327
3.384
3.50415
3.50516
3.50664
3.50723
3.20234
3.32958
3.38323
3.27087
3.35734
2.85439
2.88554
2.96302
2.92414
2.91803
3.49784
3.48778
3.49542
3.50135
3.5052
3.50058
3.50612
3.50361
3.38906
3.44023
3.35452
3.46219
3.40232
3.44216
3.42225
3.1554
3.18945
3.05305
3.05472
3.09929
2.96231
3.16049
3.27869
3.1214
3.27408
2.96942
2.98052
3.06607
3.09068
3.13184
2.86489
2.87138
2.91834
2.92954
2.96785
3.32636
3.34392
3.41526
3.4165
3.44258
3.35926
3.4958
3.49699
3.50482
3.50664
3.50111
3.50074
3.50461
3.50675
3.505
3.50668
3.18012
2.97426
3.03262
3.1224
2.97747
3.06714
3.07797
3.34049
3.35674
3.39076
3.41005
3.42785
3.47911
3.36622
3.38991
3.43914
3.34519
3.38855
3.38681
3.43644
3.4241
3.46022
3.42952
3.3705
3.40061
3.42299
3.43176
3.50755
3.50782
3.50753
3.5078
3.5079
3.46392
3.46145
3.4935
3.48783
3.48932
3.47353
3.4747
3.22296
3.19285
3.01149
3.13399
3.0519
3.50463
3.50084
3.50324
3.50626
3.50553
3.49619
3.49703
3.49225
3.4989
3.49625
3.50088
3.19122
3.2955
3.29828
3.33844
3.49428
3.48973
3.49668
3.50182
3.50076
3.50416
3.50482
3.39291
3.0939
3.24278
3.16058
3.29612
3.24066
2.95131
3.09087
3.03527
3.1054
3.13614
3.17914
3.02685
2.95149
2.97619
3.0398
3.08445
3.1627
3.16473
3.05583
3.08838
3.12716
3.21295
3.32442
3.22092
3.21318
3.3216
3.3205
3.13404
3.17872
3.30297
3.33651
3.24557
2.98253
2.99898
3.0876
3.18822
3.15832
3.32065
3.37725
3.41031
3.45155
3.44933
3.37819
3.40518
3.35515
3.2991
3.3563
3.36893
3.38696
3.3924
3.43967
3.44309
3.38229
3.43626
3.46524
3.37178
3.16167
3.27282
3.37982
3.19782
3.22017
3.31522
3.31635
3.39712
3.50275
3.50171
3.49301
3.49117
3.49877
3.49793
3.29787
3.33053
3.41314
3.32329
3.43702
3.40064
3.05976
3.08315
3.09287
2.99718
3.17978
3.15324
3.25917
3.30988
3.33567
3.2005
2.98502
3.03966
3.07902
3.11652
3.50595
3.50519
3.50716
3.50661
3.50727
3.50602
3.50692
3.33242
3.09524
3.13419
3.27722
3.2545
3.1793
3.15587
3.19397
3.12799
3.18769
3.19348
3.29088
3.30071
3.30075
3.49428
3.4998
3.49211
3.50222
3.49929
3.50526
2.86893
2.86923
3.12601
3.19516
3.29593
3.20223
3.2146
3.30341
3.31632
2.98083
3.14186
3.48466
3.47743
3.3774
3.41804
3.47019
2.90953
2.93001
2.86688
3.50944
3.48162
3.34533
3.01455
3.50677
3.50774
3.50745
3.50742
3.50754
3.50749
3.50777
3.50772
3.50774
2.87385
2.92282
2.85556
3.23885
3.16322
3.22116
3.30956
3.31225
3.21787
3.15651
3.48227
3.48613
3.49381
3.49533
3.49779
3.50302
3.49691
3.50188
3.50005
3.50464
3.50445
3.50605
3.1393
3.22029
3.32433
3.2288
3.23652
3.33459
3.31979
3.12996
3.18596
3.27479
3.19715
3.20716
3.27196
3.29815
3.15451
3.22306
3.24917
3.33537
3.3789
3.48445
3.50526
3.49469
3.5002
3.5043
3.50434
3.50002
3.03648
3.17303
3.09679
3.17288
3.28336
3.12228
3.14202
3.2857
3.26219
3.33208
2.85173
2.85632
2.93409
2.86655
2.89394
2.92916
2.98229
2.92797
2.85656
2.92851
2.84683
2.84784
2.87394
2.91632
2.96883
2.91339
2.85692
2.85848
2.89549
2.93329
2.98653
2.9347
2.85624
2.89108
2.98631
2.93022
2.93251
2.84835
2.88323
2.9753
2.91997
2.92006
2.88129
2.97113
2.91716
2.91959
2.85464
2.89219
2.93036
2.92839
2.98366
2.84933
2.85717
2.89109
2.92889
2.98486
2.93145
2.84971
2.88224
2.96877
2.91689
2.92082
2.85897
2.88713
2.92885
2.97732
2.91997
2.84238
2.89148
2.9281
2.92602
2.979
2.84813
2.92856
2.84234
2.85315
2.89002
2.92727
2.9291
2.98347
2.88473
2.89856
2.93372
2.9288
2.98024
2.87372
2.90051
2.93789
2.93575
2.98818
3.48222
3.44982
3.46572
3.45907
2.84091
2.89909
2.83705
2.92367
2.96135
3.15918
3.23025
3.19822
3.19228
3.35602
3.40123
3.29345
3.29348
3.38252
3.41053
2.89955
2.94807
2.86291
2.85466
2.88764
2.97163
2.91577
2.92028
3.16567
3.23561
3.35259
3.14275
3.19816
3.31124
3.35252
3.36427
3.39067
2.94856
2.89556
2.8817
3.46122
3.48029
3.44
3.4446
3.49276
3.48449
3.4886
3.47225
3.0368
3.08807
2.94701
3.2532
3.10805
3.24684
3.4866
3.49218
3.48242
2.84749
2.87909
2.91577
2.91785
2.96601
3.20408
3.12126
2.95547
3.01378
3.47726
3.41328
3.4632
3.45333
3.48667
3.48108
3.20338
3.15919
3.20025
3.21214
3.32533
3.32099
3.33065
3.3804
3.38189
3.41312
3.4636
3.44594
3.48095
3.46327
3.47776
3.48991
3.49323
3.48141
2.85841
2.89687
2.93266
2.98173
2.92494
3.11783
3.17853
3.17007
3.18991
3.31248
3.3649
3.29675
3.36224
3.29216
3.15913
3.36551
3.22385
3.30009
2.85049
2.88043
2.91746
2.97706
2.92691
3.12075
3.17784
3.28823
3.34617
2.92717
2.90971
2.97135
3.04069
2.96642
2.97
3.02417
3.04137
2.85707
2.89087
2.93251
2.99016
2.93281
2.85318
2.86718
2.8881
2.98674
2.93833
2.92787
2.84856
2.89183
2.92509
2.93249
2.98269
2.8464
2.87983
2.97725
2.91798
2.93019
2.85817
2.89822
2.92853
2.97869
2.92883
2.89052
2.97417
2.92173
2.92513
2.88203
2.91905
2.89479
2.92154
3.42268
3.42242
3.46123
3.45568
3.46139
3.4942
3.49738
3.49106
3.48651
3.48342
3.47178
3.44709
3.47965
3.48714
3.47639
2.85741
2.89435
2.93393
2.98852
2.93263
2.84479
2.86272
2.89037
2.98178
2.92129
2.93442
2.85351
2.88659
2.92514
2.98011
2.927
2.85227
2.89028
2.98084
2.92754
2.92938
2.8522
2.87069
2.92025
2.91738
2.97042
2.85634
2.86526
2.94136
2.85318
2.87853
2.97011
2.91711
2.91618
2.8895
2.97435
2.92198
2.92255
2.88306
2.90326
2.92958
2.92512
3.2195
3.04838
3.14092
3.12688
3.16285
3.28838
3.32076
3.35111
3.41992
3.39817
3.30576
3.39464
2.86521
2.87893
3.49275
3.47685
3.47707
3.49874
3.49385
3.36886
3.37204
3.39184
3.40028
3.44055
3.44069
3.46372
2.8545
2.86587
3.44951
3.48388
3.46528
3.5003
3.47839
3.4138
3.43525
3.4314
3.4987
3.4901
3.4595
3.47926
3.45499
3.49537
3.5026
3.50357
3.13095
3.17487
3.29125
3.36122
3.15426
3.24943
3.09003
3.12563
3.28852
3.34028
3.32145
3.07618
3.13813
3.16988
3.17713
2.84138
3.07239
3.14822
3.06068
3.08095
2.96356
3.39477
3.35784
3.44319
3.41255
3.42515
3.50503
3.50671
3.50653
3.50652
3.42673
3.45523
3.4606
3.47206
3.47945
3.48765
3.49119
3.49622
3.4984
3.50006
3.50344
3.50288
3.50529
3.50636
3.15477
3.29229
3.30153
3.34926
2.9311
2.98262
2.8827
2.92927
2.86455
2.92122
3.16177
3.22048
3.32677
3.38485
3.50756
3.50776
3.50785
3.50783
3.50793
3.50792
3.32914
3.36325
3.44469
3.38109
3.39763
3.39567
3.43429
3.4625
3.46628
3.44741
3.46564
3.48164
3.49034
3.46744
3.48539
3.48352
3.44935
3.46917
2.87439
2.93142
2.94771
2.8798
2.92148
2.92934
2.98684
2.99372
3.06538
3.06758
2.9477
3.4515
3.4624
3.48551
3.49003
3.49826
3.48925
3.46869
3.4755
2.81846
2.88847
2.90919
2.86131
2.927
3.07094
3.03429
3.06524
2.95251
3.07094
3.0797
2.94249
3.50733
3.50755
3.50706
3.50778
3.50762
3.35549
3.41084
3.43837
3.37182
3.40829
3.22119
3.29873
3.2708
3.36155
3.3813
3.508
3.508
3.508
3.508
3.508
3.508
3.14553
3.16142
3.22551
3.0519
3.15042
3.34113
3.37787
3.30965
3.2148
3.20313
3.50588
3.4365
3.21422
2.9727
3.51844
3.50185
3.26533
2.94923
3.05004
2.95407
3.32539
3.25645
3.27715
3.15318
3.08437
2.96022
3.14884
3.17277
3.31258
3.36112
3.38089
3.46619
3.48869
3.48903
3.50215
3.48513
3.49438
3.49893
3.5042
3.50246
3.5044
3.49967
3.49924
3.50382
3.50566
3.50394
3.49563
3.48891
3.4983
3.50001
3.50457
3.50493
3.5021
3.4369
3.47071
3.40162
3.35
3.06021
2.94889
3.04538
3.11758
3.21433
3.16883
2.97009
3.09235
3.10504
3.21882
3.31105
3.07601
3.16376
3.21516
3.30988
3.1444
3.18394
3.31204
3.37122
3.36497
2.92688
2.9548
2.95574
3.03224
3.06255
3.03759
2.90986
2.95179
2.95956
2.99237
3.04889
3.10327
3.0954
2.96416
3.06038
3.09026
3.22572
3.31502
3.28685
3.15738
3.1819
3.20621
3.31405
3.31894
3.37497
3.0801
3.14011
3.17561
3.18788
3.05303
3.01442
3.04769
2.9485
3.1326
3.19947
3.23837
3.31157
3.46701
3.48924
3.4728
3.44706
3.48845
3.04609
3.12378
2.95854
3.07089
3.42488
3.43159
3.34167
3.37709
2.95248
3.08894
3.145
3.50648
3.50656
3.50711
3.50711
3.50674
3.05397
2.96039
3.03676
3.12655
3.17325
2.97227
3.1051
3.08577
3.50725
3.50781
3.50733
3.50751
3.04148
3.13937
3.31407
3.30579
3.20884
3.14029
3.18844
3.12214
3.04077
3.05846
2.94942
3.20773
3.20962
3.31699
3.30123
3.35935
3.06582
2.96193
3.08554
3.14245
3.10458
3.02724
3.06384
2.95187
3.15727
3.0865
2.96566
3.508
3.50788
3.50795
3.50793
3.50797
3.50799
3.50798
3.50796
3.12931
3.05797
3.08595
2.96248
3.43833
3.46771
2.97366
3.06476
2.96592
3.08893
3.14979
3.21274
3.14217
3.15058
3.04937
3.13052
3.0854
2.97511
3.08078
2.96438
3.47644
3.4444
3.45059
3.45524
3.46373
3.46784
3.47677
3.48496
3.48933
2.95826
3.0245
3.04013
2.91821
2.94998
3.48547
3.48636
3.48887
3.49736
2.95954
2.9391
2.97579
3.05043
3.09419
2.99405
3.21373
3.20389
3.30129
3.30589
3.37075
3.14046
3.09046
3.09663
2.96584
3.50732
3.50753
3.50778
3.50762
3.50782
3.50769
3.50786
3.50791
2.94298
3.00133
3.02771
3.09377
2.96477
2.91084
3.10974
3.04067
3.05311
2.96878
2.96573
3.21814
3.29285
3.32187
3.15041
3.19315
3.1697
2.96308
3.10262
3.22212
3.15652
3.19088
3.32275
3.36624
3.23766
3.25557
3.30627
3.38618
3.36714
3.42669
3.09909
3.08636
2.96373
3.0765
3.15886
3.44115
3.45941
3.42704
3.48393
3.14484
3.0642
2.96132
3.29707
3.29906
3.32146
3.21237
3.29184
2.88395
2.8936
2.92882
2.92729
2.96466
3.49534
3.5043
3.50493
3.50287
3.50152
3.50398
2.95042
3.0277
2.94721
2.90545
3.00946
3.07924
3.16786
2.98232
3.10353
3.10221
2.97231
3.50507
3.5063
3.50639
3.50697
2.95244
2.8608
2.86576
2.98118
3.09084
2.97369
3.11801
3.17804
3.17089
3.22828
3.1672
3.26685
3.08205
3.09624
2.98679
2.9803
3.48219
3.44629
3.49477
3.47925
2.94905
3.06979
3.08932
3.14802
3.16074
2.96787
3.09851
2.91791
2.98243
2.98017
2.88307
2.86132
2.92082
3.24097
2.98008
3.04366
3.08307
3.12437
3.13268
3.16036
3.29358
3.11844
2.97792
3.06874
3.06394
3.13906
2.9649
3.06369
3.09813
3.14966
3.44773
3.47215
3.44652
2.89219
2.90713
2.85071
3.37568
3.41064
3.4064
3.45412
3.44964
3.5079
3.14068
3.1731
3.289
3.33809
3.36321
3.14902
3.1477
2.95163
3.06129
3.0663
3.50797
3.50798
3.50798
3.50798
3.50799
3.50799
3.50799
3.50799
3.508
3.47155
3.48199
3.47649
3.49301
3.49502
3.49931
3.49778
3.16307
3.30545
3.30508
3.19138
3.49907
3.50364
3.49281
3.5078
3.5079
3.50796
3.5079
3.50798
3.50795
2.96812
3.08943
3.15148
3.12628
3.16688
3.1776
3.25523
3.2834
3.32061
2.96257
2.94295
3.07571
3.0962
3.16043
3.18942
3.48337
3.49728
3.4916
3.48415
3.48634
3.43315
3.493
3.45762
3.48056
3.49422
3.48539
2.94574
3.06931
2.94221
2.90926
3.14194
3.27852
3.37519
3.46696
3.44468
3.40981
3.45832
2.86924
2.9254
2.88456
3.5064
3.50641
3.50715
3.50704
3.50741
3.50774
3.36607
3.47155
3.36648
3.40243
3.39813
3.44177
3.44861
2.95949
3.06171
3.08935
2.94341
3.03922
2.99913
2.90135
2.92862
2.98967
3.11532
3.25064
3.26063
3.07929
3.12239
3.14896
3.26816
3.44778
3.4621
3.4806
3.45514
3.47064
3.47291
3.4852
3.48435
3.38724
3.11548
3.1479
3.25551
3.31311
3.24859
3.50253
3.50541
3.50679
3.5025
3.49692
3.50577
3.50645
3.41349
3.42983
3.45651
3.34567
3.35882
3.31909
3.42092
3.35752
3.39536
3.42318
3.44367
3.45721
2.96153
3.12467
2.91704
3.04099
2.94382
2.91023
2.95442
2.97158
3.01709
3.02718
3.37588
3.32558
3.20196
2.8627
2.88647
2.91735
2.9542
2.92826
3.09071
3.14998
3.13455
3.21291
3.33585
3.50647
3.50762
3.50739
3.50703
3.50652
3.50728
3.50745
3.46722
3.48295
3.44732
3.47382
3.48704
3.46617
3.48561
3.49385
3.49256
3.17734
2.92671
3.14435
2.9944
3.02692
3.50214
3.5021
3.50472
3.5061
3.50257
3.50388
3.50485
3.50562
3.50604
3.35909
3.32087
3.34786
3.45491
3.41631
3.41087
3.2244
3.23004
2.97815
3.07326
3.14974
2.93646
3.33414
3.43972
3.3635
3.41607
3.45132
3.50509
3.50505
3.50624
3.50713
3.50669
2.97842
3.07375
3.09375
2.90589
2.97818
3.49645
3.50186
3.04772
3.11158
3.23087
3.30504
3.20371
3.36694
3.32023
3.40531
3.44541
3.3652
3.4198
3.41994
3.44857
3.46994
3.4567
3.42723
3.44665
3.47036
3.4838
3.29316
3.35475
3.27052
3.35577
3.16693
3.42521
3.38011
3.26255
3.12137
3.18602
3.30505
3.38153
3.3497
3.34828
3.27091
3.41224
3.38322
3.34009
3.38106
3.38606
3.43305
3.42943
3.30577
3.12553
3.23372
3.25239
3.14839
3.08328
3.14491
2.92601
2.96631
3.05854
3.10851
3.37929
3.40695
3.44977
3.46721
3.39696
3.39372
3.4418
3.43787
3.34035
3.20293
3.34257
3.30536
3.1963
3.14397
3.2223
3.22233
3.29253
3.29456
3.13263
3.28886
3.11558
3.18342
3.29062
3.20281
3.21452
3.3319
3.36904
3.32928
3.508
3.508
3.50799
3.508
3.508
3.41164
3.41979
3.46042
3.48786
3.4475
3.4719
3.48469
3.47621
3.508
3.508
3.508
3.508
3.508
3.507
3.50759
3.50756
3.50715
3.5076
3.50696
3.50612
3.50525
3.50155
3.50436
3.5002
3.50471
3.50215
3.48764
3.48081
3.4903
3.48451
3.46102
3.42894
3.44957
3.46245
3.07742
3.16965
3.30523
3.36131
3.13364
3.23199
3.07799
3.19143
3.36468
3.46342
3.3653
3.39591
3.41839
3.43071
3.49253
3.49648
3.50117
3.49605
3.49893
3.49681
3.504
3.50261
3.50207
3.50547
3.35989
3.26702
3.2714
3.37551
3.34118
3.39162
3.44853
3.43924
3.50507
3.50638
3.50703
3.15817
3.19427
3.30438
3.33589
2.94022
3.15888
3.08676
3.50778
3.50774
3.50788
3.50785
3.50793
3.50794
3.49276
3.50508
3.50392
3.50604
3.50154
3.50133
3.49247
3.48278
3.51114
3.48694
3.49761
3.50388
3.48496
3.49628
3.50383
3.49581
3.49592
3.49964
3.49976
3.50365
3.50352
3.50508
3.50497
3.50587
3.49203
3.46851
3.47329
3.47907
3.48834
3.48668
3.49667
3.27812
3.41059
3.46163
3.35376
3.50776
3.50788
3.50794
3.50791
3.50797
3.50797
3.18041
3.27352
3.3322
3.12173
3.19386
3.20927
3.30459
3.29767
3.508
3.508
3.508
3.508
3.508
2.92287
2.86463
2.82492
2.90457
3.38862
3.43066
3.46034
3.45232
3.48017
3.4813
3.50553
3.50679
3.50612
3.50732
3.507
3.50768
3.50756
3.5072
3.50233
3.49957
3.50537
3.50322
3.50576
3.50515
3.50655
3.27533
3.31625
3.24497
3.50425
3.50316
3.50614
3.50587
3.50796
3.50798
3.50797
3.50799
3.50799
3.50799
3.50724
3.50608
3.50696
3.5074
3.50716
3.22047
3.33981
3.39029
3.32518
3.22495
3.16605
3.25115
3.14932
3.21206
3.29999
3.25131
3.49874
3.50631
3.49973
3.50368
3.49939
3.50318
3.50485
3.50515
3.50591
3.50705
3.50653
3.5074
3.50761
3.30834
3.03626
3.18149
3.09406
3.2044
3.50797
3.50796
3.50798
3.50799
3.50797
3.50796
3.50799
3.50798
3.50799
3.12381
3.19791
3.30121
3.20003
3.2057
3.29361
3.3176
3.50674
3.50739
3.50764
3.50788
2.825
2.81789
3.28329
3.3325
3.34363
3.38607
3.43268
3.37004
3.4397
3.46195
3.08935
3.17379
3.19509
3.26355
3.4957
3.49752
3.50027
3.5034
3.50283
3.50574
3.50742
3.50762
3.507
2.95553
2.85209
2.87996
3.22226
3.16202
3.34282
3.25808
3.27967
2.84562
2.85861
2.92689
3.33684
3.38998
3.43505
3.43381
3.38464
3.23463
3.07542
3.12735
3.17038
3.24963
3.30144
3.24908
2.9156
3.13031
3.09675
2.93573
3.02822
3.03856
2.93443
3.12113
3.21597
3.18915
3.30925
3.27485
3.34982
2.90188
2.86675
2.93122
3.3116
3.01272
3.06118
3.26836
3.17362
3.2719
3.20651
3.34505
3.508
3.508
3.508
3.508
3.508
3.508
3.508
3.508
3.13263
3.26717
3.0543
3.03998
2.98545
3.14057
3.27112
3.508
3.508
2.89647
2.86153
3.35443
3.36387
3.4615
3.39878
3.44555
3.44565
3.39663
3.24353
3.12858
3.21193
3.2429
3.33431
3.3048
3.49639
3.47041
3.47683
3.4873
3.48846
3.15036
3.20424
3.36596
3.32018
3.40255
3.3683
3.4857
3.48771
3.50171
3.49633
3.50379
3.50584
3.49989
3.5023
3.50181
3.50544
3.50509
3.3922
3.44495
3.45019
3.48164
3.47616
3.48804
3.34905
3.28226
3.326
3.39646
3.41099
3.50668
3.50624
3.49074
3.50055
3.49642
3.50356
3.50152
3.50788
3.50783
3.50797
3.50799
3.508
3.50795
3.50799
2.89276
3.01493
2.98471
3.06098
3.5064
3.50758
3.507
3.50748
3.50746
3.09502
3.2126
3.32507
3.2101
3.508
3.508
3.50799
3.508
3.22477
3.3328
3.1398
3.21575
3.21081
3.30247
3.30493
3.10483
3.17125
3.28319
3.18861
3.17509
3.28419
3.29239
3.50797
3.50797
3.50799
3.50799
3.45773
3.3585
3.45817
3.47812
3.48386
3.45115
3.41175
3.14971
3.21781
2.96041
2.97095
3.08476
3.08948
3.16508
3.4927
3.4569
3.46966
3.47404
3.48617
3.48826
3.34244
3.38163
3.38294
3.43374
3.43525
2.90544
3.08613
3.16057
2.93861
3.02635
3.019
3.06832
2.93832
2.82115
2.83405
3.12432
3.18323
3.28949
3.20627
3.3029
3.35626
3.36653
3.20903
3.28544
3.29452
3.1176
3.05073
3.16673
3.1469
3.35488
3.45806
3.35216
3.41531
3.41703
3.46387
3.11363
3.18999
3.29046
3.33925
3.27608
3.38681
3.33346
3.37472
3.43259
3.35115
3.37506
3.43059
3.43545
3.45555
3.45829
3.4725
2.9278
2.86549
2.91086
2.86784
2.85561
3.26183
3.12269
3.15582
3.34326
3.37658
3.28758
3.40124
3.43862
3.45574
3.37025
3.42706
2.8549
2.90857
2.83752
2.83239
2.86327
2.85574
2.91739
2.83637
2.8608
2.86114
2.91724
2.96189
2.91591
2.86067
2.86443
2.90563
2.91988
2.98159
3.00092
2.83747
2.8715
2.91369
2.97917
2.9182
2.85876
2.87267
2.91855
2.968
2.91421
2.81884
2.91577
2.84779
2.83418
2.87374
2.89848
2.96156
2.91111
2.83525
2.83682
2.88092
2.91783
2.97477
2.92229
2.82753
2.86969
2.90424
2.96493
2.91146
2.8693
2.90264
2.96066
2.90722
2.83086
2.86369
2.9032
2.91009
2.96484
2.83653
2.88551
2.92154
2.97846
2.92259
2.83091
2.88141
2.92502
2.92678
2.99094
2.90705
2.82903
2.83626
2.83163
2.86052
2.89115
2.89182
2.93863
2.83414
2.86099
2.89779
2.8989
2.95202
2.83505
2.87726
2.91517
2.91466
2.96865
2.83965
2.87269
2.91688
2.91507
2.97319
3.41874
3.35997
3.44411
3.46392
3.42417
2.87022
2.86015
2.93598
2.94626
3.00567
3.00722
2.90724
2.93112
2.86525
2.87665
2.92366
2.92459
2.98413
3.15636
3.21182
3.3125
3.36511
3.1024
3.17522
3.26806
3.23779
3.50703
3.50751
3.50771
3.50786
3.50788
3.50776
2.85158
2.92489
2.97529
3.50797
3.50799
3.50799
3.508
3.50799
3.508
2.8719
2.86708
2.90183
2.89253
2.94435
2.86482
2.91246
2.89825
2.9582
3.1218
3.18081
3.2964
3.34311
3.48906
3.50026
3.49424
3.49163
3.49773
3.4975
3.48666
3.14122
3.08185
3.1449
3.06644
2.83235
2.84563
2.85122
2.91818
2.84367
2.85469
2.88165
2.95642
2.91455
2.90614
3.50521
2.88758
2.87644
2.92839
2.9066
2.97423
3.4813
3.46026
3.46518
3.48321
2.84886
2.89499
2.92287
2.96732
2.9248
2.83659
2.86942
2.9069
2.95477
2.90649
2.82904
2.86864
2.90402
2.95676
2.90318
2.83037
2.87304
2.96215
2.91173
2.91122
2.83277
2.86679
2.9055
2.96493
2.90544
2.93398
3.03185
2.8884
3.04596
2.95015
3.0143
3.02837
3.09332
2.9294
2.83628
2.8624
2.90071
2.90258
2.95477
2.82644
2.85642
2.95535
2.8991
2.89952
2.84481
2.86895
2.90839
2.91006
2.95949
2.83249
2.86649
2.9531
2.90137
2.90179
2.91565
2.84373
3.47691
3.49088
3.49324
3.49816
3.50255
3.50122
3.49421
2.83586
2.86209
2.90289
2.95995
2.90833
2.85656
2.89462
2.93273
2.93336
2.97891
3.46688
3.46827
3.48494
3.48882
3.49413
2.8337
2.8792
2.92201
2.96776
2.91427
2.82713
2.85418
2.89278
2.94753
2.89693
2.83447
2.8708
2.96523
2.90932
2.91074
2.81958
2.85972
2.89632
2.89688
2.95486
2.82833
2.85982
2.94777
2.89446
2.89727
2.85893
2.8702
2.91213
2.90122
2.95464
2.8318
2.83745
2.912
2.86707
2.94727
2.89703
2.89773
3.4751
3.48575
3.49587
3.49257
3.49905
3.03479
3.1968
3.05156
3.081
3.11577
2.98543
3.4121
3.44369
3.47355
3.48074
3.46194
3.45033
3.49086
3.49515
3.49994
3.03467
3.13783
3.07618
2.94027
3.45665
3.46152
3.49295
3.48124
3.49665
3.48157
3.48548
3.49851
3.47384
3.48649
3.47419
3.46474
3.48612
3.48415
3.4913
3.24543
3.24937
3.34134
3.41151
3.35488
3.41789
3.39304
3.44616
3.46315
3.43033
3.14583
3.11279
3.04205
2.8733
2.91961
2.91641
2.99395
3.00806
3.46834
3.49043
3.49092
3.44438
3.46366
3.29069
2.97437
2.84474
2.85396
3.46796
3.50788
3.44867
3.21087
3.22608
3.07599
2.97136
3.2544
3.34316
3.3768
3.43108
3.46068
3.33541
3.37685
3.36725
3.43742
3.46875
3.49909
3.50276
3.50021
3.5041
3.50488
3.50608
3.05367
3.13705
3.05599
3.08019
2.9523
3.1749
3.11249
3.16548
3.28917
3.29104
3.34287
3.16958
3.23131
3.23792
3.32039
3.34389
3.3846
3.38165
3.11214
3.18133
3.17158
3.30154
3.33932
3.50796
3.50795
3.20795
3.32523
3.40389
3.4379
3.35022
3.3796
3.46253
3.4319
3.05865
3.13431
3.05671
3.06618
2.94854
3.50775
3.50607
3.50667
3.50734
3.50725
3.49921
3.48874
3.49382
3.4986
3.49178
3.49911
3.11842
3.1782
3.00033
3.08304
3.02093
3.04426
2.94277
3.20362
3.29777
3.13596
3.04979
3.2314
3.28355
3.31139
3.35185
3.19237
3.15154
3.50767
3.5078
3.50667
3.5072
3.50674
3.50681
3.50721
3.50618
3.5074
3.50754
3.3968
3.44428
3.3566
3.29027
3.39963
3.44113
3.38487
3.34954
3.43679
3.26303
3.10084
3.14353
3.24621
3.23715
3.4674
3.48798
3.4706
3.47507
3.48705
3.48909
3.49491
3.45877
3.46161
3.48102
3.49188
3.46949
3.48439
3.47313
3.46046
3.47194
3.48476
3.48872
3.49348
2.94239
3.02434
3.04641
3.1053
2.93219
2.91129
3.23776
3.32435
3.31399
3.20747
3.14585
3.16341
3.04327
2.93492
3.06214
3.12005
3.20046
3.31418
3.05918
3.12469
3.14461
3.16367
3.27025
3.34902
3.15798
3.35523
3.28419
3.33384
3.18811
3.22812
3.29904
3.33268
3.36821
3.0691
3.03196
3.05564
2.93431
3.30949
3.37487
3.07038
3.20098
3.32365
3.13919
3.21115
3.50741
3.50706
3.50735
3.50758
3.50754
3.38299
3.3027
3.36133
3.4216
3.32137
3.35905
3.40717
3.39318
3.48709
3.49596
3.50141
3.50374
2.95397
3.04105
3.03974
2.94678
3.17502
3.26855
3.33937
3.36894
3.28872
3.29787
3.19949
3.34904
3.35681
3.39027
3.38857
3.43684
3.44227
3.4532
3.41244
3.4116
3.15145
3.21999
3.21199
3.30601
3.31339
3.38739
3.43682
3.37379
3.46366
3.48748
3.4282
3.48211
3.46404
3.13523
3.03841
2.93713
3.14816
3.20096
3.21896
3.30246
3.31937
3.05087
3.01874
3.04331
2.92746
3.45705
3.41228
3.46723
3.45718
3.42849
3.40684
3.38736
3.12505
3.19986
3.28294
3.31277
3.23028
3.22421
3.30781
3.35814
3.41575
3.44011
3.40817
2.90509
2.97328
3.05164
3.09129
3.03471
3.1038
2.94592
3.07545
3.16368
3.508
3.508
3.508
3.508
3.508
3.508
3.44724
3.46886
3.49771
3.46722
3.48261
3.49744
3.48272
3.50235
3.49711
3.04867
2.93853
3.05072
3.05407
3.19094
3.11834
3.11372
3.08802
2.94812
3.06404
3.15034
3.49255
3.49974
3.50335
3.50479
3.50341
3.50076
2.89332
2.94828
2.93884
3.05257
3.04427
3.36856
3.40978
3.39412
3.45139
3.46571
3.43262
3.50799
3.508
3.508
3.50799
3.508
3.50799
3.508
3.508
3.508
3.22044
3.15931
3.19641
3.29831
3.35931
3.49604
3.46345
3.43907
3.48486
3.46058
3.48054
3.08548
3.0918
2.96807
2.95581
3.45604
3.48164
3.44889
3.45569
3.12224
3.03312
3.06017
2.9344
3.1049
2.95007
3.07698
3.06144
3.1576
3.03758
2.92369
3.01276
3.0444
3.10253
3.0469
2.93937
3.03668
3.03164
3.11612
2.90313
2.92931
2.96007
3.04201
2.91803
3.13228
2.94796
3.0304
3.37127
3.41674
3.44395
3.46544
3.46032
3.46853
3.42612
3.44949
3.47816
3.42451
3.44563
3.42699
3.3829
3.35798
3.09514
3.03815
2.89537
2.9455
3.4642
3.4906
3.45092
3.34489
3.46316
3.37734
3.43956
2.93752
3.05088
3.12338
3.24016
3.13883
3.05708
3.07466
2.94696
3.16237
2.94867
3.07926
3.3441
3.40855
3.41817
3.44539
3.34921
3.40986
3.42506
3.12705
3.16439
3.26263
3.19579
3.27582
3.2878
3.35663
3.43198
3.43866
3.31253
3.3772
3.13596
3.04887
3.05868
2.94545
2.93659
2.8565
2.89855
2.86412
2.91595
3.50683
3.50595
3.50549
3.50658
3.50715
3.50695
3.36925
3.27151
3.33981
3.33323
3.40128
3.42839
3.40893
3.44442
3.3459
3.46388
3.45208
3.42318
3.42185
3.47179
3.49417
3.47853
3.48862
3.49214
2.93326
3.03205
2.90181
2.93685
3.45688
3.42459
3.41278
3.35909
3.39667
3.38033
3.44818
3.47306
3.27919
3.09962
2.9538
3.08332
3.17789
3.12956
3.0423
3.04613
2.94134
2.93171
3.15049
3.28764
3.2629
3.34357
2.93357
3.06473
3.06881
3.13738
3.47583
3.49864
3.47666
3.48714
3.17807
3.29857
3.10274
3.02713
3.19714
3.31554
3.29181
3.16513
3.12929
3.50482
3.50536
3.50599
3.50625
3.50666
3.50679
3.13733
3.18158
3.29997
3.35784
3.35651
2.92537
3.04365
3.04846
3.46412
3.48158
3.49492
3.1631
3.27614
3.29216
3.3475
3.12497
3.1873
3.0469
3.08021
2.97575
3.14881
3.09413
3.12801
2.94919
3.04277
3.04808
2.91065
2.93398
3.27024
3.50877
3.46543
3.22196
2.92301
2.98196
3.29784
3.5183
3.46082
3.21344
2.93362
2.93894
3.05171
3.06063
3.11215
3.50588
3.50679
3.5073
2.96905
3.09558
3.4939
3.49845
3.49747
3.5026
3.50231
3.14187
2.9482
3.09735
3.49886
3.50323
3.5045
3.09945
3.16342
3.30079
3.34621
2.95012
3.08193
3.10349
3.16437
3.17707
3.23196
3.50735
3.50766
3.50774
3.50757
2.93098
3.04978
3.07796
3.13012
3.47083
3.34132
3.32531
3.37503
3.46635
3.44307
3.39727
3.439
3.04804
2.93856
2.90095
3.06715
3.13163
3.1323
3.2044
2.93256
3.19035
3.13337
3.11128
3.04723
3.34116
3.40279
3.44317
3.4139
3.41837
3.11997
2.93191
3.07209
3.13692
3.15211
3.2711
3.33978
3.34181
3.406
3.45416
3.5071
3.50753
3.50697
3.50777
3.50753
3.50779
3.50352
3.50668
3.50586
3.50701
3.50318
3.505
2.94372
3.07911
3.15143
3.13068
3.20502
2.93315
3.09111
3.14485
3.14229
2.95006
3.0877
3.12181
2.90887
3.34852
3.38602
3.39626
3.43694
3.46094
3.43964
3.46334
3.50312
3.49926
3.49538
3.49735
3.50285
3.50511
3.50435
2.95439
3.0515
3.06924
3.12015
2.93711
3.22561
3.24924
3.32371
3.39079
3.42127
3.34032
3.40267
3.25065
3.3017
3.31613
3.37639
3.3753
2.9331
2.89109
3.06394
3.12871
3.19386
3.13367
2.89368
2.95953
3.02252
3.04413
3.13125
3.15117
2.88795
2.8318
2.82129
3.48514
3.47841
3.49913
3.3295
3.44576
3.40979
3.41387
3.22735
3.23985
3.34484
3.27399
3.34872
3.34282
3.42987
3.3975
3.40696
3.44299
3.41538
3.46668
3.45122
3.25656
3.19223
3.49266
3.49559
3.49162
3.49498
3.49687
3.49957
3.5
3.50213
3.50486
3.50161
3.50294
3.50368
3.50516
3.5053
3.35873
3.27761
3.28348
3.17987
3.49752
3.50238
3.50455
3.50569
3.49991
3.49852
3.50306
3.50243
3.50426
3.48974
3.5002
3.49783
3.50248
3.50525
3.50404
3.44526
3.48516
3.48448
3.48149
3.46403
3.44145
3.42148
3.48448
3.44578
3.47864
3.13153
3.19117
3.27784
3.33598
3.19693
3.27628
3.27798
3.15733
3.2891
3.29085
3.36973
3.42305
3.39931
3.32782
2.86839
2.86075
3.0262
3.2034
3.19103
3.28092
3.47794
3.49359
3.49927
3.36858
3.43448
3.472
3.45366
3.4617
3.47514
3.50582
3.50676
3.50599
3.50497
3.50672
3.50689
3.50716
3.50736
3.50738
3.5072
3.43666
3.40308
3.24461
3.1184
3.19817
3.2946
3.23681
2.9044
2.95256
2.86744
2.9023
2.8559
3.39363
3.3437
3.44375
3.46904
3.03435
2.93228
2.94915
3.01466
2.89975
3.1636
3.19089
3.19491
3.29048
3.29101
3.37049
3.31461
3.1905
3.17237
2.90532
2.98921
3.04863
3.08367
3.1781
3.18655
3.50695
3.50297
3.50525
3.50444
3.50093
3.4976
2.89381
3.0527
2.9642
3.21343
3.1941
3.08015
2.98533
2.86989
2.84521
2.92916
3.05339
2.91515
2.97309
2.87638
2.90257
2.84014
2.83039
3.09984
3.16715
2.96571
2.97287
3.06615
3.06276
3.5054
3.50765
3.50663
3.5071
3.50652
3.35832
3.29147
3.1641
3.26786
3.3432
3.28209
2.94989
3.01467
3.07727
3.12431
3.06844
3.16132
3.21567
3.31738
3.3591
3.36369
3.28083
3.28264
3.39956
3.44308
3.46083
3.32444
3.3706
3.38291
3.42316
3.43146
3.31477
3.17204
3.28836
3.26982
3.34301
3.11257
3.16066
3.34106
3.38792
3.41104
2.94436
3.08963
3.176
3.17543
3.25569
3.50036
3.4804
3.48965
3.47766
3.50774
3.50788
3.50793
3.50783
3.5077
3.5078
3.50791
3.50789
3.5079
3.50796
3.50798
3.50799
3.50797
3.50799
3.50798
3.50795
3.50793
3.50795
3.02835
2.93402
2.90862
2.88365
2.87204
2.91678
2.84439
2.87838
2.85935
3.31824
3.45597
3.36506
3.42853
3.41869
3.45615
3.28798
3.31476
3.33602
3.46184
3.40481
3.45226
3.21254
3.2019
3.29722
3.34685
3.14122
3.24159
3.49942
3.50134
3.50312
3.50401
3.04844
2.90821
2.93316
3.01319
3.03329
3.09436
2.96688
2.96632
3.49433
3.49864
3.50309
3.50497
3.50228
3.50781
3.50782
3.50792
3.50795
3.50798
3.5079
3.50795
3.49915
3.50357
3.50125
3.50446
3.50065
3.50491
3.50621
3.46288
3.48643
3.50149
3.4981
3.49826
3.48479
3.02183
3.08585
3.1451
2.92503
2.9313
3.01704
2.98641
3.05006
3.34486
3.37993
3.37461
3.45774
3.46341
3.48158
3.48057
3.43647
3.42911
3.20337
3.33822
3.30921
3.37716
3.07165
3.11549
2.94822
2.90152
3.50613
3.50593
3.50708
3.50693
3.50755
3.50752
3.50775
3.508
3.50796
3.50799
3.50798
3.50798
3.4644
3.45286
3.49153
3.47798
3.47518
3.48867
3.48367
3.49537
3.09532
3.17611
3.25651
3.508
3.508
3.508
3.508
3.12396
3.26684
3.16627
3.3365
3.2806
3.42209
3.36605
3.45258
3.4307
3.42821
3.50792
3.50796
3.50794
3.50798
3.46466
3.46755
3.45255
3.48208
3.48337
3.4899
2.9141
3.11208
3.21689
3.15293
3.21034
3.2456
2.94287
2.93174
3.02062
3.05479
3.0911
3.48891
3.47094
3.46049
3.46622
3.47404
3.47688
3.50765
3.50773
3.50747
3.50784
3.50788
3.50794
3.50788
3.50795
3.4986
3.50415
3.49172
3.48986
3.50097
3.49895
3.50329
3.44556
3.39198
3.36022
3.508
3.508
3.508
3.508
3.508
3.508
3.38801
3.43772
3.46448
3.43518
3.46298
3.47954
3.457
3.4732
3.38755
3.23852
3.0613
3.30358
3.13883
3.28149
3.36038
3.37551
3.42796
3.42684
3.44776
3.46594
3.45541
3.21042
3.31203
3.18919
3.14499
3.37471
3.30552
3.42205
3.3953
3.50688
3.5039
3.50661
3.50639
3.11016
3.12081
3.21382
3.28828
3.21956
3.43406
3.13272
3.18106
3.18693
3.30894
3.30689
3.37422
3.48408
3.49531
3.501
3.48295
3.49868
3.49222
3.10904
3.18243
3.17075
3.28215
3.28726
2.85576
2.82217
2.84711
3.49428
3.48717
3.50093
3.49355
3.5009
3.50131
3.50397
3.46859
3.4647
3.48715
3.48741
3.49496
3.4979
3.50019
3.4952
3.49785
3.49078
3.5034
3.50554
3.46686
3.37846
3.43762
3.38524
3.37249
3.42544
3.44873
3.4273
3.50778
3.50785
3.50786
3.50794
3.50794
3.49513
3.47174
3.46792
3.47151
3.47173
3.17399
3.08775
3.22571
3.34718
3.31436
2.89607
2.81212
2.89721
2.84903
3.50769
3.50771
3.50789
3.50787
3.50794
3.27546
3.06622
3.09512
3.21845
3.16192
3.18354
3.24798
3.508
3.508
3.508
3.508
3.508
3.508
3.10763
3.15878
3.18258
3.27956
3.28246
3.34478
3.25475
3.43957
3.45831
3.45483
3.38155
3.33116
3.48561
3.47619
3.49018
3.4974
3.4729
3.50797
3.50799
3.50797
3.50799
3.50797
3.50799
3.50799
3.35506
3.39097
3.38448
3.4342
3.43942
3.46341
3.10499
3.16269
3.28401
3.18216
3.19134
3.29313
3.30258
3.5062
3.50478
3.50532
3.50604
3.50653
3.5069
3.50721
3.10452
3.14784
3.15322
3.24226
3.24914
3.32775
3.50637
3.50682
3.50599
3.50594
3.50681
3.50681
3.50755
3.50733
3.50764
3.50657
3.50705
3.20116
3.2909
3.13036
3.20191
3.29968
3.357
3.5077
3.50789
3.50787
3.50793
2.88377
2.81665
2.83572
3.13586
3.20379
3.31047
3.37251
3.19871
3.21621
3.31013
3.33226
3.49525
3.49731
3.49088
3.50224
3.50033
3.50348
3.50412
3.40844
3.24957
3.33214
3.32024
3.36199
3.40897
3.41968
3.44712
3.13095
3.35207
3.28573
3.19776
3.20302
3.31018
3.0946
3.14353
3.1495
3.24923
3.25477
3.34004
3.41385
3.1638
3.28771
3.27602
3.16327
3.08082
3.50638
3.5073
3.50762
3.50737
3.50766
3.48257
3.50111
3.49756
3.47855
3.46947
3.49263
3.11188
3.15244
3.27266
3.16128
3.09162
2.91818
3.03558
3.0988
3.08904
3.17026
3.26657
3.19516
3.20677
3.30318
3.28407
2.82682
2.80419
2.82978
2.8169
2.83108
2.86978
2.87882
2.92831
3.50799
3.508
3.508
3.50799
3.50799
2.80629
2.81244
2.85268
2.95241
2.89174
2.89405
2.84043
2.81531
2.89628
2.82756
2.8368
2.89424
2.87319
2.8383
2.90048
2.82161
2.82346
2.80216
2.84352
2.88232
2.89326
2.94697
2.81741
2.81682
2.90218
2.81958
2.85462
2.89829
2.89067
2.95133
2.81561
2.85333
2.89718
2.95277
2.89545
2.81744
2.85526
2.89646
2.94744
2.8933
2.85743
2.89668
2.95034
2.89668
2.79017
2.89454
2.91714
2.84455
2.83053
2.80664
2.85092
2.87754
2.8906
2.93047
2.80806
2.83462
2.86663
2.85689
2.91074
2.81768
2.8455
2.88831
2.87735
2.93996
2.81094
2.85054
2.88916
2.89095
2.94636
2.80962
2.85891
2.90096
2.89838
2.95975
3.47744
3.48926
3.48328
3.48904
3.4915
3.49783
3.4933
3.49731
3.13226
3.23233
3.26676
3.32593
2.80638
2.84166
2.88718
2.87819
2.94521
3.50753
3.50775
3.50763
3.50771
3.5078
3.50785
3.50779
2.83273
2.80768
2.89265
3.46119
3.43458
3.46235
3.14704
3.22938
3.26283
3.31397
3.34564
3.50508
3.50537
3.50642
3.5066
3.507
2.84334
2.83125
2.89682
2.82618
2.84805
2.88102
2.89363
2.93953
3.49566
3.50141
3.50167
3.50423
3.50416
3.50547
2.98903
3.20716
3.08038
3.30546
3.16614
3.30457
3.13813
3.19286
3.3432
3.30889
3.36082
3.41032
3.37965
3.09157
3.15093
3.25607
3.34017
3.41528
2.80193
2.9032
2.81641
2.85078
2.89291
2.94588
2.89399
3.25193
3.32296
3.32289
3.39155
3.40104
2.80466
2.84954
2.94072
2.89016
2.88527
2.80849
2.84058
2.92738
2.87369
2.87536
2.81752
2.80456
2.83587
2.86874
2.87384
2.92447
2.88892
2.83756
2.8163
2.892
2.82506
2.81455
2.84434
2.87821
2.88304
2.9357
2.81808
2.84118
2.88253
2.8775
2.9372
3.21476
3.20343
3.30129
3.31864
3.36422
3.38249
3.42701
3.41931
3.34971
3.38697
3.41035
3.19197
3.24657
3.28253
3.32439
3.34612
2.80014
2.79984
2.8098
2.87657
2.81378
2.81784
2.84402
2.88544
2.94042
2.88707
2.80572
2.83431
2.87215
2.86461
2.92283
2.80936
2.84835
2.93625
2.88261
2.88576
2.81407
2.84555
2.885
2.87867
2.9338
2.81202
2.84327
2.92319
2.87229
2.87495
2.82861
2.81706
2.88381
2.88743
2.81416
2.81671
2.83545
2.86774
2.88189
2.92673
2.822
2.85427
2.89548
2.90011
2.95537
2.81781
2.85416
2.89171
2.89746
2.94836
3.14069
3.19349
3.20017
3.27926
3.39158
3.30571
3.35682
3.4231
3.40108
2.82802
2.84001
2.90391
2.85255
2.83156
2.89858
2.82613
2.89807
2.8261
3.50766
3.50778
3.50772
3.50787
3.50782
2.86595
2.92702
2.86293
2.91573
2.921
2.86284
2.92448
2.86552
2.92208
2.92116
2.91179
2.84374
2.86255
3.16676
3.27791
3.30595
3.3504
3.37335
2.9222
2.9733
2.93662
3.10655
2.9973
3.10985
2.93519
3.03826
3.08313
3.02773
2.87237
2.89394
2.94759
2.94898
2.99591
2.85431
2.89361
2.8972
2.95028
3.09363
3.15285
3.2524
3.35457
3.32946
3.37114
3.42512
3.34105
3.41017
3.01969
3.10787
2.93048
3.03136
3.05573
2.86858
2.89124
2.91858
2.95001
3.4932
3.4866
3.48804
3.49993
3.49553
3.50152
3.49642
3.50354
3.50153
3.29472
3.22969
3.21632
3.20021
3.11191
3.04004
3.05965
2.93238
3.50423
3.50332
3.50376
3.26386
3.15696
2.84506
2.89263
2.88976
2.96834
2.95342
3.49237
3.49422
3.49763
3.49741
3.50209
3.50253
3.12104
3.0224
3.03498
2.93355
2.9239
3.50162
3.50634
3.50734
3.50538
3.5069
3.21373
3.32604
3.1149
3.17783
3.21281
3.2875
3.30545
3.508
3.508
3.508
2.85438
2.89583
2.9437
2.88798
3.50671
3.50735
3.50764
3.50735
3.50774
3.50778
3.50766
3.15641
3.26427
3.211
3.23837
3.31241
3.30637
3.34345
3.36131
3.42444
3.43186
3.27525
3.3502
3.16784
3.07443
3.2197
3.27669
3.18564
2.92281
3.04966
3.0662
3.47565
3.47747
3.49436
3.50203
3.50764
3.50784
3.5077
3.50768
3.50779
3.01838
3.09087
3.00677
3.00849
2.92621
2.91617
3.38722
3.43614
3.36453
3.38841
3.43723
3.4542
3.46166
3.50799
3.50798
3.508
3.50799
3.50692
3.5063
3.50562
3.43455
3.29323
3.45446
3.33629
3.41066
3.23436
3.26902
3.33032
3.39549
3.43571
3.46208
3.43064
3.02872
3.00161
3.03797
2.91465
3.50386
3.48746
3.47301
3.49521
3.48982
3.475
3.4852
3.0528
2.93273
3.02316
3.05938
3.40528
3.11276
3.2087
3.19706
3.30213
3.32171
3.39512
3.40209
3.18458
3.03018
3.10396
2.91068
3.01739
3.08203
3.00069
3.46646
3.49571
3.47313
3.46979
3.48916
3.48631
3.49438
3.02289
2.99646
3.03282
2.91156
3.07249
3.12807
3.00982
3.02115
2.93102
2.9184
3.50769
3.50781
3.50792
3.50783
3.50795
3.50791
3.3618
3.40406
3.44464
3.38309
3.39428
3.43183
3.44605
3.46078
3.17001
2.97662
3.0984
3.1696
3.11546
3.01748
3.09083
2.90729
2.99679
3.00749
3.17959
3.21366
3.41069
3.32787
3.34459
3.41304
3.44426
3.41872
3.22226
3.29676
3.15574
3.16835
3.27091
3.34013
3.42101
2.99069
3.50157
3.46464
3.22452
2.94616
2.89354
2.82841
2.87946
2.84996
3.46195
3.50361
3.46975
2.90412
3.24777
3.06297
3.03916
3.12067
2.92481
3.13142
3.19696
3.10162
2.94292
3.04489
3.06399
2.93557
3.04244
2.92093
3.01507
2.88767
2.90981
3.28902
3.4285
3.35977
3.41908
3.14891
3.22511
3.1898
3.2788
3.2928
3.33639
3.31474
3.41041
3.44626
3.46276
3.44712
3.46463
3.48392
3.49216
3.48269
3.01177
2.93018
2.89845
2.93851
2.94276
2.98879
2.98902
3.05479
3.44467
3.46915
3.45338
3.03982
3.11274
2.93626
3.05383
2.92347
3.03443
3.13438
3.14581
3.17865
3.20288
3.29454
3.30919
3.36352
3.36341
3.4265
3.43149
3.16257
3.27855
2.99962
3.095
3.19411
3.27425
3.30663
3.09965
3.14886
3.34467
3.33736
3.35232
3.42117
3.42137
2.90518
3.03497
3.04025
3.12016
3.21062
2.91722
3.01789
3.07853
2.87504
3.48369
3.49276
3.48867
3.50403
3.50315
3.49805
3.4996
3.5078
3.50771
3.50785
3.5078
3.50792
3.5079
3.12899
2.93196
3.05602
3.0352
3.12718
2.94363
3.21734
3.3065
3.34407
3.28063
3.15493
3.11575
3.117
3.0274
3.07205
3.14688
2.93498
3.0726
3.05241
3.50782
3.50792
3.50796
3.5079
3.50796
3.50784
3.50795
3.50789
3.11758
3.03309
3.05671
2.91882
3.15055
2.96114
3.08628
2.95123
3.1042
3.26859
3.26067
3.14169
3.508
3.508
3.508
3.508
3.14036
2.93155
3.06293
3.13244
3.36219
3.39839
3.4165
3.45349
3.46118
3.46113
3.48223
3.48235
3.43566
3.48585
3.46963
3.47222
3.48349
3.46759
3.4663
3.48551
3.49332
3.48303
3.04207
2.95808
2.95357
3.07835
3.05374
3.15742
3.38067
3.43908
3.4691
3.47376
3.40549
3.44026
3.07637
2.94438
3.04549
3.13675
2.94
2.8991
3.45002
3.47232
3.48625
3.49965
3.44435
3.47333
3.48431
3.0958
2.90533
3.01777
3.03983
3.29382
3.35178
3.42465
3.44659
2.999
3.07897
3.05626
2.96341
2.97563
3.24709
3.08501
3.30022
3.12823
3.26079
3.42558
3.46669
3.46556
3.49164
3.48343
3.48138
3.07832
3.00874
3.00942
2.91826
2.90824
3.10303
3.15893
3.24288
3.32421
3.15111
3.12992
3.26578
3.25636
3.07896
3.00183
3.00535
2.91388
2.90704
2.92566
3.03908
3.12137
3.18105
3.09678
3.02487
3.12885
2.91396
3.05054
3.11561
2.88054
3.50319
3.50507
3.50341
3.5013
3.50409
3.49889
3.49661
3.02667
2.92331
2.99314
2.99796
2.89172
2.91686
3.34143
3.41493
3.26959
3.28355
3.34129
3.13469
3.45069
3.47247
3.47326
3.48805
3.48624
3.43338
3.41744
3.46769
3.45389
3.4724
3.42102
3.45491
3.47475
3.07572
3.14003
2.93411
3.05725
3.04585
3.04726
2.93749
3.07366
2.91922
3.0712
3.13342
3.13533
3.20675
2.93404
3.06827
3.14
3.12538
3.20471
3.50287
3.50565
3.50697
3.50741
3.50683
3.50506
3.11862
2.93081
2.88949
3.03281
2.92461
3.06177
3.1332
3.12633
3.19138
3.4166
3.44325
3.33194
3.41
3.40796
2.90958
3.03846
3.10633
3.01763
2.86776
2.90406
3.44783
3.4832
3.48998
3.39238
3.38683
3.42506
3.4318
3.4658
3.46114
3.32943
3.34517
3.39168
3.44231
3.1541
3.2664
3.27447
3.09004
3.15112
3.50739
3.50767
3.09957
2.90484
3.01698
3.007
3.46043
3.45423
3.47214
3.46556
3.48721
3.48436
3.3337
3.2604
3.25406
3.31877
3.1435
3.12534
2.9172
3.02658
3.09582
3.28002
3.17474
3.21482
3.06312
3.3469
3.26139
3.14209
2.86586
2.90904
2.90934
3.02142
2.98682
3.07285
3.50392
3.50589
3.50351
3.50386
3.50763
3.50587
3.50722
3.50557
3.50645
3.50731
3.50734
3.50657
3.17272
2.98847
3.02339
3.09188
3.06697
3.508
3.508
3.508
3.508
3.508
3.508
3.508
3.508
3.508
2.92495
3.03462
3.1344
3.50112
3.50205
3.50214
3.50339
3.50467
3.50608
3.50526
2.80919
2.83067
2.86659
2.86979
2.93762
3.11948
2.93498
3.08731
3.508
3.508
3.508
3.508
3.13548
2.94842
3.06915
2.93911
3.04883
3.36426
3.39763
3.34694
3.11896
2.92883
3.04322
2.89101
2.92744
3.0334
3.50383
3.50618
3.50374
3.50538
3.50662
3.50666
3.50713
3.37465
3.35338
3.28918
3.28921
3.41286
3.4242
3.44605
3.25855
3.33003
3.41054
3.32878
3.36674
3.41545
3.34134
3.42553
3.43043
2.91654
3.04043
2.89024
2.92801
3.02561
3.08785
3.09533
3.16192
3.48971
3.46802
3.47313
3.46441
3.48779
3.48633
3.49509
2.93593
3.01716
3.1379
2.89468
3.18822
3.28483
3.25764
3.33531
3.11369
3.16223
3.49649
3.48611
3.47313
3.45584
3.27884
3.34415
3.17393
3.27462
3.31112
3.31329
3.20772
3.17492
2.89958
2.90742
3.00386
3.03282
3.08111
3.34298
3.43868
3.35858
3.39062
3.38091
3.43398
3.46473
3.4512
3.48028
3.48614
3.34913
3.31339
3.4083
3.38327
3.36349
3.43527
3.40909
3.45549
2.92451
2.89339
3.05209
3.12124
3.13814
3.15628
3.27755
3.27806
3.19099
3.50695
3.50744
3.50781
3.50775
3.50793
3.5079
2.87664
3.18392
2.94193
3.11454
3.41241
3.49197
3.46452
3.48296
3.48382
3.46033
3.44187
3.508
3.508
3.508
3.508
3.508
3.508
3.508
3.26373
3.51369
3.44974
3.23667
2.9051
3.51812
3.44437
3.2023
2.92555
2.97762
3.19245
3.05119
3.4492
3.40114
3.45134
3.47156
2.93732
3.0502
2.88919
3.15499
3.4185
3.41337
3.44545
3.47883
3.48418
3.48467
3.50256
3.50445
3.49762
3.49421
3.49821
3.49361
3.50251
3.49357
3.49164
3.49767
3.50277
3.258
3.2827
3.43774
2.86434
2.92243
2.99318
3.08783
3.508
3.508
3.508
3.508
3.508
3.508
3.508
3.508
3.508
3.34787
3.3228
3.25987
3.24192
3.17478
3.15159
2.87891
2.93034
2.92856
3.0656
3.05583
3.32613
3.39332
3.40233
3.44264
3.43809
2.86641
2.92815
3.00226
3.08767
3.4021
3.46791
3.48264
3.48967
3.46673
3.43362
3.49082
3.46844
3.47417
3.46139
3.47335
3.48598
3.47165
3.48856
3.4967
3.49399
3.50146
3.50034
3.07361
3.10072
3.25153
3.32036
3.33667
3.42892
3.45922
2.92659
3.13722
3.04495
2.89806
3.50706
3.50749
3.50735
3.50763
3.50764
3.50785
3.50793
3.50784
3.50469
3.50556
3.50625
3.50699
3.508
3.508
3.508
3.50799
3.36651
3.39873
3.40615
3.44066
3.44673
3.45702
3.47887
3.46815
3.37223
3.38553
3.42271
3.42637
3.44826
2.87047
2.92481
3.00625
3.148
3.15582
3.45804
3.4713
3.47389
3.48579
3.48792
3.38541
3.41215
3.40486
3.45842
3.46184
3.34959
3.41419
3.508
3.508
3.50733
3.50764
3.50794
3.50796
3.50781
3.50764
3.5079
3.50785
3.5075
3.50778
3.36922
3.42585
3.42526
3.31896
3.35906
3.35597
3.45131
3.41948
3.42481
3.30914
3.33814
3.38811
3.3156
3.36378
3.2503
3.3867
3.32722
3.2396
3.31301
3.30668
3.33547
3.45333
3.44728
3.41054
3.33801
3.37564
3.43141
3.39794
3.44482
3.49807
3.49142
3.4957
3.47442
3.44358
3.45728
3.48228
3.49228
3.47977
2.85793
2.89623
2.99161
3.50129
3.50669
3.50325
3.50432
3.50554
3.50702
3.50581
2.8197
2.81564
2.88136
3.508
3.508
3.508
3.508
3.508
3.24359
3.07469
3.11959
3.30607
3.17743
3.27759
3.28147
3.15886
3.49174
3.47499
3.48142
3.14353
2.8799
2.91822
2.93424
2.98634
3.02552
3.45278
3.48016
3.39131
3.33664
3.36517
3.42716
3.43695
3.33422
3.40591
3.43396
3.30217
3.44467
3.33469
3.45455
3.39966
3.45827
3.46205
3.47682
3.46618
3.49061
3.48707
3.06523
3.12771
3.23479
3.2634
3.50245
3.50641
3.50495
3.50656
3.50723
3.41327
3.45852
3.47913
3.479
3.48849
3.44473
3.45611
3.3691
3.36422
3.44507
3.46134
3.39531
3.42191
3.38064
3.38769
3.42478
3.44218
3.46082
3.48784
3.49447
3.50093
3.49596
3.50166
3.44887
3.44657
3.05328
3.16278
3.20177
3.10311
2.94136
2.98005
3.02749
3.0552
3.10981
2.91906
2.90335
2.86566
3.50261
3.49541
3.49224
3.50438
3.50554
3.49564
3.50055
3.50333
2.95211
3.2559
3.29288
3.02867
3.16984
3.508
3.508
3.508
3.508
3.508
3.508
3.508
3.24489
3.34899
3.25361
3.50722
3.50758
3.50561
3.50763
3.50758
3.50536
3.5065
3.50694
3.50621
3.508
3.50799
3.508
3.50799
3.44008
3.31151
3.44902
3.36383
3.43192
3.46579
3.485
3.45443
3.46786
3.48559
3.49371
3.49481
3.49945
3.48787
3.4708
3.45982
3.48436
3.47977
3.49804
3.48977
3.49912
3.36973
3.20851
3.30687
3.31279
3.18918
3.33244
3.37603
3.35522
3.42878
3.42016
3.44819
3.45519
3.33833
3.26638
3.15988
3.17131
3.30288
3.34277
3.50791
3.50786
3.50796
3.50794
3.50793
3.50796
3.48446
3.49443
3.504
3.49603
3.49134
3.49634
3.50181
3.50171
3.44669
3.4671
3.49261
3.48804
3.49763
3.18736
3.29854
3.20949
3.17362
3.28635
3.27681
3.33837
3.12423
3.07752
3.14602
2.90813
2.93773
3.47129
2.83146
2.87539
2.85274
2.84519
3.26516
3.33464
3.10301
3.17114
3.17587
3.27926
3.28188
3.1781
3.28134
3.35007
3.32451
3.41836
3.41856
3.37979
3.36836
3.41354
3.32943
3.35652
3.25904
3.32431
3.42354
3.43372
3.45043
3.32667
3.36115
3.42948
2.83766
2.89054
2.84227
2.84598
2.79355
2.83975
2.83912
2.87066
2.8791
2.92233
2.93251
3.27933
3.1574
3.12381
3.18597
3.27595
3.45961
3.46385
3.4583
3.48229
3.48134
3.49205
3.45789
3.46902
3.48879
3.4716
3.49077
3.477
3.49034
3.508
3.508
3.508
3.508
3.508
3.508
2.89227
2.97944
2.81647
2.90399
2.87742
2.86887
2.79858
2.85304
2.8467
3.25221
3.21408
3.30597
3.50442
3.4986
3.49611
3.49909
3.5029
3.50284
3.50456
3.50531
3.50589
3.50783
3.50795
3.50785
3.50792
3.50797
3.50789
3.50798
3.11614
3.30276
3.21758
3.16929
3.16734
3.25496
3.2684
3.32888
3.37202
3.14601
3.27924
3.07829
3.30591
3.18825
3.08705
3.1231
3.1445
3.2573
3.2933
3.34637
3.505
3.50664
3.50627
3.50715
3.45149
3.47024
3.48838
3.46216
3.48658
3.49248
3.50169
3.31853
3.33409
3.35208
3.40456
3.41269
3.44006
3.07329
3.13913
3.12648
3.24227
3.32896
3.0865
3.17477
3.31095
3.35647
3.27458
3.16971
3.33747
3.11204
3.1643
3.26313
3.1064
3.4862
3.49798
3.49513
3.49946
3.50022
3.0892
3.1573
3.26109
3.16831
3.25967
3.29361
3.21752
3.4943
3.50016
3.50135
3.50462
3.50506
3.45603
3.48629
3.45285
3.4515
3.46389
3.46477
2.83602
2.80245
2.89663
3.33008
3.36428
3.36459
3.37109
3.42517
3.4218
3.42507
3.4494
3.05288
3.12277
3.2576
2.89692
2.84461
2.83107
3.09886
3.17723
3.28347
3.1613
3.18534
3.25848
3.29271
2.90842
2.85762
2.79256
2.80888
2.83089
2.85962
3.49314
3.4951
2.94417
3.08154
3.12639
2.86505
2.89899
2.91797
3.00184
3.01378
3.43269
3.45533
3.42466
3.41603
3.36871
3.34782
3.17133
3.18855
3.3001
3.29763
3.35732
3.07069
3.1568
3.16239
3.28847
3.26287
3.351
3.11559
3.18678
3.29776
3.18249
3.28561
3.06468
3.16579
3.03216
3.13203
2.93678
3.07114
3.14371
3.15695
3.24517
3.24672
3.50587
3.50692
3.50663
3.50765
3.5073
2.78658
2.81833
2.88361
3.50697
3.50727
3.50716
3.48242
3.49366
3.49522
3.4902
3.49522
3.50078
3.50408
3.50512
3.50555
3.50031
3.50359
2.88281
2.78504
2.80197
2.82227
2.88196
2.8083
3.5045
3.50107
3.50619
3.507
2.79171
2.82035
2.8907
2.82805
2.78826
2.88167
3.50421
3.50258
3.50493
3.50589
3.50616
3.50708
3.50705
3.5075
2.79333
2.86864
2.79587
2.79286
2.77065
2.86041
2.78077
2.81145
2.89795
2.81272
2.79178
2.87764
2.83791
2.81769
2.90473
2.79335
2.79735
2.87912
2.79884
2.89055
2.81993
2.79599
2.82066
2.86606
2.86223
2.9195
2.79938
2.82423
2.85882
2.92083
2.86675
2.80447
2.82017
2.86035
2.91981
2.87116
2.83993
2.92898
2.87724
2.87966
2.87368
2.81671
2.79714
2.88193
2.7923
2.80246
2.8514
2.78455
2.78726
2.85934
2.7906
2.80385
2.87727
2.78941
2.80069
2.79932
2.81427
2.86182
2.85799
2.91269
2.78635
2.83068
2.87834
2.86641
2.93142
2.79983
2.87961
3.17656
3.0974
3.15444
3.2693
3.34315
3.28073
3.10986
3.16808
3.16596
3.28138
3.27122
3.33353
3.47617
3.48891
3.49654
3.49406
3.50222
3.50098
3.50582
3.50488
3.50604
3.50662
3.50633
3.08201
3.11405
3.30975
3.23552
3.22656
3.17736
3.27876
3.36668
3.13345
3.48535
3.49135
3.45894
3.4555
3.45811
3.46313
3.46726
3.25884
3.10818
3.32297
3.23325
3.42879
3.39576
3.44901
3.43396
3.47825
3.46238
3.48539
3.50796
3.50797
3.50793
3.50797
2.79422
2.83157
2.86427
2.86957
2.92128
2.825
2.82187
2.85521
2.86765
2.91216
2.79597
2.82923
2.86328
2.92163
2.87235
3.08051
3.15851
3.13281
3.25425
3.23147
3.306
2.78991
2.82836
2.9086
2.86194
2.85601
2.855
2.8047
2.79455
2.87273
2.8393
2.81002
2.7897
2.83286
2.87528
2.8587
2.91244
2.79351
2.82236
2.84824
2.8585
2.90174
2.78965
2.81729
2.85115
2.8477
2.89511
2.88071
2.79496
3.40959
3.44627
3.33636
3.41669
3.45452
3.46472
3.48272
3.44808
3.46332
3.46518
3.48524
3.48418
3.4931
2.78644
2.80994
2.79506
2.86232
2.79487
2.81251
2.84829
2.84629
2.8931
2.79345
2.79692
2.82875
2.90537
2.85992
2.85652
2.83979
2.83513
2.87964
2.86805
2.91919
2.86533
2.80456
2.80407
2.87686
2.80925
2.7883
2.82386
2.85271
2.90945
2.86463
2.78778
2.80432
2.87294
2.79732
2.82399
2.86007
2.86365
2.91394
2.81653
2.80278
2.87264
2.79588
2.82856
2.86713
2.87418
2.92573
2.794
2.86475
3.10182
3.15479
3.16795
3.26533
3.28872
3.35097
3.41946
3.50052
3.49981
3.50357
3.50284
3.5056
3.5056
3.16199
3.07874
3.15
3.13321
3.26915
3.2396
3.31133
3.49357
3.46897
3.47651
3.4732
3.4926
3.49861
3.4918
2.88972
2.82686
2.79614
3.50796
3.50779
3.50788
3.50788
3.50792
3.49175
3.4767
3.49712
3.49262
3.49389
3.19721
2.90952
2.9925
3.0187
3.07908
2.87421
2.90556
3.49073
3.50061
3.50298
3.49812
3.49756
3.5038
3.50121
3.09999
3.1695
3.26811
3.07816
3.14333
3.1621
3.26037
3.26498
3.49437
3.49757
3.47019
3.48561
3.48825
3.45844
3.47332
3.4577
3.46717
3.48663
3.45008
3.35392
3.38818
3.38903
3.44559
3.44326
3.50011
3.50448
3.27823
3.33383
3.16119
3.19527
3.19657
3.27535
3.29723
3.39876
3.40792
3.30623
3.12625
3.23438
3.30991
3.08904
3.08849
3.16562
3.19692
3.2575
3.26963
3.46084
3.46011
3.48594
3.49684
3.01793
3.0257
3.08023
2.89184
3.50799
3.50798
3.50799
3.50799
3.44959
3.46262
3.48531
3.49543
3.3227
3.10035
3.14847
3.24559
3.21062
3.20007
3.29999
3.28576
3.10899
3.16336
3.27634
3.34981
3.19322
3.19045
3.26714
3.15734
3.28568
3.02515
3.0292
3.33691
3.36438
3.41776
3.40787
3.41424
2.8245
2.86976
2.8928
2.92504
2.89059
2.90742
2.98403
2.88915
2.87163
2.98291
3.02064
2.9998
3.02627
3.07892
2.90734
3.508
3.50799
3.508
3.508
3.508
3.508
3.48293
3.49277
3.43952
3.46097
3.4607
3.48221
3.32739
3.2297
3.06052
3.0486
3.36043
3.29652
3.32036
3.24504
3.20129
3.10485
3.50742
3.50767
3.50745
3.5073
3.50787
3.50771
3.50777
3.50781
3.50785
3.50788
3.34162
3.28385
2.9719
3.17818
3.31956
3.42098
3.42237
3.11094
3.15489
3.26514
3.34095
3.50644
3.50631
3.50653
3.50688
3.50716
3.50738
3.09946
3.18094
3.38248
3.32841
3.35509
3.18254
3.12781
3.29364
3.35275
3.3225
3.40432
3.37091
3.41323
3.08854
3.05476
3.12126
3.13898
3.23653
3.24429
3.3125
3.31439
3.46269
3.45016
3.36418
3.34682
3.42144
3.40897
3.44077
3.34765
3.26159
3.12383
3.22615
3.32696
3.34622
3.3976
3.44605
3.38324
3.32605
3.43972
2.98574
2.90095
2.89701
2.96001
2.96468
3.0403
2.85405
2.88189
2.83065
2.87939
2.8083
3.03182
3.08262
3.00825
2.91319
3.10921
3.16614
3.25554
3.32072
3.3207
3.37208
3.39316
3.26285
3.42146
3.29212
3.43657
3.36941
2.82339
2.81137
2.84273
2.85059
2.89159
2.88234
3.45255
3.41187
3.46788
3.45325
3.45177
3.00273
2.886
2.98959
2.96853
3.06275
3.42477
3.44706
3.47272
3.4786
3.48773
3.49312
3.49618
3.49668
3.50708
3.50141
3.50093
3.5059
3.50516
3.50553
3.50685
3.5066
3.50184
3.50425
3.50152
2.88607
2.88243
2.92615
3.30797
3.10026
3.15083
3.16806
3.25534
3.26292
3.50744
3.507
3.50719
3.5076
3.50789
3.50782
3.50774
3.50792
3.01981
3.0896
2.91282
3.01874
3.00069
2.90371
2.90124
2.90526
2.85345
2.88432
2.96753
2.93334
3.25807
3.28161
3.36301
3.44858
3.42585
3.32534
3.36197
3.38438
3.42099
3.43069
3.22354
3.26068
3.17935
3.08029
3.07213
2.97999
3.11618
3.06835
2.97199
3.06284
3.23496
3.27399
3.07403
3.11812
3.18907
3.09715
2.89536
2.97049
3.05348
2.91108
2.99562
3.00884
3.29565
3.36708
3.35056
3.42016
3.4209
2.89821
2.9722
2.9988
2.85761
2.89879
3.01202
2.85215
2.90257
2.89649
2.97708
2.99623
2.89733
3.18759
3.13929
3.30387
3.22558
3.24386
3.31689
3.33862
3.08169
2.89448
2.98828
3.0123
3.36176
3.44145
3.42029
3.4611
3.44665
3.48827
3.4856
3.04951
2.88435
2.98901
2.96558
3.00712
2.85349
2.89785
2.90552
2.98819
3.01956
2.92705
2.89131
3.00545
3.01387
2.89785
3.21243
3.04162
3.02802
3.07867
2.88521
2.93619
2.97101
2.84291
2.88337
3.01453
2.86802
2.90989
2.99718
3.01333
3.06627
2.91155
2.89993
3.02806
3.10726
2.90261
3.04263
3.01625
3.4513
3.46795
3.46568
3.48675
3.48821
3.49528
3.03192
3.10346
2.86045
2.90135
2.91087
3.04124
3.01165
3.09007
2.99066
2.88748
2.96334
2.99234
2.85
2.8845
3.0161
3.00934
2.90546
2.88873
3.47985
3.49407
3.50126
3.50142
3.49301
3.49086
3.33567
3.39583
3.438
3.23044
3.03843
3.14036
3.14932
3.04177
3.11141
2.9045
3.02645
3.00761
3.45155
3.44539
3.47361
3.47169
3.48851
3.01523
3.09919
2.89992
3.41907
3.45488
3.43074
3.36524
3.29
3.41551
3.36187
3.39973
3.02158
3.00134
3.09185
2.89462
2.91929
2.98384
3.00087
2.90645
2.88474
3.37183
3.27105
3.18949
3.13293
3.17995
3.31756
3.3605
3.16144
3.01737
2.89138
2.96973
3.05681
3.35561
3.02133
3.10424
3.11108
3.14333
3.25372
2.89658
3.00853
3.10579
3.02343
3.10235
3.0065
2.86357
2.90752
2.90653
2.97844
3.00126
2.89638
2.90147
3.04752
3.01861
3.10434
3.09073
3.17684
3.31711
3.36511
3.41885
3.36863
3.42685
3.25368
3.32032
3.31315
3.35965
3.35687
3.41991
3.42122
3.44915
3.47487
3.48703
3.49926
3.48146
3.49014
3.49724
3.502
3.49433
3.49654
3.01974
2.92091
2.87631
3.00258
3.09172
2.89625
3.01465
3.08716
3.49763
3.50196
3.49146
3.4956
3.50273
3.50449
3.50632
3.11968
2.91699
3.04967
2.90995
3.02661
2.98584
2.89121
2.89481
3.00944
2.96867
3.06863
2.8581
2.89436
3.16249
2.90428
2.98905
3.03439
2.90705
2.90708
3.0071
2.90879
3.02288
3.07558
3.0907
3.1557
3.06427
2.91495
2.99216
3.00774
2.91027
3.50127
3.44116
2.94347
3.19408
2.83923
2.87308
2.81946
2.98621
3.20518
3.07196
3.50756
3.4514
2.92535
3.18729
3.35211
3.40566
3.30204
3.34588
3.36209
3.41173
3.41902
3.4381
3.45245
3.47882
3.36762
3.41948
3.40441
3.45333
3.44467
3.4911
3.5017
3.50333
3.50487
2.88769
2.85551
3.00036
3.05469
3.09455
3.14917
3.50261
3.50712
3.50537
3.50378
2.84861
2.88761
2.96635
3.06828
3.46418
3.46658
3.48378
3.47617
3.47368
3.4886
3.48984
3.26048
3.34419
3.20967
3.18654
3.27669
3.36039
3.41731
3.50796
3.50796
3.50798
3.50799
3.50798
3.02156
3.10165
2.94982
3.05503
3.12256
3.47231
3.45457
3.47127
3.48487
3.47989
3.10301
2.86234
2.91509
3.01682
3.50248
3.50587
3.50514
3.5064
3.50724
3.33892
3.38324
3.43401
3.30869
3.36569
3.4245
3.44546
3.3962
3.39421
3.41834
3.23824
3.31557
3.40852
3.3714
3.43791
3.08331
2.87818
2.91513
3.02184
3.08209
3.0098
2.85695
2.90024
2.89824
2.99176
3.06543
3.49302
3.49717
3.49147
3.49779
3.50324
3.5023
3.50498
3.27538
3.23269
3.32401
2.9624
3.04314
2.89054
2.83855
2.88463
2.99265
2.89517
2.85489
2.99851
3.05921
3.06662
3.13044
3.50461
3.50687
3.50716
3.50569
3.50612
2.88493
2.89998
2.9709
2.97907
3.5006
3.48856
3.49366
3.49476
3.50504
3.50629
3.49933
3.50315
3.50545
3.50048
3.50441
3.508
3.508
3.508
3.508
3.508
3.508
3.508
3.48412
3.45142
3.46315
3.47829
3.45073
3.46079
3.47761
3.483
3.46936
3.31825
3.39383
3.33285
3.43534
3.4074
3.32808
3.37118
3.42304
3.45702
3.37079
3.39874
3.44497
3.43477
3.32653
3.38055
3.43212
3.37012
3.38277
3.42751
3.44001
3.45604
2.91053
2.87565
2.98893
3.06015
3.0624
3.16716
3.17094
3.44715
3.28916
3.34395
3.33677
3.40861
3.41171
3.32464
3.41293
3.29959
3.36222
3.34163
3.4161
3.41324
3.44854
3.37257
3.43417
3.39312
3.46857
3.45084
3.48433
3.49836
3.49552
3.50053
3.49421
3.50534
3.50671
2.8699
2.9022
3.00913
3.08236
3.07245
3.21105
3.22514
3.12191
2.90056
3.04413
3.11256
3.44633
3.49638
3.46181
3.48599
3.48449
3.45992
3.46999
2.85165
2.9115
3.01734
3.03169
2.90998
2.84446
2.89779
2.98369
3.00327
2.89546
3.30367
3.21027
3.39428
3.33054
3.28792
3.35738
3.40875
3.50793
3.50796
3.50739
3.5073
3.50775
3.5077
3.42096
3.35989
3.3774
3.41323
3.43015
3.49646
3.50173
3.50445
3.50528
3.49474
3.49967
3.50338
3.50277
2.85174
2.91057
3.01299
3.02119
2.90222
2.91476
3.02959
3.09269
2.85946
3.48165
3.49306
3.50443
3.49783
3.5023
3.50368
3.5047
3.49215
3.49683
3.49748
3.50187
3.50214
3.50352
3.50477
3.50551
3.50624
3.50709
3.50675
3.33661
2.98257
3.26611
3.15661
3.07323
3.08473
3.13942
3.13286
3.23378
3.24321
2.79607
2.80198
2.86699
2.90466
3.01825
3.01031
3.1042
2.91056
2.86797
3.41945
3.4497
3.48928
3.48664
3.46367
3.45408
3.44293
3.41502
3.04123
3.09412
3.12155
3.20515
3.22092
3.28222
3.33963
3.46375
3.43432
3.50761
3.50711
3.50763
3.50733
3.50779
3.50764
3.30174
3.3437
3.37727
3.41632
3.42925
3.44828
3.47367
3.4791
2.93336
2.89038
2.99699
2.83429
2.88531
3.06693
3.00542
3.0938
3.20527
3.25746
3.12186
3.19918
3.25567
2.87248
2.90455
3.02516
3.09351
3.09196
3.20591
3.22481
3.40948
3.47726
3.24348
3.51199
3.42794
3.15566
2.86203
3.52216
3.39094
3.1711
2.88476
3.43799
3.45696
3.38058
3.31372
3.36476
3.36889
3.41962
3.42412
3.34951
3.19116
3.24433
3.26413
3.12163
3.14622
2.90245
2.87093
3.00392
3.05995
3.07058
3.16801
3.17656
3.27393
3.33717
3.40998
3.34246
3.35206
3.41601
3.42083
3.45121
3.50673
3.50561
3.50417
3.50568
3.50537
3.50681
3.50661
3.50724
3.50717
3.50737
2.90709
2.87701
3.01917
3.0826
3.0849
3.17794
3.18475
3.29917
3.41568
3.34901
3.3153
3.33933
3.32798
3.3823
3.2573
3.24164
3.12798
2.8983
2.8604
3.05298
3.13159
3.50748
3.50776
3.50742
3.50785
3.5077
3.36574
3.42355
3.36566
3.32968
3.42419
3.4328
3.45218
3.47502
3.40063
3.36606
3.43182
3.45234
3.46435
2.86385
2.87793
2.98166
3.05803
3.05212
3.12994
2.98351
2.8911
2.8546
2.87739
3.10446
3.04055
3.03258
2.95753
3.50146
3.47894
3.49181
3.50536
3.50659
3.45127
3.46669
3.47147
3.48291
3.48642
3.49416
3.50104
3.4657
3.42088
3.48536
3.455
3.4853
3.46153
3.49575
3.48837
3.27373
3.20787
3.39463
3.42324
3.31768
3.28636
3.37073
3.12067
3.30969
3.13172
3.22936
3.23297
3.21302
3.10862
3.14139
3.00482
2.94325
3.03113
3.25229
3.10069
3.22048
3.04354
3.08319
3.16589
3.21164
3.17967
3.28521
3.33555
3.24491
3.25377
3.14388
3.24172
3.31694
3.2437
3.08966
3.15137
3.46834
3.47062
3.48946
3.48675
3.49398
3.17985
3.03295
3.09735
3.17617
3.47217
3.33993
3.3868
3.45291
3.42813
3.35577
3.38094
3.37664
3.42764
3.45143
3.4283
3.50721
3.5034
3.50577
3.50662
3.50734
3.50776
3.50758
3.5077
3.50787
3.12275
3.25583
3.32333
3.44349
3.46817
3.45005
3.48419
3.47499
3.47617
3.44891
3.46085
3.48688
3.49357
3.48045
3.50781
3.50758
3.5079
3.50796
3.50782
3.5077
3.48756
3.49588
3.48885
3.50006
3.50017
3.4962
3.50093
3.50396
3.5065
3.50698
3.50481
3.50636
3.50484
3.50609
3.00935
3.22921
3.11414
3.12806
3.04939
2.96773
3.38183
3.4329
3.46315
3.48825
3.40178
3.46618
3.4435
3.37914
3.43648
3.39682
3.29369
3.31035
3.50714
3.5074
3.50766
3.50764
3.50739
3.34227
3.38737
3.39078
3.44266
3.47831
3.46554
3.46426
3.4434
3.30817
3.40264
3.43622
3.41102
3.50262
3.49494
3.49621
3.50174
3.50485
3.50237
3.50794
3.50793
3.50796
3.50792
3.50798
3.50798
3.50799
3.50796
3.50798
3.50797
3.50799
3.50799
3.44149
3.28811
3.31611
3.40511
3.46827
3.47801
3.49498
3.49756
3.36357
3.30326
3.36458
3.36624
3.4279
3.42482
3.46253
3.46032
3.29105
3.2214
3.29106
3.10664
3.20875
3.20597
3.06347
3.10177
3.41919
3.25223
3.273
3.321
3.50464
3.50601
3.49586
3.503
3.11285
3.20449
3.2696
3.05163
3.17864
3.50479
3.50558
3.50483
3.50671
3.50636
3.50723
3.50701
3.50727
3.39173
3.40791
3.43732
3.43167
3.45575
3.45466
3.47638
3.47818
3.49615
3.47434
3.47957
3.49124
3.49386
3.50642
3.5049
3.50732
3.50673
3.50746
3.27471
3.18504
3.03301
3.10083
3.07372
3.20947
3.27273
3.18828
3.03834
3.09601
3.42375
3.45749
3.43317
3.33912
3.3667
3.2698
3.33622
3.30632
3.19468
3.25253
3.07855
3.11922
3.21193
3.2784
3.19888
3.18141
3.10027
3.16806
3.3553
3.43185
3.45722
3.44472
3.48223
3.49792
3.49951
3.48816
3.37738
3.42694
3.43096
3.36026
3.32524
3.04529
3.20662
3.22093
3.23249
3.12112
3.11661
3.28122
3.32884
3.35947
3.39485
3.41484
3.43557
3.44495
3.462
3.50705
3.50761
3.50722
3.50766
3.50595
3.50715
3.45849
3.43667
3.46341
3.34118
3.36876
3.41251
3.32334
3.31586
3.36296
3.35182
3.41324
3.42189
2.85084
2.95494
2.88407
3.31295
3.34527
3.21592
3.1227
3.10034
3.19114
3.2147
3.27402
3.04484
3.11162
2.78602
2.8606
2.87891
2.80299
2.82087
3.01646
2.81442
2.8103
2.9125
3.15315
3.18715
3.22979
3.04691
3.05575
3.33034
3.13526
3.25111
3.32438
3.508
3.508
3.508
3.508
3.508
3.508
3.3767
3.4235
3.41261
3.49044
3.44223
3.46634
3.4619
3.48569
3.48176
2.80462
2.83993
2.79083
3.3162
3.41452
3.09712
3.22749
3.19986
3.50799
3.508
3.50799
3.508
3.508
3.508
2.79689
2.80261
2.87057
2.8072
2.83755
2.80192
2.87593
2.815
2.80294
2.87756
2.80216
2.78188
2.85528
2.7982
2.79547
2.80714
2.84347
2.85133
2.89483
2.79464
2.8538
2.78587
2.79248
2.7893
2.86339
2.86752
2.79592
2.787
2.85988
2.79607
2.80158
2.79614
2.78128
2.85807
2.85752
2.79376
2.79665
2.76873
2.78309
2.84616
2.76463
2.77392
2.84306
2.77583
2.80762
2.83633
2.82807
2.87516
2.78334
2.79507
2.86203
2.80313
2.82738
2.87967
2.83443
2.79083
2.86791
2.79218
2.85443
2.79385
2.78946
2.85929
2.80641
2.79632
2.85507
2.80382
2.79662
2.85665
2.79684
2.79307
2.85058
2.76546
2.78909
2.77615
2.79199
2.82543
2.83151
2.87939
2.79504
2.83488
2.83355
2.88433
2.79661
2.90307
2.95472
2.95579
2.88751
2.89353
3.44103
3.45087
3.44872
3.3562
3.21236
3.3909
3.28966
3.36582
3.45387
3.4369
3.47403
3.49247
3.48877
3.49715
3.4715
3.47897
3.29773
3.01754
3.11122
3.11064
3.2385
3.23454
2.90819
2.98702
2.92187
2.99828
3.03431
3.28912
2.80064
2.86473
2.83959
2.81657
2.77983
2.85748
2.78912
3.03617
3.1379
3.23687
3.11668
3.20264
3.23479
3.1328
2.77738
2.84514
2.79818
2.85958
2.77773
2.79388
2.82874
2.8286
2.87322
2.79776
2.78646
2.85572
2.77702
2.80802
2.83878
2.88273
2.84011
2.79693
2.79505
2.86173
2.86362
2.80695
2.79269
2.86142
2.77528
2.7941
2.7708
2.78965
2.81993
2.81948
2.85484
2.77348
2.79249
2.84509
2.79462
2.85663
2.77551
2.76649
2.78236
2.83851
2.78992
2.78266
2.7945
2.87071
2.82175
2.82991
2.80103
2.79117
2.86857
2.86074
2.79192
2.79894
2.78819
2.85138
2.77601
2.80067
2.81363
2.86691
2.83062
2.78654
2.79114
2.84995
2.83266
2.7754
2.7921
2.77273
2.79326
2.82378
2.82789
2.86839
2.8132
2.79269
2.85853
2.85919
2.77573
2.7738
3.34928
3.37951
3.37314
3.4025
3.41917
3.48586
3.45324
3.46232
2.79332
2.80962
2.84848
3.45076
3.45356
3.47872
3.48946
3.47819
2.83279
2.77661
3.43369
3.30452
3.30048
3.34034
3.18144
2.86969
2.90281
2.91567
2.98877
3.03176
3.225
3.32027
3.20522
3.31507
3.39273
3.30871
3.38542
3.2413
3.49581
3.49463
3.49822
3.50286
3.50358
3.50527
3.50677
2.81054
2.79213
2.85704
3.15527
3.2613
3.31104
3.04007
3.12553
3.10266
3.22715
3.22335
3.50748
3.50793
3.50787
3.50768
3.50776
3.50789
3.25855
3.32715
3.08526
3.13372
3.15781
3.25165
3.26095
3.1394
2.79219
2.80378
2.85325
3.31013
3.03634
3.13734
3.22622
3.16649
3.50798
3.50797
3.50799
3.50798
3.50799
3.26078
3.34552
3.38353
3.41995
3.33999
3.34888
3.15501
3.25051
3.30719
3.07179
3.21976
3.14857
3.50667
3.5063
3.50709
3.50723
3.50732
3.50781
3.50765
3.50758
3.50761
3.45756
3.303
3.36737
3.35775
3.41589
3.42887
3.30257
3.0615
3.126
3.23759
3.25974
3.14089
3.48101
3.419
3.45324
3.43881
3.46092
3.45725
2.81746
2.83691
2.88993
3.35991
3.37865
3.38375
3.4326
3.44157
3.46394
3.07762
3.1565
3.16389
3.28495
3.32987
3.29921
2.8573
2.84499
2.88112
2.90194
2.86263
3.15163
3.28844
3.33484
3.08413
3.16508
3.2796
3.17213
3.00693
2.95059
3.01104
3.02766
3.06076
3.45018
3.31211
3.35812
3.41539
3.40034
3.25429
3.30056
3.0498
3.1016
3.19526
3.30053
3.12614
3.24902
3.50799
3.508
3.50799
3.508
3.50799
3.508
3.03828
3.0886
3.12441
3.1959
3.22772
2.87257
2.79051
2.82029
3.37418
3.37595
3.4283
3.42803
3.45189
3.45064
3.41686
3.44558
3.47459
3.48616
3.47548
3.50208
3.5025
3.50633
3.479
3.42482
3.46374
3.48568
3.47152
3.50789
3.50793
3.50791
3.50797
3.50795
3.50797
3.0487
3.1208
3.0343
2.8449
2.90612
2.86673
2.91693
3.17149
3.13059
3.09172
2.99602
3.4198
3.30862
3.36654
3.33714
3.44991
3.41981
3.41942
3.36501
3.36372
3.211
3.0671
3.13594
3.24735
3.20611
3.508
3.508
3.508
3.508
3.508
3.06436
3.14391
3.1274
3.26313
3.22781
3.30922
3.50798
3.50799
3.50799
3.50799
3.50799
3.508
3.508
3.50733
3.50759
3.50773
3.50781
3.46996
3.49398
3.50288
3.48502
3.49513
3.50035
3.49706
3.15258
3.08649
3.28229
3.33855
3.34348
3.06006
3.11873
3.11792
3.248
3.21799
3.29985
2.80653
2.81942
2.85677
2.89978
2.88235
3.1986
3.0553
3.11407
3.20876
3.28979
3.19751
3.0462
3.09207
3.20137
3.28313
3.20078
3.2986
3.36633
3.43436
3.03171
2.8329
2.87334
3.01472
3.08826
3.03058
2.92915
2.95106
3.02193
3.21679
3.11034
3.21581
3.32324
3.46514
3.47014
3.45617
3.49149
3.49157
3.48063
3.49547
3.49033
3.49729
3.21095
3.28467
3.08079
3.20427
3.20415
3.50784
3.50666
3.50749
3.50695
3.50772
3.50751
3.0482
3.09597
3.11638
3.19629
3.22188
3.28992
3.43537
3.46333
3.49186
3.48815
3.47476
3.45045
3.46637
3.48691
3.46994
3.48802
3.41268
3.40686
3.3433
3.3264
3.27784
3.13405
3.02958
3.09568
3.10594
3.22559
3.21498
3.29971
3.24633
3.35071
3.37151
3.50775
3.50745
3.50752
3.5078
3.50794
3.50779
3.50787
3.50792
3.50786
3.09084
3.30498
3.3821
3.03006
3.09862
3.17933
3.28816
3.23091
3.50749
3.50708
3.5074
3.50768
3.5078
3.50781
3.50772
3.04681
3.11256
3.20029
3.21745
3.29407
3.50797
3.50799
3.50799
3.50799
3.50797
3.50795
3.46643
3.44082
3.45096
3.48308
3.44924
3.43481
3.46286
3.4585
3.407
3.30798
3.27173
2.94383
2.86648
2.92758
2.94971
3.10874
3.21564
3.03347
3.13891
3.21348
3.26845
3.30918
3.09654
3.06441
3.09429
3.19873
3.29059
3.48257
3.44324
3.46442
3.46926
3.47821
3.48771
3.49606
3.4908
3.03772
3.09797
3.11718
3.15785
3.27177
3.20457
3.22855
3.32305
3.40866
3.04455
3.11115
3.209
3.12754
3.16221
3.23259
3.26882
3.31541
3.20609
3.31865
3.09593
3.17581
3.20473
3.26237
3.29605
3.33798
3.19283
2.9661
3.05517
2.85031
2.95309
2.93537
2.83079
2.85747
3.50797
3.50796
3.50799
3.50796
3.50799
3.50799
3.50799
3.50798
3.17145
3.31717
3.29403
3.07551
2.86125
3.14602
3.09706
2.99085
3.06928
2.97139
3.46684
3.45335
3.47996
3.49041
3.49099
3.49835
2.79034
2.78044
3.50791
3.50791
3.50795
3.50796
3.50797
3.48304
3.4926
3.49928
3.50259
3.50452
3.49173
3.50008
3.50405
3.50384
3.49973
3.00431
3.05993
2.86636
2.99231
2.95513
3.0785
2.97774
3.2965
3.10777
3.20929
3.21903
3.0987
3.04362
3.14316
3.2489
3.29707
3.29597
3.36863
3.37988
3.28856
3.36357
3.38887
3.44463
3.46918
3.5078
3.50784
3.50791
3.50795
3.50791
3.50791
2.9302
2.86336
2.89165
2.96342
3.34528
3.43868
3.38551
3.42845
3.45487
3.44404
3.20137
3.21237
3.33705
3.34329
3.12895
3.16909
3.24935
2.84176
2.78772
2.78685
2.81697
2.85713
2.82395
2.82919
2.86871
2.87815
2.91736
2.97086
3.00959
2.86165
2.91255
2.83614
2.91569
3.47214
3.4361
3.40389
3.46398
3.44246
3.46967
3.40568
3.38354
3.42445
2.90104
2.85011
2.92658
2.89702
3.01946
2.98644
2.95801
3.01893
2.91726
3.50725
3.50712
3.50787
3.50776
3.50765
3.50754
3.50795
3.50792
3.05096
2.85674
2.94865
2.94199
2.83464
2.87519
3.49673
3.48701
3.4932
3.47435
3.48197
3.1873
2.95735
2.83963
2.8784
3.00772
3.05832
2.93353
2.87993
2.87483
3.47425
3.48933
3.48072
3.49429
2.94623
2.85429
2.86416
2.93636
3.0164
3.08531
2.95404
2.99886
3.03171
2.92668
2.86289
2.83289
2.87006
3.05895
3.05796
2.87957
2.93238
3.08888
3.28654
3.29315
3.35223
3.18825
3.19693
2.85695
2.98571
3.03708
2.94142
2.86848
3.10097
3.29633
3.32388
3.18893
3.2787
3.50635
3.50776
3.5076
3.50339
3.50358
3.50577
3.50549
3.50681
3.50734
3.50668
2.85494
2.93552
3.01762
2.9368
2.9686
3.01466
2.8678
2.9411
2.95148
3.02844
2.83534
2.86376
2.87726
2.96256
3.29113
3.29376
3.35208
3.19258
3.19518
2.97587
2.8671
2.99693
2.94335
3.01501
3.03942
3.09283
2.95785
3.03539
2.82798
2.86713
2.8575
2.98361
2.95279
2.86752
3.01813
2.85459
2.95355
2.93108
2.82994
2.86535
3.17967
3.13706
2.99699
3.08993
2.83175
2.84984
2.86219
2.95866
2.95826
2.83723
2.87139
3.49243
3.49425
3.49957
3.50112
3.50318
3.5054
2.85665
2.96858
2.86858
2.95572
3.02719
3.04865
3.1125
2.96087
2.83103
2.86902
2.8633
2.93551
3.003
3.02307
3.08381
3.50438
3.50577
3.50564
3.50664
3.50685
3.50718
3.50717
3.5074
3.50739
3.45983
3.45869
3.47648
3.48965
3.46959
3.4643
3.4861
3.48288
3.49502
3.50162
3.50129
3.48987
3.48598
3.47741
3.17965
3.0666
2.85455
2.95091
2.94015
2.82619
2.86219
3.49556
3.5004
3.50441
3.49652
3.50089
3.50607
3.50512
3.50683
3.50661
3.45467
3.43787
3.46941
3.50098
3.48834
3.47252
3.00018
2.91431
2.87561
2.88886
2.84213
2.95985
2.9781
3.03613
3.09612
3.13287
2.89116
2.95104
3.15429
2.96161
2.96218
2.96681
3.0331
3.48047
3.48994
3.50442
3.49724
3.5019
3.4913
3.49477
3.50566
3.50183
3.50438
3.50573
3.50454
3.4204
3.44984
3.47697
3.47797
3.42797
3.44926
3.47918
3.48269
2.88385
2.9764
3.03077
2.86869
2.92683
2.98968
2.86848
2.86659
2.9329
3.02152
3.02335
3.09344
2.85543
2.96972
2.82012
2.85631
2.93743
3.01604
3.01706
3.08041
2.83142
2.8734
3.00887
2.93922
3.02359
3.04397
3.10088
3.38323
3.23223
3.42986
3.38174
3.50778
3.50735
3.50723
3.00841
2.81901
2.85787
2.9239
2.93872
2.87094
3.50785
3.50794
2.9632
3.0194
2.97134
2.8874
2.94722
2.88159
2.95867
3.02628
2.86048
2.84768
2.96772
2.94377
2.8219
2.85961
3.01969
3.0613
2.95057
2.88875
2.8841
2.84745
2.95661
2.82611
2.85784
2.91438
3.00661
2.99791
3.07315
3.50739
3.50735
3.50755
3.50741
3.50773
3.50765
3.39728
3.38881
3.44239
3.43743
3.42148
3.46107
3.48186
2.8296
2.85955
3.02859
2.94357
3.49766
3.50064
3.49703
3.50228
3.50326
3.50481
3.50566
3.4352
3.38536
3.35718
3.44154
3.46703
3.43162
3.44576
3.4693
3.49317
3.39674
3.46627
3.43063
3.45951
3.45465
3.44037
3.49037
3.48576
3.48211
3.4954
3.3867
3.40522
3.34137
3.37712
3.50777
3.50792
3.50785
3.50789
3.50795
3.50795
2.82967
2.85731
2.9644
2.87397
2.93258
3.00831
3.01259
3.08459
3.14898
3.17261
3.23527
3.2697
3.19773
3.12347
2.95489
3.02201
2.8787
2.8643
2.96102
2.94233
2.83105
2.86107
3.50794
3.50796
3.50797
3.50799
3.50797
3.50798
3.50799
3.18351
3.27381
3.35937
3.36321
3.22675
3.24058
3.34505
3.42874
3.40907
3.49416
3.49581
3.50293
3.50558
3.50032
3.50373
3.10372
2.86688
2.98967
2.82052
3.50795
3.50797
3.50799
2.83467
2.86483
3.02707
2.94787
3.4851
3.48887
3.45124
2.96739
3.08974
3.03525
3.11262
2.9318
2.99515
3.07107
3.49476
3.49942
3.50401
3.50534
3.5025
3.5052
3.04735
3.0708
3.1918
3.17858
3.28327
3.27433
3.32752
3.22087
2.99199
2.88409
2.8756
2.84516
2.94626
3.01748
3.03067
3.10969
3.48986
3.49582
3.5016
3.50378
3.50486
3.4958
3.50149
3.32449
3.45339
3.49109
2.99461
2.77707
2.81543
2.76377
3.39121
3.51367
3.38136
2.8839
3.09122
3.21277
2.98301
3.0576
2.86738
2.94105
2.87627
3.3665
3.43252
3.46149
3.2239
3.33922
3.31857
3.38985
3.36893
3.42205
3.44371
2.98735
2.88311
3.07806
2.86159
2.99094
3.03577
2.82726
3.46535
3.46828
3.48702
3.49655
3.41707
3.43253
3.44425
3.45811
3.48093
3.45903
3.46394
3.47544
3.48346
3.48885
3.08879
3.17225
3.03573
2.92551
2.99775
3.01371
3.09092
2.90997
2.85258
2.88723
3.50679
3.50647
3.50705
3.50618
3.50675
3.50703
3.50734
3.50726
3.15372
3.24404
3.27461
3.32303
3.31556
3.13961
3.10611
3.04167
3.22421
3.24016
3.27786
3.48791
3.49417
3.49973
3.4881
3.4941
3.49591
3.50065
3.503
3.50336
3.50131
3.42452
3.4389
3.29489
3.3629
3.42574
3.42979
3.45211
3.44438
3.36712
3.38227
3.30741
3.36432
3.42806
3.34731
3.34052
3.41604
3.45407
3.05279
2.86663
2.96187
2.84392
3.35299
3.3314
3.36362
3.33858
3.38508
3.50777
3.50604
3.50711
3.50393
3.50639
3.50412
3.46259
3.48391
3.47771
3.49025
3.48665
3.49006
3.45609
3.48262
3.4937
3.48622
3.2661
3.33647
3.40332
3.30809
3.3453
3.37724
3.40002
2.89722
2.99133
2.86016
2.88353
2.97991
3.10678
3.04618
3.14407
3.22356
2.84269
2.87283
2.98307
2.87123
2.93726
3.02814
3.02378
3.11553
3.30684
3.35954
3.37212
3.43601
3.43929
3.35148
3.25804
3.39329
3.42556
3.35052
3.23863
3.31223
3.3572
3.33994
2.85457
2.83085
2.91185
3.00442
2.99622
3.06794
3.49346
3.49734
3.49693
3.50296
3.50212
3.50172
3.50482
3.45959
3.48733
3.50753
3.50757
3.50782
3.50793
3.50784
2.85895
2.82372
2.9354
3.00415
3.02912
3.08606
2.8368
2.86188
2.97588
2.8639
2.94856
3.03741
3.02926
3.10423
3.34845
3.41182
3.30739
3.34894
3.35565
3.40983
3.4165
2.83326
2.72601
2.75359
3.45245
3.4708
3.48727
3.47825
3.4993
3.49779
3.48552
3.49147
3.2964
3.36161
3.2214
3.31808
3.27335
3.33471
3.48064
3.47506
3.3205
3.45247
3.4629
3.46091
3.45678
3.44859
3.4762
3.47468
3.48433
3.49026
3.50791
3.50796
3.50797
3.43041
3.45595
3.43974
3.44279
3.46601
3.4708
3.48157
3.47578
3.48617
3.48928
3.49446
3.52771
3.26165
2.88885
3.51837
2.86416
3.38219
3.17041
3.44856
3.46243
3.46367
3.48167
3.4929
3.49096
3.48105
3.49635
3.26303
3.32302
3.32257
3.39344
3.38942
2.86428
2.84398
2.95073
3.02416
3.03474
3.10168
2.82199
2.85287
2.9459
2.85371
2.92944
2.99386
3.01956
3.07575
3.50127
3.49095
3.49446
3.4981
3.49796
3.50289
3.50268
3.50485
3.50449
3.5079
3.50771
3.50785
3.50788
3.50781
3.42208
3.4876
3.44066
3.47095
3.47599
3.46041
2.83944
2.84136
3.02646
2.98707
3.07073
2.92036
2.9259
3.43707
3.457
3.46614
3.48284
3.49586
3.48402
3.50088
3.49703
2.88524
2.81923
2.86689
2.8558
2.97091
3.05992
3.13643
3.09515
2.96563
3.48049
3.49318
3.48595
3.49839
3.49664
3.50007
3.49509
3.4944
3.50106
3.50236
3.50462
3.50684
3.38916
3.29934
3.36431
3.38549
3.41431
3.44468
3.50655
3.50675
3.50717
2.8703
3.16551
2.89131
2.95591
2.99102
3.01923
3.08366
3.17256
3.13647
3.2925
3.32688
3.38814
3.435
3.3989
3.32911
3.29241
3.37123
3.39335
3.41571
3.34508
3.41395
3.41136
3.47305
3.4927
3.4746
3.42772
3.46393
3.45701
3.3501
3.42087
3.40373
3.44475
3.50618
3.50666
3.50714
3.30843
3.36202
3.42562
3.3659
3.42363
3.44533
3.49888
3.50411
3.49839
3.50338
3.49368
3.5014
3.50386
3.50595
3.50507
3.26169
3.32103
3.3999
3.42628
3.44651
3.41504
3.35761
3.36576
2.83633
2.87976
2.85607
3.03228
3.03458
3.11192
2.95745
2.94603
3.38624
3.42565
3.43643
3.45566
3.4732
3.47997
3.3155
3.39956
3.27197
3.32181
3.32389
3.40063
3.38495
3.43195
3.45276
3.4253
2.85233
3.0953
2.87159
2.87209
3.05659
2.94423
2.948
3.15989
3.08931
3.10129
2.86002
2.86135
3.03825
2.94078
2.94313
3.15324
3.08897
2.86267
2.86835
2.88194
2.98007
3.06067
3.14788
2.98183
3.12509
3.05058
3.19533
3.05539
3.22496
3.15957
3.27684
3.49412
3.49767
3.50058
3.5021
3.5037
3.50478
3.50545
2.80861
3.10559
3.00252
3.0352
3.08809
2.9497
2.91219
3.12313
3.12315
3.08219
3.16118
3.15952
3.3052
3.2976
3.36481
3.24922
3.2227
3.30405
3.2828
3.35849
3.18885
3.239
3.06948
3.15099
3.12081
3.08416
3.00168
3.50555
3.50665
3.50667
3.50716
3.50739
3.24733
3.04901
3.16957
3.133
3.45038
3.4839
3.47684
3.48997
3.30552
3.36133
3.42238
3.35679
3.41476
3.45989
3.48048
3.50269
3.50606
3.5059
3.50469
3.48576
3.49809
3.50041
3.49361
3.22405
3.28706
3.3463
3.26499
3.06389
3.18076
3.15144
3.50715
3.50592
3.5055
3.50715
3.50651
3.50764
3.50746
3.49902
3.50254
3.50681
3.5059
3.50318
3.50116
3.50389
3.50617
3.50597
3.49753
3.50093
3.50213
3.50312
3.5045
3.40026
3.4105
3.43092
3.46136
3.4603
3.35713
3.36609
3.42061
3.42308
3.45244
3.19157
3.00977
3.05809
3.24455
3.1265
3.23147
3.32257
3.37205
3.34403
3.428
3.43127
3.46046
3.25035
3.32163
3.31682
3.37438
3.37129
3.3991
3.36253
3.41002
3.45337
3.43942
3.46859
3.50781
3.50771
3.50772
3.50657
3.5067
3.50704
3.50726
3.50745
3.50739
3.50753
3.50725
3.50746
3.50771
3.50775
3.45164
3.46242
3.46359
3.48148
3.48718
3.49397
3.4477
3.44783
3.4623
3.4603
3.48197
3.48285
3.48579
3.49356
3.49196
3.4981
3.50186
3.50239
3.50416
3.50435
3.49989
3.50049
2.83972
2.78748
2.94032
2.83166
2.78847
3.02359
3.06379
2.94537
2.98756
2.92379
2.84039
2.82514
3.3463
3.41981
3.40187
3.44466
3.27987
3.35412
3.31992
3.22953
3.04782
3.18569
3.12763
3.03908
3.1135
3.16123
3.26006
3.34987
3.2157
3.2541
3.3165
3.32709
3.17349
3.01518
3.082
3.22351
3.12395
3.28401
3.23409
3.04965
3.17797
3.14289
3.26004
3.28149
3.36496
3.40542
3.43965
3.35906
3.50797
3.50799
3.50799
3.50797
3.50795
3.50793
3.26689
3.31862
3.40834
3.43998
3.34003
3.41269
3.34929
3.2555
3.30657
3.37982
3.39734
3.42263
3.4283
3.45612
3.20449
2.94336
2.96036
3.00046
3.18587
3.27955
3.41612
3.45855
3.4176
3.4802
3.44156
3.48065
3.50778
3.50746
3.50721
3.50778
3.50762
3.50788
3.50756
3.50778
2.79273
2.83925
2.76306
2.89046
2.8568
3.47381
3.48822
3.48206
3.45656
3.47983
3.49888
3.496
3.49275
3.46482
3.4849
3.47228
3.4904
3.44948
3.43898
3.50778
3.50764
3.50788
3.50795
3.50795
3.50782
3.50791
3.09102
3.08497
3.20725
3.30869
3.3692
3.28851
3.20118
3.31078
3.33904
3.39507
3.4622
3.46167
3.48637
3.48259
3.49374
3.49918
3.50614
3.50457
3.46759
3.47289
3.47795
3.48687
3.50797
3.50799
3.50799
3.508
3.50799
3.50799
3.19581
3.06638
3.17092
3.15873
3.23833
3.06335
3.35996
3.37704
3.42303
3.42326
3.45661
2.83432
2.83836
2.81252
2.91962
2.92768
2.99359
2.93209
3.00587
3.06489
3.42874
3.41617
3.43858
3.46576
3.46194
3.46511
3.4728
3.48745
3.48466
3.48315
3.49343
3.4929
3.49773
3.50741
3.50755
3.27565
3.32397
3.3138
3.40114
3.43355
3.38563
3.44376
3.46334
3.46879
3.19332
3.3076
3.29964
3.35836
3.27312
3.31614
3.32099
3.37765
3.38919
3.39749
3.44812
3.26334
3.34721
3.38922
3.30796
3.35061
3.40174
3.33974
3.40617
3.43194
3.44533
3.47732
3.48134
3.14617
3.00436
3.11834
3.15871
3.22942
3.38791
3.4315
3.44428
3.38226
3.22686
3.23046
3.33046
3.36261
3.30096
2.79315
2.74071
2.757
2.84979
3.35475
3.35583
3.32357
3.38616
2.90503
2.95754
2.75833
2.75283
2.89213
3.3461
3.41013
3.45166
3.4094
2.78307
2.76605
2.76199
2.83117
2.82096
2.82322
2.78016
2.78563
2.77068
2.73957
2.78126
2.82799
2.75108
2.71751
2.79082
2.73716
2.74824
2.82235
2.78536
2.72771
2.88667
2.83071
2.88499
2.782
2.83614
2.72361
2.76083
2.83569
2.79552
2.73432
2.76668
2.77553
2.8302
2.72447
2.7671
2.79081
2.88876
2.81889
2.80617
2.85707
2.9235
2.89362
2.76936
2.83655
2.71985
2.76589
2.78793
2.76316
2.77061
2.84571
2.76447
2.7574
2.76582
2.83432
2.74736
2.75005
2.82406
2.77436
2.78043
2.82145
2.7228
2.76178
2.82966
2.77852
2.73213
2.76596
2.75895
2.81372
2.76674
2.71624
2.75642
2.82584
2.78946
2.7598
2.729
2.76028
2.81926
2.72602
2.76144
2.82467
2.79116
2.76621
2.73337
2.78269
2.82807
2.73537
2.77284
2.79358
2.81506
2.73736
2.75871
2.82899
2.73508
2.76779
2.82537
2.76103
2.76647
2.73304
3.46385
3.4732
3.49023
3.49578
2.79356
2.84714
2.72345
2.76685
3.49303
3.49286
3.50052
3.50003
3.5036
3.50613
3.50494
2.9935
2.97734
3.33287
3.37568
3.13078
3.2611
3.15746
3.28355
3.07482
3.28753
3.16454
3.44654
3.44606
3.4604
3.48108
3.48549
3.49339
2.8638
2.96496
2.89736
2.8537
2.70842
2.74635
3.5077
3.50775
3.50787
3.50782
3.5079
2.94175
3.09179
2.97443
3.11106
3.18583
2.79937
2.86783
2.78483
2.80077
2.81925
2.75413
2.78695
2.75693
2.72201
2.7679
2.8369
2.7199
2.75679
2.82941
2.80018
2.77065
2.73262
2.77982
2.75702
2.75922
2.84188
2.84825
2.79444
2.72131
2.76889
2.79095
2.76792
2.75828
2.81967
2.83616
2.75442
2.82919
2.74114
2.77273
2.79415
2.83705
2.73803
2.77801
2.79692
2.83679
2.74301
2.77656
2.77938
2.83878
2.73799
2.77036
2.823
2.75527
2.77888
2.7231
2.77179
2.78814
2.75645
2.75633
2.80894
2.81259
2.79349
2.84372
2.75287
2.7864
2.76151
2.74964
2.76191
2.8143
2.79067
2.84021
2.74248
2.77709
2.92664
2.79938
2.74492
2.75228
2.8292
2.77777
2.83658
2.73638
2.77297
2.83965
2.76158
2.74414
2.78379
2.78778
2.8287
2.7299
2.77131
3.40648
3.45045
3.47235
3.39574
3.43455
3.4604
2.82328
2.7563
2.70706
2.75866
3.39178
3.27023
3.32104
2.84729
2.81161
2.8956
2.83344
2.83768
2.91284
2.89755
2.94472
2.93423
2.9099
2.83455
2.88089
2.72444
2.77245
2.82397
2.75087
2.769
2.74569
3.20811
3.31631
3.39854
3.3618
3.23583
2.83353
2.76933
2.72952
3.07961
3.06156
3.14267
3.17972
3.22443
3.25007
3.34024
3.36058
2.79752
2.76492
2.75401
2.83844
3.19029
3.20404
3.50581
3.50684
3.50756
3.50692
3.50781
3.50042
3.50365
3.50384
3.50499
3.50473
3.50188
3.27803
3.33003
3.38205
3.41996
3.44946
3.43601
3.50631
3.50733
3.50705
3.50696
3.50738
3.50741
2.78461
2.77865
2.78381
2.82996
3.5079
3.50743
3.50768
3.50774
3.50708
2.93436
2.80783
2.75332
2.77122
2.8629
3.29516
3.24509
3.28445
3.31453
3.35536
3.37302
3.36489
3.43697
2.82776
2.70792
2.71919
3.50795
3.50797
3.50793
3.50797
3.50799
3.50798
3.50799
3.50799
3.50799
3.22991
3.27541
3.35985
3.4059
2.98406
3.033
3.12598
3.03769
3.1625
3.21853
3.27814
3.30158
3.47022
3.50446
3.49109
3.48608
3.49881
3.50107
2.82623
2.85472
3.508
3.508
3.508
3.508
3.32269
3.36937
2.99297
3.05879
3.18264
3.07635
3.16378
3.19464
3.2531
3.06498
3.4444
3.4717
3.4533
3.43887
3.47072
3.48218
3.49087
3.48745
3.49564
3.48032
3.48662
3.17744
3.03252
3.04325
3.15404
3.26537
3.15467
3.23849
3.22392
3.29091
3.31689
3.50288
3.49991
3.49931
3.50153
3.50487
3.50321
3.50766
3.50749
3.5078
3.50783
3.36741
3.43245
3.46455
3.30283
3.37151
3.37385
3.42507
3.43056
3.46665
3.46161
3.508
3.508
3.508
3.508
3.508
3.508
3.50768
3.50776
3.50773
3.50779
3.50764
3.2077
3.19889
3.07347
3.08204
3.18666
3.27735
3.21064
3.09622
3.14234
3.34841
3.24984
3.20728
3.24974
3.31391
3.2966
3.31129
3.37192
3.38789
3.39147
3.41545
3.43756
3.44507
3.06713
3.1655
3.19414
3.45591
3.49503
3.48125
3.49632
3.19382
3.08616
3.07595
3.21218
3.26653
3.36153
3.50799
3.50799
3.50796
3.50798
3.20454
3.27802
3.05876
3.21361
3.16812
3.21114
3.36069
3.26667
3.25753
3.38217
3.42022
2.76584
2.84701
2.77573
2.85045
2.79622
2.73246
2.74675
2.78122
2.82262
3.20501
3.06292
3.21339
3.16708
3.24949
3.25712
3.30224
3.48121
3.40046
3.41971
3.44758
3.41044
3.44012
3.45698
3.43946
3.07453
3.1595
3.24143
3.25083
3.30187
3.2763
3.03003
3.07695
3.19965
2.97678
3.04969
3.0436
3.15454
3.18236
3.25931
3.07482
3.09632
3.20049
3.19037
3.26514
3.25896
3.35285
3.35434
3.508
3.508
3.508
3.508
3.508
3.508
3.508
2.78448
2.8031
2.83681
2.9403
2.93767
2.86426
3.31114
3.36286
3.37716
3.37136
3.42136
3.43074
3.17327
3.05371
2.9989
3.06496
3.1687
3.26545
3.02608
3.05266
2.9912
3.03056
3.02681
3.13911
3.15126
3.12063
3.20249
3.29788
3.3547
3.41067
3.39546
3.06907
3.16733
3.2661
3.26135
3.32877
3.50512
3.50658
3.50601
3.50639
3.50715
3.5067
3.50757
3.50731
3.50509
3.50744
3.50673
3.08106
3.04996
3.19437
3.24198
3.04697
3.05023
2.99639
3.14488
3.14476
3.22955
3.24481
3.30111
3.02209
3.04848
3.13403
3.15988
3.20274
3.28884
3.31796
3.09722
2.87613
2.99808
2.90257
3.0501
3.09376
3.14735
3.20325
3.12571
2.89768
3.01925
2.88166
3.0005
3.05573
2.99982
3.0464
3.04765
3.15153
3.14368
3.15721
3.21507
3.2652
3.30016
3.49272
3.49762
3.50197
3.50465
3.49849
3.50002
3.50375
3.50645
3.50631
3.50475
3.50583
3.50611
3.00511
3.05553
3.16155
3.18716
3.06654
3.00096
2.82754
2.78941
2.84082
2.73184
2.80499
2.73832
2.79586
3.5073
3.50618
3.50613
3.0054
3.27644
3.06039
3.15331
3.18164
3.08071
3.01339
2.96816
3.01645
2.98704
3.03543
3.11662
3.14503
3.21247
3.26371
3.27311
3.30702
3.3495
3.38506
3.41511
3.44975
3.31035
3.33531
3.40468
3.38324
3.44793
3.42231
3.5079
3.50783
3.50796
3.50792
3.50797
3.35613
3.39735
3.42716
3.42913
3.42327
3.44535
3.44624
3.42713
3.47178
3.45717
3.09729
3.07736
3.16744
3.19995
3.24904
3.24679
3.34983
3.34538
3.4493
3.45155
3.46528
3.47409
3.48078
3.49391
3.23235
2.94902
2.96395
3.05776
3.15198
2.94733
3.14521
3.01786
3.03052
3.16469
3.22327
3.22656
3.27136
3.20655
3.45986
3.34192
3.29315
3.40047
3.37256
3.42694
3.50791
3.50797
3.50789
3.50799
3.50794
3.50798
3.45009
3.36716
3.43617
3.33276
3.48209
3.49221
3.49923
3.47629
3.48784
3.48689
3.49728
3.49852
3.32727
3.4026
3.38547
3.4173
3.43582
3.40257
3.4324
3.43684
3.47623
3.47789
3.47847
3.49049
3.50798
3.50799
3.50799
3.50799
3.45196
3.47962
3.45467
3.47507
3.43385
3.48663
3.47177
3.48743
2.81304
2.86609
2.97226
3.02314
2.84977
2.95235
2.6812
2.69353
2.75011
2.78361
2.84846
2.93717
2.74736
2.85289
3.05118
2.98945
3.03314
3.16263
3.26944
3.15363
3.23842
3.30874
3.04548
3.00025
3.15013
3.17586
3.24468
3.25863
3.29785
3.04347
2.9863
3.04595
3.06944
3.15937
3.16988
3.18618
3.46684
3.4695
3.48556
3.48525
3.49568
2.99658
3.04786
3.13567
3.22816
3.34867
3.01546
3.12696
3.21361
3.21989
3.28606
3.47293
3.49654
3.49679
3.4476
3.47943
3.46651
3.45589
3.47427
3.4205
3.44169
3.47103
3.48192
3.46741
3.26019
3.29
3.33365
3.18408
3.16214
3.23741
3.22388
3.34273
3.34295
3.16945
3.1494
3.06057
3.16758
3.2476
3.30283
3.2569
2.80889
2.70318
2.70882
3.5067
3.50334
3.48858
3.50292
3.49918
3.06275
2.91186
2.94422
2.9705
2.89752
2.86215
2.83915
3.15086
3.16759
3.20645
3.22208
3.16782
3.05349
3.0754
3.36308
3.23027
3.40627
3.32308
3.22542
3.15706
2.86427
2.82347
2.7784
3.06091
2.99508
3.05593
3.17045
3.1858
3.28289
3.40166
3.41354
3.45289
3.44727
3.43002
3.46887
3.45279
3.4765
3.03297
3.07216
3.03366
3.054
3.18157
3.27342
3.37734
3.2015
3.27195
3.27934
3.38078
3.37891
3.48611
3.37201
3.42396
3.40332
3.46261
3.45544
2.95374
2.82064
2.82987
2.92413
2.85275
2.85478
2.94157
3.01535
2.96346
3.3752
3.42331
3.43237
3.46771
3.48496
3.48876
3.49457
3.46762
3.36812
3.33455
3.38779
3.43222
3.4058
3.07866
3.01003
3.07427
3.19272
3.21145
3.29567
2.84217
2.93904
3.02369
2.82838
2.96887
2.94651
2.78474
2.8024
2.83746
3.35678
3.41989
3.43705
2.84313
2.85864
2.94524
3.05431
3.12095
3.09895
2.89388
2.80867
2.92376
2.86337
2.89758
2.92151
2.81112
2.83258
2.96294
2.83271
2.85049
2.94273
2.93385
3.01094
2.8083
2.83562
3.08532
3.18983
3.26391
3.23625
3.35407
3.34211
2.99694
3.05565
3.16094
3.24118
3.30598
3.21988
3.08062
3.19563
3.25302
3.27836
2.91847
2.79314
2.8117
2.83896
3.01544
2.83056
2.83961
2.96239
2.94471
3.4779
3.49312
3.49849
3.50253
3.49988
3.48765
3.0341
2.88216
2.95296
2.87537
2.85176
2.98627
3.07625
3.02705
3.17715
3.12866
3.07625
3.35387
3.18552
3.25545
3.23368
3.35077
3.34232
3.16218
2.92368
3.08762
3.1201
3.21392
3.08749
3.12399
3.22581
3.29514
3.39281
2.90003
2.90267
2.79341
2.80722
2.9025
2.85735
2.93196
3.0047
2.92019
3.38816
3.41711
3.42004
3.50666
3.50742
3.50253
3.50547
3.50499
3.50582
3.508
3.508
3.508
3.508
3.508
3.508
3.0806
3.18534
3.25427
3.33874
3.2546
3.28641
3.34937
3.33908
3.10985
3.22065
3.29919
2.90358
2.79692
2.81139
2.89487
2.85537
2.92001
3.00581
2.92657
2.90155
2.89499
2.77864
2.80468
2.895
2.83645
2.91362
3.00483
2.91131
2.93514
2.84538
2.90559
2.99837
2.83051
2.80542
2.83493
2.80645
2.8323
2.94421
2.92572
3.13201
2.79745
2.81872
2.84315
2.8514
2.92757
2.96761
3.04795
2.80816
2.78931
2.89132
2.92835
3.02051
2.86888
2.94736
2.79425
2.81783
2.83738
2.96753
2.84123
2.9406
2.83836
2.85978
2.94272
2.9508
3.02051
3.50669
3.50544
3.50604
3.5075
3.50728
3.50785
3.50763
3.50788
3.50218
3.49815
3.50312
3.50084
3.50535
3.506
2.80021
2.83569
2.94449
2.80201
2.8204
2.9226
2.83939
2.83566
2.92664
2.93325
3.00122
3.12957
2.80504
2.82434
2.85026
2.84999
2.9306
2.99256
3.05218
2.83603
2.94129
2.84142
2.93727
2.89574
2.99255
2.78967
2.81849
2.9211
2.82561
2.80829
2.82927
2.92373
2.84585
2.908
2.92775
2.98255
2.83027
2.80355
2.98859
3.04335
3.1631
3.24128
3.29846
3.03399
3.14043
3.2275
3.23446
3.30055
3.31496
2.86163
2.97519
2.89969
3.04042
3.00319
2.8371
2.92731
2.80893
2.83211
2.93188
2.84705
2.90726
2.93739
2.98647
2.83369
2.80149
2.80069
2.81239
2.90517
2.83484
2.91064
2.99528
2.90893
3.04598
2.85311
2.93594
3.01773
2.84055
2.96413
2.79444
2.81314
2.83719
2.9479
2.80122
2.93503
2.83421
2.79218
3.41718
3.41415
3.45346
3.45804
3.46614
3.47201
3.47874
3.48479
3.39771
3.43315
3.40716
3.43706
3.46433
3.46857
2.95235
2.85758
2.93253
3.00974
2.80196
2.8485
2.81114
2.92318
2.83145
3.49884
3.50254
3.50523
2.8601
2.95435
2.84622
2.96262
2.85834
2.9537
2.92563
3.0164
2.79473
2.83365
3.3287
3.33398
3.38383
3.39807
3.44606
3.45375
3.50761
3.50726
3.50706
3.50735
3.49859
3.49729
3.50384
3.50371
3.50563
2.81897
2.83988
2.94037
2.93291
3.01792
2.84179
2.79559
2.90437
2.93729
2.78989
2.81433
2.84546
2.85443
2.94247
3.01475
2.92241
2.79291
3.04717
2.78528
2.98272
2.84283
2.85451
2.95336
2.83281
2.86298
2.94705
2.948
3.00871
2.86058
2.80953
3.30221
3.27369
3.36966
3.36304
3.40995
3.4087
3.37691
3.41377
3.45872
3.45329
2.83414
2.78316
2.80974
2.82512
2.9472
2.94291
2.82359
2.85009
2.93562
2.9489
3.00731
2.83595
2.79161
2.81903
2.87233
2.96363
2.94265
2.83426
2.85436
2.93265
2.9639
3.0142
3.50799
3.508
3.508
3.508
3.508
3.508
3.50716
3.50767
3.50758
3.50784
3.50786
2.81088
2.84254
2.93573
2.85576
2.80346
2.94126
2.85121
2.92776
3.00907
3.32723
3.43752
3.3974
3.31474
3.39027
3.42013
3.34109
3.16025
3.19238
3.49679
3.50183
3.50129
3.50439
3.50431
3.50548
3.50579
2.91946
2.79181
2.81313
2.83378
2.82409
2.90772
2.99799
2.9127
3.4929
3.4993
3.44762
3.48217
3.4958
3.24044
3.29746
3.35417
3.33822
3.3796
3.38049
3.50581
3.50524
3.50534
3.44533
3.49104
3.43891
3.45368
3.47465
3.47126
2.83031
2.83913
2.87236
2.95804
3.03916
2.97388
3.00499
3.17539
3.14568
3.44488
3.4778
3.49038
3.47175
3.47514
3.48581
3.48143
3.48963
2.78044
2.8023
2.89143
2.79791
2.84346
2.8988
3.00637
3.07591
2.9463
3.00969
3.38376
3.38144
3.42252
3.45158
3.42808
3.18228
3.29622
3.43642
3.22538
3.2865
3.32741
3.20918
3.36117
3.29421
3.37484
3.4119
3.45426
3.3707
3.38694
3.41394
3.43482
3.44981
2.86095
3.0102
2.8834
2.99834
3.07594
2.98724
2.85828
2.82372
3.32779
3.39915
3.4401
3.50795
3.50795
3.50798
3.50799
3.50797
3.50799
3.50794
3.50797
3.50796
3.50799
3.50798
3.41043
3.27377
3.38682
3.21138
3.42881
2.83894
2.83977
2.91999
2.81478
2.80673
2.81689
2.91537
2.98969
2.9327
3.052
3.09226
3.08771
3.1913
3.27221
3.36893
2.7848
2.81474
2.82708
2.85641
2.93323
2.9596
3.01529
2.81199
2.85369
2.86792
2.95967
2.97162
3.02955
3.32013
3.13637
3.39609
3.4019
3.00444
2.80367
2.90293
2.95875
2.8234
2.84562
2.95467
2.85382
2.78487
2.81114
2.82759
2.8528
2.92413
2.9526
3.00374
2.86941
2.94817
2.86377
2.82052
3.00036
3.05985
2.76613
2.79877
2.83412
2.94626
2.83169
2.94205
2.80719
2.84248
2.93571
2.94133
3.02091
2.81376
2.8527
2.93289
3.03276
2.84869
2.78559
2.93093
2.95461
2.84814
3.49974
3.49554
3.48661
3.4953
3.4963
3.50134
3.50352
3.49994
2.84866
2.92891
3.02283
2.7957
2.84225
2.96525
2.95137
2.83638
3.49505
3.49837
3.50166
3.5025
3.50087
3.50321
3.50486
3.50294
3.50527
3.50432
3.50582
3.42907
3.4293
3.45544
3.4547
3.40743
3.35525
3.25943
3.30139
3.36068
3.39877
3.4167
3.39191
3.46222
3.48007
3.44649
3.38428
3.39056
3.32609
3.29954
3.508
3.508
3.508
3.508
2.93248
2.96748
3.2221
3.12903
3.16594
2.99768
3.07244
3.00282
3.42253
3.42761
3.48962
3.44758
3.43454
3.48023
3.46577
3.48613
3.39053
3.41475
3.38074
3.4096
3.42813
3.49663
3.08725
2.82287
2.78516
2.68088
2.70114
3.51604
2.85898
3.08562
3.34078
2.81132
2.85306
2.95104
2.95255
3.04052
2.83926
2.79758
2.78828
2.85787
2.88201
2.94822
2.96646
3.01489
3.09096
3.37022
3.32667
3.39394
3.37754
3.41765
3.31801
2.86999
2.95892
3.03849
2.84923
2.80268
2.96276
2.81253
2.84456
2.85188
2.93084
2.94868
3.00756
2.78003
2.82426
2.85084
2.94019
2.9596
3.02078
3.41193
3.27418
3.38814
3.42655
3.21141
2.81537
2.78723
2.92709
2.84643
3.0146
2.83875
2.95104
2.94328
2.88526
2.92333
2.74309
2.69451
3.50694
3.50714
3.50733
3.50762
3.50751
3.50729
3.5077
3.50679
3.50637
3.50735
3.50739
3.50778
3.01051
2.9258
2.91518
3.01802
3.20418
3.07921
3.14771
3.21939
3.24172
3.26096
2.82196
2.87488
2.9957
2.84022
2.81299
2.895
2.94587
2.99608
3.08349
3.04732
2.78284
2.82732
2.84906
2.91973
2.95713
2.99923
3.508
3.508
3.508
3.508
3.47496
3.43709
3.4378
3.4099
3.46352
3.4637
3.29536
3.38077
3.26542
3.22748
3.35861
3.31391
3.37871
2.84417
2.90642
2.8063
2.79603
2.90674
2.84621
2.86106
2.8703
2.9276
2.93833
3.00958
3.47927
3.47531
3.49559
3.50163
3.48853
3.49842
3.48871
3.49804
2.81298
2.80628
2.76278
2.81585
2.95062
3.00214
3.07392
3.03291
2.96224
2.82057
3.06051
2.93418
2.8956
2.81284
2.92518
2.86788
3.03451
3.05819
2.94108
2.98225
2.97345
3.22128
3.21941
3.28598
3.08241
3.06771
3.50488
3.50366
3.50518
3.50618
3.50648
3.5066
3.50696
3.49842
3.49942
3.50393
3.50513
3.50599
3.5063
3.50316
3.50368
3.49681
3.49727
3.50267
3.50168
3.50447
2.81089
2.80024
2.91867
2.85038
2.81349
2.82555
2.95748
3.02896
3.07038
2.9492
2.99911
3.47509
3.48546
3.435
3.45272
3.46124
3.50777
3.50784
3.50791
3.50794
3.49535
3.50183
3.48535
3.49453
3.49492
3.50119
3.50122
3.50392
3.27689
3.23503
3.30956
3.3818
3.39485
2.92666
3.01611
3.09373
3.05674
3.19291
3.22046
3.25285
3.27147
3.42201
3.43929
3.46731
3.48409
3.49276
3.48763
3.46857
3.47101
3.48612
3.48088
3.49437
3.47232
3.46329
3.45937
3.508
3.508
3.508
3.508
3.50382
3.49465
3.50246
3.50457
3.46713
3.48395
3.49313
3.5005
3.49245
3.49633
3.49664
3.5012
3.50177
3.5076
3.50787
3.50779
3.5079
3.50769
3.50795
3.40836
3.44113
3.50786
3.50792
3.50581
3.50697
3.50755
3.50695
3.50686
3.50751
3.50755
3.50776
3.37611
3.47752
3.41024
3.45651
3.4875
3.48002
3.49327
2.60178
2.64118
3.21571
3.28118
3.28361
3.27202
3.3716
3.37083
3.37552
2.79629
2.64975
2.71942
2.91849
3.04801
3.1322
2.88611
3.10457
3.47847
3.48745
3.50359
3.49965
3.49871
3.49188
3.4909
3.50125
3.49983
3.50543
3.50522
3.50283
3.50523
3.50476
2.81123
2.80299
2.83484
3.07324
3.0765
3.17411
3.23616
2.93597
3.09549
3.19088
3.09916
3.33629
3.21181
3.15709
2.83352
2.8548
2.86652
3.11974
3.05188
3.00188
3.00774
3.09945
3.13997
3.08682
2.75473
2.65218
2.62883
2.768
2.66713
2.70395
2.62664
2.78038
2.63648
3.49242
3.50032
2.98127
2.8151
2.76043
2.75808
2.64994
2.59104
2.65395
2.69381
2.6045
2.75703
2.63895
2.89734
2.71015
2.61421
2.80012
2.68006
2.68229
2.61391
2.76904
2.67134
2.7674
2.674
2.62252
2.7733
2.67662
2.75586
2.67931
2.6007
2.65982
2.90785
2.63235
2.58517
2.80742
2.71442
2.75866
2.66511
2.61648
2.71641
2.62807
2.75284
2.6642
2.61394
2.74525
2.65526
2.73505
2.66958
2.57625
2.77235
2.69398
2.67517
2.60743
2.76304
2.67865
2.69006
2.60564
2.69444
2.89844
2.75883
2.67359
2.59889
2.71945
2.66118
2.7583
2.68943
2.60076
2.70786
2.64943
2.75672
2.66654
2.60247
2.68661
2.8981
2.75159
2.64947
2.60782
2.74127
2.65261
2.91874
2.77201
2.65611
2.61566
2.74393
2.65677
2.71123
2.61633
2.58672
2.67988
2.9118
2.77657
2.64937
2.63386
2.7577
2.65822
2.90161
2.7484
2.66346
2.58838
2.72455
2.67232
2.7818
2.67612
2.64975
2.77287
2.66823
2.67863
2.61936
2.81313
2.69861
2.90524
2.71446
2.6051
2.75787
2.63771
2.9097
2.76445
2.65915
2.61609
2.75366
2.65424
2.67078
2.62653
2.66237
2.7711
2.78595
3.50443
3.49743
3.48845
3.50347
3.50132
3.49765
2.76436
2.82719
2.81411
2.94955
2.94394
2.77697
2.86196
2.69145
2.68927
3.50727
3.50766
3.50748
3.50781
3.50773
2.74212
2.65424
2.63002
2.68103
2.76569
2.74674
2.65927
2.59568
2.67778
2.7661
2.67332
2.61415
2.75203
2.65109
2.65968
2.58479
2.76512
2.66869
2.64253
2.57958
2.75623
2.6425
2.75672
2.64406
2.62158
2.75188
2.66438
2.76534
2.6787
2.60862
2.68278
2.75069
2.65712
2.59661
2.67965
2.75605
2.66159
2.61712
2.74111
2.65331
2.75551
2.6712
2.57464
2.66359
2.93768
2.96248
3.253
3.06613
3.16687
3.18042
3.09375
3.19434
3.02432
3.05157
2.95703
2.79155
2.69043
2.61487
2.79255
2.67695
2.75702
2.66674
2.61809
2.75037
2.66273
2.66891
2.59113
2.7552
2.67697
2.65837
2.59608
2.75672
2.65659
2.75892
2.64115
2.6357
2.76775
2.67861
2.75216
2.66316
2.62486
2.75435
2.67392
2.77308
2.69163
2.62637
2.75205
2.65776
2.76004
2.67084
2.61449
2.73969
2.65016
2.74228
2.65796
2.61515
2.7481
2.65935
2.75631
2.66999
2.61655
2.74128
2.66035
2.68246
2.59991
2.75094
2.65011
2.75092
2.64435
2.57486
2.66094
2.7582
2.67462
2.61825
2.7393
2.65346
2.66464
2.69586
2.63235
2.74507
2.72734
2.68136
2.68315
2.62039
2.77011
2.76591
2.80093
2.65994
2.65668
2.82333
2.71346
3.28667
3.31465
3.39581
3.25807
3.39488
3.41907
3.3144
2.66078
2.65945
3.50425
3.50536
3.50334
3.50564
3.50511
3.50599
2.6794
2.58375
2.67899
3.47097
3.43964
3.48183
3.49579
3.49712
3.48085
3.47258
3.38147
3.30678
3.3825
3.38577
3.30265
2.74313
2.68171
2.59657
2.65574
3.43833
3.46214
2.78058
3.06325
3.32037
3.52082
2.75941
2.86566
3.03305
3.05977
3.13654
3.32296
3.38683
3.40446
3.49407
3.49984
3.49971
3.50405
3.50555
3.40297
3.47652
3.47678
3.44644
3.44813
3.46034
3.44365
3.38738
3.3285
3.43624
3.37053
3.42273
3.47593
3.47305
3.48811
3.49694
3.47262
3.48526
3.49422
3.48423
3.49446
3.27505
3.23083
3.13411
3.02713
3.17903
3.08033
3.14979
2.74425
2.64258
2.63788
2.67546
2.6189
2.78262
2.71625
3.40772
3.44195
3.30094
3.08002
3.35568
3.33652
3.29367
3.23682
3.09866
3.08112
3.12941
3.2199
3.18735
3.29244
3.2989
3.3443
3.28621
3.28172
3.22115
3.38147
3.38252
3.40525
2.61468
2.62439
2.78047
3.13065
3.04469
3.08967
3.20654
3.25505
3.03042
3.14703
3.44409
3.46856
3.48519
3.48519
3.49452
3.49556
3.36255
3.25658
3.3022
3.35207
3.40126
3.35425
3.24851
3.29503
3.38294
3.37593
3.40288
3.38376
3.42472
3.3255
3.34742
3.47275
3.46273
3.3797
3.29797
3.41561
3.37072
3.37627
3.38216
3.39851
3.41484
3.46543
3.23996
3.29772
3.30685
3.37511
3.37079
3.41263
3.508
3.508
3.508
3.508
3.50799
3.508
3.508
3.508
3.508
3.17063
2.98511
3.04817
3.16656
3.17057
3.06216
2.76562
2.89295
2.87921
3.09926
3.08293
3.15458
3.37901
3.32922
3.40372
3.42781
2.91368
2.98114
3.01595
2.94352
2.80632
2.86828
2.67491
2.57622
2.78817
3.30094
3.3787
3.42492
2.55724
2.93456
2.61021
2.83544
2.61487
2.80243
2.75308
2.581
2.56957
2.77155
2.57239
2.60144
2.76087
2.75224
2.57238
2.61577
2.54164
2.56182
2.75103
2.57938
2.76472
2.78284
2.60121
2.56332
2.57539
2.54681
2.74509
2.54832
2.54992
2.55866
2.5667
2.5868
2.76929
2.53608
2.55019
3.29896
3.24534
3.37353
3.38812
3.41953
2.55961
3.50607
3.50301
3.4976
3.49268
3.49853
3.49976
3.50385
3.5043
3.50546
3.50673
3.00554
3.01355
3.03821
3.07556
3.0437
3.19381
3.16836
3.16846
3.26041
3.29262
3.2348
3.27995
3.35663
3.27965
3.22596
3.38139
3.42434
3.30401
3.37803
3.41899
3.3647
3.41582
3.49928
3.50384
3.48454
3.48805
3.50084
3.50431
2.57589
2.5412
2.73293
2.78478
2.60768
2.55583
2.55012
2.74688
2.56423
2.75304
2.56472
2.56303
2.76387
2.57455
2.75742
2.5802
2.55001
2.76634
2.57942
2.55309
2.56567
2.73835
2.57338
2.75061
2.56948
2.57932
2.5551
2.54191
2.5506
2.57419
2.75091
2.74827
2.56611
2.56147
2.5648
2.54216
2.56263
2.7294
2.85426
2.77797
2.54535
2.51872
2.81712
2.89735
3.03559
2.86767
3.04721
3.13318
3.31399
3.37762
3.42131
3.47003
2.54789
2.63312
3.08932
3.18954
3.2516
3.07978
3.05359
3.17518
3.15117
3.5057
3.50517
3.50695
3.50692
3.50748
3.50712
3.50772
3.50765
2.69688
2.57876
2.64841
3.00845
3.03121
3.07041
3.03682
3.19487
3.17732
3.2597
3.28068
3.37
3.25383
3.3374
3.25869
3.14641
3.34353
3.05283
3.06014
3.11412
3.17931
3.21596
3.33141
3.30371
3.37521
3.3409
3.38712
3.00778
3.0128
3.06662
3.02994
3.14521
3.18622
3.25131
2.99825
3.02197
3.06113
3.03068
3.19631
3.18085
3.26022
3.03454
2.91798
2.70726
2.8221
2.96613
2.87309
3.50611
3.50704
3.5074
3.50683
3.50603
3.50647
3.50718
3.18406
3.02848
3.0845
3.18582
3.25695
3.03155
3.15346
2.65542
2.6472
2.64379
2.72414
2.75195
2.8603
2.87266
3.19241
3.39526
3.18784
3.25364
3.34008
3.40384
3.42425
3.42196
3.45953
3.46857
3.43817
3.50623
3.50728
3.50613
3.50702
3.2533
3.14506
3.29643
3.3412
3.40362
3.45793
3.43042
3.44218
3.05206
3.15468
3.23667
3.16857
2.98303
3.00586
3.05319
3.1663
3.26138
2.75772
2.5704
2.58399
2.84945
2.84293
2.79388
2.9848
2.97807
3.13859
3.42083
3.43617
3.46689
3.45759
3.45367
3.4752
3.47461
2.83568
2.58575
2.63177
3.14099
3.24995
3.27181
3.12765
3.05758
3.5018
3.49838
3.489
3.47425
3.4812
3.49123
3.48303
3.4601
3.45832
3.00709
3.08278
3.05834
3.20407
3.17024
3.27135
3.02775
3.04395
3.26174
3.17467
3.16195
3.04684
3.12418
3.14748
3.23391
3.26837
3.00452
3.04244
3.19362
3.08706
3.28409
3.21063
3.26006
3.17923
3.14849
3.50799
3.50799
3.50799
3.508
3.508
3.508
3.45962
3.46485
3.42213
3.42677
3.47943
3.4856
3.49867
3.43435
3.38999
3.46023
3.48031
3.47939
3.4469
3.45578
3.4711
3.47089
3.48904
3.48969
3.50111
3.50003
3.50187
3.50349
3.50455
3.50535
3.14673
3.27223
3.16255
3.34876
3.28672
3.50751
3.50776
3.50767
3.50783
3.50781
3.50788
3.39346
3.43407
3.46599
3.4737
3.43521
3.47391
3.44263
3.48797
3.47119
3.02175
3.01551
3.10329
3.21078
3.1725
3.06954
3.27233
3.08239
3.2363
3.04931
3.14512
3.25824
3.10731
3.26361
3.48108
3.42133
3.44745
3.4182
3.46733
3.48909
2.81426
2.93586
3.0376
3.02575
2.67947
2.77343
2.78923
2.93996
2.96047
3.06347
3.03329
3.06409
3.10469
3.2285
3.19091
3.31269
3.45258
3.23488
3.15885
3.34378
3.24939
3.36236
3.42011
3.43293
3.36963
3.47736
3.48125
3.46744
3.42747
3.4595
3.46252
3.4081
2.81427
2.938
3.04609
3.03818
2.68924
2.78227
2.79882
2.95605
2.97919
3.40993
3.43966
3.45021
3.19041
3.0574
3.09112
3.04324
3.09714
3.16779
3.07493
3.20411
3.32206
3.251
3.26377
2.53704
2.59295
3.19908
3.10051
2.96358
3.05912
3.05707
3.19909
3.08971
3.06073
3.09612
3.21671
3.32905
3.28804
3.27244
3.27583
3.40398
3.33595
3.3745
3.4545
3.4438
3.50684
3.50592
3.50594
3.5069
3.50696
3.50736
3.50737
3.50772
3.50772
3.06076
3.13185
3.12665
3.20596
3.28903
3.32815
3.27848
3.35341
3.37375
3.31365
3.18032
3.07561
3.05093
3.07313
3.19142
3.30729
3.26743
3.24953
3.49292
3.49495
3.50289
3.50204
3.49046
3.49743
3.41342
3.44156
3.43621
3.45185
3.46195
3.48633
3.48793
3.49455
3.46407
3.47162
3.15201
3.15592
3.04783
2.88772
2.90512
3.09325
3.42574
3.4433
3.46329
3.47099
3.47978
3.47428
3.49182
3.50794
3.5079
3.50788
3.50793
3.50796
3.5079
3.50795
3.50795
3.50797
3.50797
3.50798
3.50799
3.50798
3.39683
3.43534
3.47759
3.44191
3.47973
3.48171
3.02283
2.8701
3.01812
3.0472
2.78186
2.92802
2.69323
2.7522
2.97688
2.88507
2.88297
3.30054
3.3536
3.37391
3.43266
3.40993
3.16887
3.13951
3.27756
3.38024
3.37432
3.27551
3.50508
3.50737
3.5064
3.50709
3.5063
3.50718
2.97484
3.02369
3.1316
3.23915
3.14894
3.14629
3.09044
3.06693
3.16821
3.16287
3.19988
3.27923
3.32334
3.24303
3.14752
3.02327
3.24146
3.26121
3.09217
3.07747
3.2132
3.20298
2.54113
2.79242
2.61467
3.1852
3.08837
3.06012
3.08801
3.21392
3.31683
3.2843
3.26574
3.43964
3.47395
3.47978
3.49986
3.50051
3.50291
3.50377
3.50525
3.50576
3.50557
3.50649
3.50638
3.39099
3.41645
3.4647
3.45886
3.45908
3.41638
3.42849
3.23369
3.27998
3.32275
3.37204
3.3962
3.50592
3.50605
3.50676
3.50685
3.2554
3.06314
3.02662
3.12259
3.08522
3.22823
3.1768
3.50688
3.50688
3.50701
3.39242
3.46084
3.42895
3.4388
3.47087
3.42677
3.4836
3.49139
3.48303
3.46771
3.2522
3.04544
3.1502
2.96806
3.2357
3.25233
3.12703
3.17808
2.89881
3.0292
3.0311
3.14091
3.06649
3.01065
3.06835
3.19969
3.28441
3.24271
3.24346
3.33211
3.24674
3.29783
3.32646
3.4118
3.39464
3.4059
3.41007
3.50795
3.5078
3.50766
3.50778
3.50791
3.50792
3.50753
3.50776
3.5079
3.508
3.508
3.508
3.508
3.508
3.508
3.508
3.508
3.508
2.71112
2.82592
2.98515
2.78998
2.8048
2.85657
2.95507
2.97535
3.03708
3.46646
3.4295
3.43169
3.46972
3.48126
3.46544
3.40866
3.37154
3.42722
3.46365
3.46123
3.47914
2.93555
3.06417
3.03454
3.15188
3.06878
3.04022
3.10185
3.23368
3.29296
3.26832
3.26171
3.50781
3.50793
3.50773
3.50787
3.50795
3.5079
3.50798
3.50796
2.71935
2.70892
2.81599
2.48415
2.47393
2.79481
2.96763
2.68079
2.78797
2.8049
2.9451
2.9623
3.37706
3.26137
3.28958
3.37737
3.42678
3.41738
3.46741
3.46918
2.68383
2.79544
2.92399
2.74578
2.78802
2.92642
2.93604
2.81884
2.96234
2.79589
2.95024
2.97586
2.69839
2.78436
3.44609
3.45211
3.43031
3.46065
3.23834
3.28644
3.32979
3.37672
3.39728
3.42739
3.49815
3.48578
3.50243
3.50223
3.50519
3.48473
3.493
3.49625
3.49839
2.81062
2.95816
2.79014
2.957
2.99493
2.7023
2.7897
3.20402
2.75444
2.93188
3.06941
2.80022
2.96408
2.79962
2.98541
3.02918
3.06505
3.20321
3.09946
3.25232
3.28325
3.33499
3.31064
3.17807
3.20603
3.50642
3.50721
3.5065
3.50701
3.50699
3.50739
3.50738
2.66848
2.79405
2.93174
2.7339
2.77929
2.93353
2.95412
2.5428
2.49474
2.68024
3.28344
3.33321
3.20167
3.14758
3.1845
3.27739
2.79553
2.96275
2.81266
2.96473
2.994
2.71122
2.79351
3.47535
3.4087
3.43337
3.44934
3.45577
2.97392
2.86454
2.86845
3.18622
3.12729
3.2446
3.01072
3.1494
3.16029
3.50617
3.50677
3.5073
3.50787
3.50765
3.50788
3.50745
2.67528
2.81269
2.96807
2.77439
2.79781
2.95871
2.98385
3.506
3.507
3.50739
3.50697
2.86291
3.02612
3.09255
2.7248
2.8251
2.81872
2.97182
2.97075
3.4885
3.49923
3.49947
3.48274
3.49232
3.47516
3.487
3.49512
3.49766
3.41729
3.43272
3.46157
3.46786
3.3778
3.3727
3.508
3.508
3.508
3.508
3.508
3.508
3.508
3.508
3.508
3.508
3.508
3.508
2.79563
2.99169
2.68673
2.79104
2.82635
2.96886
2.98835
2.99634
3.02437
3.05972
3.06277
3.02896
3.2045
3.31245
3.18878
3.18071
3.308
3.25508
3.33187
3.508
3.508
2.82336
2.99119
2.70993
2.79918
2.79138
2.95768
2.95143
2.95463
3.08526
3.1968
3.24384
3.05587
3.14053
2.84652
3.07965
2.69453
2.83968
2.80909
3.03317
2.9663
3.10369
3.28127
3.42119
3.36682
3.32854
3.41743
3.39744
3.43049
3.45614
3.45047
3.22807
3.27236
3.33607
3.34011
3.40228
3.36156
3.44229
3.42415
2.79889
2.69567
2.77381
2.80344
2.95379
2.99749
2.95602
3.05371
3.16935
3.098
3.08013
3.1143
3.22944
3.27982
3.29258
3.24528
3.01473
3.03736
3.08762
3.20993
3.24166
3.27995
3.24613
3.18688
3.18861
3.02386
3.11244
3.1867
3.09702
3.22784
3.28801
2.81352
2.68127
2.78469
2.79764
2.97744
2.99255
3.39404
3.32805
3.26323
2.82087
2.96935
2.78767
2.95245
2.97501
2.70547
2.7828
2.74963
2.87216
2.87503
3.02033
3.03137
3.1187
3.50762
3.50775
3.50781
3.50792
3.5079
3.50797
3.50796
3.50798
3.27037
3.21309
3.35535
3.35599
3.4167
3.33874
3.3321
2.80924
2.93242
3.04267
3.04508
2.6851
2.78149
2.8028
2.97969
2.99948
3.05816
3.13909
3.08297
3.10049
3.23183
3.27367
3.26075
3.24467
2.81214
2.95807
2.65947
2.77757
2.79363
2.98231
3.00364
3.05881
3.06303
2.84181
2.96213
2.68508
2.80015
2.80234
2.99422
2.99933
3.15489
3.12258
2.8216
2.94459
3.04636
3.05096
2.69202
2.79265
2.80856
2.9866
3.00513
2.81661
2.95092
3.05181
3.05487
2.67293
2.78894
2.80472
2.98537
3.00431
3.43829
3.45809
3.4024
3.44478
3.06173
3.17872
3.08297
3.10562
3.21821
3.27205
2.80201
2.9659
3.05732
2.67962
2.77754
2.80304
2.96408
2.99309
3.22303
3.22642
3.36121
3.35871
3.40745
2.80156
2.95245
2.66138
2.77081
2.79831
2.97796
2.9996
3.05336
3.05339
2.80678
2.66166
2.78524
2.8273
2.98426
2.9986
3.07053
3.17003
3.09292
3.11786
3.24288
3.283
3.27882
3.24031
2.97493
2.7673
2.85784
3.26142
3.11101
3.18901
3.08458
2.85788
3.07986
3.4853
3.46732
3.46814
3.48155
3.48704
3.49356
3.48441
2.80621
2.9489
3.06253
3.0619
2.67171
2.77861
2.80496
2.98445
3.0128
2.81245
2.99506
2.94063
3.06921
2.72088
2.80392
2.80649
2.94997
2.66522
2.77948
2.80184
2.98295
3.00488
3.05515
3.05821
2.70579
2.80359
2.80861
2.47726
2.60672
2.46085
2.44211
2.81408
2.95867
2.71076
2.79078
2.97743
2.95149
3.05815
2.77871
2.95232
3.06115
3.0712
3.17546
3.08334
3.06433
3.11495
3.25151
3.31705
3.29035
3.27786
2.82738
2.68862
2.79819
2.80067
2.99447
3.00986
2.67435
2.77862
2.80027
3.0012
2.98291
3.11551
3.07678
3.20622
3.22623
2.94788
3.04211
3.05545
3.07197
3.11399
3.24815
3.30416
3.28483
3.26679
3.06039
2.8433
2.96926
3.06856
2.69086
2.80674
2.8091
2.99304
3.00981
3.24479
3.33246
3.28529
3.39168
3.4125
3.43206
3.44535
2.70783
2.81279
2.99188
2.78411
2.81478
2.96842
3.00444
2.80621
2.69878
2.77707
2.81312
2.98593
3.02243
2.64295
2.7647
2.90299
2.76503
2.82325
2.90825
2.9512
3.16405
3.08761
3.07632
3.11088
3.24441
3.30814
3.28226
3.28175
3.06912
3.15756
3.08283
3.107
3.21394
3.28587
3.26765
3.23465
3.34741
3.31089
3.2958
3.3773
3.3689
3.4171
3.43716
3.40577
3.46808
3.44121
3.4448
3.47452
3.48462
3.48377
3.49158
3.18572
2.79011
2.96706
3.07622
2.68674
2.79711
2.93669
2.96968
2.77588
3.19824
3.10201
3.08203
3.11953
3.29922
3.34701
3.25551
3.28765
3.34356
3.36736
2.81948
2.66986
2.78396
2.78661
2.97593
2.99417
3.02784
3.07555
3.02918
3.09047
3.08545
3.18943
3.26632
3.25301
3.29753
3.20404
3.20249
3.06405
3.10625
3.24082
3.28098
3.27918
3.25159
2.71962
2.79511
2.98699
2.71271
2.93926
2.7977
2.8142
2.96296
3.06137
2.6762
2.7902
2.80611
2.98881
2.99928
2.72927
2.79805
2.99022
3.17041
3.08834
3.07695
3.10898
3.23271
3.23251
3.31243
3.32781
3.25691
2.68261
2.78776
2.94248
2.75728
2.81082
2.94857
2.99367
3.07012
2.82747
2.72858
2.87643
3.00819
2.77411
2.88336
2.66906
2.67868
2.52184
2.89401
2.78956
2.72241
2.80809
3.01572
2.82453
2.84046
3.00044
3.00462
3.12222
2.81973
2.97084
3.0637
3.07313
2.67124
2.79406
2.79689
2.99267
3.00839
3.48229
3.49538
2.72373
2.79567
2.94637
2.72675
2.83395
3.05077
2.95708
3.42617
3.48589
3.45938
3.48407
3.44844
3.49229
3.4825
3.49174
2.77583
2.91403
2.66076
2.73639
2.77965
2.88397
2.90163
2.76463
3.02046
2.93139
3.02859
2.62049
2.70715
2.7651
2.9277
2.88398
3.06068
3.04069
3.07073
3.19319
3.24405
3.18921
3.33643
3.34905
3.28474
3.1851
3.22855
3.33
3.36357
3.02203
3.06071
3.15837
3.25744
3.2497
3.17467
3.30744
3.22619
2.99985
2.94241
2.98153
2.99587
3.10012
3.11037
3.23031
3.24188
3.3041
3.31569
3.2991
3.08715
3.12731
3.25903
3.32781
3.29554
3.28707
3.50797
3.50799
3.50799
3.50798
3.50799
3.50799
3.50799
3.02087
2.80118
2.67434
2.93604
3.07324
3.03845
3.01115
2.8015
2.95203
2.90217
2.74507
3.3007
3.37234
3.37118
3.374
3.42368
3.42477
3.50407
3.50608
3.50728
3.5076
2.69358
2.80201
2.9858
2.77847
2.92025
2.91939
2.8348
2.93262
2.69381
2.74349
2.66722
2.73904
2.79973
2.92872
2.92299
2.72003
3.1787
2.8057
2.96991
3.0938
2.71815
2.78685
2.9473
3.06975
3.11178
3.23596
3.29682
3.28487
3.25466
3.06551
2.69632
2.80285
2.92752
2.84488
3.10398
3.22095
3.23595
3.28936
3.35466
3.36347
3.30113
2.76502
2.83375
2.97231
3.08347
2.86774
3.03962
2.7592
3.19464
3.30737
3.27317
2.85738
2.80432
3.01118
3.15394
3.00166
3.04535
3.18605
3.26028
3.17788
2.78548
2.64806
2.73238
2.77499
2.93615
2.87526
2.69655
2.7715
2.95385
3.416
3.43775
3.44598
3.45749
3.46709
3.48705
3.4894
3.49607
3.49659
3.47171
3.47518
3.44381
3.4615
3.45019
3.48701
3.48087
3.49435
3.1295
3.08607
2.68634
2.78225
2.81101
3.01657
2.96229
3.10714
3.04923
3.14513
3.44805
3.34493
3.35365
3.36891
3.41245
3.41355
3.43874
2.71655
2.80115
2.97728
2.73809
2.95452
2.98196
2.73391
2.8049
2.82169
3.40214
3.438
3.45246
3.48645
3.4676
3.47791
2.66223
2.77413
2.89899
2.72147
2.90301
2.8212
2.9966
2.69643
2.78809
2.79064
2.98314
2.95446
3.07161
3.2336
3.30292
2.72664
2.79098
2.97408
3.50783
3.5077
3.5079
3.50795
3.50785
3.50797
2.96016
2.7627
2.92476
2.90532
3.04952
3.00421
3.13885
3.16665
3.30543
3.1923
3.30437
3.27768
3.16653
2.72984
2.89528
3.0575
2.83093
2.99567
2.73647
2.85207
2.83905
3.01492
3.07659
3.16028
2.79142
2.94791
2.88087
2.39312
2.55735
2.62017
2.65145
2.98031
3.0919
2.73573
2.80336
2.989
2.76721
2.67815
2.94989
3.09055
3.05313
3.14784
2.77205
2.94654
2.68899
2.74842
2.91827
3.02333
3.04868
3.38979
3.32649
3.3867
3.43815
3.44618
2.65077
2.89366
2.75103
2.91061
2.92548
3.01833
3.04523
2.72975
2.80785
2.98057
2.88222
2.67635
2.90094
2.78691
2.81672
2.9799
3.00268
3.06091
3.29711
3.35677
3.40909
3.37253
3.41073
3.43521
3.03431
2.69192
2.78033
2.93097
2.72459
2.80133
2.9764
2.74007
2.80957
3.00021
2.62926
2.74932
2.94327
2.9165
2.44672
2.64358
2.67698
2.69368
3.50595
3.50516
3.50714
3.50674
3.50672
3.50734
3.29788
3.36953
3.42744
3.36621
3.41553
3.40386
3.437
2.69488
2.7743
2.89633
3.04238
2.97353
3.17081
3.12361
2.73548
2.80628
2.98429
3.50797
3.50797
3.50794
3.50791
3.50795
3.38364
3.32082
3.47819
3.43422
3.46711
3.46702
3.42103
3.39794
2.73135
2.82888
3.05135
3.14561
2.76344
2.94109
2.88301
2.94614
3.0326
3.07668
3.04743
3.15175
3.14103
2.65042
2.73269
2.91203
3.04683
3.00951
3.18516
3.18934
2.6983
2.7548
2.78988
2.9807
2.97135
3.0626
2.71404
2.78943
3.01411
3.11792
3.08818
3.15255
2.73546
2.80276
2.98569
3.50769
3.50775
3.50781
3.50788
3.50771
3.50782
3.5078
3.50785
2.73453
2.811
2.99781
2.69972
2.77228
2.98447
3.07578
3.07537
3.12974
3.37613
3.40287
3.3378
3.34593
3.39362
3.45238
3.45641
2.71736
2.78578
2.98675
3.08288
3.07546
3.13472
2.72383
2.79833
2.98246
2.72821
2.79291
2.9739
2.73302
2.80494
2.99218
2.66859
2.73332
2.87571
3.04736
2.99039
3.06624
2.72856
2.80517
2.98623
3.48848
3.49604
3.49704
3.49944
3.50191
3.50293
2.69078
2.73552
2.90967
2.67901
3.0229
2.76884
2.94613
3.07826
2.71633
2.80312
2.81611
2.9833
2.98527
2.6764
3.02808
2.76159
2.94766
2.73345
2.80412
2.98915
2.68884
2.76087
2.88704
3.00879
2.65925
2.821
2.95728
2.73615
3.04015
2.9346
3.0593
3.20423
3.20483
3.48357
3.37821
2.5141
3.01776
3.16909
2.73011
2.63942
2.48473
2.40897
2.6432
2.50903
2.6437
2.5386
2.52192
3.49786
3.3382
3.32032
2.97744
3.11388
2.67314
2.83932
3.2963
3.36697
3.37151
3.41326
3.44005
3.36971
3.40773
2.79636
2.9531
2.95264
2.71707
2.76519
2.91585
2.66452
2.4854
2.46043
2.68829
2.70336
3.09554
2.79964
2.83256
3.00714
3.02701
3.26001
3.365
3.40508
2.6545
2.72268
3.0932
2.97502
3.12383
3.16746
2.6719
2.761
2.99506
3.0824
3.08319
3.13277
2.68949
2.79374
2.81847
2.99046
2.9883
3.0652
3.32708
3.39184
3.38132
3.42671
3.39338
3.43223
3.43966
3.45405
3.40068
3.48787
3.46888
3.47236
3.42877
3.31611
3.44137
3.38227
3.42421
3.44324
2.78049
2.89578
2.72131
2.82289
2.99344
3.07225
3.167
3.40865
3.42822
3.43954
3.38822
3.38158
3.40972
3.46381
3.45374
3.48749
3.49051
3.40397
3.41234
3.32289
3.372
3.26944
3.37163
3.40932
3.43939
2.73024
2.67363
2.79452
2.92094
2.86542
3.4346
3.44637
3.40841
3.47312
3.46877
3.42576
3.39219
3.41099
3.44878
3.44369
3.4619
3.37395
3.37429
2.46714
2.42062
2.64972
2.4129
2.57535
2.42755
2.51727
2.49217
2.70053
2.9097
2.39849
2.4349
2.67166
2.7223
2.78459
3.01211
3.12555
3.09732
3.16747
2.52605
2.53222
3.32489
3.06065
2.53607
3.00661
3.37314
2.47129
2.66539
2.4753
2.66862
2.4034
2.46797
2.65634
2.36497
2.44885
3.02326
3.16881
3.16499
3.20505
3.32736
2.46543
2.68727
2.41498
2.88071
2.43015
2.64022
2.39401
2.46311
2.45046
2.62344
2.37878
2.5561
2.35863
2.43954
2.46591
2.6787
2.4156
2.47456
2.68254
2.41699
2.59102
2.44192
2.41058
2.58413
2.46968
2.67434
2.42761
2.44328
2.61525
2.41831
2.37647
2.47316
2.60743
2.41751
2.32454
2.40683
2.40671
2.58518
2.87226
2.44478
2.62828
2.43893
2.58486
2.45612
2.34179
2.36412
2.45346
2.58158
2.47116
2.62077
2.44117
2.59657
2.43668
2.57082
2.38048
2.37574
2.37861
2.56845
2.47241
2.60253
2.39904
2.43662
2.59089
2.38942
2.43281
2.57466
2.37928
2.45095
2.56009
2.36349
2.4578
2.60044
2.36102
2.46748
2.33577
2.44735
2.63883
2.32842
2.41383
2.47214
2.65394
2.43546
2.47111
2.66543
2.41069
2.47049
2.60458
2.36041
2.45035
2.64119
2.44855
2.48938
2.62814
2.37354
2.44033
2.46609
2.38344
2.45937
2.59541
2.64395
2.44189
2.48778
2.35483
2.45555
2.43523
2.37104
2.57271
2.62618
2.37376
2.44325
2.65007
2.44537
2.49652
2.63466
2.38752
2.45054
2.64433
2.44851
2.49216
2.62546
2.37584
2.44652
2.49313
2.42035
2.61663
2.64111
2.47194
2.47979
2.66109
2.41843
2.66262
2.64108
2.48177
2.45707
2.63002
2.38965
2.4691
2.64289
2.39424
2.4568
2.63436
2.7432
2.80746
2.41323
2.47619
2.66169
2.41794
2.61805
2.40361
2.40627
2.44127
2.62248
2.45712
2.63933
2.39062
3.50172
3.50383
3.49991
3.50377
3.50541
3.50595
3.5058
3.50584
2.45074
2.31102
2.39091
2.42856
2.58979
2.48007
2.41267
2.45011
2.64642
2.46117
2.38883
2.65955
2.39685
2.50992
2.68347
2.44417
2.46229
2.67544
2.41021
2.52743
2.68527
2.43997
2.47093
2.674
2.39189
2.49931
2.66908
2.417
2.4611
2.64458
2.39125
2.49487
2.62542
2.4092
2.45259
2.64017
2.38144
2.4293
2.57836
2.36198
2.48333
2.62991
2.39682
2.50957
2.63762
2.43386
2.47497
2.66868
2.41203
2.51078
2.67766
2.43379
2.45486
2.65163
2.49864
2.41414
2.65788
2.39766
2.5126
2.67597
2.46543
2.39196
2.6582
2.43775
2.45457
2.6591
2.46532
2.6513
2.44159
2.59933
2.38258
2.45808
2.40503
2.64103
2.48443
2.66165
2.64186
2.45714
2.61326
2.49676
2.62609
2.38752
2.46758
2.66575
2.42228
2.51851
2.68
2.4057
2.46422
2.46742
2.66614
2.44151
2.52076
2.67625
2.40723
2.47188
2.67043
2.43606
2.51325
2.67641
2.39658
2.47464
2.66062
2.4287
2.47967
2.65528
2.41363
2.47266
2.63639
2.39506
2.65719
2.43987
2.52445
2.51328
2.68474
2.4024
2.45362
2.65995
2.43627
2.50264
2.67158
2.39973
2.68764
2.41794
2.47617
2.45555
2.64799
2.42858
2.51399
2.67127
2.39883
2.66676
2.42831
2.50708
2.62838
2.39355
2.4643
2.65541
2.43469
2.51309
2.67692
2.40262
2.45087
2.65245
2.43394
2.70861
2.79112
2.40053
2.48667
2.65504
2.50075
2.68094
2.40587
3.0015
3.07855
3.09149
3.20598
3.19891
2.42067
2.44105
2.64195
2.66653
2.45304
2.42333
2.49824
2.42016
2.88163
2.39267
2.45553
2.64969
2.36481
2.41129
2.58245
2.89055
2.67673
2.55989
2.37532
3.23506
3.24899
3.30489
3.38594
2.4127
2.48887
2.65111
3.50314
3.50556
3.50339
3.50754
3.50691
3.50526
3.50732
3.50674
2.47376
2.66215
2.40574
3.508
3.508
3.508
3.508
3.508
2.42442
2.49348
2.68311
3.48179
3.49998
3.49848
3.45974
3.49176
3.47604
2.98359
3.10095
2.50118
2.41718
3.3474
3.40137
3.38914
3.43311
3.42604
3.46915
3.46277
3.48162
3.49965
3.49265
3.48787
3.43496
3.40782
3.46229
3.44804
3.48846
3.46823
3.48941
3.48185
3.4636
3.47109
3.4719
3.48658
3.4883
3.49567
3.18949
3.39716
3.34019
3.37124
3.40107
3.33323
3.36107
3.35147
3.30081
3.14997
3.28476
3.25224
3.0547
3.11986
2.94499
2.71997
2.36755
2.44913
2.61469
3.29631
3.44403
3.37105
3.41508
3.45756
3.47754
3.46317
3.47129
3.47047
3.48445
3.48853
3.49173
3.48271
3.50791
3.50795
3.50797
3.49836
3.49746
3.50307
3.50564
3.50462
3.50678
3.50601
3.49388
3.50113
3.497
3.50439
3.50275
3.40608
3.44093
3.45428
3.45607
3.46497
3.47969
3.47746
3.48752
3.30198
3.38038
3.35699
3.42107
3.44374
3.45637
3.42956
3.30053
3.36955
3.42456
3.43873
3.50407
3.50391
3.50565
3.50674
3.50634
3.5071
2.44943
2.40655
2.67535
3.28748
3.36622
3.4124
3.43844
2.45898
2.64873
3.28205
3.3571
3.42736
3.36084
3.40964
3.41822
3.36706
3.13979
3.21433
3.11425
3.27203
3.31127
3.29327
3.38278
3.37615
3.46502
3.47929
3.49068
3.49177
3.41381
3.42949
3.45964
3.48176
3.4942
3.50316
3.49131
3.49936
3.50456
3.50423
3.50022
3.41171
3.39574
3.4591
3.46956
3.44157
3.47141
3.48171
3.48739
3.49097
3.49342
3.31658
3.3788
3.38679
3.42306
2.75341
2.92426
3.0136
3.49982
3.49133
3.48715
3.49445
3.48755
3.49508
3.50146
3.50153
3.50365
3.50535
3.50347
3.50554
3.49142
3.49095
3.49997
3.49871
3.50243
2.68841
2.80272
2.93279
2.86502
3.46166
3.49192
3.47346
3.47591
3.48371
3.4885
3.49326
3.50798
3.50799
3.50799
2.97411
3.11587
3.20169
3.2852
3.2917
3.13866
3.18806
3.07434
2.82177
2.76349
2.67098
3.49379
3.46732
3.4663
3.47892
3.48229
3.48957
3.37419
3.45331
3.45667
3.4589
3.40899
3.46205
2.66704
2.42213
3.48685
3.49799
3.49752
3.50357
3.50569
3.36063
3.36236
3.39989
3.41472
3.45092
3.45081
2.7288
2.91976
2.84972
3.12284
3.06316
3.41938
3.40089
3.4007
3.45548
3.45904
3.4798
3.49111
3.46299
3.05036
3.14299
3.12094
3.22371
3.28721
3.32941
3.3314
3.29872
3.42044
3.4428
3.4449
3.47209
3.47139
3.48141
3.49225
3.48721
3.508
3.508
3.508
3.508
3.508
3.50796
3.50796
3.50798
3.50799
3.50799
3.50798
3.32777
3.4042
3.4938
3.50057
3.49872
3.50247
3.50495
3.50577
3.50447
3.5035
3.50208
3.34957
3.4058
3.42993
3.28812
3.30087
3.36873
3.3681
3.41022
3.31835
3.37911
3.38943
3.42422
3.49219
3.5035
3.50316
3.49993
3.499
3.30178
3.19732
3.38133
3.4193
3.32793
3.39332
3.29469
3.39744
3.40058
3.35049
3.29646
3.34351
3.508
3.508
3.508
3.508
3.508
3.508
3.508
2.40734
2.72089
2.54805
3.50799
3.50797
3.50798
3.50799
3.50799
3.508
3.50799
3.508
2.75199
2.75643
2.62797
2.98083
3.32094
3.29746
3.34443
3.36718
3.40921
3.42812
2.68581
2.39061
3.41871
3.43687
3.35291
3.25861
3.30728
3.3848
3.42937
3.39082
3.38956
3.33824
3.33837
3.10083
3.16945
3.25793
3.15847
3.27087
3.24149
3.32281
3.38343
3.45467
3.44689
3.43978
3.31657
3.32026
3.27472
3.33882
3.29734
3.39422
3.4214
3.40492
3.38067
3.43707
3.44665
3.27171
3.29108
3.34568
3.34698
3.39713
3.38883
3.49539
3.4948
3.49825
3.50101
3.50149
3.5037
3.16955
3.30578
3.04472
3.14379
3.18716
3.29483
3.23798
3.4935
3.4918
3.49766
3.50331
3.4849
3.4935
3.50061
3.50006
3.50291
3.50573
3.50431
3.41478
3.47521
3.48997
3.45604
3.45158
3.48023
3.47086
3.48738
3.27858
3.3209
3.37647
3.40296
3.43209
3.40506
3.50692
3.5076
3.50743
3.5077
3.50704
3.50759
3.50784
3.50754
3.50785
3.50778
3.06492
3.05193
3.29896
3.20132
3.23664
3.13843
3.39957
3.45657
3.35183
3.35554
3.36411
3.41971
3.44889
3.41453
3.508
3.508
3.508
3.508
3.508
3.42562
3.41646
3.45865
3.4501
3.36967
3.37455
3.39078
3.44014
3.08632
3.3351
3.1212
3.37641
3.27687
3.48484
3.49809
3.49399
3.47984
3.49248
3.49493
3.4992
3.48073
3.32647
3.3866
3.426
3.46473
3.17784
3.31935
3.28301
3.28234
3.32454
3.31188
3.39782
3.3982
3.41696
3.3964
3.43889
3.44428
3.4214
3.1795
3.27735
3.3347
3.39153
3.33453
3.3023
3.39513
3.42603
3.508
3.508
3.508
3.29687
3.30741
3.39747
3.4623
3.47458
3.4862
3.49314
3.48156
3.49232
3.41136
3.41383
3.43366
3.43925
3.46874
3.4679
3.49274
3.47693
3.48906
3.5054
3.5069
3.50676
3.50746
3.5076
3.50764
3.50788
3.50763
3.50777
3.50788
3.06035
3.15387
3.15635
3.14554
3.27874
3.31726
3.37356
3.40337
3.31384
3.36564
3.50742
3.50786
3.50769
3.50779
3.50786
3.50781
3.10824
3.16844
3.19282
3.33276
3.32028
3.35883
2.99227
3.27768
3.3481
3.38643
3.07585
3.13607
3.28198
3.33996
3.25503
3.12646
3.07265
3.04461
3.12889
3.12474
3.24914
3.26194
3.50543
3.50694
3.50708
3.31947
3.38729
3.38679
3.50501
3.50448
3.50618
3.50536
3.50662
3.50705
3.03488
3.04002
3.12766
3.13597
3.24147
3.25084
3.48998
3.4494
3.43106
3.47497
3.48426
3.4642
3.43647
3.33873
3.40612
3.42094
3.09042
3.21219
3.11106
3.07628
3.30067
3.17183
3.1877
3.28669
3.29553
3.29784
3.37434
3.39385
3.31451
3.26096
3.25034
3.31802
3.30377
3.39133
3.44425
3.38386
3.42823
3.41756
3.43174
3.4539
3.46329
3.46605
3.48403
3.49657
3.48544
3.49681
3.48108
3.48547
3.49726
3.50243
3.50285
3.09495
3.18132
3.16624
3.31444
3.30119
3.32495
3.30204
3.31819
3.44248
3.41598
3.45372
3.47493
3.48427
3.10418
3.09636
2.98628
3.21555
3.19288
3.2876
3.21495
3.21173
3.26267
3.33413
3.40251
3.43077
3.44668
3.16919
3.32279
3.29546
3.38231
3.3268
3.28047
3.33583
3.37738
3.4156
3.45247
3.43546
3.43489
3.50791
3.5079
3.50794
3.50798
3.19707
3.10109
3.05089
3.14977
3.15496
3.29897
3.30597
3.31063
3.18875
3.07416
3.19371
3.33
3.29855
3.29895
3.15465
3.1715
3.2852
3.28912
3.48038
3.48677
3.49233
3.47571
3.49621
3.49559
3.48751
3.07828
3.13134
3.04783
3.15309
2.86564
2.67634
2.74919
2.97185
3.06751
2.90881
3.08463
3.16764
3.3284
3.38133
3.28439
3.34976
3.40989
3.10418
3.17657
3.20539
3.31944
3.32366
3.35123
3.41
3.39675
3.44027
3.1573
2.66536
2.76315
2.94439
2.97656
2.79586
3.0963
3.16723
3.1354
3.31402
3.33904
3.35587
3.26453
3.3572
3.29954
3.35451
3.34943
3.38855
3.41616
3.43617
3.41803
3.45302
3.11794
3.25891
2.89597
3.29698
3.18214
3.46678
3.47591
3.48917
3.48517
3.49432
3.49692
2.74931
2.94646
2.67302
2.84304
2.74004
2.93587
2.96563
3.06189
3.50566
3.50748
3.50633
3.50776
3.50749
3.08412
3.2007
3.32996
3.29573
3.29969
3.16585
3.18058
3.29098
3.29376
2.86321
2.61088
2.73316
2.9303
2.88195
3.07664
3.10958
3.07011
3.29809
3.17349
3.19557
3.30217
3.31163
3.48727
3.48279
3.47467
3.47487
3.47847
3.49127
3.48975
3.22252
3.31757
3.33564
3.31576
3.35958
3.41333
3.40228
3.42253
3.4971
3.49797
3.49844
3.50272
3.50427
3.5053
3.50636
3.50703
3.50713
3.50642
3.50724
3.5075
3.09015
3.29599
3.17228
3.19047
3.29736
3.28646
3.47817
3.49079
3.49822
3.49986
3.4717
3.47832
3.4913
3.48892
3.05354
3.1055
3.25199
3.30221
3.13598
3.18684
3.27667
3.28682
3.04066
3.17026
3.2431
3.04103
2.87539
3.1254
3.24325
3.23518
3.10598
3.03372
3.50598
3.50606
3.50693
3.50701
3.50734
3.32867
3.28008
3.39837
3.43803
3.43052
3.50118
3.50074
3.50289
3.50393
3.50477
3.20977
3.3995
3.33017
3.50036
3.50193
3.50484
3.07058
2.88722
3.28433
3.11747
3.26049
3.25179
3.1295
3.04645
2.99634
3.12768
3.13753
3.15328
3.279
3.27881
3.33141
2.61924
2.70676
2.74314
2.93293
3.07299
3.13826
3.09228
3.16916
2.67326
2.71964
2.74339
2.96042
2.96147
3.08684
3.40667
3.39091
3.43402
3.34797
3.508
3.50799
3.508
3.508
3.508
3.508
3.508
3.508
3.508
3.07032
2.77191
2.67673
2.81324
2.93394
2.82129
3.07749
3.16807
3.14859
3.26929
3.2657
3.32526
3.35817
3.25216
3.32334
3.05435
3.06659
2.89356
3.3024
3.13336
3.27177
3.27876
3.13168
3.04636
2.96604
2.85509
3.07065
3.19597
3.07809
3.04991
3.17073
3.26558
3.21948
2.67888
2.81805
2.61907
2.7943
2.72373
2.85259
2.8746
3.08415
2.88096
3.24339
3.12375
2.97319
2.77885
3.0592
3.09179
3.15527
2.69321
2.72951
2.75398
2.96975
2.97937
3.10502
3.10599
3.19096
3.35283
3.40665
3.45574
3.42443
3.44213
3.47571
3.48644
3.46927
3.20712
3.03739
3.13445
3.15787
3.13332
3.20875
3.29048
3.32326
3.35882
3.30084
3.31376
3.25844
3.20606
3.30704
3.13314
3.27317
2.61609
2.71522
2.81863
2.75166
2.97431
2.97914
3.11858
3.18309
3.10828
3.18993
3.29167
3.32804
3.37075
3.33624
2.89336
2.68882
3.07199
2.98777
2.75437
2.88718
3.48998
3.4912
3.50111
3.50269
3.50384
3.49905
3.49868
3.38158
3.34306
3.38543
3.41857
3.44776
3.4353
3.43488
2.66854
2.72528
2.74853
2.98011
2.98635
3.11104
3.39376
3.43775
3.46992
3.49012
2.76443
2.94386
2.65872
2.84597
2.73849
2.94867
2.96756
2.76508
2.94702
2.65544
2.84919
2.74735
2.95557
2.97434
3.40411
3.45513
3.45318
3.46267
3.4625
3.29377
3.02156
2.86873
3.22789
3.08493
3.03785
3.19507
3.09037
2.62861
2.72391
2.82407
2.75213
2.96691
2.97338
2.6604
2.73561
2.95894
2.84571
2.75558
2.94482
2.94192
3.00355
3.28242
3.00489
2.88888
3.23832
3.09627
3.06662
3.21348
2.62457
2.69325
2.80254
2.70044
2.89927
2.88124
3.16097
3.36054
3.32031
3.36837
2.66542
2.8373
2.74765
2.96014
2.97361
3.48489
3.45957
3.46095
3.48405
3.44273
3.43746
3.48354
3.49424
2.75897
2.96666
2.66246
2.85003
2.7298
2.96241
2.97135
2.68969
2.79258
3.17031
2.95821
3.13771
2.71341
2.8021
2.92348
2.92485
3.05573
2.60721
2.73636
3.05253
2.91744
2.80375
2.72219
2.90602
2.88181
3.21939
3.10922
3.05542
3.2143
3.11601
3.16379
3.26041
3.25459
3.16475
3.05666
3.17396
3.28365
3.29323
3.08549
3.13615
3.50799
3.508
3.50799
3.508
3.508
2.80542
2.626
2.71586
2.83221
2.63889
2.72153
3.06082
2.89264
2.81701
2.70427
2.94963
2.92073
3.34283
3.41948
3.45053
3.43811
3.43766
2.67968
3.08899
2.78876
3.00139
2.63942
2.74384
2.9278
3.07279
2.95506
2.81231
2.74393
2.8296
2.85958
3.03939
3.07623
3.10771
3.19217
3.15948
3.24864
3.08405
3.19256
3.17736
3.26691
3.30121
3.35694
3.31853
3.38681
3.39683
3.42595
3.4421
3.44915
3.44656
3.39208
3.39081
2.73426
2.72644
2.76811
2.98541
3.06071
2.88127
3.06049
3.26548
3.3367
3.1009
3.1712
3.25669
3.08968
3.17596
3.32271
3.37181
3.36268
3.39149
3.33427
3.30479
3.20817
3.41407
3.40273
3.01313
3.10694
3.08
3.13833
3.18962
3.2664
3.3077
3.33577
3.24036
3.29407
2.73332
2.78942
2.71182
2.95663
2.95153
3.33136
3.43818
3.43893
3.42866
3.41315
3.42859
3.2122
3.08626
3.09401
3.17701
3.25363
3.29563
3.35458
3.2349
2.7149
2.74977
2.98697
3.10469
2.90626
3.46976
3.48823
3.49507
3.32515
3.39874
3.43141
3.46565
2.68259
2.76358
2.90473
2.94885
3.06546
3.50389
3.50723
3.50737
3.50583
3.50636
2.80821
2.67302
2.75206
2.91556
2.84828
3.07956
2.77208
2.70026
2.80668
2.78969
3.02339
2.93719
3.08208
2.66369
2.70981
2.87803
3.04424
2.8283
2.74514
2.97297
2.96871
3.48581
3.50081
3.49501
3.49981
3.5046
3.50431
2.6723
2.81726
2.8771
3.06155
2.99111
3.10599
2.68514
2.74673
2.75649
3.00893
2.98528
3.12133
3.09033
3.17183
2.69283
2.74944
2.93456
3.07645
2.85786
2.97391
2.63303
2.76076
3.05267
2.86358
2.81729
2.73481
2.93823
2.94288
2.78124
2.64891
2.7023
2.81885
2.63566
2.67185
2.93616
3.04924
2.83278
2.89528
3.10133
2.90156
2.72952
2.76616
2.97443
3.09724
2.94775
3.28985
3.13971
3.0735
3.26575
3.161
3.11066
3.21067
2.71207
2.75505
2.96343
3.10578
2.87054
2.78591
2.9882
2.98459
3.1575
3.1789
3.24646
3.25978
3.32423
3.35251
3.35158
2.86557
2.6834
2.83481
2.9613
3.06913
2.90043
3.48152
3.49339
3.48923
3.46995
3.47371
2.70355
2.85216
2.76795
2.9643
2.96758
3.0889
3.50753
3.50788
3.50776
3.50789
3.50735
2.6967
3.10014
2.88299
2.97997
2.92502
3.08328
3.16404
3.26078
3.35347
3.09472
3.14545
3.2864
3.09613
3.22331
3.15869
3.24625
3.29591
3.3582
3.31475
3.38697
3.39405
3.28958
3.13682
3.2701
3.25156
3.12588
3.05888
3.24472
3.14564
3.23511
3.0899
3.19802
3.17552
3.26195
3.3127
3.3561
3.34708
3.37731
2.66086
2.83032
2.73286
2.91644
3.02365
3.11124
2.67818
2.7424
2.86064
2.82401
2.70662
3.02778
3.00903
3.06822
2.64591
2.73139
2.93257
2.84324
2.78226
3.05456
3.09957
3.10274
3.16067
3.08641
3.19295
2.90572
2.72231
2.77998
2.97364
3.09627
2.93776
3.12734
3.09104
3.19207
3.18575
3.24533
3.29737
3.31924
3.38092
3.34046
3.38642
3.50453
3.50621
3.5063
3.5068
3.50757
3.10298
3.16865
2.78879
2.71781
2.88656
2.75597
2.96391
2.98838
2.98978
3.10371
3.1069
3.20537
2.68402
2.79798
2.88438
3.06192
3.00933
3.12759
3.19258
3.19458
3.31187
3.31981
3.37281
3.42407
3.23626
3.1665
3.25456
3.31256
3.36148
3.3394
3.38897
3.39697
3.1089
3.16739
2.72576
2.76261
2.97562
2.89386
2.79423
3.00481
3.0033
3.1128
3.11641
3.2088
2.69297
2.83119
2.86509
2.98667
3.07865
3.1641
2.69325
2.83324
2.93469
3.07198
3.14634
3.09113
3.17344
2.7778
2.97247
2.73199
2.89623
2.75989
2.96561
2.91192
3.04448
3.06611
2.70739
2.74874
2.85895
2.7366
2.97888
2.98598
3.10982
2.96671
3.10833
3.16202
3.08461
3.19171
2.91082
2.74894
2.77518
2.98295
3.10341
2.95841
3.11143
3.21216
2.76035
2.97141
2.70422
2.86683
2.75788
2.98257
2.9837
3.1106
3.46287
3.48001
3.48894
3.4441
3.4716
3.48029
3.11848
3.17867
2.77826
3.0148
2.73619
2.8791
2.78699
2.99623
2.99363
3.13009
3.10071
3.2101
3.49674
3.4925
3.50215
3.50187
3.49556
2.70878
2.85327
2.75671
2.97844
2.9896
3.11566
2.66828
2.75725
2.94038
2.84148
2.96837
3.0775
3.10402
3.16693
2.78532
2.72553
2.8938
2.76069
2.96769
2.97393
2.96343
3.08894
3.09093
3.18637
3.11502
3.18229
3.17757
3.2746
3.33243
3.37015
3.39406
3.38394
3.32254
3.32679
3.11567
3.16867
2.73349
2.75692
2.9815
2.90149
2.78363
2.99552
2.98398
3.11178
3.10193
3.20416
3.48766
3.44941
3.45673
3.48384
3.47409
3.48903
3.25191
3.17346
3.27152
3.30806
3.35912
3.34178
3.36754
2.88496
2.77409
2.99291
2.73851
2.91407
3.01021
3.07767
2.92289
3.11939
3.1802
2.79861
2.74455
2.91327
2.76656
2.99462
3.01239
3.00353
3.12634
3.1131
3.21804
2.71738
2.87162
2.75564
2.95113
2.96647
3.08385
2.69826
2.88859
2.9874
3.0967
2.93982
2.70936
2.83795
2.84694
2.93176
3.04495
2.92053
2.70249
2.77349
2.9823
3.1083
2.87377
2.97048
3.19743
2.6867
2.85179
2.95099
3.09236
2.73615
2.79627
2.87831
2.76139
2.99775
2.99331
3.21567
2.92787
3.08158
3.05319
3.16084
2.69181
2.86025
2.74653
2.98381
2.96394
3.10296
2.65272
2.79775
3.02042
2.99368
2.70289
2.74303
2.98893
3.08553
2.90486
2.79186
3.02066
2.75177
2.90032
2.81004
3.00186
3.00193
3.1198
3.10589
3.19901
2.66111
2.87718
2.82596
2.88863
2.9998
3.30565
3.3178
3.17035
3.25606
3.29036
3.10001
3.05811
2.71275
2.8669
2.97104
3.12536
2.89006
3.21684
2.70616
2.9075
2.90524
3.02379
3.26569
3.19582
3.27731
3.32177
3.36298
3.35822
3.37145
3.26011
3.11425
3.19177
3.17586
3.30974
3.36203
3.31299
3.32054
3.38556
3.35558
3.39707
3.10754
3.17449
2.79509
2.74477
2.9002
2.78071
2.99655
3.0121
3.00066
3.12818
3.11253
3.21724
3.11323
3.18258
2.79298
2.74731
2.91075
2.78719
3.00177
3.01435
3.01551
3.12209
3.11386
3.21573
3.27392
3.1929
3.26338
3.32825
3.36333
3.36475
3.38198
3.44759
3.43195
3.4785
3.48535
3.48132
3.49201
3.46558
3.46169
2.72828
2.89165
2.77252
2.9817
2.93607
3.07381
3.17465
3.22571
3.32576
3.32812
3.29488
3.37864
3.34957
3.36499
2.70676
2.86548
2.98086
3.12945
3.37065
3.46394
3.42566
3.43319
3.45338
3.47227
3.47497
3.25473
3.18278
3.28063
3.3252
3.37101
3.34584
3.37765
3.50093
3.50147
2.71369
2.8582
2.77145
2.97951
2.98337
3.11004
3.21987
3.25242
3.1805
3.26184
3.33121
3.3676
3.35798
3.37911
2.69735
2.87414
2.99499
3.09011
2.91678
3.32873
3.33543
3.39745
2.71177
3.10784
2.88433
2.98969
3.508
3.508
3.508
3.508
3.508
3.508
3.508
3.508
3.508
3.508
2.7162
2.87863
3.10747
3.02203
2.75582
2.86167
3.02823
3.02857
2.72185
3.11464
2.89109
2.98346
2.72405
2.90008
3.00161
3.10857
2.95955
2.71959
2.90723
2.99045
3.09697
2.94968
2.70156
2.77199
2.87916
2.78607
2.91169
2.92475
3.1039
3.00449
3.29484
2.72786
3.12352
2.8929
2.99832
2.67873
2.81875
3.03913
3.1581
3.49754
3.49241
3.50287
3.50259
3.48971
3.49749
3.45938
3.41023
3.47483
3.44548
3.49022
3.49903
3.49743
3.50122
2.72118
2.88298
2.97408
3.10248
3.17179
2.72617
2.99607
3.08814
2.7794
2.89721
2.90464
3.01674
3.01619
2.71879
2.88323
2.98878
3.13867
3.19905
2.76601
2.92571
3.07022
2.99648
2.92584
3.1051
2.71366
2.88913
2.75405
2.99025
3.01234
3.13444
3.26875
3.18968
3.29019
3.32471
3.37037
3.34897
3.37292
2.73619
2.84549
3.12741
3.04116
3.10017
2.7046
2.88966
2.83783
2.9809
3.11755
3.0162
2.70555
2.82467
3.10828
3.02703
3.24078
2.72247
3.12637
3.18456
2.89052
3.0036
3.27901
3.3149
3.36445
3.33836
3.37964
3.50117
3.50398
3.50261
3.50523
3.50581
3.50525
2.71063
2.85336
3.09859
3.03231
3.06132
2.74875
2.92069
3.00196
3.12322
2.71564
2.88971
2.77289
2.98457
3.00683
3.1313
3.27082
3.19558
3.28968
3.33227
3.37647
3.36773
3.39121
2.7215
2.9041
2.8313
2.97229
3.10745
3.0243
3.50518
3.50152
2.73599
2.89659
2.79797
2.99694
3.02596
3.1404
2.69354
2.82826
3.08351
3.03238
3.48317
3.49903
3.49127
3.50017
2.73875
2.91179
2.93881
3.08312
3.15819
2.74594
2.90887
3.00971
3.13192
3.19775
3.06244
3.14616
2.70024
2.74362
2.92517
3.06207
2.88737
2.75651
2.95001
2.9205
3.15646
3.04605
3.15837
3.26616
3.3312
3.31689
3.36282
3.35863
3.29047
3.33168
3.37401
3.36398
3.38438
2.84045
2.97171
2.93594
3.06342
3.11263
3.09296
3.24348
3.24769
3.28336
3.30849
3.36507
3.33497
3.36987
2.72034
2.84324
3.10391
3.04411
3.10104
2.70579
2.83837
3.07565
3.03951
2.71433
2.84353
3.10507
3.04579
3.10198
3.48102
3.47694
3.48381
2.71567
2.8451
3.13631
3.06199
3.11928
3.27647
3.31033
3.36391
3.35051
3.37661
3.50539
3.50128
3.50407
3.50447
3.50543
3.49931
3.50177
3.50319
3.50456
3.50539
2.72997
2.84729
3.10794
3.04303
3.10871
2.71713
2.90943
2.95686
3.04442
2.93057
3.27696
3.30176
3.34087
3.39263
3.35117
3.40824
3.41729
3.18178
2.72491
3.08937
2.89546
3.00474
3.4997
3.50265
3.50439
2.74338
2.87741
3.12101
3.02815
2.65852
2.83631
3.02592
3.15886
3.35189
3.29484
3.36657
3.37376
3.27529
3.19686
3.29246
3.33103
3.37947
3.37129
3.41159
3.4114
3.50792
3.50791
3.50796
3.508
3.508
3.508
3.508
3.508
3.508
2.75798
2.93287
2.93447
3.00954
3.02205
3.13994
2.74775
2.91235
2.96504
3.10334
3.50799
3.50799
3.50798
3.50799
3.50798
2.76745
2.94723
2.94442
3.02031
3.0256
3.14444
2.76179
2.89146
3.13753
3.05395
3.50552
3.50598
3.50437
3.50362
3.50714
3.50676
3.50606
2.7857
2.92324
2.82336
3.02224
3.02653
3.16459
3.29593
2.78997
2.94756
3.05047
3.14461
3.34916
3.42033
3.43405
3.50799
3.50788
3.50793
3.50798
3.25325
3.2283
3.36629
3.31936
3.34704
3.33557
3.40759
3.43818
3.39087
3.5007
3.50444
3.50619
3.50621
3.497
3.50198
3.50331
3.50414
3.5035
3.48798
3.49517
3.32937
3.35882
3.41454
3.40231
3.44856
3.4346
3.42537
3.36251
2.85977
2.77313
3.0654
3.17781
3.14114
3.508
3.508
3.508
3.508
3.50751
3.50767
3.50774
3.50767
3.50587
3.49014
3.49407
3.50146
3.50324
3.49984
3.4606
3.43117
3.46796
3.49131
3.49009
3.48715
3.48254
3.50524
3.50688
3.50731
3.50542
3.50664
3.50622
3.43768
3.45192
3.41015
3.34056
3.30771
3.40505
3.22866
3.28646
3.32048
3.12917
3.17287
3.50794
3.50788
3.50795
3.50797
3.50794
3.20592
3.23585
3.19776
3.32906
3.12773
2.9924
2.97723
3.06712
3.00158
3.16052
3.02364
3.05479
3.05361
2.9437
3.04462
3.08844
2.95436
2.98869
3.07022
3.02064
2.94526
2.99351
3.04856
3.00297
3.00546
3.04572
2.94247
2.93599
3.01693
3.04561
2.98117
3.00426
3.02792
2.90751
2.97597
3.01731
2.94462
2.98825
3.00039
2.91936
2.97429
3.00162
2.9668
2.99286
3.02866
2.96644
3.00163
3.06176
3.02182
3.04997
3.06741
2.94384
3.00311
3.05488
2.93391
2.98929
3.00215
2.95013
2.91228
3.00106
2.99505
2.95477
2.99103
3.04704
3.00955
2.93714
2.98832
3.02382
3.00131
3.03457
3.06717
3.02263
2.97917
3.04242
3.05612
2.98342
3.04149
3.10801
3.04159
2.92348
2.97974
3.05223
2.97934
2.99846
3.02746
2.91026
2.95011
3.03652
2.97206
2.99656
3.02559
2.94459
3.01264
3.03973
2.94292
3.00635
3.03352
2.92346
2.99768
3.02836
2.96601
3.01662
3.03677
2.9716
2.9431
3.05102
3.05512
2.77295
2.91363
2.97043
3.05309
2.95728
2.97693
2.9259
3.10157
3.12203
3.15073
3.13126
2.93882
3.00712
3.03259
2.92481
3.06678
2.95058
2.88948
3.09251
2.89792
3.14644
3.02189
2.95082
2.91113
3.06815
2.9356
3.04087
3.10186
3.16629
2.99113
2.92544
3.04318
2.99655
2.94436
2.99238
3.07179
3.02202
2.95032
3.0079
3.04108
2.95044
3.01953
3.04117
2.95174
3.03206
3.03368
2.91277
3.11699
3.1289
3.14856
3.10248
2.9696
2.97861
3.05041
3.00437
2.95247
3.05044
2.97846
2.99881
3.0541
2.94106
3.01144
3.04441
2.99197
2.97096
3.03393
3.01108
2.94423
3.04205
3.00929
2.97378
3.0473
2.94444
3.01224
3.03384
2.96612
3.01025
3.02824
3.02146
2.95368
3.01996
3.01912
2.9841
3.0417
3.02243
2.97847
3.06039
2.94179
2.95531
3.04523
3.06701
2.91966
3.11003
3.10847
3.15349
3.10185
2.97009
3.00043
3.0595
2.96231
3.02629
3.05925
2.99562
2.95049
3.04297
2.9405
3.00681
3.07312
3.05904
2.9417
3.02532
3.04694
2.90662
3.02929
3.19014
3.09013
3.12673
3.11833
2.93306
2.99808
3.01966
2.85541
3.00532
2.9901
2.97511
2.91508
3.0053
3.06681
3.02208
3.00939
2.97807
2.98604
3.0553
3.01882
3.10829
3.15946
3.50446
3.50345
3.50646
3.50566
3.5069
3.50741
3.44755
3.47975
3.47575
3.47583
3.49192
3.38116
3.29192
3.40206
3.43347
3.38441
3.39572
3.37998
3.28954
3.35273
3.36044
3.42665
3.42274
3.44639
3.44418
3.44888
3.45902
3.45666
3.48262
3.48218
3.13691
3.13363
3.32565
3.30805
3.39258
3.37595
3.50288
3.50512
3.50654
3.4166
3.43296
3.45094
3.45736
3.42935
3.49093
3.50012
3.29474
3.33348
3.31777
3.39953
3.42979
3.4571
3.39049
3.42683
3.41208
3.37177
3.46867
3.22111
3.23315
3.32264
3.33778
3.33356
3.32486
3.36219
3.41021
3.40914
3.42854
3.42944
3.40548
3.44032
3.45973
3.46776
3.47736
3.48665
3.47972
2.989
3.01471
3.16615
3.1958
3.28625
3.31397
3.35692
3.40153
3.35409
3.40356
3.4081
3.42437
3.13469
3.2129
3.21748
3.33856
3.30743
3.36784
3.42443
3.3514
3.39625
3.40162
3.42637
3.1975
3.28616
3.09782
3.18515
3.28101
3.30877
3.2374
3.45364
3.42092
3.46204
3.46664
3.44031
3.4746
3.48493
3.4856
3.49725
3.50189
3.50569
3.42988
3.43114
3.44065
3.45426
3.47426
3.47274
3.50055
3.50206
3.50347
3.50458
3.50026
3.28422
3.4007
3.41865
3.39513
3.45581
3.45107
3.46778
3.47681
3.48209
3.4888
3.46755
3.48308
3.49014
3.49484
3.46866
3.35165
3.35287
3.44393
3.41208
3.45522
3.46717
3.43348
3.39773
3.41473
3.49241
3.46898
3.44406
3.44356
3.46904
3.48083
3.49021
3.041
3.02413
3.05674
3.17754
3.26297
3.32376
3.37282
3.43046
3.43449
3.46077
3.45151
3.46826
3.05508
3.16717
3.15796
3.24922
3.29616
3.32029
3.04595
3.18334
3.15381
3.45507
3.48219
3.48199
3.49206
3.46558
3.43655
3.46347
3.13374
3.22261
3.23873
3.34385
3.29233
3.35742
3.37823
3.44404
3.44922
3.44514
3.44685
3.50605
3.50678
3.50697
3.50487
3.50558
3.18461
3.33815
3.37209
3.41165
3.44111
3.43179
3.40886
3.49972
3.49625
3.50255
3.5036
3.50523
3.50627
3.50661
3.50526
3.50668
3.50548
3.50641
3.507
3.50675
3.50726
3.50595
3.5058
3.09398
3.19932
3.17595
3.30142
3.3598
3.29866
3.11835
3.21221
3.18739
3.26533
3.28847
3.31778
3.12613
3.23273
3.21642
3.3098
3.26596
3.3338
3.45788
3.48297
3.49373
3.12088
3.19889
3.2091
3.31177
3.364
3.39075
3.41107
3.43342
3.43096
3.50797
3.50799
3.50799
3.50799
3.14405
3.30472
3.31932
3.11167
3.14969
3.50551
3.50681
3.50706
3.50736
3.50752
3.5077
3.13337
3.23127
3.22653
3.30211
3.3049
3.33857
3.22034
3.1521
3.18079
3.30335
3.33258
3.26654
3.14716
3.23604
3.227
3.33265
3.32088
3.3684
3.25168
3.23336
3.37577
3.4377
3.35693
3.48912
3.4987
3.49987
3.50431
3.50435
3.34832
3.38401
3.41396
3.40431
3.37382
3.37755
3.4271
3.43553
3.13486
3.2138
3.22452
3.31296
3.325
3.36317
3.1989
3.32673
3.14705
3.2411
3.46303
3.45121
3.47038
3.47567
3.48439
3.16115
3.23688
3.25087
3.31138
3.3367
3.36311
3.14753
3.23758
3.23276
3.30019
3.31547
3.35011
3.48092
3.40685
3.41482
3.46699
3.46917
3.40338
3.27454
3.38482
3.41953
3.39981
3.35768
3.39469
3.13242
3.21069
3.20605
3.30655
3.28898
3.34433
3.21423
3.33111
3.3729
3.13937
3.2042
3.25788
3.31761
3.34129
3.3514
3.21302
3.10682
3.24691
3.50244
3.50515
3.50427
3.50552
3.48288
3.49995
3.50045
3.4911
3.49569
3.14302
3.21383
3.22778
3.30804
3.31516
3.36348
3.50029
3.48965
3.47564
3.47496
3.49088
3.4828
3.49479
3.46503
3.47789
3.48322
3.49832
3.36319
3.40554
3.45024
3.43775
3.45884
3.4339
3.44755
3.42458
3.50226
3.5052
3.50382
3.49928
3.15675
3.22176
3.17071
3.35665
3.34076
3.48501
3.49122
3.5015
3.49769
3.50349
3.46456
3.45397
3.49468
3.48414
3.48072
3.49824
3.36946
3.29529
3.36826
3.44127
3.43914
3.43826
3.42612
3.42974
3.13345
3.23027
3.20234
3.27622
3.2765
3.31173
3.40392
3.35034
3.39433
3.39576
3.45853
3.44794
3.45273
3.4474
3.14765
3.19478
3.25811
3.31782
3.32669
3.35883
3.39698
3.39296
3.45562
3.45016
3.45463
3.45127
3.12998
3.15018
3.16629
3.29325
3.29968
3.49768
3.4997
3.49831
3.50441
3.50271
3.50532
3.13689
3.21912
3.32002
3.3795
3.21168
3.34205
3.14059
3.20993
3.29784
3.35883
3.17919
3.32328
3.508
3.508
3.508
3.50799
3.508
3.50799
3.50799
3.09165
3.1066
3.2151
3.22438
3.34093
3.32631
3.30491
3.13328
3.13739
3.23631
3.31961
3.33889
3.5034
3.49528
3.4973
3.5027
3.50244
3.5049
3.50003
3.3075
3.33602
3.41465
3.41
3.44674
3.42249
3.12233
3.17958
3.35072
3.29234
3.20364
3.24285
3.3336
3.3418
3.36909
3.40756
3.41146
3.46759
3.45823
3.46073
3.45869
3.4444
3.44866
3.48831
3.38694
3.39224
3.37633
3.41082
3.42239
3.44168
3.44685
3.45501
3.37826
3.38262
3.39786
3.37864
3.41793
3.44459
3.42077
3.12959
3.18426
3.19199
3.3274
3.34355
3.31176
3.37738
3.39385
3.40534
3.45912
3.45094
3.45837
3.45619
3.37062
3.40572
3.40599
3.4606
3.44859
3.46155
3.45588
3.34634
3.38768
3.40217
3.4626
3.44857
3.45852
3.44798
3.14839
3.24068
3.25144
3.33242
3.33225
3.36621
3.36352
3.40071
3.45535
3.45782
3.45407
3.47089
3.46733
3.15737
3.17951
3.32301
3.13318
3.25435
3.24322
3.33191
3.33711
3.13366
3.26642
3.35163
3.47135
3.47911
3.48978
3.489
3.49611
3.49772
3.37259
3.40884
3.46525
3.4557
3.46415
3.45935
3.16034
3.29485
3.36047
3.35948
3.39553
3.44519
3.44135
3.45023
3.45882
3.48038
3.4853
3.47474
3.15794
3.25604
3.24337
3.30926
3.38427
3.39392
3.47877
3.46842
3.48145
3.45558
3.45256
3.1906
3.33902
3.14394
3.18908
3.26263
3.3446
3.38357
3.33294
3.49471
3.50485
3.50604
3.50615
3.50514
3.50276
3.49905
3.50058
3.50431
3.50507
3.50304
3.13605
3.19079
3.33609
3.21211
3.26154
3.33529
3.3425
3.08497
3.08986
3.11965
3.25683
3.07593
3.16875
3.20519
3.25144
3.33762
3.17892
3.10799
3.16505
3.30763
3.34454
3.23409
3.30412
3.40307
3.25347
3.33075
3.41618
3.38496
3.42846
3.45541
3.44491
3.508
3.508
3.508
3.508
3.508
3.508
3.41941
3.12296
3.17593
3.28905
3.35085
3.24595
3.49885
3.49916
3.5027
3.50459
3.49892
3.38445
3.36821
3.44015
3.42785
3.47333
3.47608
3.45161
3.50699
3.50741
3.50773
3.5073
3.50768
3.13286
3.18895
3.33466
3.18284
3.31606
3.31655
3.17811
3.27365
3.34801
3.3288
3.15997
3.25363
3.12754
3.25543
3.25076
3.29635
3.40813
3.40571
3.38799
3.39302
3.44352
3.42402
3.42802
3.4393
3.11007
3.14417
3.24029
3.17699
3.25564
3.28548
3.30878
3.15782
3.22398
3.23716
3.36969
3.05958
3.04175
3.11237
3.248
3.04596
3.12633
3.18486
3.22478
3.09724
3.04122
3.16414
3.09754
3.22479
3.1787
3.19867
3.27404
3.38543
3.39115
3.43438
3.40577
3.41715
3.42682
3.44307
3.13111
3.14419
3.15878
3.20599
3.09598
3.12428
3.40151
3.40736
3.40075
3.43656
3.41847
3.46665
3.45251
3.46393
3.45087
3.47722
3.50175
3.49451
3.49011
3.48636
3.49516
3.5016
3.12618
3.08869
3.10773
3.18478
3.26162
3.20129
3.43613
3.45085
3.46289
3.45473
3.35985
3.14677
3.21148
3.18653
3.33303
3.33257
3.32672
3.27573
3.15243
3.26425
3.33095
3.32491
3.41333
3.45234
3.13246
3.18035
3.31786
3.21533
3.2595
3.33399
3.33495
3.5078
3.50797
3.50788
3.50793
3.50784
3.50794
3.07671
3.07941
3.10174
3.23354
3.05863
3.15103
3.16646
3.22247
3.16264
3.22875
3.19339
3.12223
3.24877
3.07142
3.15483
3.23173
3.24141
3.14714
3.25806
3.33281
3.36571
3.14119
3.26488
3.34969
3.15546
3.09968
3.21868
3.126
3.13178
3.23184
3.25272
3.11121
3.36438
3.24296
3.40013
3.41762
3.45043
3.45435
3.46906
3.47553
3.46919
3.48128
3.48423
3.02567
3.18748
3.09455
3.08765
3.14426
3.13663
3.26485
3.23881
3.09115
3.28081
3.21048
3.08812
3.16635
3.25821
3.21672
3.07766
3.06363
3.12943
3.26034
3.04842
3.14724
3.20099
3.25265
3.11301
3.08946
3.07631
3.14112
3.25579
3.19164
3.14638
3.2088
3.23008
3.33337
3.34578
3.1768
3.20034
3.32827
3.14622
3.20967
3.35016
3.07199
3.11894
3.14868
3.09747
3.19064
3.20159
3.22811
3.25192
3.47971
3.48603
3.47162
3.48206
3.25516
3.33232
3.3467
3.36866
3.39656
3.40563
3.05711
3.14759
3.15916
3.21317
3.22667
3.27852
3.13201
3.15529
3.29785
3.32115
3.3027
3.30505
3.14609
3.18216
3.32482
3.20588
3.26407
3.3368
3.33905
3.45645
3.4755
3.39919
3.45407
3.45156
3.4767
3.08685
3.1672
3.24397
3.24533
3.0784
3.07642
3.04576
3.1847
3.08428
3.16707
3.19391
3.2462
3.06014
3.17849
3.08873
3.17613
3.24186
3.21896
3.34116
3.15647
3.19027
3.27121
3.31966
3.33918
3.47165
3.47288
3.48775
3.49162
3.49393
3.4974
3.49818
3.49894
3.17573
3.31134
3.14795
3.20313
3.27111
3.33907
3.30202
3.09082
3.10669
3.22315
3.31425
3.08795
3.17603
3.21097
3.25128
3.15282
3.18652
3.32502
3.20711
3.26491
3.32987
3.33737
3.39954
3.44716
3.4455
3.11372
3.16795
3.25979
3.0797
3.13795
3.19453
3.12178
3.13765
3.16916
3.1831
3.23241
3.20109
3.33274
3.16967
3.29617
3.36469
3.16351
3.23849
3.30215
3.09103
3.13189
3.18564
3.21315
3.27817
3.14821
3.20506
3.34745
3.27986
3.3574
3.14588
3.2048
3.34673
3.26486
3.3495
3.34881
3.49464
3.50047
3.49605
3.49488
3.50057
3.5012
3.48749
3.4847
3.14903
3.38558
3.21144
3.26876
3.32274
3.34252
3.20582
3.33456
3.15884
3.22349
3.28762
3.36021
3.3818
3.33273
3.50762
3.50732
3.50746
3.50768
3.50771
3.50746
3.21559
3.26949
3.17006
3.15413
3.20992
3.2047
3.29395
3.07861
3.13003
3.1633
3.20085
3.23231
3.2536
3.09011
3.18028
3.26283
3.39205
3.33724
3.39871
3.46766
3.46145
3.44181
3.43992
3.47038
3.47652
3.45175
3.11367
3.12988
3.18969
3.18271
3.29408
3.32244
3.33577
3.32845
3.27675
3.36511
3.0748
3.19792
3.16607
3.24246
3.46665
3.23424
3.16022
3.20507
3.26323
3.21226
3.07349
3.18898
3.20794
3.24994
3.29426
3.10129
3.14771
3.11605
3.18875
3.28826
3.21845
3.46874
3.4861
3.49529
3.47634
3.50798
3.50799
3.508
3.08332
3.08508
3.22551
3.10228
3.17092
3.13166
3.26691
3.23399
3.11806
3.25572
3.17719
3.25613
3.17637
3.22167
3.21261
3.28557
3.33145
3.35379
3.08949
3.25385
3.21399
3.20509
3.33402
3.29651
3.29639
3.22501
3.10478
3.18728
3.21699
3.2246
3.4046
3.25611
3.34877
3.34137
3.39822
3.19612
3.27113
3.07974
3.13945
3.18254
3.1431
3.25528
3.25289
3.44881
3.44975
3.45794
3.47466
3.48201
3.08609
3.28178
3.09606
3.17748
3.19472
3.26297
3.19438
3.24559
3.28487
3.40732
3.40622
3.41119
3.43607
3.43154
3.45331
3.44828
3.46362
3.37236
3.37449
3.38658
3.29287
3.29425
3.38857
3.37907
3.18115
3.24635
3.22317
3.29324
3.3348
3.30001
3.08515
3.2145
3.08171
3.09061
3.12998
3.16113
3.25168
3.23968
3.23592
3.09661
3.1069
3.22595
3.17129
3.26381
3.09476
3.10131
3.14429
3.17458
3.26735
3.25744
3.09762
3.17167
3.15503
3.25003
3.21375
3.34637
3.17389
3.20627
3.2731
3.3373
3.34676
3.11853
3.11089
3.13638
3.206
3.24464
3.24411
3.21534
3.16361
3.24407
3.29346
3.28015
3.32808
3.08109
3.09283
3.16449
3.15196
3.27262
3.26219
3.08657
3.09305
3.14593
3.1813
3.23105
3.26907
3.07473
3.10703
3.16605
3.27994
3.2088
3.26015
3.22332
3.3454
3.16964
3.20455
3.27599
3.33095
3.34228
3.08981
3.19799
3.15615
3.20091
3.23959
3.28685
3.27393
3.45131
3.47944
3.098
3.16904
3.26032
3.23475
3.28918
3.35058
3.35932
3.39203
3.10413
3.11646
3.24597
3.18984
3.29355
3.22665
3.10312
3.27018
3.18193
3.27663
3.19351
3.23221
3.24513
3.35701
3.39502
3.32141
3.37969
3.45723
3.42688
3.4391
3.46581
3.46988
3.49834
3.46646
3.48576
3.48602
3.49219
3.50022
3.48584
3.4968
3.50156
3.18125
3.22898
3.25024
3.34328
3.34443
3.1797
3.22006
3.29697
3.37214
3.22109
3.3404
3.16715
3.20981
3.27894
3.33596
3.3472
3.37354
3.39095
3.40312
3.40271
3.43954
3.44769
3.0867
3.10411
3.1706
3.21609
3.27674
3.23307
3.09743
3.17709
3.22238
3.26596
3.27503
3.08898
3.17355
3.22974
3.27106
3.26652
3.13039
3.1361
3.19331
3.2356
3.27659
3.23217
3.47578
3.45962
3.44131
3.46794
3.47604
3.48448
3.47257
3.47922
3.27071
3.3674
3.37979
3.44734
3.45246
3.487
3.48409
3.46221
3.45444
3.46523
3.46833
3.24195
3.31488
3.25045
3.22517
3.34496
3.16997
3.19468
3.2814
3.33162
3.35011
3.16671
3.28384
3.40916
3.36313
3.09736
3.15908
3.11382
3.26926
3.33596
3.30981
3.32727
3.32522
3.08536
3.21314
3.11178
3.17222
3.26796
3.2798
3.08496
3.19786
3.23078
3.27044
3.3031
3.16322
3.39395
3.27402
3.34214
3.31848
3.30007
3.17343
3.28763
3.35729
3.09189
3.29721
3.14712
3.18873
3.27445
3.12797
3.35378
3.33971
3.28964
3.22765
3.20435
3.24493
3.19039
3.28075
3.48582
3.48322
3.48979
3.47891
3.46133
3.45948
3.47785
3.48432
3.49012
3.08666
3.29584
3.11311
3.18017
3.22899
3.27139
3.11082
3.12704
3.14956
3.21689
3.29092
3.26435
3.09
3.18615
3.28147
3.25638
3.36542
3.20854
3.33014
3.19298
3.26417
3.29939
3.36304
3.36769
3.20213
3.2971
3.26555
3.23155
3.23251
3.29505
3.4867
3.47352
3.49259
3.11538
3.17248
3.25147
3.29219
3.11189
3.22213
3.20607
3.25678
3.29343
3.18446
3.29181
3.35493
3.38589
3.40834
3.20651
3.21845
3.16701
3.23859
3.29993
3.19024
3.25188
3.22639
3.302
3.20765
3.23787
3.26933
3.29011
3.39468
3.34253
3.20074
3.17444
3.29179
3.29818
3.25123
3.19186
3.25329
3.28565
3.2398
3.11737
3.17726
3.25758
3.4655
3.48089
3.46892
3.45394
3.20686
3.17839
3.23959
3.29977
3.28422
3.39452
3.33542
3.1849
3.28333
3.40423
3.35404
3.20256
3.12999
3.17087
3.21801
3.15325
3.25395
3.31061
3.27989
3.21784
3.21062
3.24853
3.28437
3.20576
3.18319
3.26142
3.33372
3.30739
3.15489
3.11143
3.21549
3.2454
3.29071
3.26581
3.24614
3.24014
3.31438
3.21018
3.29673
3.25408
3.24622
3.26754
3.28094
3.39206
3.36383
3.18572
3.2181
3.14767
3.1955
3.23741
3.2507
3.24449
3.29875
3.45417
3.43518
3.46308
3.48197
3.47727
3.48233
3.49134
3.20607
3.25156
3.28279
3.21416
3.28452
3.26293
3.30387
3.14706
3.28364
3.36106
3.38833
3.33154
3.30365
3.20875
3.24839
3.29894
3.24948
3.22021
3.18224
3.29782
3.24413
3.21195
3.17743
3.29149
3.28522
3.13338
3.20955
3.29168
3.27253
3.49305
3.48418
3.49583
3.49319
3.48812
3.47867
3.46142
3.45684
3.46502
3.42737
3.43971
3.26642
3.23775
3.26407
3.31056
3.50621
3.5073
3.50762
3.33625
3.30972
3.189
3.27138
3.31698
3.26835
3.24552
3.27068
3.32301
3.26907
3.46196
3.46576
3.4686
3.48105
3.47946
3.48894
3.22583
3.29508
3.25345
3.28827
3.37996
3.36638
3.38906
3.42016
3.43048
3.50779
3.50787
3.50793
3.50794
3.29395
3.12297
3.23507
3.26624
3.22632
3.16346
3.26617
3.29001
3.2455
3.23277
3.21529
3.17059
3.29105
3.27997
3.23233
3.26322
3.29444
3.21934
3.15531
3.25746
3.40402
3.36244
3.2536
3.30268
3.28937
3.2443
3.36195
3.32146
3.36344
3.35937
3.40424
3.41063
3.14971
3.24193
3.29082
3.29318
3.39466
3.35186
3.2562
3.24304
3.18695
3.30572
3.28708
3.23491
3.26985
3.34027
3.24853
3.29038
3.31079
3.41543
3.39897
3.46571
3.45586
3.46252
3.45666
3.49817
3.50135
3.50482
3.50532
3.24543
3.23742
3.17929
3.30911
3.28114
3.39811
3.28693
3.35004
3.28351
3.32114
3.2175
3.19977
3.27998
3.30941
3.33666
3.22955
3.18212
3.22582
3.30677
3.25829
3.45882
3.47773
3.43795
3.47228
3.22819
3.18001
3.23576
3.30068
3.25027
3.25051
3.22334
3.23626
3.18288
3.32124
3.29945
3.25968
3.28374
3.30175
3.29897
3.26357
3.30621
3.29014
3.26343
3.29746
3.26174
3.30975
3.25453
3.26704
3.30517
3.2893
3.41823
3.41055
3.44428
3.18733
3.3071
3.26607
3.26479
3.26029
3.24513
3.29632
3.40626
3.34487
3.38343
3.3892
3.50027
3.50402
3.21695
3.32799
3.33239
3.39695
3.34535
3.34425
3.48392
3.46845
3.48028
3.48748
3.45797
3.47682
3.50618
3.50653
3.50672
3.50711
3.50722
3.35754
3.36817
3.40792
3.312
3.36759
3.39097
3.38949
3.33526
3.50002
3.49635
3.49415
3.5023
3.50357
3.50304
3.50447
3.5048
3.38967
3.39874
3.48878
3.47464
3.47183
3.49173
3.49194
3.49733
3.40637
3.41533
3.46189
3.46112
3.48952
3.4756
3.48782
3.49015
3.38563
3.45086
3.45444
3.4011
3.35272
3.4041
3.34776
3.45436
3.39731
3.39927
3.39728
3.44177
3.43084
3.46022
3.50654
3.50723
3.50765
3.50778
3.5075
3.50755
3.40811
3.41347
3.41186
3.44025
3.45884
3.41875
3.4476
3.4403
3.45993
3.21059
3.25679
3.29548
3.32144
3.30712
3.38257
3.40659
3.38638
3.31843
3.35482
3.27368
3.33726
3.38098
3.45632
3.43649
3.44345
3.45311
3.47177
3.47635
3.49063
3.48843
3.44271
3.43455
3.42042
3.41592
3.20002
3.35389
3.33161
3.28664
3.30402
3.27634
3.28539
3.31504
3.32187
3.30673
3.48309
3.48957
3.45381
3.42684
3.30342
3.29377
3.5028
3.5044
3.50437
3.50572
3.50585
3.48616
3.48291
3.47542
3.48695
3.48892
3.49797
3.49775
3.48684
3.22467
3.30761
3.33226
3.41824
3.41745
3.32345
3.39881
3.40977
3.33312
3.29371
3.32954
3.30608
3.34696
3.4165
3.41923
3.3615
3.37718
3.36669
3.42528
3.48532
3.4192
3.47525
3.46209
3.39315
3.44546
3.47136
3.49488
3.47527
3.49545
3.48973
3.48606
3.50537
3.50607
3.50691
3.50583
3.50657
3.50728
3.50744
3.50711
3.50703
3.48864
3.48918
3.47769
3.48642
3.48304
3.50037
3.49242
3.50083
3.39855
3.43688
3.43769
3.42461
3.40938
3.40887
3.46751
3.46845
3.46739
3.46557
3.46855
3.3488
3.42451
3.42991
3.35996
3.42148
3.40987
3.43998
3.45274
3.45471
3.4433
3.47267
3.48448
3.48718
3.49346
3.47795
3.40259
3.44291
3.45893
3.45965
3.39691
3.44169
3.4654
3.47691
3.25596
3.27541
3.30094
3.2869
3.27033
3.3425
3.41704
3.42034
3.35238
3.49874
3.50288
3.50302
3.50448
3.50577
3.50523
3.3099
3.27811
3.49789
3.49339
3.49886
3.5032
3.50335
3.50335
3.42341
3.44841
3.4537
3.42256
3.36517
3.37199
3.416
3.44595
3.45534
3.46423
3.44084
3.41951
3.4205
3.435
3.46064
3.42839
3.45647
3.46174
3.41438
3.40549
3.45833
3.43817
3.4458
3.35591
3.42801
3.43127
3.36367
3.35215
3.35607
3.4212
3.39617
3.43829
3.47148
3.47234
3.43705
3.44931
3.35999
3.38054
3.40725
3.42765
3.4361
3.42467
3.4172
3.35108
3.327
3.3358
3.45565
3.48893
3.48931
3.47489
3.34125
3.42473
3.42553
3.35788
3.41393
3.44527
3.43748
3.46337
3.48977
3.49185
3.48312
3.48627
3.44087
3.40552
3.41607
3.44385
3.45375
3.4719
3.47683
3.36022
3.36707
3.39917
3.4105
3.44411
3.43683
3.40547
3.39907
3.41528
3.44681
3.4691
3.44313
3.46162
3.33795
3.33102
3.33815
3.41265
3.42163
3.34897
3.47502
3.45561
3.48967
3.48032
3.49544
3.50719
3.50663
3.5075
3.42121
3.41941
3.41522
3.45026
3.44604
3.46547
3.47048
3.40656
3.40726
3.39514
3.44094
3.3881
3.32843
3.4352
3.43423
3.37397
3.39731
3.40061
3.40675
3.44285
3.43902
3.46174
3.46763
3.35401
3.43009
3.4281
3.35026
3.29936
3.3276
3.41052
3.3628
3.41155
3.43603
3.36063
3.43497
3.43378
3.36315
3.32937
3.34678
3.36154
3.33215
3.4318
3.42333
3.3111
3.3392
3.3846
3.42074
3.48099
3.49176
3.49182
3.48557
3.47585
3.31982
3.31215
3.32356
3.31311
3.48945
3.50022
3.5012
3.46972
3.48307
3.48726
3.48242
3.47068
3.44216
3.47129
3.47312
3.47225
3.48538
3.48721
3.49916
3.5
3.33917
3.33894
3.37019
3.41998
3.42829
3.50504
3.50549
3.49851
3.50398
3.50371
3.49951
3.49804
3.49865
3.50191
3.50334
3.5023
3.50003
3.5035
3.49662
3.4958
3.49216
3.49788
3.50136
3.40438
3.44377
3.45789
3.41428
3.42421
3.48197
3.47286
3.48385
3.47889
3.48137
3.48778
3.4881
3.49359
3.46799
3.47203
3.49345
3.41087
3.39935
3.41368
3.4388
3.45015
3.46593
3.47969
3.47911
3.49817
3.49489
3.49404
3.50119
3.50028
3.50406
3.50469
3.28812
3.38769
3.39239
3.35032
3.36317
3.43068
3.45106
3.46636
3.4731
3.4755
3.48264
3.48264
3.48192
3.5018
3.50361
3.5047
3.50355
3.47569
3.48785
3.49213
3.42812
3.45959
3.44454
3.42925
3.44049
3.45827
3.47383
3.47009
3.47317
3.48359
3.48996
3.49176
3.49481
3.49989
3.50053
3.34547
3.32937
3.35885
3.38153
3.42759
3.42969
3.4461
3.45061
3.46755
3.46098
3.33902
3.40757
3.37587
3.32612
3.4358
3.40152
3.42943
3.36891
3.40106
3.48386
3.48471
3.4906
3.48999
3.49601
3.49608
3.48827
3.494
3.49766
3.49643
3.50189
3.49854
3.39057
3.37959
3.44297
3.42266
3.4505
3.46149
3.46013
3.46936
3.44762
3.43679
3.41058
3.39736
3.43848
3.45906
3.44185
3.48058
3.50628
3.50732
3.50567
3.50486
3.34305
3.3593
3.36574
3.43252
3.50622
3.50733
3.50655
3.50699
3.50726
3.50706
3.50741
3.50738
3.50755
3.34198
3.45032
3.43608
3.37732
3.3133
3.40487
3.38812
3.36783
3.3595
3.35719
3.33351
3.34854
3.46936
3.4833
3.49649
3.49027
3.43091
3.36417
3.42829
3.38254
3.50749
3.50708
3.50762
3.5078
3.50786
3.38227
3.38137
3.37
3.43368
3.38737
3.34382
3.44469
3.46309
3.38142
3.41275
3.4703
3.47843
3.4879
3.49301
3.48367
3.37145
3.39176
3.36747
3.36307
3.50793
3.50797
3.50793
3.50798
3.50797
3.50521
3.49849
3.49997
3.50355
3.50567
3.50459
3.38976
3.4176
3.43188
3.43586
3.4266
3.36966
3.28968
3.42074
3.40215
3.44847
3.46686
3.45405
3.32368
3.37605
3.3248
3.33873
3.3689
3.33151
3.35208
3.34241
3.50306
3.5046
3.50615
3.49473
3.49959
3.50283
3.35215
3.34462
3.37105
3.3167
3.32676
3.31298
3.31696
3.39359
3.42789
3.41418
3.43576
3.46277
3.46782
3.46721
3.46313
3.4811
3.48226
3.50397
3.50535
3.50643
3.50633
3.50482
3.42702
3.43107
3.47689
3.46044
3.47833
3.32544
3.41632
3.41034
3.40363
3.33383
3.39545
3.43633
3.36878
3.40428
3.40764
3.40931
3.43695
3.43457
3.45535
3.50788
3.50793
3.50792
3.50797
3.50796
3.50798
3.45369
3.46192
3.47308
3.45103
3.42923
3.49499
3.4933
3.49591
3.49721
3.43228
3.46571
3.41216
3.45751
3.46877
3.48019
3.48063
3.4441
3.35784
3.44883
3.40031
3.3301
3.42416
3.39874
3.41498
3.43429
3.46563
3.46317
3.3181
3.36623
3.40147
3.40864
3.37916
3.39352
3.396
3.48934
3.49715
3.40679
3.41463
3.45534
3.47413
3.46501
3.43552
3.46472
3.43807
3.42054
3.45878
3.47157
3.47384
3.47832
3.44065
3.43042
3.45348
3.44605
3.40064
3.34696
3.41803
3.34267
3.39289
3.43594
3.46552
3.47976
3.44167
3.43618
3.46839
3.41958
3.45228
3.46994
3.42763
3.45624
3.47913
3.41656
3.48503
3.4716
3.49402
3.35271
3.36702
3.44072
3.40429
3.43199
3.34636
3.35406
3.36441
3.43367
3.4302
3.33965
3.35129
3.35835
3.39111
3.35499
3.4003
3.33806
3.36958
3.40948
3.34168
3.40447
3.36292
3.40265
3.39885
3.43063
3.43652
3.45322
3.4278
3.36818
3.38625
3.39145
3.42943
3.43605
3.34062
3.45604
3.4497
3.44306
3.40498
3.36952
3.50799
3.50799
3.43928
3.44755
3.40812
3.35182
3.406
3.50799
3.50799
3.508
3.508
3.508
3.508
3.42155
3.46133
3.43051
3.41611
3.46638
3.48707
3.48357
3.48632
3.4802
3.50784
3.50791
3.50791
3.50793
3.50788
3.50794
3.50793
3.48048
3.47748
3.49598
3.49131
3.50256
3.50044
3.34716
3.40329
3.32947
3.40892
3.4317
3.41261
3.48128
3.46701
3.45392
3.47037
3.46058
3.43074
3.42488
3.47333
3.42845
3.463
3.47632
3.45187
3.45129
3.39306
3.41791
3.38965
3.35731
3.41789
3.3632
3.40685
3.34666
3.37834
3.4442
3.44824
3.41025
3.47888
3.41332
3.45436
3.47276
3.46288
3.43302
3.37142
3.35783
3.42371
3.42752
3.45591
3.44305
3.37987
3.39169
3.38777
3.42952
3.4622
3.44665
3.42477
3.44187
3.43486
3.46946
3.48316
3.45216
3.46888
3.42249
3.47811
3.45633
3.46301
3.48106
3.32775
3.41264
3.39451
3.34045
3.34621
3.40922
3.36232
3.35061
3.40235
3.50141
3.50233
3.50456
3.50553
3.50716
3.50731
3.4027
3.42289
3.41319
3.43676
3.44664
3.42147
3.4612
3.47108
3.45258
3.34643
3.38637
3.39854
3.42503
3.44727
3.46154
3.34263
3.39781
3.4144
3.42418
3.39102
3.45223
3.34436
3.34093
3.39889
3.43682
3.38985
3.41446
3.50738
3.50747
3.50748
3.50774
3.50772
3.50771
3.43141
3.4249
3.44544
3.47136
3.47671
3.45875
3.36909
3.34906
3.35353
3.43569
3.43817
3.3525
3.34049
3.34645
3.3682
3.3809
3.41305
3.41501
3.34506
3.33791
3.35368
3.41252
3.41284
3.3634
3.50501
3.50571
3.50725
3.5074
3.50759
3.50677
3.5068
3.38955
3.41127
3.44487
3.45302
3.44524
3.47152
3.47191
3.45839
3.49567
3.49536
3.50048
3.49383
3.50046
3.50297
3.50097
3.4609
3.44991
3.44613
3.43074
3.41178
3.35953
3.34297
3.40801
3.34961
3.40758
3.47477
3.42338
3.46684
3.46078
3.38129
3.3344
3.43181
3.45208
3.48811
3.5017
3.50677
3.5066
3.50751
3.50748
3.50755
3.5077
3.50772
3.34629
3.35201
3.39818
3.49504
3.48307
3.49354
3.49449
3.47807
3.45238
3.41369
3.48168
3.46694
3.43748
3.41822
3.46419
3.33871
3.36531
3.401
3.36407
3.39503
3.36161
3.37596
3.43754
3.46391
3.3448
3.42258
3.39372
3.37158
3.4081
3.35728
3.37985
3.41383
3.37119
3.37736
3.43886
3.44508
3.32615
3.35662
3.36773
3.3996
3.36741
3.38396
3.50768
3.50787
3.50783
3.50793
3.37127
3.3782
3.43804
3.43963
3.39346
3.4244
3.36224
3.44375
3.45855
3.40984
3.36254
3.35031
3.38852
3.39333
3.35745
3.38529
3.38008
3.40513
3.40682
3.41054
3.43056
3.43453
3.4091
3.41427
3.44058
3.4227
3.45948
3.35098
3.43447
3.40934
3.39741
3.43101
3.41828
3.39972
3.42498
3.42794
3.4001
3.42772
3.39987
3.45145
3.48594
3.48739
3.48727
3.49535
3.49436
3.42504
3.45894
3.476
3.48332
3.42315
3.46361
3.45341
3.44981
3.39601
3.42479
3.33308
3.36783
3.37701
3.41027
3.37792
3.40412
3.34876
3.34323
3.39506
3.42959
3.41938
3.46132
3.47735
3.48189
3.42145
3.34415
3.3384
3.3438
3.41188
3.41223
3.42497
3.50772
3.50783
3.50782
3.50794
3.50793
3.35351
3.39316
3.42458
3.42852
3.42954
3.4568
3.43161
3.47246
3.46116
3.41791
3.48082
3.41985
3.45912
3.47628
3.42486
3.48124
3.46115
3.47003
3.47846
3.33922
3.37363
3.37461
3.36892
3.37369
3.40248
3.40946
3.43338
3.43975
3.39198
3.42154
3.44699
3.4826
3.44517
3.3476
3.41075
3.39376
3.42361
3.42705
3.42874
3.37343
3.42508
3.42821
3.37983
3.50485
3.50582
3.50696
3.50406
3.50476
3.50573
3.50754
3.50676
3.50766
3.50742
3.5071
3.35923
3.35482
3.3951
3.43421
3.40779
3.50784
3.50783
3.50794
3.50798
3.50793
3.50799
3.50797
3.50799
3.3928
3.43193
3.4589
3.45848
3.4014
3.43008
3.42771
3.43811
3.46337
3.46884
3.48
3.48126
3.48638
3.37331
3.32439
3.34544
3.40094
3.44137
3.4231
3.44487
3.35169
3.4079
3.36278
3.36391
3.40809
3.43125
3.41732
3.43872
3.47553
3.48844
3.47926
3.49381
3.48119
3.49205
3.49064
3.49698
3.35707
3.42504
3.3989
3.50734
3.50644
3.50656
3.50724
3.5072
3.34826
3.33252
3.34241
3.34116
3.39764
3.40854
3.40132
3.36985
3.37758
3.4054
3.43497
3.44435
3.43045
3.38501
3.42214
3.40174
3.45358
3.42818
3.37725
3.45309
3.42128
3.38242
3.42921
3.43995
3.41794
3.44352
3.39365
3.43033
3.45907
3.46784
3.45848
3.42863
3.39942
3.43684
3.44473
3.41732
3.40127
3.40233
3.49372
3.49423
3.50163
3.50426
3.49514
3.50146
3.354
3.42406
3.41627
3.43016
3.42484
3.45197
3.50133
3.48782
3.50153
3.50102
3.49675
3.44866
3.44213
3.46008
3.45124
3.47869
3.47404
3.48287
3.49332
3.49341
3.47318
3.47929
3.42651
3.4307
3.43751
3.46248
3.40859
3.41859
3.36411
3.37299
3.49969
3.47569
3.4928
3.49703
3.48649
3.42716
3.40258
3.45038
3.44796
3.43302
3.45661
3.44348
3.42437
3.45434
3.37612
3.36928
3.38411
3.42485
3.42301
3.41646
3.44464
3.41754
3.4402
3.38117
3.40129
3.43009
3.4462
3.43334
3.42333
3.42853
3.404
3.35874
3.42874
3.4074
3.39818
3.39784
3.42419
3.39376
3.42992
3.44294
3.42502
3.44363
3.42776
3.42958
3.41508
3.44467
3.45344
3.40462
3.42942
3.45709
3.45809
3.4746
3.44392
3.45605
3.48069
3.48465
3.48588
3.49047
3.49011
3.45291
3.50418
3.5052
3.50423
3.50607
3.506
3.50656
3.47948
3.48316
3.49285
3.49692
3.4948
3.48814
3.43174
3.44194
3.41734
3.40052
3.39039
3.43391
3.44212
3.46103
3.45455
3.46572
3.43241
3.43896
3.3747
3.40728
3.42024
3.39642
3.43166
3.44155
3.39992
3.49814
3.49943
3.50225
3.50409
3.5004
3.50305
3.4727
3.46985
3.47598
3.4861
3.37527
3.43179
3.40826
3.43245
3.44883
3.47594
3.45274
3.47947
3.48324
3.45742
3.47341
3.4376
3.46105
3.45707
3.43179
3.45382
3.43099
3.45629
3.46378
3.43415
3.38659
3.44089
3.42702
3.44286
3.4425
3.45048
3.49259
3.46573
3.48971
3.48272
3.49375
3.46073
3.47507
3.44218
3.45291
3.44504
3.49695
3.50207
3.49889
3.50406
3.50259
3.4908
3.4939
3.49961
3.49952
3.46449
3.43779
3.46436
3.3781
3.43625
3.40688
3.44463
3.49898
3.4932
3.49455
3.50063
3.50156
3.50409
3.50357
3.50502
3.42258
3.40243
3.40902
3.45321
3.46949
3.47916
3.45035
3.45465
3.46867
3.47064
3.43822
3.45964
3.47282
3.43385
3.44671
3.46374
3.50751
3.50777
3.50788
3.50783
3.50773
3.50738
3.4424
3.48896
3.47982
3.48722
3.4789
3.48346
3.49126
3.48625
3.49425
3.4962
3.48715
3.46271
3.45745
3.45759
3.41422
3.45381
3.47621
3.46221
3.44771
3.46754
3.47738
3.43279
3.45549
3.46241
3.47467
3.48099
3.49262
3.44208
3.44411
3.43906
3.43966
3.46329
3.49882
3.50217
3.49784
3.49813
3.50225
3.50397
3.50394
3.50065
3.43361
3.46327
3.47461
3.49976
3.50022
3.50297
3.50388
3.50466
3.50503
3.46645
3.44894
3.42574
3.45335
3.48755
3.48867
3.49178
3.4945
3.49633
3.49261
3.50209
3.49931
3.50785
3.50792
3.50789
3.50793
3.50789
3.43683
3.44474
3.43161
3.43019
3.45183
3.45889
3.44719
3.50735
3.50766
3.48958
3.49075
3.49994
3.4999
3.50197
3.50342
3.50474
3.50582
3.50609
3.50631
3.47914
3.48313
3.48531
3.49146
3.50267
3.50299
3.50511
3.50624
3.50533
3.50756
3.50781
3.50745
3.50786
3.50771
3.50772
3.5079
3.50794
3.5062
3.50511
3.50726
3.50542
3.50699
3.50767
3.50787
3.50769
3.50792
3.50782
3.43958
3.44679
3.44545
3.46595
3.50504
3.50643
3.50562
3.50736
3.44202
3.43376
3.45497
3.43598
3.40293
3.41539
3.45898
3.46298
3.46988
3.41431
3.40389
3.4204
3.44546
3.44993
3.49558
3.48457
3.4873
3.49458
3.49378
3.49856
3.50672
3.5075
3.50775
3.50715
3.50765
3.49614
3.49515
3.5003
3.44955
3.45842
3.47299
3.48259
3.49006
3.47933
3.48812
3.49262
3.49869
3.49711
3.49937
3.49769
3.50642
3.50697
3.50722
3.50657
3.50717
3.50688
3.5073
3.508
3.508
3.508
3.508
3.508
3.508
3.508
3.508
3.508
3.49244
3.471
3.48329
3.48651
3.49553
3.49374
3.49276
3.48318
3.49272
3.4912
3.49646
3.47391
3.48515
3.50457
3.50531
3.46619
3.47086
3.50766
3.50644
3.50731
3.50796
3.50799
3.50798
3.50798
3.50799
3.50799
3.49061
3.49321
3.48875
3.49731
3.49528
3.50172
3.50118
3.49922
3.49394
3.49811
3.5008
3.50326
3.5037
3.50234
3.50203
3.50621
3.50611
3.4882
3.48975
3.49761
3.49949
3.49555
3.49761
3.50152
3.49659
3.49752
3.50193
3.50361
3.50197
3.49824
3.49895
3.50276
3.50418
3.50439
3.4911
3.48371
3.49559
3.49249
3.48474
3.47954
3.50219
3.50263
3.50282
3.50342
3.48857
3.48797
3.49325
3.49429
3.49593
3.46557
3.45765
3.46398
3.47404
3.47482
3.50116
3.50383
3.50171
3.50439
3.50361
3.50642
3.50602
3.50612
3.50494
3.50538
3.49559
3.50173
3.5047
3.50475
3.50527
3.50165
3.50272
3.49002
3.49788
3.499
3.5064
3.50658
3.50642
3.50707
3.4833
3.4907
3.48633
3.49655
3.49603
3.50065
3.50797
3.50796
3.50799
3.50798
3.50799
3.50796
3.46654
3.47452
3.48582
3.508
3.508
3.508
3.508
3.508
3.508
3.508
3.508
3.508
3.508
3.49845
3.48524
3.49678
3.49972
3.45137
3.43804
3.46306
3.45763
3.48899
3.4989
3.49488
3.4949
3.49927
3.50484
3.50671
3.50614
3.5069
3.50699
3.50615
3.50579
3.48294
3.49249
3.49207
3.49762
3.49946
3.48021
3.47701
3.48351
3.48436
3.48867
3.49081
3.45067
3.46831
3.47472
3.46971
3.4764
3.47895
3.48573
3.48853
3.49214
3.50607
3.50139
3.49937
3.50287
3.50562
3.50691
3.50578
3.50787
3.50786
3.50793
3.50799
3.508
3.508
3.50798
3.50798
3.50799
3.4684
3.47699
3.4913
3.49438
3.47928
3.48719
3.50642
3.50472
3.50655
3.5073
3.50749
3.50671
3.45093
3.45923
3.47335
3.48208
3.48737
3.48799
3.50781
3.50769
3.50766
3.49305
3.49871
3.48991
3.49996
3.50191
3.49741
3.506
3.50629
3.50639
3.50676
3.50723
3.50727
3.50702
3.4742
3.46836
3.49094
3.48957
3.49316
3.47369
3.47422
3.48933
3.49688
3.48298
3.49188
3.44889
3.44411
3.4657
3.46168
3.47581
3.47619
3.4655
3.46933
3.47985
3.46713
3.492
3.47482
3.48622
3.49385
3.48663
3.47357
3.50449
3.50217
3.50154
3.50207
3.50391
3.5068
3.50779
3.50607
3.50707
3.50766
3.50759
3.50711
3.4619
3.47486
3.48193
3.49199
3.48298
3.46719
3.46425
3.47046
3.46406
3.47323
3.49203
3.48521
3.49422
3.47081
3.48879
3.49118
3.49153
3.49715
3.49815
3.49853
3.49662
3.5024
3.5028
3.50324
3.50324
3.50473
3.5041
3.50521
3.46223
3.47235
3.48517
3.4852
3.48621
3.49095
3.49912
3.50008
3.50341
3.49942
3.50352
3.50121
3.49961
3.50308
3.47665
3.49168
3.48993
3.49395
3.47817
3.48487
3.49618
3.48861
3.4977
3.48056
3.48241
3.49216
3.49182
3.45187
3.43012
3.46142
3.45902
3.46611
3.45183
3.49218
3.49283
3.48974
3.49361
3.4979
3.49329
3.50075
3.47409
3.4829
3.48209
3.49435
3.49233
3.49996
3.50424
3.5054
3.50564
3.50207
3.50001
3.50315
3.48952
3.49822
3.49249
3.46701
3.49611
3.48665
3.49419
3.46783
3.48554
3.47863
3.4798
3.48939
3.48679
3.47065
3.46519
3.4889
3.49327
3.50089
3.49594
3.49965
3.43872
3.44119
3.46646
3.47423
3.48744
3.47149
3.46943
3.45954
3.46858
3.46519
3.48816
3.48717
3.49481
3.48057
3.49057
3.47443
3.477
3.48892
3.48969
3.49445
3.47442
3.50548
3.50453
3.50472
3.50106
3.50124
3.44691
3.46504
3.49245
3.48361
3.49012
3.47537
3.46293
3.46761
3.47884
3.47521
3.49119
3.49184
3.50794
3.50797
3.50795
3.50799
3.50798
3.45904
3.46929
3.48186
3.48781
3.47646
3.4749
3.49211
3.49894
3.47089
3.45456
3.46873
3.49631
3.49432
3.49336
3.49239
3.50263
3.50085
3.50508
3.505
3.50646
3.49409
3.48258
3.48621
3.49263
3.50437
3.50563
3.50521
3.50368
3.50654
3.50647
3.46416
3.46796
3.48152
3.49187
3.48497
3.4582
3.4762
3.48858
3.47785
3.48437
3.47253
3.46947
3.47234
3.47551
3.47934
3.47822
3.5025
3.50444
3.48009
3.48327
3.49417
3.48632
3.48974
3.49473
3.49711
3.49977
3.46158
3.47387
3.46106
3.46682
3.48131
3.48555
3.47409
3.4901
3.49204
3.49304
3.4944
3.49973
3.49604
3.49977
3.46949
3.46642
3.48879
3.49657
3.48359
3.48996
3.4998
3.50451
3.50403
3.4679
3.47439
3.48612
3.48658
3.47488
3.48959
3.49755
3.4972
3.49236
3.50377
3.48816
3.49971
3.49967
3.50763
3.50782
3.50787
3.50794
3.49346
3.4961
3.50164
3.50153
3.50405
3.48474
3.47755
3.48066
3.49303
3.4887
3.49566
3.46107
3.46086
3.49026
3.48123
3.47837
3.46649
3.47246
3.48732
3.48153
3.46747
3.46324
3.4691
3.48556
3.4611
3.48373
3.46151
3.46894
3.47839
3.48496
3.48991
3.48288
3.4691
3.47511
3.48702
3.48896
3.48219
3.46637
3.49405
3.49493
3.49969
3.50362
3.50052
3.50234
3.46158
3.47159
3.4783
3.48967
3.49563
3.48897
3.49742
3.49072
3.50146
3.50011
3.50278
3.50462
3.50447
3.50555
3.50174
3.50461
3.50631
3.50576
3.50695
3.49164
3.46373
3.45821
3.46396
3.47772
3.47967
3.49191
3.49685
3.5079
3.50781
3.50786
3.50797
3.50797
3.50796
3.46701
3.46572
3.47489
3.48539
3.48898
3.50683
3.50583
3.50737
3.50647
3.50759
3.50718
3.48388
3.49462
3.50029
3.50239
3.50576
3.50401
3.50657
3.50566
3.4707
3.48063
3.46096
3.49074
3.48345
3.484
3.47476
3.50024
3.50405
3.50632
3.5052
3.5072
3.50192
3.50396
3.50459
3.50427
3.50585
3.50595
3.50384
3.50608
3.50639
3.4739
3.48074
3.48714
3.49246
3.50028
3.49891
3.49941
3.49723
3.48281
3.48116
3.49322
3.48699
3.4731
3.47361
3.4799
3.47378
3.48827
3.49069
3.48945
3.49078
3.49131
3.49552
3.50142
3.49411
3.49491
3.4999
3.50305
3.50249
3.49843
3.49336
3.49258
3.47254
3.4771
3.48769
3.49655
3.49212
3.49919
3.45904
3.46685
3.48034
3.4723
3.47856
3.49162
3.48344
3.49172
3.46215
3.46346
3.47982
3.48577
3.49135
3.48275
3.49579
3.49813
3.49903
3.50194
3.4891
3.49336
3.49646
3.49111
3.48973
3.46068
3.47092
3.44692
3.46598
3.45707
3.47178
3.47996
3.48444
3.48562
3.48081
3.49266
3.497
3.49921
3.50088
3.49926
3.46781
3.46942
3.47729
3.48396
3.49078
3.48911
3.49121
3.49458
3.49469
3.49409
3.4988
3.49848
3.508
3.508
3.508
3.508
3.47014
3.48628
3.49592
3.48632
3.49684
3.49941
3.49809
3.4659
3.48486
3.47192
3.49258
3.48404
3.46741
3.49333
3.48545
3.48473
3.46982
3.47277
3.48957
3.48215
3.46618
3.50646
3.50682
3.50638
3.49479
3.49059
3.49504
3.50055
3.48251
3.48604
3.49496
3.4966
3.49678
3.50315
3.49403
3.49332
3.50021
3.49957
3.50267
3.46953
3.48196
3.49272
3.48479
3.47727
3.47153
3.48437
3.48831
3.49091
3.47497
3.47855
3.48623
3.49151
3.48637
3.48967
3.49522
3.49863
3.50077
3.49688
3.48768
3.49293
3.49222
3.47775
3.46981
3.47955
3.48261
3.49183
3.49218
3.4824
3.49347
3.4884
3.4983
3.49836
3.49385
3.49448
3.49881
3.50046
3.50127
3.50585
3.50722
3.50729
3.50717
3.50649
3.50697
3.50703
3.50733
3.50632
3.50654
3.50066
3.4969
3.50005
3.50472
3.50442
3.50431
3.50623
3.5056
3.50655
3.4912
3.49979
3.50275
3.50121
3.49804
3.49475
3.48339
3.49222
3.48341
3.46634
3.46974
3.49405
3.50054
3.50431
3.50441
3.49305
3.49346
3.49803
3.48928
3.49278
3.508
3.508
3.49353
3.49645
3.49707
3.49859
3.4806
3.4938
3.49762
3.49458
3.48999
3.4861
3.48358
3.48111
3.49229
3.49313
3.48194
3.49608
3.49341
3.4979
3.50085
3.50244
3.50367
3.4676
3.48546
3.48846
3.48899
3.49378
3.49315
3.48002
3.49017
3.49191
3.49607
3.49111
3.4832
3.508
3.508
3.508
3.48911
3.49271
3.4997
3.50316
3.49921
3.50293
3.50798
3.50797
3.50798
3.50799
3.508
3.50799
3.508
3.508
3.46308
3.46931
3.47607
3.48152
3.49402
3.4928
3.49647
3.49933
3.50002
3.50096
3.49969
3.50415
3.50567
3.50419
3.4794
3.49403
3.48176
3.47756
3.49218
3.48826
3.49696
3.4842
3.47934
3.49481
3.50065
3.50362
3.49912
3.5032
3.494
3.49248
3.48702
3.49312
3.49888
3.50765
3.50794
3.50784
3.50792
3.50786
3.48606
3.48247
3.49804
3.49483
3.50059
3.49611
3.5074
3.5073
3.50767
3.50765
3.50769
3.50769
3.50776
3.50775
3.49723
3.49672
3.50311
3.5022
3.50503
3.50437
3.50592
3.49282
3.49763
3.49526
3.49113
3.49388
3.49968
3.50707
3.50751
3.50756
3.49626
3.49689
3.50057
3.50337
3.50405
3.49314
3.48884
3.49563
3.48156
3.48982
3.49053
3.49148
3.49602
3.49442
3.47675
3.48199
3.49068
3.49339
3.49135
3.49663
3.49978
3.47734
3.49493
3.49656
3.49425
3.48897
3.50796
3.50789
3.50795
3.48485
3.49785
3.48534
3.50016
3.4965
3.48303
3.49587
3.47966
3.49011
3.48855
3.49341
3.5053
3.50401
3.50614
3.5063
3.48709
3.48522
3.48895
3.48664
3.48726
3.49582
3.49394
3.49072
3.49905
3.50202
3.49443
3.49998
3.50062
3.4766
3.49328
3.48892
3.49447
3.49781
3.49802
3.49484
3.49682
3.49973
3.49031
3.49947
3.49928
3.50181
3.50302
3.49661
3.49892
3.49938
3.49613
3.49922
3.4919
3.49329
3.49828
3.50093
3.50238
3.50382
3.50218
3.50528
3.50555
3.50583
3.50614
3.505
3.49189
3.49484
3.49851
3.50201
3.50069
3.50347
3.50776
3.50781
3.50753
3.48832
3.49881
3.49771
3.50219
3.49481
3.49805
3.50141
3.49749
3.49942
3.48918
3.49821
3.50287
3.50421
3.508
3.508
3.508
3.508
3.508
3.508
3.49041
3.49747
3.49923
3.50012
3.5042
3.50386
3.50589
3.50559
3.5025
3.504
3.50762
3.50699
3.50783
3.50767
3.48373
3.48333
3.49172
3.49356
3.49586
3.49973
3.501
3.508
3.508
3.508
3.508
3.508
3.508
3.508
3.49269
3.49506
3.49026
3.49873
3.50129
3.4938
3.49669
3.50106
3.50185
3.48405
3.49881
3.49775
3.49163
3.49015
3.49274
3.49725
3.49997
3.49901
3.4955
3.49988
3.50422
3.50391
3.50296
3.50557
3.50459
3.50433
3.50609
3.50652
3.49048
3.49731
3.49622
3.49994
3.50203
3.49648
3.4941
3.50032
3.49857
3.50039
3.49991
3.50026
3.50315
3.50441
3.50495
3.50039
3.50384
3.50341
3.50689
3.50105
3.50553
3.50434
3.50623
3.49116
3.49733
3.49924
3.5025
3.50372
3.50789
3.5079
3.50793
3.50795
3.50797
3.5026
3.50425
3.50592
3.5053
3.50364
3.50578
3.50453
3.50662
3.50616
3.5066
3.50707
3.50708
3.50754
3.50755
3.50753
3.50756
3.50214
3.50389
3.50404
3.50547
3.50579
3.5056
3.49917
3.50151
3.50032
3.50388
3.50352
3.4978
3.49815
3.50125
3.49436
3.50043
3.50151
3.4987
3.50291
3.50085
3.50324
3.50429
3.50369
3.50521
3.49681
3.49861
3.49779
3.50765
3.5078
3.5079
3.50792
3.50785
3.5033
3.50339
3.50491
3.50218
3.50476
3.5066
3.50664
3.5064
3.5066
3.50569
3.50644
3.50658
3.50699
3.50622
3.50024
3.50376
3.50221
3.50614
3.50534
3.49734
3.49705
3.5023
3.50051
3.49631
3.50167
3.50248
3.50408
3.50071
3.50211
3.50308
3.50467
3.50507
3.5056
3.50658
3.50674
3.50624
3.5006
3.5045
3.50365
3.50267
3.50003
3.50582
3.50672
3.50695
3.50753
3.50767
3.50781
3.50722
3.50647
3.50742
3.50202
3.50488
3.50103
3.50377
3.48646
3.49579
3.49722
3.49375
3.49925
3.5027
3.50371
3.50483
3.50356
3.50303
3.50347
3.49788
3.49664
3.49775
3.49647
3.5025
3.5005
3.50039
3.50216
3.50448
3.50267
3.50129
3.50342
3.50053
3.50176
3.50074
3.50408
3.50486
3.50574
3.49464
3.49019
3.4898
3.50058
3.50255
3.50442
3.49641
3.48651
3.49464
3.50672
3.50708
3.50741
3.50728
3.50767
3.50752
3.50754
3.50765
3.4955
3.49712
3.49614
3.497
3.50634
3.50603
3.50728
3.5065
3.50728
3.50413
3.50465
3.50579
3.4997
3.50604
3.50234
3.50349
3.50533
3.50259
3.50514
3.50525
3.5063
3.49753
3.49544
3.49882
3.49826
3.50732
3.50746
3.50725
3.50764
3.50724
3.50765
3.50783
3.50778
3.50777
3.50787
3.50789
3.50789
3.50793
3.50791
3.50793
3.50794
3.50794
3.508
3.508
3.508
3.508
3.508
3.508
3.50045
3.50044
3.50226
3.5039
3.50685
3.50692
3.50734
3.50754
3.5075
3.5076
3.50744
3.50734
3.50355
3.50549
3.50634
3.5066
3.50616
3.50207
3.50392
3.508
3.508
3.508
3.50797
3.50798
3.50798
3.508
3.50799
3.50396
3.50609
3.50692
3.50447
3.50608
3.50587
3.50582
3.50686
3.50731
3.50753
3.50688
3.50732
3.508
3.508
3.508
3.508
3.508
3.508
3.508
3.508
3.508
3.508
3.50429
3.50525
3.50602
3.50643
3.50436
3.50643
3.50747
3.50774
3.50059
3.50141
3.49913
3.49986
3.50021
3.50173
3.49994
3.49899
3.50306
3.50477
3.503
3.50552
3.50384
3.50568
3.4935
3.49422
3.49979
3.50207
3.50272
3.50415
3.50489
3.5048
3.50529
3.50529
3.50605
3.50626
3.50044
3.50143
3.5016
3.50273
3.50094
3.50133
3.49939
3.49971
3.50417
3.50323
3.50083
3.508
3.508
3.508
3.508
3.508
3.508
3.508
3.508
3.508
3.508
3.50278
3.50603
3.50392
3.50511
3.50583
3.50657
3.50635
3.50687
3.50621
3.50596
3.50563
3.50625
3.5059
3.50625
3.50695
3.50704
3.50203
3.50065
3.50243
3.5007
3.50228
3.50048
3.50405
3.50565
3.50505
3.5028
3.50027
3.50395
3.50481
3.50792
3.50784
3.50797
3.50798
3.50796
3.50377
3.50399
3.50568
3.50557
3.50151
3.50482
3.50209
3.50427
3.50799
3.508
3.50799
3.508
3.508
3.50323
3.50475
3.503
3.49392
3.4962
3.49954
3.4975
3.5014
3.50102
3.50116
3.50365
3.50346
3.50163
3.50192
3.50083
3.50224
3.50214
3.50118
3.508
3.50799
3.508
3.508
3.508
3.49888
3.49868
3.50223
3.50441
3.50058
3.5031
3.50401
3.50429
3.508
3.508
3.508
3.508
3.508
3.508
3.50595
3.50539
3.50484
3.50664
3.50658
3.50684
3.50713
3.50624
3.49963
3.49667
3.49584
3.49642
3.5006
3.50183
3.50269
3.50726
3.50765
3.50762
3.50769
3.50774
3.49881
3.49769
3.49762
3.50167
3.50079
3.50264
3.50793
3.5079
3.50796
3.50569
3.50693
3.50753
3.50003
3.50017
3.50137
3.50401
3.50404
3.50528
3.49974
3.50255
3.50159
3.50362
3.50285
3.50409
3.50483
3.50543
3.50608
3.49829
3.49825
3.50254
3.50321
3.50501
3.50217
3.50498
3.50568
3.50195
3.50429
3.50161
3.50434
3.50527
3.50439
3.50118
3.50329
3.50263
3.5049
3.50482
3.50212
3.50797
3.50792
3.5079
3.50795
3.50799
3.50798
3.50799
3.50783
3.50765
3.50786
3.50793
3.49948
3.50069
3.50227
3.5029
3.50529
3.50579
3.50606
3.50424
3.50454
3.50446
3.50401
3.50601
3.50497
3.50628
3.50567
3.50668
3.50712
3.5069
3.50737
3.50764
3.50771
3.50771
3.50487
3.50379
3.50434
3.50537
3.50491
3.5061
3.50445
3.50441
3.50081
3.49966
3.50082
3.5034
3.5035
3.50484
3.50635
3.50708
3.49917
3.5019
3.50245
3.50391
3.50298
3.50376
3.50449
3.50525
3.50591
3.50679
3.50642
3.50713
3.50722
3.50066
3.50079
3.50077
3.50218
3.50074
3.5016
3.50403
3.50438
3.50019
3.50162
3.50106
3.50205
3.5004
3.50245
3.50122
3.50319
3.5056
3.50229
3.50522
3.50262
3.50376
3.50103
3.50489
3.50653
3.50732
3.50709
3.50621
3.5066
3.49662
3.50097
3.50506
3.50632
3.50686
3.50714
3.5067
3.50544
3.50519
3.50596
3.50568
3.50668
3.50661
3.50708
3.50683
3.50242
3.50244
3.50426
3.50693
3.50637
3.50415
3.50575
3.50657
3.50432
3.50594
3.50574
3.50464
3.50124
3.50428
3.5051
3.50573
3.5047
3.50367
3.50452
3.50436
3.50631
3.50701
3.50741
3.50732
3.50138
3.5015
3.5018
3.50231
3.50166
3.50624
3.50634
3.50672
3.50692
3.50709
3.49729
3.50151
3.50273
3.50309
3.50431
3.50004
3.50212
3.50386
3.50408
3.50092
3.5052
3.50359
3.50543
3.50408
3.50452
3.50516
3.50448
3.50516
3.50286
3.49928
3.49803
3.50031
3.5032
3.504
3.50257
3.50333
3.50534
3.50616
3.5063
3.5045
3.50549
3.50543
3.50452
3.50364
3.50322
3.50519
3.50479
3.50448
3.50269
3.50413
3.50479
3.50229
3.50472
3.50437
3.50573
3.50471
3.50558
3.50553
3.50537
3.50035
3.50368
3.50443
3.50441
3.50309
3.50382
3.50773
3.50771
3.50781
3.50779
3.50777
3.50784
3.50783
3.50788
3.50788
3.50717
3.50718
3.50753
3.50717
3.50759
3.50774
3.50766
3.50777
3.50742
3.50762
3.50399
3.50402
3.50474
3.50522
3.50573
3.50474
3.50557
3.50644
3.5062
3.50215
3.50432
3.5053
3.50293
3.5049
3.50615
3.50565
3.50657
3.50731
3.50746
3.50724
3.50681
3.50731
3.50755
3.50795
3.50798
3.50796
3.50797
3.50794
3.50798
3.50798
3.50799
3.50799
3.50789
3.50792
3.50789
3.50177
3.50326
3.50436
3.50179
3.50384
3.50221
3.50453
3.50548
3.50194
3.50793
3.50782
3.50793
3.50781
3.50413
3.50607
3.50529
3.50627
3.50573
3.50666
3.506
3.50612
3.50549
3.50535
3.50419
3.508
3.508
3.508
3.50218
3.50282
3.50535
3.50523
3.508
3.50799
3.508
3.50375
3.50461
3.50432
3.5052
3.50528
3.50767
3.50788
3.50787
3.50794
3.50647
3.5072
3.50741
3.50711
3.50669
3.50733
3.5073
3.50729
3.50756
3.50739
3.50757
3.50493
3.50425
3.50546
3.50598
3.50675
3.50577
3.50667
3.50698
3.50704
3.50726
3.50744
3.50668
3.50705
3.50557
3.50663
3.50679
3.50482
3.50512
3.50551
3.50416
3.50607
3.50632
3.50365
3.50403
3.50521
3.50488
3.50508
3.50587
3.50628
3.50551
3.5063
3.50557
3.5058
3.50635
3.50656
3.50695
3.50454
3.50495
3.50496
3.50627
3.50635
3.50563
3.50778
3.50795
3.50794
3.50784
3.50786
3.5056
3.5055
3.50633
3.50798
3.50798
3.50701
3.5078
3.50782
3.50732
3.50751
3.50772
3.50222
3.50402
3.50303
3.50363
3.5043
3.50753
3.50758
3.50762
3.50777
3.50775
3.50398
3.50466
3.50499
3.50675
3.50474
3.50505
3.50506
3.50559
3.50449
3.50597
3.50622
3.50533
3.50638
3.50647
3.50659
3.5067
3.50667
3.50512
3.50666
3.50323
3.50364
3.50506
3.50472
3.50562
3.508
3.50799
3.508
3.508
3.508
3.50638
3.50607
3.507
3.50658
3.50707
3.50607
3.50647
3.50429
3.50533
3.5052
3.50583
3.5077
3.50786
3.50794
3.50746
3.50779
3.50787
3.5058
3.50671
3.50681
3.50761
3.50782
3.50782
3.50771
3.50787
3.50774
3.5079
3.50604
3.50559
3.50607
3.50567
3.50734
3.50751
3.5074
3.50756
3.50756
3.50507
3.50564
3.505
3.50747
3.50775
3.5075
3.5079
3.50783
3.50633
3.50598
3.50694
3.50705
3.50661
3.50566
3.50544
3.50631
3.50604
3.50628
3.50636
3.50649
3.50683
3.50717
3.50572
3.50615
3.50669
3.50673
3.50661
3.50625
3.50503
3.50614
3.50608
3.50651
3.50725
3.50756
3.50759
3.50744
3.5077
3.50723
3.50719
3.50751
3.50724
3.50746
3.50708
3.50713
3.50741
3.50639
3.50691
3.50631
3.50718
3.50708
3.50796
3.50796
3.50798
3.50798
3.50799
3.50798
3.50799
3.508
3.508
3.50584
3.50477
3.50625
3.50741
3.50771
3.50759
3.50787
3.50782
3.50768
3.50429
3.50547
3.50532
3.50612
3.50582
3.50557
3.50649
3.50651
3.50717
3.50597
3.5069
3.508
3.508
3.508
3.50681
3.50641
3.50736
3.50763
3.5065
3.50618
3.50708
3.50698
3.50761
3.50754
3.50697
3.50688
3.50728
3.50713
3.50732
3.50798
3.50775
3.50774
3.5079
3.50788
3.50795
3.50385
3.50554
3.50633
3.50629
3.50607
3.50636
3.50576
3.5063
3.50687
3.50702
3.50733
3.50718
3.5071
3.50754
3.50732
3.50755
3.50769
3.50753
3.50797
3.50796
3.50759
3.50782
3.50778
3.50789
3.50776
3.50789
3.50784
3.50787
3.50779
3.50557
3.50552
3.5056
3.50656
3.5068
3.50718
3.50713
3.50559
3.50653
3.50793
3.50794
3.50795
3.50796
3.50768
3.50733
3.50715
3.50759
3.50741
3.50759
3.50774
3.50611
3.50588
3.50669
3.50672
3.50684
3.50725
3.50757
3.50767
3.50745
3.50752
3.50763
3.50771
3.50782
3.50744
3.50743
3.50775
3.50769
3.50743
3.50772
3.50769
3.50775
3.50782
3.50785
3.50785
3.50625
3.50612
3.50666
3.50715
3.50703
3.50726
3.50719
3.5071
3.50685
3.50682
3.50589
3.50624
3.50575
3.50662
3.50542
3.5066
3.50694
3.50729
3.50696
3.50758
3.50763
3.5077
3.50672
3.50718
3.50657
3.5065
3.50603
3.50655
3.50663
3.50797
3.50799
3.50799
3.50799
3.50795
3.50796
3.50791
3.50799
3.50799
3.50791
3.50797
3.50795
3.50798
3.5069
3.50711
3.50742
3.50735
3.508
3.508
3.508
3.508
3.50589
3.50638
3.50688
3.50712
3.50794
3.50791
3.50795
3.50796
3.50797
3.50797
3.50797
3.50798
3.50749
3.50786
3.50786
3.50785
3.50783
3.50545
3.506
3.50667
3.5071
3.50722
3.50769
3.50765
3.50779
3.50786
3.50781
3.50787
3.50701
3.50715
3.50664
3.50684
3.5062
3.5065
3.50786
3.50792
3.50798
3.50795
3.50798
3.5075
3.50726
3.5074
3.50723
3.5064
3.50646
3.50622
3.5062
3.50618
3.508
3.50786
3.50796
3.50791
3.50563
3.50583
3.5059
3.50608
3.50664
3.50714
3.50616
3.5069
3.50613
3.50708
3.50646
3.5072
3.5075
3.50726
3.50719
3.50762
3.50633
3.50723
3.50703
3.50742
3.50739
3.50717
3.50722
3.50692
3.50725
3.50681
3.50721
3.50571
3.50599
3.50668
3.50683
3.50526
3.50664
3.50736
3.50764
3.50772
3.50649
3.50705
3.50722
3.50676
3.50683
3.50698
3.50689
3.50671
3.50669
3.50606
3.50459
3.50489
3.50635
3.50691
3.50628
3.50683
3.50695
3.5073
3.50686
3.50727
3.50753
3.50744
3.50696
3.50687
3.50641
3.50703
3.50734
3.50725
3.50743
3.50715
3.50656
3.50684
3.50746
3.50721
3.50786
3.50786
3.50791
3.50795
3.50795
3.50792
3.50796
3.50652
3.50716
3.50657
3.5069
3.5074
3.50727
3.50733
3.50746
3.50752
3.50738
3.50728
3.50735
3.50753
3.50578
3.50627
3.50683
3.50774
3.50779
3.50782
3.508
3.508
3.508
3.508
3.508
3.50532
3.50688
3.50697
3.50681
3.50702
3.50637
3.50557
3.50645
3.50594
3.50621
3.50617
3.50701
3.50621
3.50687
3.50718
3.50615
3.50699
3.50706
3.50703
3.50726
3.50782
3.50769
3.50791
3.50788
3.50789
3.50769
3.50789
3.5079
3.50772
3.50758
3.50743
3.50767
3.50757
3.50764
3.50769
3.50766
3.50766
3.50655
3.50628
3.50691
3.50628
3.5068
3.50711
3.50632
3.50609
3.50751
3.50748
3.50725
3.50747
3.50669
3.50726
3.50739
3.50748
3.50752
3.50653
3.50657
3.50701
3.50684
3.50708
3.50688
3.50799
3.508
3.50707
3.50718
3.50741
3.50713
3.50746
3.50656
3.50749
3.50742
3.50761
3.50744
3.50687
3.50693
3.50688
3.50714
3.50711
3.50717
3.50721
3.50757
3.5077
3.50775
3.50765
3.5078
3.50776
3.5077
3.50794
3.50798
3.50788
3.50797
3.50798
3.50796
3.50798
3.50736
3.50742
3.50756
3.508
3.508
3.508
3.508
3.508
3.50691
3.50771
3.50761
3.50675
3.50734
3.50693
3.50699
3.50739
3.5075
3.50713
3.50702
3.507
3.5071
3.50738
3.50715
3.50742
3.50736
3.50698
3.50705
3.50779
3.50779
3.50786
3.50786
3.50781
3.50718
3.50743
3.50749
3.5076
3.50778
3.50751
3.50778
3.50759
3.50701
3.5073
3.50734
3.50713
3.50786
3.50785
3.50793
3.50787
3.50793
3.50648
3.50701
3.50691
3.50711
3.50695
3.50725
3.5075
3.50749
3.50726
3.50691
3.50724
3.50716
3.50751
3.5068
3.50722
3.508
3.508
3.50799
3.508
3.508
3.508
3.50774
3.50772
3.50746
3.50738
3.50746
3.50758
3.50763
3.50764
3.50725
3.5076
3.50757
3.50693
3.50677
3.50743
3.50682
3.50763
3.50747
3.50689
3.50704
3.50726
3.50676
3.50674
3.50727
3.50752
3.50757
3.50715
3.50709
3.50731
3.50741
3.50736
3.50717
3.50735
3.50753
3.5076
3.50731
3.50758
3.50746
3.50744
3.50767
3.50733
3.50736
3.50732
3.50756
3.50749
3.50737
3.50756
3.50759
3.50763
3.50723
3.50747
3.50749
3.50759
3.50779
3.50769
3.50778
3.50783
3.5079
3.5079
3.5079
3.50767
3.50778
3.50775
3.5075
3.50751
3.50732
3.50759
3.50771
3.50739
3.50747
3.50709
3.50733
3.50712
3.5075
3.50765
3.5078
3.50792
3.50795
3.50797
3.50799
3.50798
3.50798
3.508
3.508
3.50752
3.50754
3.50732
3.50765
3.50748
3.50722
3.50745
3.50727
3.50692
3.50732
3.50699
3.50736
3.50759
3.50764
3.50758
3.50765
3.50765
3.50718
3.50719
3.50742
3.50751
3.50711
3.50749
3.50755
3.50767
3.50793
3.50796
3.50794
3.50793
3.50792
3.508
3.508
3.508
3.508
3.508
3.508
3.508
3.50751
3.50749
3.50714
3.50769
3.5076
3.50763
3.50753
3.50775
3.5077
3.50797
3.50797
3.50795
3.5079
3.50794
3.50797
3.50796
3.50746
3.5075
3.50765
3.50767
3.50775
3.50776
3.5073
3.50722
3.50755
3.50737
3.50756
3.5077
3.50799
3.50745
3.50757
3.50795
3.50796
3.50799
3.50797
3.50799
3.5079
3.50793
3.50797
3.50797
3.50723
3.50757
3.50764
3.50776
3.5077
3.50771
3.5078
3.50762
3.50763
3.50774
3.50756
3.50767
3.50799
3.50799
3.50799
3.508
3.50799
3.50798
3.50735
3.50752
3.50761
3.50782
3.50792
3.50776
3.50775
3.50794
3.50709
3.50749
3.50775
3.50773
3.50753
3.50789
3.50782
3.50794
3.50785
3.50793
3.508
3.508
3.508
3.507
3.50749
3.50746
3.50764
3.50734
3.50753
3.5075
3.50756
3.50765
3.50763
3.50754
3.50758
3.5076
3.50751
3.50761
3.50771
3.50762
3.50745
3.50776
3.50775
3.50744
3.50747
3.50768
3.50773
3.50777
3.50787
3.50737
3.50745
3.50752
3.50755
3.50761
3.50768
3.5077
3.50778
3.50762
3.50754
3.50765
3.50771
3.50774
3.50779
3.508
3.508
3.508
3.508
3.508
3.508
3.508
3.508
3.508
3.508
3.508
3.50764
3.50748
3.50744
3.50747
3.5076
3.50777
3.50775
3.50764
3.50768
3.50763
3.508
3.508
3.508
3.508
3.508
3.508
3.508
3.50781
3.50788
3.50796
3.50798
3.50796
3.50791
3.50764
3.50763
3.50767
3.50774
3.50771
3.508
3.508
3.508
3.508
3.508
3.508
3.508
3.508
3.508
3.508
3.508
3.508
3.508
3.508
3.508
3.508
3.508
3.508
3.50799
3.508
3.508
3.50799
3.50799
3.50799
3.508
3.508
3.50765
3.5078
3.50784
3.50799
3.50799
3.50799
3.508
3.508
3.508
3.508
3.508
3.50755
3.50763
3.50762
3.50778
3.50781
3.50785
3.50773
3.50769
3.50784
3.50782
3.50789
3.50767
3.50776
3.50791
3.50787
3.50794
3.50787
3.50794
3.5076
3.50766
3.50758
3.50771
3.50767
3.50758
3.50768
3.50799
3.508
3.508
3.508
3.508
3.50798
3.50799
3.50799
3.50783
3.5078
3.5079
3.50787
3.50789
3.50796
3.50795
3.50764
3.50769
3.50771
3.50783
3.50778
3.50782
3.50783
3.50765
3.50762
3.50763
3.50767
3.50777
3.5078
3.50776
3.50779
3.50797
3.50795
3.50797
3.50799
3.50792
3.50772
3.508
3.508
3.508
3.508
3.508
3.508
3.508
3.508
3.50777
3.50761
3.50774
3.50778
3.50773
3.50782
3.50788
3.50795
3.50783
3.50775
3.50781
3.5079
3.50782
3.50787
3.5077
3.50782
3.50786
3.508
3.508
3.508
3.50799
3.508
3.50799
3.50768
3.50767
3.50782
3.50779
3.50782
3.50791
3.50784
3.50782
3.50777
3.50776
3.50782
3.50778
3.50793
3.5079
3.50769
3.50784
3.50781
3.5078
3.50785
3.50784
3.508
3.508
3.508
3.508
3.508
3.508
3.508
3.508
3.508
3.508
3.5077
3.50774
3.50776
3.50799
3.508
3.50799
3.508
3.50796
3.50783
3.50793
3.50793
3.50798
3.50782
3.50788
3.50776
3.50789
3.50786
3.50763
3.50779
3.50779
3.50781
3.50784
3.50786
3.50768
3.50782
3.50785
3.50784
3.5077
3.50779
3.50775
3.50779
3.50779
3.50788
3.50789
3.50765
3.50776
3.50775
3.50785
3.50785
3.50788
3.50786
3.50787
3.50793
3.5079
3.50793
3.50793
3.50793
3.50765
3.50763
3.50771
3.50779
3.50784
3.50783
3.50783
3.50782
3.50779
3.50765
3.50777
3.50784
3.50781
3.50787
3.50775
3.50773
3.50781
3.50797
3.50799
3.50798
3.50798
3.50796
3.50796
3.50785
3.50781
3.50775
3.50782
3.50781
3.508
3.508
3.508
3.508
3.5077
3.50774
3.50776
3.50771
3.50778
3.50772
3.50799
3.508
3.50799
3.50799
3.50785
3.50786
3.50771
3.50772
3.50772
3.50785
3.50789
3.5079
3.50781
3.50782
3.50791
3.50792
3.50793
3.50794
3.50796
3.50783
3.50791
3.50788
3.50784
3.50784
3.50785
3.50783
3.50783
3.50784
3.50789
3.50788
3.50791
3.5078
3.50772
3.50789
3.50783
3.50789
3.508
3.508
3.508
3.50794
3.50794
3.50788
3.50791
3.50796
3.50795
3.50785
3.50786
3.50792
3.50789
3.50795
3.50795
3.50792
3.5079
3.50785
3.5079
3.50794
3.50795
3.50797
3.50798
3.50799
3.50799
3.508
3.508
3.50769
3.50762
3.50774
3.50767
3.50798
3.50799
3.50797
3.50799
3.50799
3.50798
3.50799
3.50799
3.508
3.50799
3.50799
3.50788
3.50787
3.50782
3.50783
3.50782
3.50786
3.5079
3.50795
3.5079
3.50796
3.50794
3.5079
3.50798
3.50799
3.50799
3.50799
3.50776
3.50787
3.50784
3.50789
3.50786
3.5079
3.50783
3.50787
3.50776
3.50782
3.50787
3.5079
3.50789
3.50783
3.50781
3.50788
3.50788
3.50784
3.50788
3.50783
3.50792
3.50792
3.50796
3.50798
3.50783
3.50782
3.5079
3.50792
3.50789
3.50798
3.50793
3.50796
3.50798
3.50796
3.50798
3.50788
3.50787
3.50796
3.50797
3.50781
3.50791
3.50788
3.50791
3.50793
3.50791
3.50797
3.50798
3.50799
3.50787
3.50788
3.50797
3.50789
3.50796
3.50795
3.50794
3.50793
3.50791
3.50799
3.50798
3.50797
3.50797
3.50799
3.50792
3.50791
3.50787
3.5079
3.50782
3.50787
3.50784
3.50783
3.50774
3.50789
3.50784
3.5079
3.50783
3.50786
3.50786
3.50787
3.5079
3.50787
3.50789
3.50792
3.50785
3.5079
3.50789
3.50787
3.50792
3.50787
3.50792
3.50794
3.50787
3.50791
3.50793
3.50787
3.50792
3.50791
3.50787
3.50784
3.50791
3.50789
3.50793
3.50794
3.50782
3.50778
3.50786
3.50786
3.50789
3.5079
3.50794
3.50791
3.5079
3.50792
3.50786
3.50788
3.50789
3.50792
3.50796
3.50794
3.50798
3.50798
3.508
3.50799
3.50799
3.50794
3.50792
3.50785
3.50785
3.50789
3.50792
3.50783
3.5079
3.50787
3.50794
3.50792
3.50794
3.50792
3.50793
3.50792
3.5079
3.50798
3.50799
3.50792
3.50795
3.50793
3.50792
3.50794
3.50795
3.50795
3.50798
3.50797
3.50799
3.50793
3.50793
3.50796
3.50796
3.50798
3.50798
3.50796
3.50798
3.5079
3.50793
3.50791
3.50786
3.50792
3.50791
3.50794
3.50794
3.50791
3.50791
3.50794
3.50793
3.508
3.508
3.50793
3.5079
3.50786
3.50788
3.50791
3.50791
3.5079
3.50793
3.50795
3.50795
3.50791
3.50793
3.50794
3.50796
3.50795
3.50796
3.50798
3.50796
3.50799
3.50797
3.50792
3.50795
3.5079
3.50793
3.50794
3.50788
3.50785
3.50787
3.50792
3.50794
3.50792
3.5079
3.50799
3.50798
3.50799
3.50793
3.50795
3.50794
3.50795
3.50793
3.508
3.508
3.508
3.508
3.508
3.508
3.50799
3.508
3.508
3.5079
3.50791
3.5079
3.50794
3.50793
3.50797
3.50799
3.50798
3.50793
3.50797
3.50796
3.50796
3.50796
3.50796
3.508
3.508
3.508
3.508
3.508
3.508
3.508
3.508
3.508
3.50798
3.50799
3.50799
3.50799
3.50799
3.50794
3.50792
3.50796
3.50797
3.50797
3.50798
3.50796
3.50798
3.50799
3.50799
3.5079
3.50791
3.50793
3.5079
3.50791
3.50792
3.50794
3.50795
3.50796
3.50795
3.508
3.508
3.508
3.50795
3.50794
3.50795
3.50794
3.50796
3.50796
3.50793
3.50795
3.50796
3.50798
3.50798
3.508
3.508
3.508
3.508
3.508
3.50796
3.50796
3.50794
3.508
3.508
3.508
3.50797
3.50798
3.50799
3.50796
3.50797
3.5079
3.50795
3.50795
3.50794
3.50796
3.50797
3.50797
3.50798
3.50798
3.50797
3.50798
3.50799
3.50799
3.508
3.508
3.508
3.50799
3.508
3.508
3.508
3.50799
3.508
3.508
3.508
3.50789
3.50789
3.5079
3.50794
3.50791
3.50794
3.50798
3.50799
3.50795
3.50797
3.50799
3.50796
3.50793
3.50797
3.50795
3.50794
3.50795
3.50794
3.50795
3.50795
3.50796
3.50793
3.50795
3.50794
3.50795
3.50796
3.50795
3.50796
3.50795
3.50791
3.50798
3.508
3.50799
3.50799
3.50799
3.508
3.50795
3.50798
3.50797
3.50799
3.50798
3.50799
3.50799
3.50798
3.50796
3.50799
3.50798
3.50799
3.50798
3.50799
3.50799
3.50798
3.508
3.50799
3.508
3.508
3.50794
3.50795
3.50792
3.50795
3.50794
3.50793
3.50796
3.50799
3.50799
3.50797
3.50797
3.50796
3.50795
3.50795
3.50796
3.50796
3.50796
3.50796
3.50797
3.50793
3.50795
3.50794
3.50794
3.50795
3.50796
3.50796
3.50797
3.50799
3.50799
3.50799
3.50796
3.50796
3.50796
3.50796
3.50796
3.50795
3.50798
3.50798
3.508
3.508
3.508
3.508
3.508
3.508
3.508
3.508
3.50794
3.50795
3.50798
3.50796
3.50797
3.508
3.508
3.508
3.508
3.508
3.508
3.50792
3.50795
3.50797
3.50797
3.50797
3.50796
3.508
3.508
3.508
3.50796
3.50797
3.50795
3.50796
3.50797
3.50796
3.50797
3.50797
3.50797
3.50798
3.508
3.508
3.508
3.508
3.508
3.50799
3.50798
3.50798
3.508
3.508
3.508
3.508
3.508
3.508
3.50799
3.50797
3.50797
3.50798
3.50798
3.50797
3.50797
3.50797
3.50798
3.50797
3.508
3.508
3.508
3.508
3.508
3.508
3.50798
3.50797
3.50798
3.50798
3.50798
3.50799
3.50799
3.50797
3.50799
3.50798
3.50798
3.50798
3.50798
3.50798
3.508
3.508
3.508
3.508
3.508
3.508
3.50798
3.50797
3.50799
3.50798
3.50799
3.508
3.50799
3.50799
3.508
3.508
3.508
3.508
3.508
3.508
3.508
3.508
3.508
3.508
3.508
3.508
3.508
3.508
3.50797
3.50797
3.50797
3.50797
3.50797
3.508
3.508
3.508
3.50796
3.50798
3.50798
3.50797
3.50796
3.508
3.50796
3.50797
3.50798
3.50799
3.50798
3.50797
3.50798
3.50796
3.50797
3.50795
3.50799
3.508
3.50799
3.50798
3.50799
3.50799
3.508
3.508
3.508
3.508
3.508
3.508
3.508
3.508
3.508
3.508
3.508
3.508
3.508
3.508
3.50797
3.50798
3.50798
3.50796
3.508
3.508
3.508
3.508
3.508
3.508
3.508
3.508
3.508
3.50799
3.50799
3.50797
3.50797
3.50797
3.50798
3.50798
3.50798
3.50799
3.50798
3.50799
3.50799
3.508
3.508
3.508
3.508
3.508
3.508
3.508
3.50797
3.50797
3.50794
3.50797
3.50797
3.50797
3.50797
3.50799
3.50797
3.50798
3.50798
3.508
3.508
3.508
3.508
3.508
3.508
3.508
3.508
3.50799
3.50799
3.50799
3.50799
3.50799
3.50799
3.50799
3.50798
3.50798
3.50799
3.50798
3.50798
3.508
3.508
3.508
3.50798
3.50799
3.50798
3.50799
3.50798
3.50797
3.50797
3.50798
3.50799
3.50799
3.50799
3.50799
3.508
3.508
3.508
3.508
3.50798
3.50798
3.50797
3.50799
3.50799
3.50799
3.50798
3.50799
3.50799
3.50798
3.50799
3.50798
3.50794
3.50795
3.50797
3.50794
3.50798
3.50798
3.50797
3.50795
3.50798
3.50797
3.50797
3.50797
3.50797
3.50798
3.50798
3.50797
3.50798
3.50799
3.50799
3.50799
3.50798
3.508
3.508
3.508
3.508
3.508
3.50796
3.50798
3.50798
3.508
3.508
3.508
3.50799
3.50799
3.508
3.50799
3.50799
3.50799
3.50798
3.508
3.508
3.508
3.508
3.508
3.508
3.508
3.508
3.508
3.50799
3.50799
3.50799
3.50799
3.50799
3.508
3.508
3.508
3.508
3.508
3.508
3.50799
3.508
3.508
3.50799
3.508
3.50799
3.508
3.50799
3.50799
3.508
3.508
3.50799
3.508
3.508
3.508
3.508
3.508
3.508
3.508
3.508
3.508
3.508
3.508
3.50799
3.508
3.50799
3.508
3.50799
3.50799
3.50798
3.50799
3.508
3.508
3.50799
3.50798
3.50798
3.50799
3.50799
3.50799
3.508
3.508
3.508
3.50799
3.508
3.508
3.508
3.50798
3.50799
3.50799
3.50798
3.50799
3.50799
3.508
3.508
3.508
3.508
3.508
3.508
3.508
3.50799
3.50799
3.508
3.508
3.508
3.508
3.508
3.508
3.508
3.508
3.50799
3.50799
3.508
3.508
3.508
3.50799
3.50799
3.50799
3.50799
3.50799
3.50799
3.50798
3.50799
3.50798
3.50799
3.50799
3.508
3.508
3.508
3.508
3.508
3.50798
3.50798
3.50797
3.508
3.508
3.50799
3.508
3.508
3.50799
3.50798
3.50799
3.50799
3.50798
3.50799
3.50799
3.50799
3.50799
3.508
3.508
3.508
3.508
3.508
3.508
3.508
3.508
3.508
3.508
3.50799
3.50797
3.50798
3.50799
3.50798
3.50799
3.50799
3.50798
3.50799
3.508
3.508
3.508
3.508
3.50799
3.50799
3.508
3.50799
3.508
3.508
3.508
3.508
3.508
3.508
3.508
3.508
3.508
3.50799
3.50799
3.50799
3.50799
3.50798
3.50799
3.50799
3.50799
3.50799
3.50799
3.50799
3.50799
3.50799
3.508
3.508
3.508
3.508
3.50799
3.508
3.50799
3.50799
3.508
3.50799
3.50799
3.50799
3.50799
3.50798
3.50798
3.508
3.508
3.508
3.508
3.508
3.508
3.508
3.50798
3.50797
3.50799
3.50798
3.50799
3.508
3.50799
3.508
3.50799
3.50798
3.50797
3.50797
3.50796
3.50799
3.50798
3.50799
3.50799
3.508
3.50799
3.50799
3.508
3.508
3.508
3.508
3.508
3.508
3.508
3.508
3.508
3.508
3.508
3.508
3.508
3.508
3.508
3.508
3.508
3.508
3.50799
3.50799
3.50798
3.50798
3.508
3.508
3.508
3.508
3.508
3.508
3.508
3.508
3.50799
3.508
3.508
3.50799
3.508
3.50799
3.50799
3.508
3.508
3.50798
3.50799
3.50799
3.50798
3.50798
3.508
3.50799
3.50799
3.508
3.508
3.508
3.508
3.508
3.508
3.508
3.508
3.508
3.508
3.508
3.508
3.508
3.50799
3.508
3.50799
3.508
3.508
3.508
3.508
3.508
3.508
3.50799
3.50799
3.508
3.508
3.508
3.508
3.508
3.508
3.508
3.50799
3.508
3.508
3.508
3.508
3.508
3.508
3.508
3.508
3.508
3.508
3.508
3.508
3.508
3.50798
3.50798
3.50799
3.50799
3.50799
3.50799
3.50799
3.50798
3.50799
3.50799
3.508
3.50799
3.50799
3.50799
3.50798
3.50798
3.50799
3.50799
3.508
3.50799
3.50799
3.50799
3.50798
3.508
3.508
3.508
3.508
3.508
3.508
3.508
3.50799
3.50799
3.50799
3.50799
3.508
3.508
3.508
3.508
3.508
3.508
3.50799
3.50799
3.50799
3.508
3.508
3.50799
3.50799
3.50799
3.508
3.50799
3.508
3.508
3.508
3.508
3.508
3.508
3.508
3.508
3.508
3.508
3.50799
3.508
3.508
3.508
3.508
3.508
3.508
3.508
3.50799
3.50799
3.50799
3.508
3.508
3.508
3.508
3.508
3.508
3.50797
3.50798
3.50798
3.50799
3.50798
3.50798
3.508
3.508
3.508
3.508
3.50799
3.50799
3.50799
3.50799
3.50799
3.508
3.508
3.508
3.508
3.508
3.508
3.508
3.508
3.508
3.508
3.508
3.508
3.508
3.508
3.508
3.508
3.508
3.508
3.508
3.50799
3.50799
3.50799
3.50799
3.508
3.50799
3.50799
3.50798
3.50799
3.508
3.508
3.508
3.508
3.508
3.508
3.508
3.508
3.508
3.508
3.508
3.508
3.508
3.50799
3.50799
3.50799
3.50799
3.50798
3.50798
3.50799
3.50799
3.50799
3.508
3.508
3.508
3.508
3.508
3.508
3.50799
3.50799
3.508
3.50799
3.508
3.508
3.508
3.508
3.508
3.508
3.508
3.508
3.508
3.508
3.508
3.508
3.508
3.508
3.508
3.508
3.508
3.508
3.508
3.508
3.508
3.508
3.50799
3.508
3.508
3.508
3.508
3.508
3.508
3.508
3.508
3.508
3.508
3.508
3.508
3.508
3.508
3.508
3.508
3.50799
3.50799
3.50799
3.50799
3.50799
3.508
3.508
3.50799
3.50799
3.508
3.508
3.508
3.508
3.508
3.508
3.508
3.508
3.508
3.508
3.508
3.508
3.508
3.508
3.508
3.508
3.508
3.508
3.508
3.508
3.508
3.508
3.508
3.508
3.50799
3.508
3.508
3.508
3.508
3.508
3.508
3.508
3.508
3.508
3.508
3.508
3.508
3.508
3.50799
3.508
3.508
3.50799
3.508
3.508
3.508
3.50799
3.50799
3.508
3.508
3.508
3.508
3.508
3.508
3.508
3.50799
3.508
3.508
3.508
3.508
3.508
3.508
3.508
3.508
3.508
3.508
3.508
3.508
3.508
3.508
3.508
3.508
3.508
3.508
3.508
3.508
3.508
3.508
3.508
3.508
3.508
3.50799
3.508
3.50799
3.508
3.508
3.508
3.508
3.508
3.508
3.508
3.508
3.508
3.508
3.508
3.508
3.508
3.508
3.508
3.508
3.508
3.508
3.508
3.508
3.508
3.508
3.508
3.508
3.508
3.508
3.508
3.508
3.508
3.508
3.508
3.508
3.508
3.508
3.50799
3.50799
3.50799
3.508
3.508
3.508
3.508
3.50799
3.508
3.508
3.508
3.508
3.50799
3.508
3.508
3.508
3.508
3.508
3.508
3.508
3.508
3.508
3.508
3.508
3.508
3.508
3.508
3.508
3.508
3.508
3.508
3.508
3.508
3.508
3.508
3.508
3.508
3.508
3.508
3.50799
3.50799
3.508
3.50799
3.508
3.508
3.508
3.508
3.508
3.508
3.508
3.508
3.508
3.508
3.508
3.508
3.508
3.508
3.508
3.508
3.508
3.508
3.508
3.508
3.508
3.508
3.508
3.508
3.508
3.508
3.508
3.508
3.508
3.508
3.508
3.508
3.508
3.508
3.508
3.508
3.508
3.508
3.508
3.508
3.508
3.508
3.508
3.508
3.508
3.508
3.508
3.508
3.508
3.508
3.508
3.508
3.508
3.508
3.50799
3.508
3.508
3.508
3.508
3.508
3.508
3.508
3.508
3.508
3.508
3.508
3.508
3.508
3.508
3.508
3.508
3.508
3.508
3.508
3.508
3.508
3.508
3.508
3.508
3.508
3.508
3.508
3.508
3.508
3.508
3.508
3.508
3.508
3.508
3.508
3.508
3.508
3.508
3.508
3.508
3.508
3.508
3.508
3.508
3.508
3.508
3.508
3.508
3.508
3.508
3.508
3.508
3.508
3.508
3.508
3.508
3.508
3.508
3.508
3.508
3.508
3.508
3.508
3.508
3.508
3.508
3.508
3.508
3.508
3.508
3.508
3.508
3.508
3.508
3.50799
3.508
3.50799
3.508
3.50799
3.508
3.508
3.508
3.508
3.508
3.508
3.508
3.508
3.508
3.508
3.508
3.508
3.508
3.508
3.508
3.508
3.508
3.508
3.508
3.508
3.508
3.508
3.508
3.508
3.508
3.508
3.508
3.508
3.508
3.508
3.508
3.508
3.508
3.508
3.508
3.508
3.508
3.508
3.508
3.508
3.508
3.508
3.508
3.508
3.508
3.508
3.508
3.508
3.508
3.508
3.508
3.508
3.508
3.508
3.508
3.508
3.508
3.508
3.508
3.508
3.508
3.508
3.508
3.508
3.508
3.508
3.508
3.508
3.508
3.508
3.508
3.508
3.508
3.508
3.508
3.508
3.508
3.508
3.508
3.508
3.508
3.508
3.508
3.508
3.508
3.508
3.508
3.508
3.508
3.508
3.508
3.508
3.508
3.508
3.508
3.508
3.508
3.508
3.508
3.508
3.508
3.508
3.508
3.508
3.508
3.508
3.508
3.508
3.508
3.508
3.508
3.508
3.508
3.508
3.508
3.508
3.508
3.508
3.508
3.508
3.508
3.508
3.508
3.508
3.508
3.508
3.508
3.508
3.508
3.508
3.508
3.508
3.508
3.508
3.508
3.508
3.508
3.508
3.508
3.508
3.508
3.508
3.508
3.508
3.508
3.508
3.508
3.508
3.508
3.508
3.508
3.508
3.508
3.508
3.508
3.508
3.508
3.508
3.508
3.508
3.508
3.508
3.508
3.508
3.508
3.508
3.508
3.508
3.508
3.508
3.508
3.508
3.508
3.508
3.508
3.508
3.508
3.508
3.508
3.508
3.508
3.508
3.508
3.508
3.508
3.508
3.508
3.508
3.508
3.508
3.508
3.508
3.508
3.508
3.508
3.508
3.508
3.508
3.508
3.508
3.508
3.508
3.508
3.508
3.508
3.508
3.508
3.508
3.508
3.508
3.508
3.508
3.508
3.508
3.508
3.508
3.508
3.508
3.508
3.508
3.508
3.508
3.508
3.508
3.508
3.508
3.508
3.508
3.508
3.508
3.508
3.508
3.508
3.508
3.508
3.508
3.508
3.508
3.508
3.508
3.508
3.508
3.508
3.508
3.508
3.508
3.508
3.508
3.508
3.508
3.508
3.508
3.508
3.508
3.508
3.508
3.508
3.508
3.508
3.508
3.508
3.508
3.508
3.508
3.508
3.508
3.508
3.508
3.508
3.508
3.508
3.508
3.508
3.508
3.508
3.508
3.508
3.508
3.508
3.508
3.508
3.508
3.508
3.508
3.508
3.508
3.508
3.508
3.508
3.508
3.508
3.508
3.508
3.508
3.508
3.508
3.508
3.508
3.508
3.508
3.508
3.508
3.508
3.508
3.508
3.508
3.508
3.508
3.508
3.508
3.508
3.508
3.508
3.508
3.508
3.508
3.508
3.508
3.508
3.508
3.508
3.508
3.508
3.508
3.508
3.508
3.508
3.508
3.508
3.508
3.508
3.508
3.508
3.508
3.508
3.508
3.508
3.508
3.508
3.508
3.508
3.508
3.508
3.508
3.508
3.508
3.508
3.508
3.508
3.508
3.508
3.508
3.508
3.508
3.508
3.508
3.508
3.508
3.508
3.508
3.508
3.508
3.508
3.508
3.508
3.508
3.508
3.508
3.508
3.508
3.508
3.508
3.508
3.508
3.508
3.508
3.508
3.508
3.508
3.508
3.508
3.508
3.508
3.508
3.508
3.508
3.508
3.508
3.508
3.508
3.508
3.508
3.508
3.508
3.508
3.508
3.508
3.508
3.508
3.508
3.508
3.508
3.508
3.508
3.508
3.508
3.508
3.508
3.508
3.508
3.508
3.508
3.508
3.508
3.508
3.508
3.508
3.508
3.508
3.508
3.508
3.508
3.508
3.508
3.508
3.508
3.508
3.508
3.508
3.508
3.508
3.508
3.508
3.508
3.508
3.508
3.508
3.508
3.508
3.508
3.508
3.508
3.508
3.508
3.508
3.508
3.508
3.508
3.508
3.508
3.508
3.508
3.508
3.508
3.508
3.508
3.508
3.508
3.508
3.508
3.508
3.508
3.508
3.508
3.508
3.508
3.508
3.508
3.508
3.508
3.508
3.508
3.508
3.508
3.508
3.508
3.508
3.508
3.508
3.508
3.508
3.508
3.508
3.508
3.508
3.508
3.508
3.508
3.508
3.508
3.508
3.508
3.508
3.508
3.508
3.508
3.508
3.508
3.508
3.508
3.508
3.508
3.508
3.508
3.508
3.508
3.508
3.508
3.508
3.508
3.508
3.508
3.508
3.508
3.508
3.508
3.508
3.508
3.508
3.508
3.508
3.508
3.508
3.508
3.508
3.508
3.508
3.508
3.508
3.508
3.508
3.508
3.508
3.508
3.508
3.508
3.508
3.508
3.508
3.508
3.508
3.508
3.508
3.508
3.508
3.508
3.508
3.508
3.508
3.508
3.508
3.508
3.508
3.508
3.508
3.508
3.508
3.508
3.508
3.508
3.508
3.508
3.508
3.508
3.508
3.508
3.508
3.508
3.508
3.508
3.508
3.508
3.508
3.508
3.508
3.508
3.508
3.508
3.508
3.508
3.508
3.508
3.508
3.508
3.508
3.508
3.508
3.508
3.508
3.508
3.508
3.508
3.508
3.508
3.508
3.508
3.508
3.508
3.508
3.508
3.508
3.508
3.508
3.508
3.508
3.508
3.508
3.508
3.508
3.508
3.508
3.508
3.508
3.508
3.508
3.508
3.508
3.508
3.508
3.508
3.508
3.508
3.508
3.508
3.508
3.508
3.508
3.508
3.508
3.508
3.508
3.508
3.508
3.508
3.508
3.508
3.508
3.508
3.508
3.508
3.508
3.508
3.508
3.508
3.508
3.508
3.508
3.508
3.508
3.508
3.508
3.508
3.508
3.508
3.508
3.508
3.508
3.508
3.508
3.508
3.508
3.508
3.508
3.508
3.508
3.508
3.508
3.508
3.508
3.508
3.508
3.508
3.508
3.508
3.508
3.508
3.508
3.508
3.508
3.508
3.508
3.508
3.508
3.508
3.508
3.508
3.508
3.508
3.508
3.508
3.508
3.508
3.508
3.508
3.508
3.508
3.508
3.508
3.508
3.508
3.508
3.508
3.508
3.508
3.508
3.508
3.508
3.508
3.508
3.508
3.508
3.508
3.508
3.508
3.508
3.508
3.508
3.508
3.508
3.508
3.508
3.508
3.508
3.508
3.508
3.508
3.508
3.508
3.508
3.508
3.508
3.508
3.508
3.508
3.508
3.508
3.508
3.508
3.508
3.508
3.508
3.508
3.508
3.508
3.508
3.508
3.508
3.508
3.508
3.508
3.508
3.508
3.508
3.508
3.508
3.508
3.508
3.508
3.508
3.508
3.508
3.508
3.508
3.508
3.508
3.508
3.508
3.508
3.508
3.508
3.508
3.508
3.508
3.508
3.508
3.508
3.508
3.508
3.508
3.508
3.508
3.508
3.508
3.508
3.508
3.508
3.508
3.508
3.508
3.508
3.508
3.508
3.508
3.508
3.508
3.508
3.508
3.508
3.508
3.508
3.508
3.508
3.508
3.508
3.508
3.508
3.508
3.508
3.508
3.508
3.508
3.508
3.508
3.508
3.508
3.508
3.508
3.508
3.508
3.508
3.508
3.508
3.508
3.508
3.508
3.508
3.508
3.508
3.508
3.508
3.508
3.508
3.508
3.508
3.508
3.508
3.508
3.508
3.508
3.508
3.508
3.508
3.508
3.508
3.508
3.508
3.508
3.508
3.508
3.508
3.508
3.508
3.508
3.508
3.508
3.508
3.508
3.508
3.508
3.508
3.508
3.508
3.508
3.508
3.508
3.508
3.508
3.508
3.508
3.508
3.508
3.508
3.508
3.508
3.508
3.508
3.508
3.508
3.508
3.508
3.508
3.508
3.508
3.508
3.508
3.508
3.508
3.508
3.508
3.508
3.508
