97046 97152
1.4
1.4
1.4
1.4
1.4
1.4
1.4
1.4
1.4
1.4
1.4
1.4
1.4
1.4
1.4
1.4
1.4
1.4
1.4
1.4
1.4
1.4
1.4
1.4
1.4
1.4
1.4
1.4
1.4
1.4
1.4
1.4
1.4
1.4
1.4
1.4
1.4
1.4
1.4
1.4
1.4
1.4
1.4
1.4
1.4
1.4
1.4
1.4
1.4
1.4
1.4
1.4
1.4
1.4
1.4
1.4
1.4
1.4
1.4
1.4
1.4
1.4
1.4
1.4
1.4
1.4
1.4
1.4
1.4
1.4
1.4
1.4
1.4
1.4
1.4
1.4
1.4
1.4
1.4
1.4
1.4
1.4
1.4
1.4
1.4
1.4
1.4
1.4
1.4
1.4
1.4
1.4
1.4
1.4
1.4
1.4
1.4
1.4
1.4
1.4
1.4
1.4
1.4
1.4
1.4
1.4
1.4
1.4
1.4
1.4
1.4
1.4
1.4
1.4
1.4
1.4
1.4
1.4
1.4
1.4
1.4
1.4
1.4
1.4
1.4
1.4
1.4
1.4
1.4
1.4
1.4
1.4
1.4
1.4
1.4
1.4
1.4
1.4
1.4
1.4
1.4
1.4
1.4
1.4
1.4
1.4
1.4
1.4
1.4
1.4
1.4
1.4
1.4
1.4
1.4
1.4
1.4
1.4
1.4
1.4
1.4
1.4
1.4
1.4
1.4
1.4
1.4
1.4
1.4
1.4
1.4
1.4
1.4
1.4
1.4
1.4
1.4
1.4
1.4
1.4
1.4
1.4
1.4
1.4
1.4
1.4
1.4
1.4
1.4
1.4
1.4
1.4
1.4
1.4
1.4
1.4
1.4
1.4
1.4
1.4
1.4
1.4
1.4
1.4
1.4
1.4
1.4
1.4
1.4
1.4
1.4
1.4
1.4
1.4
1.4
1.4
1.4
1.4
1.4
1.4
1.4
1.4
1.4
1.4
1.4
1.4
1.4
1.4
1.4
1.4
1.4
1.4
1.4
1.4
1.4
1.4
1.4
1.4
1.4
1.4
1.4
1.4
1.4
1.4
1.4
1.4
1.4
1.4
1.4
1.4
1.4
1.4
1.4
1.4
1.4
1.4
1.4
1.4
1.4
1.4
1.4
1.4
1.4
1.4
1.4
1.4
1.4
1.4
1.4
1.4
1.4
1.4
1.4
1.4
1.4
1.4
1.4
1.4
1.4
1.4
1.4
1.4
1.4
1.4
1.4
1.4
1.4
1.4
1.4
1.4
1.4
1.4
1.4
1.4
1.4
1.4
1.4
1.4
1.4
1.4
1.4
1.4
1.4
1.4
1.4
1.4
1.4
1.4
1.4
1.4
1.4
1.4
1.4
1.4
1.4
1.4
1.4
1.4
1.4
1.4
1.4
1.4
1.4
1.4
1.4
1.4
1.4
1.4
1.4
1.4
1.4
1.4
1.4
1.4
1.4
1.4
1.4
1.4
1.4
1.4
1.4
1.4
1.4
1.4
1.4
1.4
1.4
1.4
1.4
1.4
1.4
1.4
1.4
1.4
1.4
1.4
1.4
1.4
1.4
1.4
1.4
1.4
1.4
1.4
1.4
1.4
1.4
1.4
1.4
1.4
1.4
1.4
1.4
1.4
1.4
1.4
1.4
1.4
1.4
1.4
1.4
1.4
1.4
1.4
1.4
1.4
1.4
1.4
1.4
1.4
1.4
1.4
1.4
1.4
1.4
1.4
1.4
1.4
1.4
1.4
1.4
1.4
1.4
1.4
1.4
1.4
1.4
1.4
1.4
1.4
1.4
1.4
1.4
1.4
1.4
1.4
1.4
1.4
1.4
1.4
1.4
1.4
1.4
1.4
1.4
1.4
1.4
1.4
1.4
1.4
1.4
1.4
1.4
1.4
1.4
1.4
1.4
1.4
1.4
1.4
1.4
1.4
1.4
1.4
1.4
1.4
1.4
1.4
1.4
1.4
1.4
1.4
1.4
1.4
1.4
1.4
1.4
1.4
1.4
1.4
1.4
1.4
1.4
1.4
1.4
1.4
1.4
1.4
1.4
1.4
1.4
1.4
1.4
1.4
1.4
1.4
1.4
1.4
1.4
1.4
1.4
1.4
1.4
1.4
1.4
1.4
1.4
1.4
1.4
1.4
1.4
1.4
1.4
1.4
1.4
1.4
1.4
1.4
1.4
1.4
1.4
1.4
1.4
1.4
1.4
1.4
1.4
1.4
1.4
1.4
1.4
1.4
1.4
1.4
1.4
1.4
1.4
1.4
1.4
1.4
1.4
1.4
1.4
1.4
1.4
1.4
1.4
1.4
1.4
1.4
1.4
1.4
1.4
1.4
1.4
1.4
1.4
1.4
1.4
1.4
1.4
1.4
1.4
1.4
1.4
1.4
1.4
1.4
1.4
1.4
1.4
1.4
1.4
1.4
1.4
1.4
1.4
1.4
1.4
1.4
1.4
1.4
1.4
1.4
1.4
1.4
1.4
1.4
1.4
1.4
1.4
1.4
1.4
1.4
1.4
1.4
1.4
1.4
1.4
1.4
1.4
1.4
1.4
1.4
1.4
1.4
1.4
1.4
1.4
1.4
1.4
1.4
1.4
1.4
1.4
1.4
1.4
1.4
1.4
1.4
1.4
1.4
1.4
1.4
1.4
1.4
1.4
1.4
1.4
1.4
1.4
1.4
1.4
1.4
1.4
1.4
1.4
1.4
1.4
1.4
1.4
1.4
1.4
1.4
1.4
1.4
1.4
1.4
1.4
1.4
1.4
1.4
1.4
1.4
1.4
1.4
1.4
1.4
1.4
1.4
1.4
1.4
1.4
1.4
1.4
1.4
1.4
1.4
1.4
1.4
1.4
1.4
1.4
1.4
1.4
1.4
1.4
1.4
1.4
1.4
1.4
1.4
1.4
1.4
1.4
1.4
1.4
1.4
1.4
1.4
1.4
1.4
1.4
1.4
1.4
1.4
1.4
1.4
1.4
1.4
1.4
1.4
1.4
1.4
1.4
1.4
1.4
1.4
1.4
1.4
1.4
1.4
1.4
1.4
1.4
1.4
1.4
1.4
1.4
1.4
1.4
1.4
1.4
1.4
1.4
1.4
1.4
1.4
1.4
1.4
1.4
1.4
1.4
1.4
1.4
1.4
1.4
1.4
1.4
1.4
1.4
1.4
1.4
1.4
1.4
1.4
1.4
1.4
1.4
1.4
1.4
1.4
1.4
1.4
1.4
1.4
1.4
1.4
1.4
1.4
1.4
1.4
1.4
1.4
1.4
1.4
1.4
1.4
1.4
1.4
1.4
1.4
1.4
1.4
1.4
1.4
1.4
1.4
1.4
1.4
1.4
1.4
1.4
1.4
1.4
1.4
1.4
1.4
1.4
1.4
1.4
1.4
1.4
1.4
1.4
1.4
1.4
1.4
1.4
1.4
1.4
1.4
1.4
1.4
1.4
1.4
1.4
1.4
1.4
1.4
1.4
1.4
1.4
1.4
1.4
1.4
1.4
1.4
1.4
1.4
1.4
1.4
1.4
1.4
1.4
1.4
1.4
1.4
1.4
1.4
1.4
1.4
1.4
1.4
1.4
1.4
1.4
1.4
1.4
1.4
1.4
1.4
1.4
1.4
1.4
1.4
1.4
1.4
1.4
1.4
1.4
1.4
1.4
1.4
1.4
1.4
1.4
1.4
1.4
1.4
1.4
1.4
1.4
1.4
1.4
1.4
1.4
1.4
1.4
1.4
1.4
1.4
1.4
1.4
1.4
1.4
1.4
1.4
1.4
1.4
1.4
1.4
1.4
1.4
1.4
1.4
1.4
1.4
1.4
1.4
1.4
1.4
1.4
1.4
1.4
1.4
1.4
1.4
1.4
1.4
1.4
1.4
1.4
1.4
1.4
1.4
1.4
1.4
1.4
1.4
1.4
1.4
1.4
1.4
1.4
1.4
1.4
1.4
1.4
1.4
1.4
1.4
1.4
1.4
1.4
1.4
1.4
1.4
1.4
1.4
1.4
1.4
1.4
1.4
1.4
1.4
1.4
1.4
1.4
1.4
1.4
1.4
1.4
1.4
1.4
1.4
1.4
1.4
1.4
1.4
1.4
1.4
1.4
1.4
1.4
1.4
1.4
1.4
1.4
1.4
1.4
1.4
1.4
1.4
1.4
1.4
1.4
1.4
1.4
1.4
1.4
1.4
1.4
1.4
1.4
1.4
1.4
1.4
1.4
1.4
1.4
1.4
1.4
1.4
1.4
1.4
1.4
1.4
1.4
1.4
1.4
1.4
1.4
1.4
1.4
1.4
1.4
1.4
1.4
1.4
1.4
1.4
1.4
1.4
1.4
1.4
1.4
1.4
1.4
1.4
1.4
1.4
1.4
1.4
1.4
1.4
1.4
1.4
1.4
1.4
1.4
1.4
1.4
1.4
1.4
1.4
1.4
1.4
1.4
1.4
1.4
1.4
1.4
1.4
1.4
1.4
1.4
1.4
1.4
1.4
1.4
1.4
1.4
1.4
1.4
1.4
1.4
1.4
1.4
1.4
1.4
1.4
1.4
1.4
1.4
1.4
1.4
1.4
1.4
1.4
1.4
1.4
1.4
1.4
1.4
1.4
1.4
1.4
1.4
1.4
1.4
1.4
1.4
1.4
1.4
1.4
1.4
1.4
1.4
1.4
1.4
1.4
1.4
1.4
1.4
1.4
1.4
1.4
1.4
1.4
1.4
1.4
1.4
1.4
1.4
1.4
1.4
1.4
1.4
1.4
1.4
1.4
1.4
1.4
1.4
1.4
1.4
1.4
1.4
1.4
1.4
1.4
1.4
1.4
1.4
1.4
1.4
1.4
1.4
1.4
1.4
1.4
1.4
1.4
1.4
1.4
1.4
1.4
1.4
1.4
1.4
1.4
1.4
1.4
1.4
1.4
1.4
1.4
1.4
1.4
1.4
1.4
1.4
1.4
1.4
1.4
1.4
1.4
1.4
1.4
1.4
1.4
1.4
1.4
1.4
1.4
1.4
1.4
1.4
1.4
1.4
1.4
1.4
1.4
1.4
1.4
1.4
1.4
1.4
1.4
1.4
1.4
1.4
1.4
1.4
1.4
1.4
1.4
1.4
1.4
1.4
1.4
1.4
1.4
1.4
1.4
1.4
1.4
1.4
1.4
1.4
1.4
1.4
1.4
1.4
1.4
1.4
1.4
1.4
1.4
1.4
1.4
1.4
1.4
1.4
1.4
1.4
1.4
1.4
1.4
1.4
1.4
1.4
1.4
1.4
1.4
1.4
1.4
1.4
1.4
1.4
1.4
1.4
1.4
1.4
1.4
1.4
1.4
1.4
1.4
1.4
1.4
1.4
1.4
1.4
1.4
1.4
1.4
1.4
1.4
1.4
1.4
1.4
1.4
1.4
1.4
1.4
1.4
1.4
1.4
1.4
1.4
1.4
1.4
1.4
1.4
1.4
1.4
1.4
1.4
1.4
1.4
1.4
1.4
1.4
1.4
1.4
1.4
1.4
1.4
1.4
1.4
1.4
1.4
1.4
1.4
1.4
1.4
1.4
1.4
1.4
1.4
1.4
1.4
1.4
1.4
1.4
1.4
1.4
1.4
1.4
1.4
1.4
1.4
1.4
1.4
1.4
1.4
1.4
1.4
1.4
1.4
1.4
1.4
1.4
1.4
1.4
1.4
1.4
1.4
1.4
1.4
1.4
1.4
1.4
1.4
1.4
1.4
1.4
1.4
1.4
1.4
1.4
1.4
1.4
1.4
1.4
1.4
1.4
1.4
1.4
1.4
1.4
1.4
1.4
1.4
1.4
1.4
1.4
1.4
1.4
1.4
1.4
1.4
1.4
1.4
1.4
1.4
1.4
1.4
1.4
1.4
1.4
1.4
1.4
1.4
1.4
1.4
1.4
1.4
1.4
1.4
1.4
1.4
1.4
1.4
1.4
1.4
1.4
1.4
1.4
1.4
1.4
1.4
1.4
1.4
1.4
1.4
1.4
1.4
1.4
1.4
1.4
1.4
1.4
1.4
1.4
1.4
1.4
1.4
1.4
1.4
1.4
1.4
1.4
1.4
1.4
1.4
1.4
1.4
1.4
1.4
1.4
1.4
1.4
1.4
1.4
1.4
1.4
1.4
1.4
1.4
1.4
1.4
1.4
1.4
1.4
1.4
1.4
1.4
1.4
1.4
1.4
1.4
1.4
1.4
1.4
1.4
1.4
1.4
1.4
1.4
1.4
1.4
1.4
1.4
1.4
1.4
1.4
1.4
1.4
1.4
1.4
1.4
1.4
1.4
1.4
1.4
1.4
1.4
1.4
1.4
1.4
1.4
1.4
1.4
1.4
1.4
1.4
1.4
1.4
1.4
1.4
1.4
1.4
1.4
1.4
1.4
1.4
1.4
1.4
1.4
1.4
1.4
1.4
1.4
1.4
1.4
1.4
1.4
1.4
1.4
1.4
1.4
1.4
1.4
1.4
1.4
1.4
1.4
1.4
1.4
1.4
1.4
1.4
1.4
1.4
1.4
1.4
1.4
1.4
1.4
1.4
1.4
1.4
1.4
1.4
1.4
1.4
1.4
1.4
1.4
1.4
1.4
1.4
1.4
1.4
1.4
1.4
1.4
1.4
1.4
1.4
1.4
1.4
1.4
1.4
1.4
1.4
1.4
1.4
1.4
1.4
1.4
1.4
1.4
1.4
1.4
1.4
1.4
1.4
1.4
1.4
1.4
1.4
1.4
1.4
1.4
1.4
1.4
1.4
1.4
1.4
1.4
1.4
1.4
1.4
1.4
1.4
1.4
1.4
1.4
1.4
1.4
1.4
1.4
1.4
1.4
1.4
1.4
1.4
1.4
1.4
1.4
1.4
1.4
1.4
1.4
1.4
1.4
1.4
1.4
1.4
1.4
1.4
1.4
1.4
1.4
1.4
1.4
1.4
1.4
1.4
1.4
1.4
1.4
1.4
1.4
1.4
1.4
1.4
1.4
1.4
1.4
1.4
1.4
1.4
1.4
1.4
1.4
1.4
1.4
1.4
1.4
1.4
1.4
1.4
1.4
1.4
1.4
1.4
1.4
1.4
1.4
1.4
1.4
1.4
1.4
1.4
1.4
1.4
1.4
1.4
1.4
1.4
1.4
1.4
1.4
1.4
1.4
1.4
1.4
1.4
1.4
1.4
1.4
1.4
1.4
1.4
1.4
1.4
1.4
1.4
1.4
1.4
1.4
1.4
1.4
1.4
1.4
1.4
1.4
1.4
1.4
1.4
1.4
1.4
1.4
1.4
1.4
1.4
1.4
1.4
1.4
1.4
1.4
1.4
1.4
1.4
1.4
1.4
1.4
1.4
1.4
1.4
1.4
1.4
1.4
1.4
1.4
1.4
1.4
1.4
1.4
1.4
1.4
1.4
1.4
1.4
1.4
1.4
1.4
1.4
1.4
1.4
1.4
1.4
1.4
1.4
1.4
1.4
1.4
1.4
1.4
1.4
1.4
1.4
1.4
1.4
1.4
1.4
1.4
1.4
1.4
1.4
1.4
1.4
1.4
1.4
1.4
1.4
1.4
1.4
1.4
1.4
1.4
1.4
1.4
1.4
1.4
1.4
1.4
1.4
1.4
1.4
1.4
1.4
1.4
1.4
1.4
1.4
1.4
1.4
1.4
1.4
1.4
1.4
1.4
1.4
1.4
1.4
1.4
1.4
1.4
1.4
1.4
1.4
1.4
1.4
1.4
1.4
1.4
1.4
1.4
1.4
1.4
1.4
1.4
1.4
1.4
1.4
1.4
1.4
1.4
1.4
1.4
1.4
1.4
1.4
1.4
1.4
1.4
1.4
1.4
1.4
1.4
1.4
1.4
1.4
1.4
1.4
1.4
1.4
1.4
1.4
1.4
1.4
1.4
1.4
1.4
1.4
1.4
1.4
1.4
1.4
1.4
1.4
1.4
1.4
1.4
1.4
1.4
1.4
1.4
1.4
1.4
1.4
1.4
1.4
1.4
1.4
1.4
1.4
1.4
1.4
1.4
1.4
1.4
1.4
1.4
1.4
1.4
1.4
1.4
1.4
1.4
1.4
1.4
1.4
1.4
1.4
1.4
1.4
1.4
1.4
1.4
1.4
1.4
1.4
1.4
1.4
1.4
1.4
1.4
1.4
1.4
1.4
1.4
1.4
1.4
1.4
1.4
1.4
1.4
1.4
1.4
1.4
1.4
1.4
1.4
1.4
1.4
1.4
1.4
1.4
1.4
1.4
1.4
1.4
1.4
1.4
1.4
1.4
1.4
1.4
1.4
1.4
1.4
1.4
1.4
1.4
1.4
1.4
1.4
1.4
1.4
1.4
1.4
1.4
1.4
1.4
1.4
1.4
1.4
1.4
1.4
1.4
1.4
1.4
1.4
1.4
1.4
1.4
1.4
1.4
1.4
1.4
1.4
1.4
1.4
1.4
1.4
1.4
1.4
1.4
1.4
1.4
1.4
1.4
1.4
1.4
1.4
1.4
1.4
1.4
1.4
1.4
1.4
1.4
1.4
1.4
1.4
1.4
1.4
1.4
1.4
1.4
1.4
1.4
1.4
1.4
1.4
1.4
1.4
1.4
1.4
1.4
1.4
1.4
1.4
1.4
1.4
1.4
1.4
1.4
1.4
1.4
1.4
1.4
1.4
1.4
1.4
1.4
1.4
1.4
1.4
1.4
1.4
1.4
1.4
1.4
1.4
1.4
1.4
1.4
1.4
1.4
1.4
1.4
1.4
1.4
1.4
1.4
1.4
1.4
1.4
1.4
1.4
1.4
1.4
1.4
1.4
1.4
1.4
1.4
1.4
1.4
1.4
1.4
1.4
1.4
1.4
1.4
1.4
1.4
1.4
1.4
1.4
1.4
1.4
1.4
1.4
1.4
1.4
1.4
1.4
1.4
1.4
1.4
1.4
1.4
1.4
1.4
1.4
1.4
1.4
1.4
1.4
1.4
1.4
1.4
1.4
1.4
1.4
1.4
1.4
1.4
1.4
1.4
1.4
1.4
1.4
1.4
1.4
1.4
1.4
1.4
1.4
1.4
1.4
1.4
1.4
1.4
1.4
1.4
1.4
1.4
1.4
1.4
1.4
1.4
1.4
1.4
1.4
1.4
1.4
1.4
1.4
1.4
1.4
1.4
1.4
1.4
1.4
1.4
1.4
1.4
1.4
1.4
1.4
1.4
1.4
1.4
1.4
1.4
1.4
1.4
1.4
1.4
1.4
1.4
1.4
1.4
1.4
1.4
1.4
1.4
1.4
1.4
1.4
1.4
1.4
1.4
1.4
1.4
1.4
1.4
1.4
1.4
1.4
1.4
1.4
1.4
1.4
1.4
1.4
1.4
1.4
1.4
1.4
1.4
1.4
1.4
1.4
1.4
1.4
1.4
1.4
1.4
1.4
1.4
1.4
1.4
1.4
1.4
1.4
1.4
1.4
1.4
1.4
1.4
1.4
1.4
1.4
1.4
1.4
1.4
1.4
1.4
1.4
1.4
1.4
1.4
1.4
1.4
1.4
1.4
1.4
1.4
1.4
1.4
1.4
1.4
1.4
1.4
1.4
1.4
1.4
1.4
1.4
1.4
1.4
1.4
1.4
1.4
1.4
1.4
1.4
1.4
1.4
1.4
1.4
1.4
1.4
1.4
1.4
1.4
1.4
1.4
1.4
1.4
1.4
1.4
1.4
1.4
1.4
1.4
1.4
1.4
1.4
1.4
1.4
1.4
1.4
1.4
1.4
1.4
1.4
1.4
1.4
1.4
1.4
1.4
1.4
1.4
1.4
1.4
1.4
1.4
1.4
1.4
1.4
1.4
1.4
1.4
1.4
1.4
1.4
1.4
1.4
1.4
1.4
1.4
1.4
1.4
1.4
1.4
1.4
1.4
1.4
1.4
1.4
1.4
1.4
1.4
1.4
1.4
1.4
1.4
1.4
1.4
1.4
1.4
1.4
1.4
1.4
1.4
1.4
1.4
1.4
1.4
1.4
1.4
1.4
1.4
1.4
1.4
1.4
1.4
1.4
1.4
1.4
1.4
1.4
1.4
1.4
1.4
1.4
1.4
1.4
1.4
1.4
1.4
1.4
1.4
1.4
1.4
1.4
1.4
1.4
1.4
1.4
1.4
1.4
1.4
1.4
1.4
1.4
1.4
1.4
1.4
1.4
1.4
1.4
1.4
1.4
1.4
1.4
1.4
1.4
1.4
1.4
1.4
1.4
1.4
1.4
1.4
1.4
1.4
1.4
1.4
1.4
1.4
1.4
1.4
1.4
1.4
1.4
1.4
1.4
1.4
1.4
1.4
1.4
1.4
1.4
1.4
1.4
1.4
1.4
1.4
1.4
1.4
1.4
1.4
1.4
1.4
1.4
1.4
1.4
1.4
1.4
1.4
1.4
1.4
1.4
1.4
1.4
1.4
1.4
1.4
1.4
1.4
1.4
1.4
1.4
1.4
1.4
1.4
1.4
1.4
1.4
1.4
1.4
1.4
1.4
1.4
1.4
1.4
1.4
1.4
1.4
1.4
1.4
1.4
1.4
1.4
1.4
1.4
1.4
1.4
1.4
1.4
1.4
1.4
1.4
1.4
1.4
1.4
1.4
1.4
1.4
1.4
1.4
1.4
1.4
1.4
1.4
1.4
1.4
1.4
1.4
1.4
1.4
1.4
1.4
1.4
1.4
1.4
1.4
1.4
1.4
1.4
1.4
1.4
1.4
1.4
1.4
1.4
1.4
1.4
1.4
1.4
1.4
1.4
1.4
1.4
1.4
1.4
1.4
1.4
1.4
1.4
1.4
1.4
1.4
1.4
1.4
1.4
1.4
1.4
1.4
1.4
1.4
1.4
1.4
1.4
1.4
1.4
1.4
1.4
1.4
1.4
1.4
1.4
1.4
1.4
1.4
1.4
1.4
1.4
1.4
1.4
1.4
1.4
1.4
1.4
1.4
1.4
1.4
1.4
1.4
1.4
1.4
1.4
1.4
1.4
1.4
1.4
1.4
1.4
1.4
1.4
1.4
1.4
1.4
1.4
1.4
1.4
1.4
1.4
1.4
1.4
1.4
1.4
1.4
1.4
1.4
1.4
1.4
1.4
1.4
1.4
1.4
1.4
1.4
1.4
1.4
1.4
1.4
1.4
1.4
1.4
1.4
1.4
1.4
1.4
1.4
1.4
1.4
1.4
1.4
1.4
1.4
1.4
1.4
1.4
1.4
1.4
1.4
1.4
1.4
1.4
1.4
1.4
1.4
1.4
1.4
1.4
1.4
1.4
1.4
1.4
1.4
1.4
1.4
1.4
1.4
1.4
1.4
1.4
1.4
1.4
1.4
1.4
1.4
1.4
1.4
1.4
1.4
1.4
1.4
1.4
1.4
1.4
1.4
1.4
1.4
1.4
1.4
1.4
1.4
1.4
1.4
1.4
1.4
1.4
1.4
1.4
1.4
1.4
1.4
1.4
1.4
1.4
1.4
1.4
1.4
1.4
1.4
1.4
1.4
1.4
1.4
1.4
1.4
1.4
1.4
1.4
1.4
1.4
1.4
1.4
1.4
1.4
1.4
1.4
1.4
1.4
1.4
1.4
1.4
1.4
1.4
1.4
1.4
1.4
1.4
1.4
1.4
1.4
1.4
1.4
1.4
1.4
1.4
1.4
1.4
1.4
1.4
1.4
1.4
1.4
1.4
1.4
1.4
1.4
1.4
1.4
1.4
1.4
1.4
1.4
1.4
1.4
1.4
1.4
1.4
1.4
1.4
1.4
1.4
1.4
1.4
1.4
1.4
1.4
1.4
1.4
1.4
1.4
1.4
1.4
1.4
1.4
1.4
1.4
1.4
1.4
1.4
1.4
1.4
1.4
1.4
1.4
1.4
1.4
1.4
1.4
1.4
1.4
1.4
1.4
1.4
1.4
1.4
1.4
1.4
1.4
1.4
1.4
1.4
1.4
1.4
1.4
1.4
1.4
1.4
1.4
1.4
1.4
1.4
1.4
1.4
1.4
1.4
1.4
1.4
1.4
1.4
1.4
1.4
1.4
1.4
1.4
1.4
1.4
1.4
1.4
1.4
1.4
1.4
1.4
1.4
1.4
1.4
1.4
1.4
1.4
1.4
1.4
1.4
1.4
1.4
1.4
1.4
1.4
1.4
1.4
1.4
1.4
1.4
1.4
1.4
1.4
1.4
1.4
1.4
1.4
1.4
1.4
1.4
1.4
1.4
1.4
1.4
1.4
1.4
1.4
1.4
1.4
1.4
1.4
1.4
1.4
1.4
1.4
1.4
1.4
1.4
1.4
1.4
1.4
1.4
1.4
1.4
1.4
1.4
1.4
1.4
1.4
1.4
1.4
1.4
1.4
1.4
1.4
1.4
1.4
1.4
1.4
1.4
1.4
1.4
1.4
1.4
1.4
1.4
1.4
1.4
1.4
1.4
1.4
1.4
1.4
1.4
1.4
1.4
1.4
1.4
1.4
1.4
1.4
1.4
1.4
1.4
1.4
1.4
1.4
1.4
1.4
1.4
1.4
1.4
1.4
1.4
1.4
1.4
1.4
1.4
1.4
1.4
1.4
1.4
1.4
1.4
1.4
1.4
1.4
1.4
1.4
1.4
1.4
1.4
1.4
1.4
1.4
1.4
1.4
1.4
1.4
1.4
1.4
1.4
1.4
1.4
1.4
1.4
1.4
1.4
1.4
1.4
1.4
1.4
1.4
1.4
1.4
1.4
1.4
1.4
1.4
1.4
1.4
1.4
1.4
1.4
1.4
1.4
1.4
1.4
1.4
1.4
1.4
1.4
1.4
1.4
1.4
1.4
1.4
1.4
1.4
1.4
1.4
1.4
1.4
1.4
1.4
1.4
1.4
1.4
1.4
1.4
1.4
1.4
1.4
1.4
1.4
1.4
1.4
1.4
1.4
1.4
1.4
1.4
1.4
1.4
1.4
1.4
1.4
1.4
1.4
1.4
1.4
1.4
1.4
1.4
1.4
1.4
1.4
1.4
1.4
1.4
1.4
1.4
1.4
1.4
1.4
1.4
1.4
1.4
1.4
1.4
1.4
1.4
1.4
1.4
1.4
1.4
1.4
1.4
1.4
1.4
1.4
1.4
1.4
1.4
1.4
1.4
1.4
1.4
1.4
1.4
1.4
1.4
1.4
1.4
1.4
1.4
1.4
1.4
1.4
1.4
1.4
1.4
1.4
1.4
1.4
1.4
1.4
1.4
1.4
1.4
1.4
1.4
1.4
1.4
1.4
1.4
1.4
1.4
1.4
1.4
1.4
1.4
1.4
1.4
1.4
1.4
1.4
1.4
1.4
1.4
1.4
1.4
1.4
1.4
1.4
1.4
1.4
1.4
1.4
1.4
1.4
1.4
1.4
1.4
1.4
1.4
1.4
1.4
1.4
1.4
1.4
1.4
1.4
1.4
1.4
1.4
1.4
1.4
1.4
1.4
1.4
1.4
1.4
1.4
1.4
1.4
1.4
1.4
1.4
1.4
1.4
1.4
1.4
1.4
1.4
1.4
1.4
1.4
1.4
1.4
1.4
1.4
1.4
1.4
1.4
1.4
1.4
1.4
1.4
1.4
1.4
1.4
1.4
1.4
1.4
1.4
1.4
1.4
1.4
1.4
1.4
1.4
1.4
1.4
1.4
1.4
1.4
1.4
1.4
1.4
1.4
1.4
1.4
1.4
1.4
1.4
1.4
1.4
1.4
1.4
1.4
1.4
1.4
1.4
1.4
1.4
1.4
1.4
1.4
1.4
1.4
1.4
1.4
1.4
1.4
1.4
1.4
1.4
1.4
1.4
1.4
1.4
1.4
1.4
1.4
1.4
1.4
1.4
1.4
1.4
1.4
1.4
1.4
1.4
1.4
1.4
1.4
1.4
1.4
1.4
1.4
1.4
1.4
1.4
1.4
1.4
1.4
1.4
1.4
1.4
1.4
1.4
1.4
1.4
1.4
1.4
1.4
1.4
1.4
1.4
1.4
1.4
1.4
1.4
1.4
1.4
1.4
1.4
1.4
1.4
1.4
1.4
1.4
1.4
1.4
1.4
1.4
1.4
1.4
1.4
1.4
1.4
1.4
1.4
1.4
1.4
1.4
1.4
1.4
1.4
1.4
1.4
1.4
1.4
1.4
1.4
1.4
1.4
1.4
1.4
1.4
1.4
1.4
1.4
1.4
1.4
1.4
1.4
1.4
1.4
1.4
1.4
1.4
1.4
1.4
1.4
1.4
1.4
1.4
1.4
1.4
1.4
1.4
1.4
1.4
1.4
1.4
1.4
1.4
1.4
1.4
1.4
1.4
1.4
1.4
1.4
1.4
1.4
1.4
1.4
1.4
1.4
1.4
1.4
1.4
1.4
1.4
1.4
1.4
1.4
1.4
1.4
1.4
1.4
1.4
1.4
1.4
1.4
1.4
1.4
1.4
1.4
1.4
1.4
1.4
1.4
1.4
1.4
1.4
1.4
1.4
1.4
1.4
1.4
1.4
1.4
1.4
1.4
1.4
1.4
1.4
1.4
1.4
1.4
1.4
1.4
1.4
1.4
1.4
1.4
1.4
1.4
1.4
1.4
1.4
1.4
1.4
1.4
1.4
1.4
1.4
1.4
1.4
1.4
1.4
1.4
1.4
1.4
1.4
1.4
1.4
1.4
1.4
1.4
1.4
1.4
1.4
1.4
1.4
1.4
1.4
1.4
1.4
1.4
1.4
1.4
1.4
1.4
1.4
1.4
1.4
1.4
1.4
1.4
1.4
1.4
1.4
1.4
1.4
1.4
1.4
1.4
1.4
1.4
1.4
1.4
1.4
1.4
1.4
1.4
1.4
1.4
1.4
1.4
1.4
1.4
1.4
1.4
1.4
1.4
1.4
1.4
1.4
1.4
1.4
1.4
1.4
1.4
1.4
1.4
1.4
1.4
1.4
1.4
1.4
1.4
1.4
1.4
1.4
1.4
1.4
1.4
1.4
1.4
1.4
1.4
1.4
1.4
1.4
1.4
1.4
1.4
1.4
1.4
1.4
1.4
1.4
1.4
1.4
1.4
1.4
1.4
1.4
1.4
1.4
1.4
1.4
1.4
1.4
1.4
1.4
1.4
1.4
1.4
1.4
1.4
1.4
1.4
1.4
1.4
1.4
1.4
1.4
1.4
1.4
1.4
1.4
1.4
1.4
1.4
1.4
1.4
1.4
1.4
1.4
1.4
1.4
1.4
1.4
1.4
1.4
1.4
1.4
1.4
1.4
1.4
1.4
1.4
1.4
1.4
1.4
1.4
1.4
1.4
1.4
1.4
1.4
1.4
1.4
1.4
1.4
1.4
1.4
1.4
1.4
1.4
1.4
1.4
1.4
1.4
1.4
1.4
1.4
1.4
1.4
1.4
1.4
1.4
1.4
1.4
1.4
1.4
1.4
1.4
1.4
1.4
1.4
1.4
1.4
1.4
1.4
1.4
1.4
1.4
1.4
1.4
1.4
1.4
1.4
1.4
1.4
1.4
1.4
1.4
1.4
1.4
1.4
1.4
1.4
1.4
1.4
1.4
1.4
1.4
1.4
1.4
1.4
1.4
1.4
1.4
1.4
1.4
1.4
1.4
1.4
1.4
1.4
1.4
1.4
1.4
1.4
1.4
1.4
1.4
1.4
1.4
1.4
1.4
1.4
1.4
1.4
1.4
1.4
1.4
1.4
1.4
1.4
1.4
1.4
1.4
1.4
1.4
1.4
1.4
1.4
1.4
1.4
1.4
1.4
1.4
1.4
1.4
1.4
1.4
1.4
1.4
1.4
1.4
1.4
1.4
1.4
1.4
1.4
1.4
1.4
1.4
1.4
1.4
1.4
1.4
1.4
1.4
1.4
1.4
1.4
1.4
1.4
1.4
1.4
1.4
1.4
1.4
1.4
1.4
1.4
1.4
1.4
1.4
1.4
1.4
1.4
1.4
1.4
1.4
1.4
1.4
1.4
1.4
1.4
1.4
1.4
1.4
1.4
1.4
1.4
1.4
1.4
1.4
1.4
1.4
1.4
1.4
1.4
1.4
1.4
1.4
1.4
1.4
1.4
1.4
1.4
1.4
1.4
1.4
1.4
1.4
1.4
1.4
1.4
1.4
1.4
1.4
1.4
1.4
1.4
1.4
1.4
1.4
1.4
1.4
1.4
1.4
1.4
1.4
1.4
1.4
1.4
1.4
1.4
1.4
1.4
1.4
1.4
1.4
1.4
1.4
1.4
1.4
1.4
1.4
1.4
1.4
1.4
1.4
1.4
1.4
1.4
1.4
1.4
1.4
1.4
1.4
1.4
1.4
1.4
1.4
1.4
1.4
1.4
1.4
1.4
1.4
1.4
1.4
1.4
1.4
1.4
1.4
1.4
1.4
1.4
1.4
1.4
1.4
1.4
1.4
1.4
1.4
1.4
1.4
1.4
1.4
1.4
1.4
1.4
1.4
1.4
1.4
1.4
1.4
1.4
1.4
1.4
1.4
1.4
1.4
1.4
1.4
1.4
1.4
1.4
1.4
1.4
1.4
1.4
1.4
1.4
1.4
1.4
1.4
1.4
1.4
1.4
1.4
1.4
1.4
1.4
1.4
1.4
1.4
1.4
1.4
1.4
1.4
1.4
1.4
1.4
1.4
1.4
1.4
1.4
1.4
1.4
1.4
1.4
1.4
1.4
1.4
1.4
1.4
1.4
1.4
1.4
1.4
1.4
1.4
1.4
1.4
1.4
1.4
1.4
1.4
1.4
1.4
1.4
1.4
1.4
1.4
1.4
1.4
1.4
1.4
1.4
1.4
1.4
1.4
1.4
1.4
1.4
1.4
1.4
1.4
1.4
1.4
1.4
1.4
1.4
1.4
1.4
1.4
1.4
1.4
1.4
1.4
1.4
1.4
1.4
1.4
1.4
1.4
1.4
1.4
1.4
1.4
1.4
1.4
1.4
1.4
1.4
1.4
1.4
1.4
1.4
1.4
1.4
1.4
1.4
1.4
1.4
1.4
1.4
1.4
1.4
1.4
1.4
1.4
1.4
1.4
1.4
1.4
1.4
1.4
1.4
1.4
1.4
1.4
1.4
1.4
1.4
1.4
1.4
1.4
1.4
1.4
1.4
1.4
1.4
1.4
1.4
1.4
1.4
1.4
1.4
1.4
1.4
1.4
1.4
1.4
1.4
1.4
1.4
1.4
1.4
1.4
1.4
1.4
1.4
1.4
1.4
1.4
1.4
1.4
1.4
1.4
1.4
1.4
1.4
1.4
1.4
1.4
1.4
1.4
1.4
1.4
1.4
1.4
1.4
1.4
1.4
1.4
1.4
1.4
1.4
1.4
1.4
1.4
1.4
1.4
1.4
1.4
1.4
1.4
1.4
1.4
1.4
1.4
1.4
1.4
1.4
1.4
1.4
1.4
1.4
1.4
1.4
1.4
1.4
1.4
1.4
1.4
1.4
1.4
1.4
1.4
1.4
1.4
1.4
1.4
1.4
1.4
1.4
1.4
1.4
1.4
1.4
1.4
1.4
1.4
1.4
1.4
1.4
1.4
1.4
1.4
1.4
1.4
1.4
1.4
1.4
1.4
1.4
1.4
1.4
1.4
1.4
1.4
1.4
1.4
1.4
1.4
1.4
1.4
1.4
1.4
1.4
1.4
1.4
1.4
1.4
1.4
1.4
1.4
1.4
1.4
1.4
1.4
1.4
1.4
1.4
1.4
1.4
1.4
1.4
1.4
1.4
1.4
1.4
1.4
1.4
1.4
1.4
1.4
1.4
1.4
1.4
1.4
1.4
1.4
1.4
1.4
1.4
1.4
1.4
1.4
1.4
1.4
1.4
1.4
1.4
1.4
1.4
1.4
1.4
1.4
1.4
1.4
1.4
1.4
1.4
1.4
1.4
1.4
1.4
1.4
1.4
1.4
1.4
1.4
1.4
1.4
1.4
1.4
1.4
1.4
1.4
1.4
1.4
1.4
1.4
1.4
1.4
1.4
1.4
1.4
1.4
1.4
1.4
1.4
1.4
1.4
1.4
1.4
1.4
1.4
1.4
1.4
1.4
1.4
1.4
1.4
1.4
1.4
1.4
1.4
1.4
1.4
1.4
1.4
1.4
1.4
1.4
1.4
1.4
1.4
1.4
1.4
1.4
1.4
1.4
1.4
1.4
1.4
1.4
1.4
1.4
1.4
1.4
1.4
1.4
1.4
1.4
1.4
1.4
1.4
1.4
1.4
1.4
1.4
1.4
1.4
1.4
1.4
1.4
1.4
1.4
1.4
1.4
1.4
1.4
1.4
1.4
1.4
1.4
1.4
1.4
1.4
1.4
1.4
1.4
1.4
1.4
1.4
1.4
1.4
1.4
1.4
1.4
1.4
1.4
1.4
1.4
1.4
1.4
1.4
1.40001
1.4
1.4
1.4
1.4
1.4
1.4
1.4
1.4
1.4
1.4
1.4
1.4
1.4
1.4
1.4
1.4
1.4
1.4
1.4
1.4
1.4
1.4
1.4
1.4
1.4
1.4
1.4
1.4
1.4
1.4
1.4
1.4
1.4
1.4
1.4
1.4
1.4
1.4
1.4
1.4
1.4
1.4
1.4
1.4
1.4
1.4
1.4
1.4
1.4
1.4
1.4
1.4
1.4
1.4
1.4
1.4
1.4
1.4
1.4
1.4
1.4
1.4
1.4
1.4
1.4
1.4
1.4
1.4
1.4
1.4
1.4
1.4
1.4
1.4
1.4
1.4
1.4
1.4
1.4
1.4
1.4
1.4
1.4
1.4
1.4
1.4
1.4
1.4
1.4
1.4
1.4
1.4
1.4
1.4
1.4
1.4
1.4
1.4
1.4
1.4
1.4
1.4
1.4
1.4
1.4
1.4
1.4
1.4
1.4
1.4
1.4
1.4
1.4
1.4
1.4
1.4
1.4
1.4
1.4
1.4
1.4
1.4
1.4
1.4
1.4
1.4
1.4
1.4
1.4
1.4
1.4
1.4
1.4
1.4
1.4
1.4
1.4
1.4
1.4
1.4
1.4
1.4
1.4
1.4
1.4
1.4
1.4
1.4
1.4
1.4
1.4
1.4
1.4
1.4
1.4
1.4
1.4
1.4
1.4
1.4
1.4
1.4
1.4
1.4
1.4
1.4
1.4
1.4
1.4
1.4
1.4
1.4
1.4
1.4
1.4
1.40001
1.4
1.4
1.4
1.4
1.4
1.4
1.4
1.4
1.4
1.4
1.4
1.4
1.4
1.4
1.4
1.4
1.4
1.4
1.4
1.4
1.4
1.4
1.4
1.4
1.4
1.4
1.4
1.4
1.4
1.4
1.4
1.4
1.4
1.4
1.4
1.4
1.4
1.4
1.4
1.4
1.4
1.4
1.4
1.4
1.4
1.4
1.4
1.4
1.4
1.4
1.4
1.4
1.4
1.4
1.4
1.4
1.4
1.4
1.4
1.4
1.4
1.4
1.4
1.4
1.4
1.4
1.4
1.4
1.4
1.4
1.4
1.4
1.4
1.4
1.4
1.4
1.4
1.4
1.4
1.4
1.4
1.4
1.4
1.4
1.4
1.4
1.4
1.4
1.4
1.4
1.4
1.4
1.4
1.4
1.4
1.4
1.4
1.4
1.4
1.4
1.4
1.4
1.4
1.4
1.4
1.4
1.4
1.4
1.4
1.4
1.4
1.4
1.4
1.4
1.4
1.4
1.4
1.4
1.4
1.4
1.4
1.4
1.4
1.4
1.4
1.4
1.4
1.4
1.4
1.4
1.4
1.4
1.4
1.4
1.4
1.4
1.4
1.4
1.4
1.4
1.4
1.4
1.4
1.4
1.4
1.4
1.4
1.4
1.4
1.4
1.4
1.4
1.4
1.4
1.4
1.4
1.4
1.4
1.4
1.4
1.4
1.4
1.4
1.4
1.4
1.4
1.4
1.4
1.4
1.4
1.4
1.4
1.4
1.4
1.4
1.4
1.4
1.4
1.4
1.4
1.4
1.4
1.4
1.4
1.4
1.4
1.4
1.4
1.4
1.4
1.4
1.4
1.4
1.4
1.4
1.4
1.4
1.4
1.4
1.4
1.4
1.4
1.4
1.4
1.4
1.4
1.4
1.4
1.4
1.4
1.4
1.4
1.4
1.4
1.4
1.4
1.4
1.4
1.4
1.4
1.4
1.4
1.4
1.4
1.4
1.4
1.4
1.4
1.4
1.4
1.4
1.4
1.4
1.4
1.4
1.4
1.4
1.4
1.4
1.4
1.4
1.4
1.4
1.4
1.4
1.4
1.4
1.4
1.4
1.4
1.4
1.4
1.4
1.4
1.4
1.4
1.4
1.4
1.4
1.4
1.4
1.4
1.4
1.4
1.4
1.4
1.4
1.4
1.4
1.4
1.4
1.4
1.4
1.4
1.4
1.4
1.4
1.4
1.4
1.4
1.4
1.4
1.4
1.4
1.4
1.4
1.4
1.4
1.4
1.4
1.4
1.4
1.4
1.4
1.4
1.4
1.4
1.4
1.4
1.4
1.4
1.4
1.4
1.4
1.4
1.4
1.4
1.4
1.4
1.4
1.4
1.4
1.4
1.4
1.4
1.4
1.4
1.4
1.4
1.4
1.4
1.4
1.4
1.4
1.4
1.4
1.4
1.4
1.4
1.4
1.4
1.4
1.4
1.4
1.4
1.4
1.4
1.4
1.4
1.4
1.4
1.4
1.4
1.4
1.4
1.4
1.4
1.4
1.4
1.4
1.4
1.4
1.4
1.4
1.4
1.4
1.4
1.4
1.4
1.4
1.4
1.40001
1.4
1.4
1.4
1.4
1.4
1.4
1.4
1.40001
1.4
1.4
1.4
1.4
1.4
1.4
1.4
1.4
1.4
1.4
1.4
1.4
1.4
1.4
1.4
1.4
1.4
1.4
1.4
1.4
1.4
1.4
1.4
1.4
1.4
1.4
1.4
1.4
1.4
1.4
1.4
1.4
1.4
1.4
1.4
1.4
1.4
1.4
1.4
1.4
1.4
1.4
1.4
1.4
1.4
1.4
1.4
1.4
1.4
1.4
1.4
1.4
1.4
1.4
1.4
1.4
1.4
1.4
1.4
1.4
1.4
1.4
1.4
1.4
1.4
1.4
1.4
1.4
1.4
1.4
1.4
1.4
1.4
1.4
1.4
1.4
1.4
1.4
1.4
1.4
1.4
1.4
1.4
1.4
1.4
1.4
1.4
1.4
1.4
1.4
1.4
1.4
1.4
1.4
1.4
1.4
1.4
1.4
1.4
1.4
1.40001
1.4
1.4
1.4
1.4
1.4
1.4
1.4
1.4
1.4
1.4
1.4
1.4
1.4
1.4
1.4
1.4
1.4
1.4
1.4
1.4
1.4
1.4
1.4
1.4
1.4
1.4
1.4
1.4
1.4
1.4
1.40001
1.4
1.40001
1.40001
1.40002
1.40001
1.40001
1.4
1.4
1.4
1.40001
1.4
1.4
1.4
1.4
1.4
1.4
1.4
1.4
1.4
1.4
1.4
1.4
1.4
1.40001
1.4
1.4
1.40001
1.4
1.4
1.4
1.4
1.4
1.4
1.4
1.4
1.4
1.4
1.4
1.4
1.4
1.4
1.4
1.4
1.4
1.4
1.4
1.4
1.4
1.4
1.4
1.4
1.4
1.4
1.4
1.4
1.4
1.4
1.4
1.4
1.4
1.4
1.4
1.4
1.4
1.4
1.4
1.4
1.4
1.4
1.4
1.4
1.4
1.4
1.4
1.4
1.4
1.4
1.4
1.4
1.4
1.4
1.4
1.4
1.4
1.4
1.4
1.4
1.4
1.4
1.4
1.40002
1.40001
1.40001
1.40001
1.40003
1.40002
1.4
1.4
1.4
1.40001
1.40002
1.40003
1.40002
1.40001
1.40001
1.4
1.4
1.4
1.4
1.4
1.4
1.4
1.4
1.4
1.4
1.4
1.4
1.4
1.4
1.4
1.4
1.4
1.4
1.4
1.4
1.4
1.4
1.4
1.4
1.4
1.4
1.4
1.4
1.4
1.4
1.4
1.4
1.4
1.4
1.4
1.4
1.4
1.4
1.4
1.4
1.4
1.4
1.4
1.4
1.4
1.4
1.4
1.40002
1.40001
1.4
1.4
1.4
1.4
1.4
1.4
1.4
1.4
1.4
1.4
1.4
1.40001
1.4
1.4
1.40001
1.40001
1.40002
1.40001
1.40001
1.4
1.4
1.4
1.4
1.40001
1.4
1.4
1.4
1.4
1.4
1.4
1.4
1.4
1.4
1.4
1.4
1.4
1.4
1.4
1.4
1.4
1.4
1.4
1.4
1.4
1.4
1.4
1.4
1.4
1.4
1.4
1.4
1.4
1.4
1.4
1.4
1.4
1.4
1.4
1.4
1.4
1.4
1.4
1.4
1.40001
1.40002
1.40001
1.40001
1.40001
1.4
1.4
1.4
1.4
1.4
1.4
1.4
1.4
1.4
1.4
1.4
1.4
1.4
1.4
1.4
1.4
1.4
1.4
1.4
1.4
1.4
1.4
1.4
1.4
1.4
1.4
1.4
1.4
1.4
1.4
1.4
1.4
1.4
1.40002
1.40001
1.40001
1.4
1.40001
1.4
1.4
1.4
1.4
1.4
1.4
1.4
1.4
1.4
1.4
1.4
1.4
1.4
1.4
1.4
1.4
1.4
1.4
1.4
1.4
1.4
1.4
1.4
1.4
1.4
1.4
1.4
1.4
1.4
1.4
1.40001
1.40001
1.40001
1.4
1.4
1.4
1.4
1.4
1.4
1.4
1.4
1.4
1.4
1.4
1.4
1.4
1.4
1.4
1.4
1.4
1.4
1.4
1.4
1.4
1.4
1.4
1.4
1.4
1.4
1.4
1.4
1.4
1.4
1.4
1.4
1.4
1.4
1.4
1.4
1.4
1.4
1.4
1.4
1.4
1.4
1.4
1.4
1.4
1.4
1.4
1.4
1.4
1.4
1.4
1.4
1.4
1.4
1.4
1.4
1.4
1.4
1.4
1.4
1.4
1.4
1.40001
1.40001
1.4
1.4
1.4
1.4
1.4
1.4
1.4
1.4
1.4
1.4
1.4
1.4
1.4
1.4
1.4
1.4
1.4
1.4
1.4
1.4
1.4
1.4
1.4
1.4
1.4
1.4
1.4
1.4
1.4
1.4
1.4
1.4
1.4
1.4
1.4
1.4
1.4
1.4
1.4
1.4
1.4
1.4
1.4
1.4
1.4
1.4
1.4
1.4
1.4
1.4
1.4
1.4
1.4
1.4
1.4
1.4
1.4
1.4
1.4
1.4
1.4
1.4
1.4
1.4
1.4
1.4
1.4
1.4
1.4
1.4
1.4
1.4
1.4
1.4
1.4
1.4
1.4
1.4
1.4
1.4
1.4
1.4
1.4
1.4
1.4
1.4
1.4
1.4
1.4
1.4
1.4
1.4
1.4
1.4
1.4
1.4
1.4
1.4
1.4
1.4
1.4
1.4
1.4
1.4
1.4
1.4
1.4
1.4
1.4
1.4
1.4
1.4
1.4
1.4
1.4
1.4
1.4
1.4
1.4
1.4
1.4
1.4
1.4
1.4
1.4
1.4
1.4
1.4
1.4
1.4
1.4
1.4
1.4
1.4
1.4
1.4
1.4
1.4
1.4
1.4
1.4
1.4
1.4
1.4
1.4
1.40001
1.40001
1.4
1.4
1.4
1.4
1.4
1.4
1.4
1.4
1.4
1.4
1.4
1.4
1.4
1.4
1.4
1.4
1.4
1.4
1.4
1.4
1.4
1.4
1.4
1.4
1.4
1.4
1.4
1.4
1.4
1.4
1.4
1.4
1.4
1.4
1.4
1.4
1.4
1.4
1.4
1.4
1.4
1.4
1.4
1.4
1.4
1.4
1.4
1.4
1.4
1.4
1.4
1.4
1.40001
1.40001
1.4
1.4
1.4
1.4
1.4
1.4
1.4
1.4
1.4
1.4
1.4
1.4
1.4
1.4
1.4
1.4
1.4
1.4
1.4
1.4
1.4
1.4
1.4
1.4
1.4
1.40002
1.40002
1.40001
1.40001
1.40001
1.40001
1.4
1.4
1.4
1.4
1.4
1.4
1.4
1.4
1.4
1.4
1.4
1.4
1.4
1.4
1.4
1.4
1.4
1.4
1.4
1.4
1.4
1.4
1.4
1.4
1.4
1.4
1.4
1.4
1.4
1.4
1.4
1.4
1.4
1.4
1.4
1.4
1.4
1.4
1.4
1.4
1.4
1.4
1.4
1.4
1.4
1.4
1.4
1.4
1.4
1.4
1.4
1.4
1.4
1.4
1.4
1.4
1.4
1.40001
1.4
1.4
1.40002
1.40001
1.4
1.4
1.4
1.4
1.4
1.4
1.4
1.4
1.4
1.4
1.4
1.4
1.4
1.4
1.4
1.4
1.4
1.4
1.4
1.4
1.4
1.4
1.4
1.4
1.40002
1.40001
1.40001
1.40005
1.40002
1.40001
1.4
1.4
1.4
1.4
1.4
1.4
1.4
1.4
1.4
1.4
1.4
1.4
1.4
1.4
1.4
1.4
1.4
1.4
1.4
1.4
1.4
1.4
1.4
1.4
1.4
1.4
1.4
1.4
1.4
1.4
1.4
1.4
1.4
1.4
1.4
1.4
1.4
1.4
1.4
1.4
1.4
1.40001
1.4
1.4
1.40001
1.40001
1.4
1.4
1.4
1.4
1.4
1.4
1.4
1.4
1.4
1.4
1.4
1.4
1.4
1.4
1.4
1.4
1.4
1.4
1.4
1.4
1.4
1.4
1.4
1.4
1.4
1.4
1.4
1.4
1.4
1.4
1.4
1.4
1.4
1.4
1.4
1.4
1.4
1.4
1.4
1.4
1.4
1.4
1.4
1.4
1.4
1.4
1.4
1.4
1.4
1.4
1.40003
1.40006
1.40001
1.40002
1.40004
1.40001
1.40001
1.4
1.4
1.4
1.4
1.4
1.4
1.4
1.4
1.4
1.4
1.4
1.4
1.4
1.4
1.4
1.4
1.4
1.4
1.4
1.4
1.4
1.4
1.4
1.4
1.4
1.4
1.4
1.4
1.4
1.4
1.4
1.4
1.4
1.4
1.4
1.4
1.4
1.4
1.4
1.4
1.4
1.4
1.4
1.4
1.4
1.4
1.4
1.4
1.4
1.4
1.4
1.4
1.4
1.4
1.4
1.4
1.4
1.40001
1.4
1.4
1.40001
1.4
1.4
1.4
1.4
1.40001
1.4
1.40001
1.40001
1.40001
1.4
1.4
1.4
1.4
1.4
1.4
1.4
1.4
1.4
1.4
1.40001
1.4
1.40001
1.4
1.40001
1.40001
1.4
1.4
1.4
1.4
1.4
1.4
1.40001
1.4
1.4
1.4
1.4
1.4
1.4
1.4
1.4
1.4
1.4
1.4
1.4
1.4
1.4
1.4
1.4
1.4
1.4
1.4
1.4
1.4
1.4
1.4
1.4
1.4
1.4
1.4
1.4
1.40001
1.40001
1.40001
1.40001
1.40001
1.4
1.4
1.4
1.4
1.4
1.4
1.4
1.4
1.4
1.4
1.4
1.40001
1.4
1.4
1.4
1.4
1.4
1.4
1.4
1.4
1.4
1.4
1.4
1.4
1.4
1.4
1.4
1.4
1.4
1.4
1.4
1.4
1.4
1.4
1.4
1.4
1.4
1.4
1.4
1.4
1.4
1.4
1.4
1.4
1.4
1.4
1.4
1.4
1.4
1.4
1.4
1.40001
1.40003
1.40006
1.40002
1.40003
1.40001
1.4
1.4
1.4
1.4
1.4
1.4
1.4
1.4
1.4
1.4
1.4
1.4
1.4
1.4
1.4
1.40001
1.4
1.4
1.4
1.4
1.4
1.4
1.4
1.4
1.4
1.4
1.4
1.4
1.4
1.4
1.4
1.4
1.4
1.4
1.4
1.4
1.4
1.4
1.4
1.4
1.4
1.4
1.4
1.4
1.4
1.4
1.4
1.4
1.4
1.4
1.4
1.4
1.4
1.4
1.4
1.4
1.4
1.4
1.4
1.4
1.4
1.4
1.4
1.4
1.4
1.4
1.4
1.4
1.4
1.4
1.4
1.4
1.4
1.4
1.4
1.4
1.4
1.4
1.4
1.4
1.4
1.4
1.4
1.4
1.4
1.4
1.4
1.4
1.4
1.4
1.4
1.4
1.4
1.4
1.4
1.4
1.4
1.4
1.4
1.4
1.4
1.4
1.4
1.4
1.4
1.4
1.4
1.40002
1.40003
1.40006
1.40003
1.40004
1.40003
1.4
1.4
1.4
1.4
1.4
1.4
1.4
1.4
1.4
1.4
1.40001
1.4
1.4
1.4
1.4
1.40001
1.40001
1.4
1.4
1.4
1.4
1.4
1.4
1.4
1.4
1.4
1.4
1.4
1.4
1.4
1.4
1.4
1.4
1.4
1.4
1.4
1.4
1.4
1.4
1.4
1.4
1.4
1.4
1.4
1.4
1.4
1.4
1.4
1.4
1.4
1.4
1.4
1.4
1.4
1.4
1.4
1.4
1.4
1.4
1.4
1.4
1.4
1.4
1.4
1.4
1.4
1.4
1.4
1.4
1.4
1.4
1.4
1.4
1.4
1.4
1.4
1.4
1.4
1.4
1.4
1.4
1.4
1.4
1.4
1.4
1.4
1.4
1.4
1.4
1.4
1.4
1.4
1.4
1.4
1.4
1.4
1.4
1.4
1.4
1.4
1.4
1.4
1.4
1.4
1.4
1.4
1.4
1.4
1.4
1.4
1.4
1.4
1.4
1.4
1.4
1.4
1.4
1.4
1.4
1.4
1.4
1.4
1.4
1.4
1.4
1.4
1.4
1.4
1.4
1.4
1.4
1.4
1.4
1.4
1.40001
1.40002
1.40005
1.40001
1.40002
1.40006
1.40002
1.40012
1.40002
1.40004
1.4
1.4
1.4
1.4
1.4
1.4
1.40001
1.40002
1.40002
1.40001
1.40005
1.40003
1.4
1.4
1.4
1.4
1.4
1.4
1.4
1.4
1.4
1.4
1.4
1.4
1.4
1.4
1.4
1.4
1.4
1.4
1.4
1.4
1.4
1.4
1.4
1.4
1.4
1.4
1.4
1.4
1.4
1.4
1.4
1.4
1.4
1.4
1.4
1.4
1.4
1.4
1.4
1.4
1.4
1.4
1.4
1.4
1.40002
1.40001
1.4
1.4
1.4
1.4
1.4
1.4
1.4
1.4
1.4
1.4
1.4
1.4
1.4
1.4
1.4
1.4
1.4
1.4
1.4
1.4
1.4
1.4
1.4
1.4
1.4
1.4
1.4
1.4
1.4
1.4
1.4
1.4
1.4
1.4
1.4
1.4
1.4
1.4
1.4
1.4
1.4
1.4
1.4
1.4
1.4
1.4
1.4
1.4
1.4
1.4
1.4
1.4
1.4
1.40001
1.40001
1.4
1.40001
1.40001
1.4
1.4
1.4
1.4
1.4
1.4
1.4
1.4
1.4
1.4
1.4
1.4
1.4
1.4
1.4
1.4
1.4
1.4
1.4
1.4
1.4
1.4
1.4
1.4
1.4
1.4
1.4
1.4
1.4
1.4
1.4
1.4
1.4
1.4
1.4
1.4
1.4
1.4
1.4
1.4
1.4
1.4
1.40001
1.4
1.40001
1.4
1.4
1.4
1.4
1.4
1.4
1.4
1.4
1.4
1.4
1.4
1.4
1.4
1.4
1.4
1.4
1.4
1.4
1.4
1.4
1.4
1.4
1.4
1.4
1.4
1.4
1.4
1.4
1.4
1.4
1.4
1.4
1.4
1.4
1.4
1.4
1.4
1.4
1.4
1.4
1.4
1.4
1.4
1.4
1.4
1.4
1.4
1.4
1.4
1.4
1.4
1.4
1.4
1.4
1.4
1.4
1.4
1.4
1.4
1.4
1.4
1.4
1.4
1.4
1.4
1.4
1.4
1.4
1.4
1.4
1.4
1.4
1.4
1.4
1.4
1.4
1.4
1.4
1.4
1.4
1.4
1.4
1.40001
1.4
1.4
1.4
1.4
1.4
1.4
1.4
1.4
1.4
1.4
1.4
1.4
1.4
1.4
1.4
1.4
1.4
1.4
1.4
1.4
1.4
1.4
1.4
1.4
1.4
1.4
1.4
1.4
1.4
1.4
1.4
1.4
1.4
1.4
1.4
1.4
1.4
1.4
1.4
1.4
1.4
1.4
1.4
1.4
1.4
1.4
1.4
1.4
1.4
1.4
1.4
1.4
1.4
1.4
1.4
1.4
1.4
1.4
1.4
1.4
1.4
1.4
1.4
1.4
1.4
1.4
1.4
1.4
1.4
1.40001
1.40001
1.40001
1.40002
1.40003
1.40004
1.40001
1.40004
1.40001
1.40001
1.4
1.4
1.4
1.4
1.4
1.4
1.4
1.4
1.4
1.4
1.4
1.4
1.4
1.4
1.4
1.4
1.4
1.4
1.4
1.4
1.4
1.4
1.4
1.40001
1.40001
1.40002
1.40001
1.40001
1.4
1.4
1.4
1.4
1.4
1.4
1.4
1.4
1.4
1.4
1.4
1.4
1.4
1.4
1.4
1.4
1.4
1.4
1.4
1.4
1.4
1.4
1.4
1.4
1.4
1.4
1.4
1.4
1.4
1.4
1.4
1.4
1.4
1.4
1.4
1.4
1.4
1.4
1.4
1.4
1.4
1.4
1.4
1.4
1.4
1.4
1.4
1.4
1.4
1.4
1.4
1.4
1.4
1.4
1.4
1.4
1.4
1.4
1.4
1.4
1.4
1.4
1.4
1.4
1.4
1.4
1.4
1.40001
1.40001
1.4
1.4
1.4
1.4
1.40001
1.40001
1.40001
1.40002
1.40001
1.40001
1.40003
1.4
1.4
1.4
1.4
1.4
1.4
1.4
1.4
1.4
1.4
1.4
1.4
1.4
1.4
1.4
1.4
1.4
1.4
1.4
1.4
1.4
1.4
1.4
1.4
1.4
1.4
1.4
1.4
1.4
1.4
1.4
1.4
1.4
1.4
1.4
1.4
1.4
1.4
1.4
1.4
1.4
1.4
1.4
1.4
1.4
1.4
1.4
1.4
1.4
1.4
1.4
1.4
1.4
1.4
1.4
1.4
1.4
1.4
1.4
1.4
1.4
1.4
1.4
1.4
1.4
1.4
1.4
1.4
1.4
1.4
1.4
1.4
1.4
1.4
1.4
1.4
1.40001
1.4
1.40001
1.4
1.4
1.4
1.4
1.4
1.4
1.4
1.4
1.4
1.4
1.4
1.4
1.4
1.4
1.40002
1.40003
1.40008
1.40005
1.40001
1.40008
1.40008
1.40002
1.40001
1.4
1.4
1.4
1.4
1.4
1.4
1.4
1.4
1.4
1.4
1.4
1.4
1.4
1.4
1.4
1.4
1.4
1.4
1.4
1.4
1.4
1.4
1.4
1.4
1.4
1.4
1.4
1.4
1.4
1.4
1.4
1.4
1.4
1.4
1.4
1.4
1.4
1.4
1.4
1.4
1.4
1.4
1.4
1.4
1.4
1.4
1.4
1.4
1.4
1.4
1.4
1.4
1.4
1.4
1.4
1.4
1.4
1.4
1.4
1.4
1.4
1.4
1.4
1.4
1.4
1.4
1.4
1.40001
1.40001
1.40001
1.4
1.4
1.4
1.4
1.4
1.4
1.4
1.4
1.40001
1.4
1.4
1.4
1.40001
1.4
1.4
1.4
1.4
1.4
1.4
1.4
1.4
1.4
1.4
1.4
1.4
1.4
1.4
1.4
1.4
1.4
1.4
1.4
1.4
1.4
1.4
1.4
1.4
1.4
1.4
1.4
1.4
1.4
1.4
1.40001
1.40001
1.40002
1.40001
1.40001
1.4
1.4
1.40001
1.40004
1.40001
1.40002
1.40001
1.4
1.4
1.4
1.4
1.4
1.4
1.4
1.4
1.4
1.4
1.4
1.4
1.4
1.4
1.4
1.4
1.4
1.4
1.40001
1.40001
1.40003
1.40001
1.40001
1.40002
1.40001
1.40002
1.40004
1.40006
1.40003
1.40002
1.4
1.4
1.4
1.4
1.4
1.4
1.4
1.4
1.4
1.4
1.4
1.4
1.4
1.4
1.4
1.4
1.40001
1.40002
1.40002
1.40002
1.40009
1.40003
1.40004
1.40009
1.40013
1.40004
1.4
1.4
1.40002
1.40001
1.40001
1.40001
1.4
1.40001
1.40001
1.40004
1.40004
1.4
1.4
1.4
1.4
1.4
1.4
1.4
1.4
1.4
1.4
1.4
1.4
1.4
1.4
1.4
1.4
1.4
1.4
1.40003
1.40004
1.40004
1.40006
1.40006
1.4
1.4
1.4
1.4
1.4
1.4
1.4
1.4
1.4
1.40001
1.40003
1.40003
1.40005
1.40005
1.40003
1.40003
1.40006
1.4
1.4
1.4
1.4
1.4
1.4
1.4
1.4
1.4
1.4
1.4
1.4
1.4
1.4
1.4
1.4
1.4
1.4
1.4
1.4
1.4
1.4
1.4
1.4
1.4
1.4
1.40003
1.40021
1.40032
1.40019
1.40014
1.40026
1.40007
1.40006
1.40008
1.40019
1.4
1.4
1.4
1.4
1.4
1.4
1.4
1.4
1.4
1.4
1.4
1.4
1.4
1.4
1.4
1.4
1.4
1.4
1.4
1.4
1.4
1.4
1.4
1.4
1.4
1.4
1.40001
1.4
1.4
1.4
1.4
1.4
1.4
1.4
1.4
1.4
1.4
1.4
1.4
1.4
1.4
1.4
1.4
1.4
1.4
1.4
1.4
1.4
1.40001
1.40001
1.40004
1.40003
1.40009
1.4
1.4
1.4
1.4
1.4
1.4
1.4
1.4
1.4
1.4
1.4
1.4
1.4
1.4
1.4
1.4
1.4
1.4
1.4
1.4
1.4
1.4
1.4
1.4
1.4
1.40002
1.40001
1.40001
1.4
1.4
1.4
1.4
1.4
1.4
1.4
1.4
1.4
1.4
1.4
1.4
1.4
1.4
1.4
1.4
1.4
1.4
1.4
1.4
1.4
1.4
1.4
1.4
1.4
1.4
1.4
1.4
1.4
1.4
1.4
1.4
1.4
1.4
1.4
1.4
1.4
1.4
1.4
1.4
1.4
1.4
1.4
1.4
1.4
1.4
1.4
1.4
1.4
1.4
1.4
1.4
1.4
1.4
1.4
1.4
1.4
1.4
1.40003
1.40009
1.40014
1.4001
1.4001
1.4
1.4
1.4
1.4
1.4
1.4
1.4
1.4
1.4
1.4
1.40005
1.40003
1.40002
1.40005
1.40023
1.40022
1.4001
1.40004
1.40007
1.4
1.4
1.4
1.4
1.4
1.4
1.4
1.4
1.4
1.4
1.4
1.4
1.4
1.4
1.4
1.4
1.4
1.4
1.4
1.4
1.4
1.4
1.4
1.4
1.4
1.4
1.4
1.4
1.4
1.4
1.4
1.4
1.4
1.4
1.4
1.4
1.4
1.4
1.4
1.4
1.4
1.4
1.4
1.4
1.4
1.4
1.4
1.4
1.4
1.4
1.4
1.4
1.4
1.4
1.4
1.4
1.4
1.4
1.40001
1.40001
1.40002
1.40002
1.40002
1.40003
1.40004
1.40001
1.40003
1.40001
1.40001
1.4
1.4
1.4
1.4
1.4
1.4
1.4
1.4
1.4
1.4
1.4
1.4
1.4
1.4
1.4
1.4
1.4
1.40001
1.4
1.40001
1.4
1.40001
1.40002
1.40008
1.40003
1.40003
1.40001
1.40011
1.40007
1.40003
1.40002
1.40006
1.4
1.4
1.4
1.4
1.4
1.4
1.40001
1.4
1.4
1.4
1.40002
1.40001
1.4
1.40003
1.40001
1.4
1.4
1.4
1.4
1.4
1.4
1.4
1.4
1.4
1.4
1.4
1.4
1.4
1.4
1.4
1.4
1.4
1.4
1.4
1.40001
1.40001
1.4
1.40001
1.40001
1.4
1.4
1.4
1.4
1.40002
1.40002
1.40001
1.4
1.4
1.40001
1.4
1.4
1.4
1.4
1.4
1.4
1.4
1.4
1.4
1.4
1.4
1.40001
1.40004
1.40003
1.40003
1.40009
1.40006
1.40015
1.40008
1.40003
1.40006
1.4
1.4
1.4
1.4
1.4
1.4
1.4
1.4
1.4
1.4
1.4
1.4
1.4
1.4
1.4
1.40001
1.40001
1.4
1.40001
1.4
1.4
1.4
1.4
1.4
1.4
1.4
1.4
1.4
1.4
1.4
1.4
1.4
1.4
1.4
1.4
1.4
1.40002
1.40003
1.40004
1.40015
1.40034
1.4004
1.40018
1.40017
1.4
1.4
1.4
1.4
1.4
1.4
1.4
1.4
1.4
1.40001
1.40001
1.40001
1.4
1.4
1.4
1.4
1.4
1.4
1.4
1.4
1.4
1.4
1.4
1.4
1.4
1.4
1.4
1.4
1.4
1.40001
1.40001
1.40001
1.40001
1.40001
1.4
1.4
1.4
1.4
1.4
1.4
1.4
1.4
1.4
1.4
1.4
1.4
1.4
1.4
1.4
1.4
1.4
1.4
1.4
1.4
1.4
1.4
1.4
1.4
1.4
1.4
1.4
1.40001
1.40002
1.40003
1.40002
1.40004
1.40005
1.40005
1.4
1.4
1.4
1.4
1.4
1.4
1.4
1.4
1.4
1.4
1.4
1.4
1.40001
1.4
1.40001
1.4
1.40002
1.40001
1.4
1.40001
1.40002
1.40001
1.4
1.4
1.4
1.4
1.4
1.4
1.4
1.4
1.4
1.4
1.4
1.40001
1.4
1.4
1.4
1.4
1.4
1.4
1.4
1.4
1.4
1.4
1.4
1.4
1.4
1.4
1.4
1.4
1.4
1.4
1.4
1.4
1.4
1.4
1.4
1.4
1.4
1.4
1.4
1.4
1.4
1.4
1.4
1.4
1.4
1.4
1.4
1.4
1.4
1.4
1.4
1.4
1.4
1.4
1.4
1.4
1.4
1.4
1.4
1.4
1.4
1.4
1.4
1.4
1.4
1.4
1.4
1.4
1.4
1.4
1.4
1.4
1.4
1.4
1.4
1.4
1.4
1.4
1.4
1.4
1.4
1.4
1.4
1.4
1.4
1.4
1.4
1.4
1.4
1.4
1.40001
1.4
1.4
1.4
1.4
1.4
1.4
1.4
1.4
1.4
1.4
1.4
1.4
1.4
1.4
1.4
1.4
1.4
1.4
1.4
1.4
1.4
1.4
1.4
1.4
1.4
1.4
1.4
1.4
1.4
1.40001
1.40001
1.4
1.40002
1.4
1.4
1.4
1.4
1.4
1.4
1.4
1.4
1.4
1.4
1.4
1.4
1.4
1.4
1.4
1.4
1.4
1.4
1.4
1.4
1.4
1.4
1.4
1.4
1.4
1.40001
1.4
1.40001
1.4
1.4
1.4
1.4
1.4
1.4
1.4
1.4
1.4
1.4
1.4
1.4
1.4
1.4
1.4
1.4
1.4
1.4
1.4
1.4
1.4
1.4
1.4
1.4
1.40001
1.40001
1.4
1.4
1.4
1.4
1.4
1.4
1.4
1.4
1.4
1.4
1.4
1.4
1.4
1.4
1.4
1.4
1.4
1.4
1.4
1.4
1.4
1.4
1.4
1.4
1.4
1.4
1.4
1.4
1.4
1.4
1.4
1.4
1.40001
1.4
1.40001
1.40001
1.40003
1.40006
1.40002
1.4
1.4
1.4
1.4
1.4
1.4
1.40001
1.4
1.40001
1.40002
1.4
1.4
1.4
1.4
1.4
1.4
1.4
1.4
1.4
1.4
1.4
1.4
1.4
1.4
1.4
1.4
1.4
1.4
1.4
1.4
1.4
1.4
1.4
1.4
1.4
1.4
1.4
1.4
1.4
1.4
1.4
1.4
1.4
1.4
1.4
1.4
1.4
1.4
1.4
1.4
1.4
1.4
1.4
1.4
1.4
1.4
1.4
1.4
1.4
1.4
1.4
1.4
1.4
1.4
1.4
1.4
1.4
1.4
1.4
1.4
1.4
1.4
1.4
1.4
1.4
1.4
1.4
1.4
1.4
1.4
1.40001
1.4
1.4
1.4
1.40001
1.4
1.4
1.4
1.4
1.4
1.4
1.4
1.4
1.4
1.4
1.4
1.4
1.4
1.4
1.4
1.4
1.4
1.4
1.4
1.4
1.40001
1.40001
1.40003
1.40005
1.40002
1.40005
1.40002
1.40008
1.40011
1.40005
1.40008
1.40014
1.4
1.4
1.4
1.4
1.4
1.4
1.4
1.4
1.4
1.4
1.4
1.4
1.4
1.4
1.4
1.4
1.4
1.4
1.4
1.40001
1.40001
1.40001
1.40002
1.4
1.4
1.4
1.4
1.4
1.40002
1.40001
1.40001
1.40001
1.40001
1.40001
1.4
1.4
1.4
1.4
1.4
1.4
1.4
1.4
1.4
1.4
1.4
1.40001
1.40002
1.40001
1.40009
1.40004
1.40008
1.4
1.4
1.4
1.4
1.40001
1.40001
1.40001
1.40002
1.40001
1.4
1.40001
1.4
1.40001
1.40001
1.40002
1.4
1.40001
1.4
1.4
1.4
1.4
1.4
1.4
1.4
1.4
1.4
1.4
1.4
1.4
1.4
1.4
1.4
1.4
1.4
1.4
1.4
1.40006
1.40006
1.40002
1.40001
1.40023
1.40009
1.40003
1.40011
1.40003
1.40009
1.4
1.4
1.4
1.4
1.4
1.4
1.4
1.4
1.4
1.40001
1.40002
1.40001
1.40003
1.40002
1.4
1.4
1.4
1.4
1.4
1.4
1.4
1.4
1.4
1.4
1.4
1.4
1.4
1.4
1.4
1.4
1.4
1.4
1.40001
1.40001
1.40001
1.4001
1.40002
1.40004
1.40002
1.40008
1.40017
1.4
1.4
1.4
1.4
1.4
1.4
1.4
1.4
1.4
1.40003
1.40007
1.40003
1.40017
1.40005
1.40022
1.40011
1.4
1.4
1.4
1.4
1.4
1.4
1.4
1.4
1.4
1.4
1.4
1.4
1.4
1.4
1.4
1.4
1.4
1.4
1.4
1.4
1.4
1.4
1.4
1.40001
1.40007
1.40003
1.40005
1.40016
1.40016
1.40006
1.40005
1.4
1.4
1.4
1.4
1.4
1.4
1.4
1.4
1.4
1.4
1.4
1.4
1.4
1.4
1.4
1.4
1.4
1.4
1.4
1.4
1.4
1.4
1.4
1.4
1.4
1.4
1.4
1.4
1.4
1.4
1.4
1.4
1.40001
1.40001
1.4
1.40001
1.4
1.4
1.4
1.4
1.4
1.4
1.40001
1.40001
1.4
1.4
1.4
1.4
1.4
1.4
1.4
1.4
1.4
1.4
1.4
1.4
1.4
1.4
1.4
1.4
1.4
1.4
1.4
1.4
1.4
1.4
1.4
1.4
1.4
1.4
1.4
1.4
1.4
1.4
1.4
1.4
1.4
1.4
1.40002
1.4
1.4
1.40005
1.40001
1.40002
1.40001
1.40001
1.40002
1.40001
1.40003
1.40001
1.4
1.4
1.4
1.4
1.4
1.4
1.4
1.4
1.4
1.4
1.4
1.4
1.4
1.4
1.4
1.4
1.4
1.4
1.4
1.4
1.4
1.4
1.4
1.4
1.4
1.4
1.4
1.4
1.4
1.4
1.4
1.4
1.4
1.4
1.4
1.4
1.4
1.4
1.4
1.4
1.4
1.4
1.4
1.4
1.4
1.4
1.4
1.4
1.4
1.4
1.4
1.4
1.4
1.4
1.4
1.4
1.4
1.4
1.4
1.4
1.40001
1.4
1.4
1.4
1.4
1.4
1.4
1.4
1.4
1.4
1.4
1.4
1.4
1.40001
1.4
1.4
1.4
1.4
1.4
1.4
1.4
1.4
1.4
1.4
1.4
1.4
1.4
1.4
1.4
1.4
1.4
1.4
1.4
1.4
1.4
1.4
1.4
1.4
1.4
1.4
1.4
1.4
1.4
1.4
1.4
1.4
1.4
1.4
1.4
1.4
1.4
1.4
1.4
1.4
1.4
1.40002
1.40004
1.40003
1.40004
1.4
1.4
1.4
1.4
1.4
1.4
1.4
1.4
1.4
1.4
1.4
1.4
1.4
1.4
1.4
1.4
1.4
1.4
1.4
1.4
1.4
1.4
1.4
1.4
1.40001
1.40002
1.40006
1.40002
1.40006
1.40001
1.40002
1.4
1.4
1.4
1.4
1.4
1.4
1.4
1.4
1.4
1.4
1.4
1.40001
1.40001
1.40001
1.40001
1.40005
1.40003
1.4
1.4
1.4
1.4
1.4
1.4
1.4
1.4
1.4
1.4
1.4
1.40001
1.40001
1.40001
1.40001
1.40001
1.40001
1.40001
1.40002
1.40002
1.40002
1.40004
1.40005
1.40011
1.40012
1.40019
1.4001
1.40024
1.40034
1.4
1.4
1.4
1.4
1.4
1.4
1.4
1.4
1.4
1.4
1.4
1.4
1.4
1.40001
1.40002
1.40002
1.40001
1.40005
1.40003
1.4
1.4
1.4
1.4
1.4
1.4
1.4
1.4
1.4
1.4
1.4
1.4
1.4
1.4
1.4
1.4
1.4
1.4
1.4
1.40001
1.40001
1.40001
1.40001
1.4
1.4
1.4
1.4
1.4
1.4
1.4
1.4
1.4
1.4
1.4
1.4
1.4
1.4
1.40001
1.4
1.40001
1.4
1.4
1.4
1.4
1.4
1.4
1.40002
1.40004
1.40005
1.40004
1.40001
1.40001
1.40001
1.40004
1.4
1.4
1.4
1.4
1.4
1.4
1.4
1.4
1.4
1.4
1.4
1.4
1.4
1.4
1.4
1.4
1.4
1.4
1.4
1.4
1.4
1.4
1.4
1.4
1.4
1.4
1.4
1.4
1.4
1.4
1.4
1.4
1.4
1.4
1.4
1.4
1.4
1.4
1.4
1.4
1.4
1.4
1.4
1.40001
1.40001
1.40002
1.40001
1.40006
1.40006
1.40002
1.40003
1.40001
1.40001
1.40006
1.40004
1.40001
1.40005
1.40017
1.4
1.4
1.4
1.4
1.4
1.4
1.4
1.4
1.4
1.4
1.4
1.40001
1.4
1.40003
1.40001
1.40001
1.40002
1.4
1.4
1.4
1.4
1.4
1.4
1.4
1.4
1.4
1.4
1.4
1.4
1.4
1.4
1.4
1.4
1.4
1.40005
1.40006
1.40012
1.40007
1.40011
1.40006
1.4
1.40001
1.40001
1.40006
1.40004
1.40005
1.40004
1.4
1.4
1.4
1.4
1.4
1.4
1.4
1.4
1.4
1.4
1.4
1.4
1.4
1.4
1.4
1.4
1.4
1.4
1.4
1.4
1.4
1.4
1.4
1.4
1.4
1.4
1.4
1.4
1.40001
1.40001
1.40002
1.40002
1.40001
1.40002
1.4
1.4
1.4
1.4
1.4
1.4
1.4
1.4
1.4
1.4
1.4
1.4
1.4
1.4
1.4
1.4
1.4
1.4
1.4
1.4
1.4
1.4
1.4
1.4
1.4
1.4
1.4
1.4
1.40001
1.40002
1.40002
1.40003
1.40012
1.40015
1.40012
1.4001
1.40027
1.4002
1.40006
1.40011
1.40008
1.4001
1.40004
1.40008
1.40004
1.4
1.4
1.4
1.4
1.4
1.4
1.4
1.4
1.4
1.40001
1.4
1.40002
1.40001
1.40002
1.4
1.4
1.4
1.4
1.4
1.4
1.4
1.4
1.4
1.4
1.4
1.4
1.4
1.4
1.4
1.4
1.4
1.4
1.4
1.4
1.4
1.4
1.4
1.4
1.4
1.4
1.4
1.4
1.4
1.4
1.4
1.4
1.4
1.4
1.40001
1.40001
1.4
1.4
1.4
1.4
1.4
1.4
1.4
1.4
1.4
1.4
1.4
1.4
1.4
1.4
1.4
1.4
1.4
1.4
1.4
1.4
1.40001
1.4
1.4
1.40001
1.40002
1.40001
1.40004
1.40002
1.40003
1.4
1.4
1.4
1.4
1.4
1.4
1.4
1.4
1.4
1.4
1.4
1.4
1.4
1.4
1.4
1.4
1.4
1.4
1.4
1.4
1.4
1.4
1.4
1.4
1.4
1.4
1.4
1.4
1.4
1.4
1.4
1.4
1.4
1.4
1.4
1.4
1.4
1.4
1.4
1.4
1.4
1.4
1.4
1.4
1.4
1.4
1.40001
1.40002
1.40002
1.40003
1.40001
1.40013
1.40008
1.40005
1.40002
1.40001
1.40004
1.40003
1.40001
1.40002
1.40002
1.4
1.40001
1.40001
1.40001
1.40006
1.40013
1.40007
1.40006
1.40004
1.4
1.4
1.4
1.4
1.4
1.4
1.4
1.4
1.4
1.4
1.4
1.4
1.4
1.4
1.4
1.4
1.4
1.4
1.4
1.4
1.4
1.4
1.4
1.4
1.4
1.4
1.4
1.4
1.4
1.4
1.4
1.4
1.4
1.4
1.4
1.4
1.4
1.4
1.4
1.4
1.4
1.4
1.4
1.4
1.4
1.4
1.4
1.4
1.4
1.4
1.4
1.4
1.4
1.4
1.4
1.4
1.4
1.4
1.4
1.4
1.4
1.4
1.4
1.4
1.4
1.4
1.4
1.4
1.4
1.4
1.4
1.4
1.4
1.40001
1.40001
1.40001
1.40002
1.40002
1.40001
1.40001
1.40001
1.40027
1.40013
1.40019
1.40012
1.4012
1.40143
1.40058
1.40063
1.4
1.4
1.4
1.4
1.4
1.4
1.40001
1.40001
1.40001
1.40001
1.40001
1.4
1.4
1.4
1.4
1.40001
1.40003
1.40002
1.40003
1.40002
1.40001
1.40001
1.40005
1.40009
1.40004
1.40006
1.4
1.40001
1.4
1.4
1.40001
1.4
1.4
1.4
1.4
1.4
1.4
1.40029
1.40006
1.4002
1.40014
1.40012
1.40004
1.4
1.4
1.4
1.4
1.4
1.4
1.4
1.4
1.4
1.4
1.4
1.4
1.4
1.4
1.4
1.4
1.40002
1.40003
1.40008
1.40008
1.40004
1.40002
1.40003
1.4
1.4
1.4
1.4
1.4
1.4
1.40001
1.4
1.40006
1.40002
1.40001
1.4
1.4
1.4
1.4
1.4
1.4
1.4
1.4
1.4
1.4
1.40002
1.40001
1.4
1.40002
1.40001
1.40004
1.40002
1.4
1.4
1.4
1.4
1.4
1.4
1.40001
1.4
1.40002
1.40001
1.40002
1.40001
1.40004
1.40002
1.4
1.4
1.4
1.4
1.4
1.4
1.4
1.4
1.4
1.40001
1.40001
1.4001
1.40006
1.40005
1.40005
1.40003
1.40003
1.4
1.4
1.40001
1.40001
1.40002
1.4
1.4
1.4
1.4
1.4
1.4
1.4
1.4
1.4
1.4
1.4
1.4
1.4
1.4
1.4
1.4
1.4
1.4
1.40002
1.40005
1.40024
1.40015
1.40012
1.40009
1.40001
1.40002
1.40005
1.40003
1.40004
1.40004
1.40007
1.40012
1.40003
1.40002
1.40015
1.40004
1.40014
1.40005
1.40007
1.40032
1.40025
1.4003
1.40011
1.40012
1.4
1.4
1.4
1.4
1.4
1.4
1.4
1.4
1.4
1.4
1.4
1.4
1.4
1.4
1.4
1.4
1.4
1.4
1.4
1.4
1.4
1.4
1.4
1.4
1.40005
1.40003
1.40001
1.40001
1.4001
1.40003
1.40004
1.40007
1.40002
1.40002
1.40002
1.40011
1.40005
1.40008
1.40004
1.40037
1.4
1.4
1.4
1.4
1.4
1.4
1.4
1.4
1.4
1.4
1.4
1.4
1.40001
1.40001
1.4
1.40002
1.4
1.4
1.40001
1.40001
1.40001
1.40003
1.40002
1.40003
1.40005
1.40001
1.40004
1.40001
1.40002
1.40002
1.40001
1.4
1.4
1.4
1.4
1.4
1.4
1.4
1.4
1.4
1.4
1.4
1.4
1.4
1.4
1.40004
1.40003
1.40007
1.40003
1.40008
1.40003
1.4
1.4
1.4
1.4
1.4
1.4
1.4
1.4
1.4
1.4
1.4
1.4
1.4
1.4
1.4
1.4
1.4
1.4
1.40001
1.40001
1.40002
1.40002
1.40004
1.40002
1.40003
1.40003
1.40005
1.40001
1.40001
1.40002
1.40002
1.40003
1.4
1.4
1.4
1.4
1.4
1.40001
1.4
1.40002
1.40001
1.4
1.40001
1.40003
1.40003
1.40001
1.40003
1.40005
1.40001
1.40002
1.4
1.4
1.4
1.40024
1.40007
1.40016
1.4
1.4
1.4
1.4
1.4
1.4
1.40001
1.40003
1.40002
1.40007
1.40001
1.40003
1.40008
1.40009
1.40001
1.40001
1.40012
1.40007
1.40003
1.40005
1.40002
1.40004
1.40006
1.40004
1.40001
1.40029
1.40015
1.40005
1.40003
1.40008
1.40052
1.40032
1.40019
1.40016
1.4
1.40001
1.40001
1.4
1.40002
1.40018
1.40008
1.40027
1.40009
1.40021
1.40009
1.40011
1.40028
1.40028
1.40014
1.40009
1.4
1.4
1.4
1.4
1.4
1.40001
1.4
1.4
1.4
1.4
1.4
1.4
1.4
1.4
1.4
1.4
1.4
1.4
1.40001
1.40003
1.4
1.40001
1.40001
1.4
1.4
1.40005
1.40002
1.40002
1.40002
1.4
1.4
1.4
1.4
1.4
1.4
1.40001
1.40004
1.40004
1.40007
1.40003
1.40001
1.40005
1.40002
1.4
1.4
1.4
1.4
1.40001
1.4
1.4
1.40001
1.4
1.4
1.4
1.4
1.4
1.4
1.4
1.4
1.4
1.4
1.4
1.4
1.4
1.4
1.4
1.4
1.4
1.4
1.4
1.4
1.4
1.40001
1.40001
1.40001
1.4
1.4
1.4
1.4
1.4
1.4
1.4
1.4
1.4
1.40003
1.40007
1.40006
1.40004
1.40005
1.40002
1.40008
1.40001
1.40004
1.40002
1.40001
1.40001
1.40001
1.40005
1.40006
1.40002
1.40004
1.40006
1.40002
1.40003
1.4
1.4
1.4
1.4
1.4
1.40001
1.40001
1.4
1.40001
1.4
1.4
1.40002
1.40004
1.40004
1.40004
1.40001
1.40003
1.40002
1.40004
1.40011
1.40008
1.40034
1.4
1.4
1.4
1.4
1.4
1.4
1.4
1.40001
1.4
1.4
1.40001
1.4
1.40001
1.40004
1.40001
1.40001
1.40004
1.40007
1.40002
1.40005
1.40006
1.4
1.4
1.4
1.4
1.4
1.4
1.4
1.4
1.4
1.4
1.40001
1.40001
1.40002
1.40001
1.40001
1.40002
1.40002
1.4
1.4
1.4
1.40001
1.40001
1.4
1.4
1.4
1.4
1.4
1.4
1.4
1.4
1.40001
1.4
1.40001
1.40003
1.40015
1.40053
1.40031
1.4001
1.4
1.4
1.4
1.4
1.4
1.4
1.4
1.4
1.4
1.4
1.4
1.4
1.4
1.4
1.4
1.4
1.40004
1.40007
1.40003
1.40004
1.40008
1.40038
1.40025
1.40032
1.40024
1.40019
1.4
1.40001
1.40001
1.40003
1.40004
1.40004
1.40017
1.40027
1.40018
1.40031
1.40035
1.4
1.4
1.40001
1.40003
1.40001
1.40004
1.40001
1.4
1.4
1.4
1.4
1.4
1.4
1.4
1.4
1.4
1.4
1.4
1.4
1.4
1.4
1.4
1.4
1.40001
1.4
1.4
1.4
1.40001
1.4
1.4
1.4
1.4
1.4
1.4
1.4
1.40009
1.40008
1.40017
1.40007
1.40007
1.40004
1.40025
1.40016
1.4
1.4
1.4
1.40002
1.40002
1.40005
1.40008
1.40004
1.40002
1.4
1.4
1.4
1.4
1.4
1.40006
1.40009
1.40014
1.40023
1.40024
1.40033
1.40072
1.40059
1.40022
1.40021
1.40011
1.4
1.40001
1.40001
1.4
1.40001
1.40004
1.40007
1.40006
1.40007
1.40006
1.40003
1.40026
1.40014
1.40082
1.40034
1.40046
1.40038
1.40024
1.4
1.4
1.4
1.4
1.40001
1.4
1.40002
1.40001
1.40003
1.40002
1.40003
1.40015
1.40005
1.40007
1.40002
1.4
1.4
1.4
1.4
1.4
1.4
1.4
1.40018
1.40005
1.40006
1.40043
1.40017
1.40047
1.40011
1.4006
1.40022
1.40011
1.4
1.4
1.4
1.4
1.4
1.40001
1.4
1.40001
1.4
1.4
1.40001
1.40001
1.4
1.4
1.4
1.4
1.4
1.4
1.4
1.40002
1.40001
1.40001
1.40001
1.40002
1.40001
1.4
1.4
1.4
1.4
1.4
1.40001
1.4
1.4
1.4
1.4
1.4
1.4
1.4
1.4
1.4
1.4
1.4
1.4
1.4
1.4
1.40001
1.40002
1.4
1.40001
1.4
1.4
1.4
1.4
1.4
1.4
1.40001
1.4
1.4
1.4
1.4
1.4
1.40005
1.40003
1.40041
1.40034
1.40039
1.40044
1.40014
1.40035
1.40009
1.40012
1.4
1.4
1.4
1.4
1.4
1.4
1.40001
1.4
1.40001
1.4
1.4
1.40001
1.40005
1.40004
1.40015
1.40011
1.40046
1.4006
1.40063
1.4011
1.40097
1.40006
1.4001
1.40012
1.40008
1.40006
1.4
1.4
1.4
1.4
1.4
1.4
1.4
1.4
1.40001
1.4
1.4
1.4
1.4
1.4
1.4
1.40001
1.40001
1.4
1.4
1.40001
1.40002
1.4
1.40002
1.40001
1.4
1.4
1.4
1.4
1.40002
1.40002
1.40002
1.40001
1.40001
1.4
1.40001
1.4
1.4
1.4
1.4
1.4
1.40001
1.40001
1.4
1.4
1.4
1.4
1.4
1.4
1.4
1.4
1.4
1.4
1.4
1.4
1.4
1.4
1.40001
1.4
1.40003
1.40004
1.40003
1.40002
1.40001
1.40001
1.4
1.4
1.4
1.4
1.4
1.40001
1.40001
1.4
1.4
1.4
1.4
1.4
1.4
1.4
1.4
1.40003
1.40001
1.4
1.40001
1.4
1.4
1.40001
1.40004
1.40002
1.40001
1.40003
1.4
1.4
1.40001
1.40002
1.4
1.40001
1.4
1.40001
1.4
1.4
1.4
1.4
1.40001
1.4
1.40001
1.4
1.40001
1.4
1.40001
1.4
1.4
1.40001
1.40001
1.40003
1.40009
1.40002
1.40006
1.40005
1.4001
1.40023
1.40014
1.40015
1.4001
1.4
1.4
1.4
1.4
1.4
1.4
1.4
1.4
1.4
1.4
1.4
1.4
1.40001
1.40001
1.40001
1.40003
1.40002
1.40001
1.40002
1.4
1.4
1.4
1.4
1.4
1.4
1.40001
1.40001
1.40001
1.40005
1.40001
1.40002
1.40002
1.40003
1.4001
1.40006
1.40005
1.40003
1.4
1.4
1.4
1.4
1.4
1.4
1.4
1.40031
1.4003
1.4004
1.40006
1.4001
1.40006
1.40012
1.40039
1.4
1.4
1.4
1.40001
1.40001
1.4
1.40001
1.4
1.4
1.4
1.4
1.40001
1.40001
1.40005
1.40005
1.40002
1.40004
1.40006
1.40002
1.40003
1.40002
1.4
1.40001
1.40001
1.40001
1.4
1.4
1.4
1.4
1.4
1.4
1.4
1.40001
1.40002
1.40001
1.40001
1.40001
1.4
1.4
1.4
1.4
1.4
1.4
1.4
1.4
1.4
1.4
1.4
1.4
1.4
1.4
1.40001
1.4
1.40003
1.40002
1.40002
1.40001
1.40002
1.40001
1.40001
1.40003
1.40016
1.4001
1.40011
1.40005
1.40006
1.40004
1.40055
1.4002
1.4
1.4
1.4
1.40001
1.4
1.4
1.4
1.4
1.4
1.40002
1.40004
1.40002
1.40001
1.40014
1.40007
1.40006
1.40004
1.40001
1.4
1.40001
1.4
1.4
1.40002
1.40001
1.4
1.40006
1.4
1.40002
1.40002
1.40001
1.40012
1.40016
1.40012
1.40018
1.4
1.4
1.4
1.4
1.4
1.40001
1.4
1.40001
1.4
1.4
1.4
1.40002
1.4
1.40003
1.40005
1.40003
1.40003
1.40002
1.40019
1.4001
1.40028
1.40115
1.40078
1.4005
1.40033
1.40083
1.40001
1.40004
1.40012
1.40003
1.4002
1.40055
1.40006
1.40029
1.40008
1.40011
1.40013
1.40016
1.40048
1.40044
1.40031
1.4
1.4
1.4
1.4
1.40001
1.40002
1.4
1.40001
1.4
1.4
1.4
1.4
1.4
1.4
1.40001
1.40001
1.4
1.40001
1.40001
1.40001
1.40005
1.40004
1.40007
1.40019
1.40006
1.40018
1.40004
1.40005
1.40077
1.40176
1.40048
1.40196
1.4006
1.40034
1.40088
1.4
1.40001
1.40003
1.40001
1.40003
1.40007
1.40001
1.4
1.40001
1.4
1.4
1.40001
1.40004
1.40002
1.40041
1.40021
1.4004
1.40023
1.40009
1.40006
1.4
1.4
1.4
1.40002
1.40001
1.40004
1.40003
1.40009
1.40002
1.40005
1.40001
1.40003
1.40004
1.40002
1.40011
1.40006
1.40004
1.40013
1.4
1.4
1.40001
1.4
1.40001
1.4
1.40003
1.4
1.40001
1.4
1.40001
1.40001
1.40003
1.40003
1.4
1.4
1.4
1.4
1.4
1.40001
1.40002
1.40001
1.4
1.4
1.40013
1.40009
1.40007
1.40005
1.4
1.4
1.4
1.4
1.4
1.4
1.4
1.40001
1.40001
1.4
1.4
1.4
1.4
1.4
1.4
1.4
1.40001
1.4
1.4
1.4
1.4
1.4
1.4
1.4
1.4
1.4
1.40001
1.40002
1.40001
1.4
1.4
1.4
1.4
1.4
1.4
1.40001
1.40004
1.40002
1.40001
1.40001
1.4
1.4
1.4
1.4
1.4
1.40001
1.40001
1.40003
1.40002
1.40001
1.40001
1.4
1.4
1.4
1.4
1.4
1.40001
1.40002
1.40004
1.40003
1.40003
1.40002
1.4
1.4
1.4
1.4
1.4
1.4
1.4
1.4
1.4
1.4
1.4
1.4
1.4
1.4
1.4
1.4
1.40001
1.40001
1.4
1.4
1.4
1.40001
1.4
1.40001
1.40001
1.40001
1.40004
1.40005
1.40002
1.40011
1.40011
1.40009
1.40006
1.40009
1.40012
1.40001
1.4
1.4
1.4
1.4
1.4
1.40001
1.40003
1.40001
1.4
1.4
1.40001
1.4
1.40001
1.40009
1.40009
1.40009
1.40016
1.40022
1.40001
1.40002
1.40002
1.40018
1.40016
1.40011
1.40011
1.40007
1.40008
1.40018
1.4001
1.40003
1.40002
1.4004
1.40012
1.40014
1.40007
1.40001
1.40002
1.40002
1.40006
1.40008
1.40004
1.40006
1.40008
1.4
1.4
1.4
1.4
1.4
1.4
1.4
1.40001
1.40001
1.40001
1.40001
1.4
1.4
1.4
1.4
1.40001
1.4
1.4
1.40002
1.40004
1.40001
1.40002
1.4
1.40001
1.4
1.4
1.40002
1.40001
1.40001
1.40005
1.40008
1.40004
1.40006
1.40005
1.4
1.40001
1.40001
1.4
1.40002
1.40002
1.40004
1.4001
1.40006
1.40002
1.40005
1.40002
1.4
1.4
1.4
1.4
1.4
1.4
1.4
1.4
1.4
1.4
1.4
1.4
1.4
1.40001
1.40002
1.40001
1.4
1.4
1.4
1.4
1.4
1.4
1.4
1.40001
1.40001
1.40001
1.40001
1.40001
1.4
1.40001
1.40001
1.4
1.40001
1.4001
1.40006
1.40028
1.40004
1.40021
1.40005
1.4
1.4
1.4
1.4
1.40001
1.4
1.4
1.40001
1.4
1.4
1.40002
1.4
1.40001
1.40001
1.40007
1.40004
1.40009
1.40004
1.40004
1.4
1.4
1.4
1.4
1.4
1.40001
1.40001
1.4
1.40001
1.4
1.4
1.4
1.4
1.4
1.40001
1.40001
1.40001
1.4
1.4
1.4
1.4
1.4
1.4
1.4
1.4
1.40001
1.40002
1.40002
1.40001
1.4
1.4
1.40003
1.40002
1.40003
1.40003
1.4
1.4
1.4
1.4
1.40002
1.40002
1.40001
1.4
1.4
1.4
1.4
1.40001
1.4
1.40002
1.40003
1.40005
1.40001
1.40001
1.40003
1.40004
1.40017
1.40021
1.40006
1.40009
1.40004
1.4
1.40001
1.4
1.40002
1.40001
1.40003
1.40004
1.40006
1.40014
1.40004
1.40021
1.40007
1.4
1.4
1.4
1.40001
1.40001
1.4
1.40001
1.40003
1.40001
1.40001
1.40004
1.40006
1.40005
1.40002
1.40002
1.40042
1.40077
1.40053
1.40094
1.40053
1.4
1.4
1.40001
1.40001
1.40001
1.40001
1.40001
1.4
1.4
1.4
1.4
1.4
1.4
1.4
1.4
1.4
1.4
1.4
1.4
1.40001
1.40001
1.4
1.4
1.40001
1.40002
1.40003
1.40002
1.40003
1.40002
1.40001
1.40001
1.40002
1.40005
1.40005
1.40008
1.40002
1.40003
1.40009
1.40001
1.4
1.4
1.4
1.4
1.40001
1.4
1.40001
1.40001
1.4
1.40001
1.4
1.4
1.4
1.4
1.4
1.4
1.4
1.4
1.4
1.4
1.4
1.4
1.4
1.4
1.4
1.4
1.4
1.40001
1.40001
1.40004
1.40003
1.4
1.4
1.40001
1.40001
1.40002
1.40002
1.40001
1.40002
1.40002
1.40003
1.40004
1.40015
1.4003
1.40009
1.4002
1.40011
1.40011
1.4
1.4
1.4
1.4
1.4
1.4
1.40001
1.40001
1.40001
1.40001
1.40003
1.40001
1.40003
1.4
1.4
1.4
1.40001
1.40001
1.40001
1.40005
1.40006
1.4001
1.40004
1.40007
1.4
1.4
1.4
1.4
1.4
1.4
1.40001
1.40002
1.40002
1.4
1.40001
1.4001
1.40002
1.40005
1.40008
1.40016
1.4001
1.40006
1.40005
1.40029
1.40032
1.40049
1.40065
1.4
1.4
1.4
1.4
1.40001
1.4
1.4
1.4
1.4
1.4
1.40001
1.40002
1.40001
1.4
1.40004
1.40002
1.40001
1.4
1.4
1.4
1.4
1.4
1.4
1.40001
1.4
1.40001
1.4
1.40001
1.4
1.4
1.40002
1.40001
1.40001
1.40006
1.40003
1.40003
1.40008
1.40015
1.4
1.40001
1.4
1.4
1.4
1.4
1.4
1.40001
1.40001
1.40002
1.40001
1.40001
1.40005
1.40014
1.4001
1.40011
1.40038
1.40016
1.40032
1.40016
1.4
1.40001
1.4
1.40002
1.4
1.4
1.4
1.40004
1.40005
1.40002
1.40001
1.40001
1.40001
1.40001
1.40002
1.40008
1.40003
1.40016
1.40004
1.40006
1.40002
1.40003
1.4001
1.40016
1.40009
1.40007
1.4
1.40001
1.4
1.40001
1.4
1.40001
1.4
1.4
1.40001
1.40001
1.40001
1.40001
1.40001
1.40011
1.40011
1.40029
1.40051
1.40041
1.40047
1.40037
1.4
1.4
1.4
1.4
1.4
1.40001
1.40001
1.40001
1.40003
1.40001
1.40002
1.4
1.4
1.40001
1.40001
1.40001
1.40001
1.40001
1.4
1.4
1.40001
1.40003
1.40002
1.40003
1.40001
1.40011
1.40001
1.40004
1.40008
1.40017
1.40021
1.40031
1.40001
1.4
1.40001
1.4
1.4
1.4
1.4002
1.40013
1.40009
1.40013
1.40041
1.40009
1.40027
1.4
1.4
1.4
1.4
1.40002
1.4
1.4
1.40001
1.40002
1.40002
1.40002
1.40002
1.4
1.4
1.4
1.40002
1.40001
1.40001
1.40001
1.40001
1.40001
1.40038
1.4003
1.40008
1.40014
1.40031
1.40001
1.4
1.40001
1.40004
1.40005
1.40008
1.40004
1.40003
1.40006
1.40003
1.4
1.4
1.40001
1.40001
1.40001
1.40001
1.40001
1.4
1.4
1.4
1.4
1.4
1.4
1.40001
1.4
1.4
1.40001
1.40001
1.4
1.4
1.4
1.4
1.4
1.4
1.40002
1.40005
1.40003
1.40001
1.40005
1.40001
1.40006
1.40003
1.40006
1.40014
1.40012
1.4
1.40001
1.40001
1.4
1.40001
1.40007
1.40005
1.40003
1.40002
1.40007
1.40001
1.40004
1.40003
1.40004
1.4
1.4
1.4
1.4
1.40001
1.40041
1.40032
1.40061
1.40024
1.40009
1.4
1.4
1.40001
1.40001
1.40001
1.40001
1.4
1.4
1.40002
1.4
1.4
1.40001
1.40002
1.40001
1.4
1.4
1.4
1.4
1.4
1.4
1.40001
1.40002
1.40001
1.40001
1.4
1.4
1.4
1.4
1.4
1.40001
1.40001
1.4
1.4
1.4
1.40005
1.40007
1.4001
1.40009
1.40014
1.40026
1.40001
1.40001
1.40012
1.40018
1.40005
1.40006
1.40007
1.40009
1.40001
1.40001
1.40004
1.40006
1.4001
1.40006
1.40005
1.40005
1.4
1.4
1.4
1.40001
1.40001
1.4
1.40001
1.4
1.40001
1.40003
1.40004
1.40002
1.40011
1.40011
1.40006
1.40005
1.4
1.4
1.4
1.4
1.4
1.4
1.4
1.40001
1.4
1.4
1.4
1.4
1.40003
1.40003
1.40003
1.40004
1.4
1.4
1.40001
1.4
1.4
1.4
1.4
1.4
1.4
1.40001
1.4
1.40001
1.4
1.4
1.4
1.40001
1.4
1.4
1.4
1.40001
1.4
1.4
1.4
1.4
1.4
1.4
1.40003
1.40004
1.40001
1.40001
1.4
1.4
1.4
1.4
1.4
1.4
1.4
1.4
1.4
1.40001
1.40001
1.40001
1.40001
1.4
1.40026
1.40037
1.4002
1.40008
1.40007
1.40023
1.40012
1.40004
1.40003
1.40004
1.40008
1.40005
1.40007
1.4
1.40001
1.4
1.4
1.40002
1.40001
1.40001
1.40001
1.40001
1.4
1.4
1.4
1.40001
1.40001
1.40001
1.40001
1.40001
1.40001
1.40003
1.40003
1.40004
1.40006
1.40015
1.40008
1.40005
1.40001
1.40008
1.40002
1.4005
1.40031
1.40011
1.40008
1.40055
1.40029
1.40006
1.40004
1.40006
1.40015
1.40011
1.40007
1.4
1.4
1.4
1.4
1.40001
1.40001
1.4
1.40001
1.40001
1.40002
1.40001
1.40001
1.40005
1.40007
1.40005
1.40003
1.40002
1.40001
1.40003
1.40003
1.40001
1.40001
1.4
1.4
1.4
1.40001
1.4
1.40002
1.40004
1.40001
1.40002
1.4
1.40001
1.4
1.4
1.40002
1.40003
1.40002
1.40022
1.40045
1.40081
1.40034
1.40046
1.40061
1.4
1.4
1.4
1.40001
1.4
1.40012
1.4004
1.40058
1.40022
1.40051
1.40014
1.40013
1.4
1.4
1.4
1.40001
1.40001
1.4
1.4
1.4
1.40001
1.40003
1.40005
1.40002
1.40004
1.40004
1.40001
1.40001
1.40001
1.40001
1.4
1.4
1.40001
1.40001
1.40001
1.40001
1.40001
1.40001
1.40001
1.40001
1.4
1.4
1.40001
1.40001
1.40001
1.40001
1.4
1.4
1.40001
1.4
1.4
1.4
1.40001
1.40002
1.4
1.4
1.4
1.4
1.40001
1.4
1.4
1.4
1.4
1.40006
1.40016
1.4003
1.40017
1.40009
1.40006
1.40011
1.4
1.4
1.4
1.4
1.4
1.4
1.40001
1.40002
1.40006
1.40004
1.40013
1.40013
1.4001
1.40006
1.40028
1.40039
1.40044
1.40025
1.40023
1.4
1.4
1.40001
1.40001
1.40001
1.4
1.4
1.4001
1.40003
1.40003
1.40005
1.4002
1.40022
1.40023
1.40048
1.40054
1.4
1.40003
1.40003
1.40003
1.40003
1.40004
1.40015
1.40018
1.40016
1.40006
1.4001
1.40007
1.40001
1.4
1.4
1.40001
1.40001
1.4
1.4
1.40001
1.4
1.40005
1.40008
1.40019
1.40038
1.40014
1.40047
1.40058
1.40079
1.40056
1.4
1.4
1.4
1.4
1.4
1.4
1.4
1.4
1.4
1.40001
1.4
1.4
1.4
1.4
1.4
1.4
1.4
1.40071
1.40378
1.40183
1.4
1.4
1.4
1.40001
1.40001
1.40001
1.40001
1.40001
1.40001
1.40003
1.40004
1.40003
1.40008
1.40005
1.40012
1.40009
1.40003
1.40004
1.4
1.4
1.40001
1.40002
1.4
1.4
1.4
1.40001
1.40002
1.4
1.40001
1.40001
1.4
1.4
1.4
1.4
1.40001
1.40001
1.40002
1.40001
1.40001
1.4
1.4
1.4
1.40001
1.40001
1.40002
1.40002
1.40002
1.40001
1.40001
1.40002
1.40003
1.4
1.40002
1.4
1.40008
1.40016
1.40011
1.40007
1.40003
1.40008
1.40011
1.4
1.4
1.4
1.4
1.40001
1.40001
1.4
1.40001
1.40001
1.40001
1.4
1.4
1.4
1.4
1.4
1.4
1.40001
1.40001
1.40001
1.40001
1.40001
1.40001
1.4
1.40001
1.4
1.40001
1.40009
1.40003
1.40004
1.40006
1.40011
1.40007
1.40012
1.40009
1.40004
1.40006
1.40006
1.40013
1.40012
1.40008
1.4
1.4
1.4
1.40001
1.40001
1.4
1.40001
1.40001
1.4
1.40001
1.40001
1.4
1.40002
1.40002
1.4
1.40003
1.40008
1.40004
1.40006
1.40032
1.40025
1.40047
1.40031
1.40001
1.4
1.4
1.4
1.40002
1.40003
1.40001
1.40008
1.40004
1.4
1.4
1.40001
1.4
1.4
1.4
1.40004
1.40002
1.40003
1.40008
1.40025
1.40011
1.40009
1.40024
1.40001
1.4
1.4
1.40001
1.40001
1.4
1.4
1.4
1.40001
1.40001
1.4
1.4
1.40001
1.40001
1.40013
1.40035
1.40007
1.40009
1.40039
1.40015
1.40094
1.40039
1.40002
1.40009
1.40004
1.40011
1.40005
1.40001
1.40004
1.40005
1.40008
1.40003
1.40003
1.40002
1.40001
1.40001
1.40001
1.4
1.40001
1.40001
1.4
1.40001
1.40002
1.40001
1.40001
1.40005
1.40001
1.40002
1.40011
1.4
1.4
1.4
1.40001
1.4
1.4
1.4
1.40001
1.40001
1.40001
1.40001
1.40001
1.4
1.4
1.4
1.40001
1.40001
1.4
1.4
1.40006
1.40006
1.40008
1.40002
1.40002
1.40003
1.40004
1.40009
1.40007
1.40001
1.40002
1.40001
1.4
1.4
1.4
1.40001
1.4
1.4
1.40001
1.40001
1.40022
1.4005
1.40017
1.40041
1.40046
1.40138
1.40001
1.4
1.4
1.40001
1.40002
1.40001
1.40001
1.40002
1.4
1.4
1.40001
1.4003
1.40058
1.40017
1.4002
1.40013
1.40056
1.40033
1.4001
1.40007
1.40032
1.40013
1.4
1.4
1.4
1.40002
1.40002
1.40005
1.40003
1.40008
1.40004
1.40001
1.4
1.40001
1.4
1.4
1.40001
1.4
1.40001
1.40001
1.4
1.40001
1.4
1.4
1.4
1.4
1.40001
1.40001
1.40001
1.40001
1.40001
1.40001
1.40001
1.40001
1.40001
1.4
1.4
1.4
1.4
1.4
1.4
1.4
1.4
1.4
1.40001
1.40001
1.40001
1.40003
1.40002
1.40001
1.40001
1.40001
1.40001
1.40001
1.40001
1.40001
1.4
1.40001
1.40004
1.40002
1.40005
1.4
1.4
1.40001
1.40001
1.40003
1.40002
1.40005
1.40009
1.40011
1.4
1.4
1.4
1.4
1.4
1.4
1.40001
1.40001
1.40001
1.40001
1.40001
1.40002
1.40004
1.40003
1.40003
1.4
1.40006
1.40004
1.40005
1.40007
1.40008
1.40002
1.40002
1.40016
1.40052
1.40012
1.40009
1.40023
1.40067
1.40011
1.40014
1.40048
1.40021
1.40009
1.40007
1.40021
1.40012
1.40041
1.40045
1.40041
1.4004
1.40018
1.4
1.4
1.4
1.4
1.4
1.4
1.40013
1.40043
1.40037
1.40022
1.40038
1.40013
1.40014
1.40009
1.40005
1.40016
1.40011
1.4
1.4
1.4
1.4
1.4
1.40006
1.40003
1.40004
1.40003
1.40003
1.40001
1.40001
1.4
1.4
1.40001
1.4
1.4
1.40001
1.40001
1.40001
1.40001
1.40001
1.40001
1.40001
1.40001
1.4
1.40001
1.40001
1.40001
1.40001
1.40001
1.4
1.4
1.4
1.40001
1.40001
1.40001
1.40001
1.40001
1.40002
1.40002
1.40003
1.40003
1.40003
1.40009
1.40061
1.40056
1.40025
1.40036
1.40002
1.40049
1.40011
1.40007
1.40022
1.40058
1.4014
1.40028
1.4008
1.40036
1.4
1.40002
1.4
1.40001
1.40002
1.40001
1.4
1.4
1.40004
1.40006
1.40001
1.40001
1.4
1.40001
1.40001
1.4
1.40001
1.4
1.4
1.40052
1.40028
1.40038
1.40044
1.4003
1.40003
1.40002
1.40002
1.40003
1.40006
1.40001
1.40007
1.40002
1.40009
1.40012
1.40005
1.40008
1.40011
1.40012
1.40022
1.40013
1.4001
1.40017
1.40001
1.40001
1.40001
1.40001
1.40001
1.4
1.40004
1.40004
1.40003
1.40004
1.40001
1.40001
1.40001
1.40001
1.4
1.40001
1.40002
1.4
1.4
1.40001
1.40001
1.4
1.40001
1.40001
1.40004
1.40007
1.40006
1.40014
1.40011
1.40007
1.40019
1.40006
1.40019
1.40001
1.4
1.40001
1.40002
1.40096
1.40007
1.4007
1.40268
1.40035
1.4025
1.40073
1.40019
1.402
1.40056
1.40201
1.4003
1.40074
1.40003
1.40055
1.40012
1.40028
1.40015
1.40098
1.40014
1.40039
1.40018
1.4001
1.40027
1.40011
1.40009
1.40011
1.40037
1.40024
1.40032
1.40047
1.40132
1.40087
1.40028
1.40065
1.4
1.4
1.40001
1.40001
1.40002
1.40001
1.4
1.40001
1.40004
1.40003
1.4
1.40002
1.4
1.40003
1.40004
1.40013
1.40007
1.40021
1.40003
1.40015
1.40004
1.40008
1.4003
1.40019
1.40062
1.40017
1.40016
1.40022
1.40001
1.40002
1.4
1.4
1.40001
1.40001
1.4
1.4
1.4
1.4
1.4
1.4
1.4
1.4
1.40006
1.40002
1.40001
1.40007
1.4
1.40006
1.40001
1.40026
1.40069
1.40015
1.40026
1.4
1.4
1.4
1.4
1.4
1.4
1.4
1.4
1.4
1.4
1.4
1.4
1.4
1.4
1.4
1.4
1.40001
1.40001
1.40001
1.40001
1.40002
1.40001
1.40023
1.40049
1.40016
1.40026
1.40166
1.40172
1.40074
1.40122
1.40001
1.40005
1.40005
1.40004
1.40002
1.40026
1.40055
1.40016
1.40023
1.40039
1.40045
1.40007
1.40011
1.4003
1.40032
1.40003
1.40002
1.40004
1.40003
1.40004
1.40007
1.40001
1.40001
1.40005
1.40067
1.40022
1.40015
1.40048
1.40071
1.40094
1.40106
1.40002
1.40001
1.40005
1.40006
1.40007
1.40015
1.40002
1.40002
1.40002
1.40003
1.40002
1.40003
1.40009
1.40021
1.40008
1.4001
1.40004
1.40075
1.40017
1.40048
1.4
1.4
1.40001
1.4
1.40001
1.40001
1.40001
1.40001
1.40003
1.40003
1.40003
1.40001
1.40001
1.40002
1.40002
1.4
1.4
1.40008
1.40017
1.40032
1.40031
1.4003
1.40038
1.40001
1.40002
1.40006
1.40006
1.40007
1.40015
1.40001
1.40001
1.40005
1.40007
1.40004
1.40004
1.40011
1.40004
1.40008
1.4002
1.40008
1.40008
1.40025
1.40021
1.4001
1.40011
1.40026
1.40075
1.40027
1.40283
1.40169
1.40073
1.40045
1.40033
1.4
1.4
1.4
1.4
1.4
1.4
1.40005
1.40019
1.40012
1.40018
1.40013
1.4007
1.40072
1.40035
1.40035
1.40018
1.40001
1.40001
1.40002
1.40001
1.40001
1.40072
1.40067
1.40026
1.40025
1.40001
1.4
1.40001
1.40001
1.40001
1.4
1.4
1.4
1.40004
1.40008
1.40009
1.40006
1.40007
1.40062
1.40027
1.40027
1.40013
1.40051
1.40046
1.40027
1.40021
1.40179
1.40085
1.40298
1.40269
1.40083
1.40007
1.40009
1.40003
1.40003
1.40005
1.40002
1.40028
1.40018
1.40024
1.40049
1.40316
1.40146
1.40196
1.40117
1.40012
1.40005
1.40017
1.40005
1.40014
1.40017
1.40009
1.40084
1.4004
1.40102
1.40585
1.4119
1.40386
1.40575
1.40021
1.40008
1.40035
1.40009
1.40044
1.401
1.40038
1.40006
1.40016
1.40005
1.4004
1.40017
1.40022
1.40005
1.40008
1.4
1.4
1.4
1.4
1.40001
1.4
1.4
1.4
1.40003
1.40002
1.40001
1.40002
1.40002
1.40012
1.40015
1.40015
1.40035
1.40052
1.40032
1.40001
1.40001
1.40007
1.40008
1.40002
1.40005
1.40006
1.40011
1.40004
1.40051
1.40012
1.40008
1.40001
1.4002
1.40008
1.40008
1.40005
1.40006
1.40019
1.40035
1.40026
1.40011
1.40001
1.40014
1.40005
1.40009
1.40028
1.40009
1.40022
1.40007
1.40112
1.40092
1.40021
1.40032
1.40016
1.40026
1.40088
1.40014
1.4005
1.40003
1.40058
1.40069
1.40019
1.40026
1.40001
1.40005
1.40005
1.40007
1.40003
1.40011
1.4001
1.40033
1.40053
1.40024
1.40023
1.40018
1.40008
1.40032
1.40044
1.4004
1.40023
1.40019
1.40025
1.40033
1.40023
1.40113
1.40035
1.40064
1.40136
1.4001
1.40118
1.40042
1.40019
1.40032
1.40163
1.40088
1.40037
1.40047
1.40028
1.40022
1.40081
1.40085
1.40052
1.40077
1.40131
1.40063
1.4009
1.40054
1.40006
1.4001
1.40008
1.40028
1.40115
1.40032
1.40011
1.40117
1.4003
1.40037
1.40014
1.40006
1.40005
1.40008
1.40022
1.40011
1.40011
1.40018
1.40022
1.4003
1.40022
1.40047
1.40088
1.40083
1.4013
1.40273
1.40225
1.4005
1.40058
1.4009
1.40095
1.40063
1.40071
1.4
1.4
1.4
1.4
1.4
1.4
1.4
1.4
1.4
1.4
1.4
1.40026
1.40007
1.40023
1.40023
1.40023
1.40009
1.40178
1.40229
1.4019
1.40089
1.4008
1.4
1.40001
1.40003
1.40002
1.40009
1.40019
1.40006
1.40005
1.40005
1.4004
1.40029
1.40032
1.40042
1.40106
1.40028
1.40067
1.40363
1.40307
1.40067
1.40005
1.40005
1.40012
1.40028
1.40014
1.40143
1.40032
1.40063
1.40038
1.40316
1.40342
1.40093
1.40125
1.40054
1.40056
1.40049
1.40103
1.40044
1.40045
1.40091
1.40014
1.4002
1.40027
1.40045
1.40024
1.40014
1.4001
1.40062
1.4003
1.40013
1.40053
1.40052
1.40021
1.40025
1.4009
1.40078
1.40007
1.40041
1.4003
1.40021
1.40024
1.40024
1.40038
1.40069
1.40102
1.40028
1.40042
1.4002
1.40141
1.40315
1.40078
1.40366
1.40145
1.40037
1.40395
1.40181
1.40132
1.40252
1.40006
1.40004
1.40006
1.40004
1.40025
1.40009
1.40093
1.40036
1.40022
1.40011
1.40003
1.40002
1.40003
1.40005
1.40009
1.40006
1.40047
1.40033
1.40041
1.40024
1.40019
1.40075
1.40029
1.40015
1.40006
1.40029
1.40038
1.40012
1.40029
1.40014
1.40023
1.40005
1.40005
1.40007
1.40019
1.40005
1.40019
1.4008
1.40155
1.40015
1.40033
1.40042
1.40005
1.40004
1.40005
1.40006
1.40006
1.40023
1.40015
1.40019
1.40018
1.40113
1.40069
1.4003
1.40025
1.40003
1.40005
1.40017
1.40019
1.40004
1.40005
1.40005
1.40065
1.40012
1.40055
1.40008
1.40014
1.4007
1.40014
1.40027
1.40007
1.40008
1.40031
1.40006
1.40006
1.40164
1.40137
1.4003
1.40001
1.4
1.4
1.40005
1.40002
1.40005
1.40005
1.40014
1.40004
1.40024
1.4001
1.40004
1.40005
1.40065
1.40013
1.40076
1.40022
1.4001
1.40118
1.40038
1.40008
1.40007
1.40038
1.40031
1.40019
1.40022
1.40063
1.40169
1.40127
1.40214
1.40174
1.40048
1.40032
1.40034
1.40052
1.4025
1.4023
1.40143
1.40064
1.40089
1.40184
1.40006
1.40011
1.40035
1.40053
1.40049
1.40214
1.40033
1.40011
1.40018
1.4009
1.40034
1.40021
1.40021
1.40095
1.40198
1.40096
1.40049
1.40082
1.40002
1.40004
1.40002
1.40001
1.40006
1.40022
1.4005
1.4003
1.40052
1.40077
1.40005
1.40006
1.40004
1.40041
1.40036
1.40114
1.40023
1.40027
1.40001
1.40005
1.40001
1.40002
1.4
1.4
1.4
1.4
1.4
1.4
1.40003
1.40001
1.4001
1.40024
1.40027
1.40011
1.4001
1.40118
1.40115
1.40073
1.40085
1.40073
1.40179
1.40216
1.40006
1.40004
1.40005
1.40029
1.40019
1.40123
1.40085
1.40018
1.4002
1.40024
1.40122
1.40146
1.4019
1.40167
1.40124
1.40003
1.40003
1.40004
1.40012
1.40012
1.40004
1.40063
1.40011
1.40005
1.40104
1.40088
1.40025
1.40021
1.40011
1.40012
1.40019
1.40006
1.40006
1.40024
1.40005
1.40007
1.40154
1.40141
1.40033
1.40003
1.40003
1.40018
1.40007
1.4002
1.40007
1.40008
1.40109
1.40115
1.4004
1.40014
1.40036
1.40015
1.40023
1.40016
1.40074
1.40055
1.40097
1.40083
1.40005
1.40004
1.40006
1.40026
1.40006
1.40026
1.40017
1.40011
1.40118
1.40083
1.40017
1.4003
1.40005
1.4
1.4
1.4
1.4
1.4
1.4
1.40048
1.40043
1.40102
1.40271
1.40145
1.40187
1.40134
1.40077
1.40072
1.40004
1.40007
1.40003
1.40005
1.40033
1.4003
1.40134
1.40088
1.40013
1.40028
1.40026
1.40007
1.40006
1.40007
1.40033
1.40007
1.40013
1.40028
1.40031
1.40104
1.40165
1.40029
1.40165
1.40043
1.40066
1.40027
1.40011
1.40103
1.40014
1.40033
1.40008
1.40012
1.40089
1.40046
1.40005
1.40009
1.40004
1.40006
1.40008
1.40025
1.40156
1.40017
1.40033
1.40037
1.40013
1.40026
1.40009
1.40016
1.4003
1.40014
1.40107
1.40091
1.40105
1.40126
1.40186
1.40056
1.4003
1.40251
1.40127
1.40097
1.40012
1.40042
1.40193
1.40128
1.40075
1.40091
1.40039
1.40031
1.40104
1.4007
1.4014
1.40123
1.40106
1.40007
1.40006
1.40042
1.40028
1.40035
1.40046
1.40013
1.40065
1.40018
1.4002
1.40004
1.40069
1.40017
1.40083
1.4007
1.40071
1.40016
1.40014
1.40006
1.40005
1.40009
1.40022
1.40013
1.40094
1.40021
1.4017
1.40066
1.40044
1.4004
1.40256
1.40055
1.40092
1.40028
1.4
1.4
1.4
1.4
1.40003
1.40003
1.40009
1.40004
1.40006
1.40012
1.40014
1.40041
1.40061
1.40082
1.40026
1.40009
1.40009
1.40015
1.40006
1.40007
1.40006
1.40013
1.40007
1.40021
1.40012
1.40037
1.40036
1.40049
1.40149
1.40057
1.40166
1.40048
1.40082
1.40081
1.4002
1.40027
1.40108
1.40206
1.40074
1.40044
1.40048
1.40261
1.40081
1.40123
1.40041
1.40075
1.40028
1.4003
1.40049
1.40065
1.40118
1.40108
1.40234
1.40197
1.40129
1.40299
1.40163
1.40064
1.40057
1.40033
1.40008
1.40009
1.40021
1.40011
1.40039
1.40038
1.40047
1.4015
1.40137
1.40104
1.40038
1.40091
1.40025
1.40204
1.4031
1.40238
1.4016
1.40115
1.40005
1.40006
1.40007
1.40006
1.40007
1.40046
1.40013
1.4003
1.40152
1.40048
1.40156
1.401
1.40037
1.4004
1.40038
1.40022
1.40022
1.40006
1.40145
1.40194
1.40028
1.40009
1.40166
1.40146
1.40689
1.40779
1.40291
1.40013
1.4003
1.40011
1.4001
1.40166
1.40108
1.40057
1.40092
1.40037
1.40005
1.40024
1.40006
1.40006
1.40023
1.40168
1.40133
1.40013
1.40027
1.40035
1.40018
1.40029
1.40007
1.40129
1.40122
1.40136
1.40029
1.40037
1.40036
1.40011
1.40138
1.4004
1.40029
1.40007
1.40006
1.4001
1.40096
1.40019
1.40142
1.40119
1.40046
1.40003
1.4001
1.40006
1.40065
1.40053
1.40016
1.40024
1.40094
1.40005
1.40131
1.40022
1.40079
1.40068
1.4015
1.40016
1.4004
1.40047
1.40004
1.40019
1.40063
1.40026
1.40092
1.40127
1.40043
1.40011
1.40058
1.40012
1.40004
1.40005
1.40003
1.40001
1.40001
1.4
1.40007
1.40007
1.40006
1.40006
1.40028
1.4003
1.40027
1.40007
1.40126
1.40122
1.40028
1.40012
1.40011
1.40083
1.40022
1.40011
1.40011
1.40035
1.40025
1.40137
1.40029
1.40087
1.40044
1.40028
1.4063
1.40511
1.40517
1.40487
1.40029
1.4003
1.4009
1.40044
1.40015
1.40033
1.40054
1.4007
1.40213
1.40063
1.40429
1.40222
1.40189
1.42262
1.40869
1.41278
1.40375
1.40397
1.40024
1.40006
1.40007
1.40028
1.40005
1.40005
1.4013
1.40102
1.40015
1.40024
1.40028
1.40004
1.40007
1.40003
1.40007
1.40034
1.40031
1.40156
1.40102
1.40018
1.40041
1.40024
1.40006
1.40015
1.40029
1.40027
1.40097
1.40038
1.40052
1.40069
1.40027
1.40117
1.40035
1.40039
1.40608
1.40557
1.4055
1.40385
1.40029
1.40007
1.40008
1.40034
1.40006
1.40006
1.40183
1.40148
1.40012
1.4003
1.40032
1.4001
1.40075
1.40099
1.40062
1.40013
1.40074
1.40024
1.40006
1.4001
1.40031
1.40049
1.40047
1.40135
1.40282
1.40207
1.4011
1.40259
1.40188
1.40007
1.40008
1.40034
1.40011
1.40038
1.40143
1.40048
1.40137
1.40099
1.40039
1.40036
1.40039
1.40074
1.40005
1.40006
1.40026
1.40006
1.40006
1.40026
1.40005
1.40007
1.40168
1.4013
1.40016
1.40032
1.40039
1.40009
1.40034
1.40013
1.40025
1.40007
1.40222
1.4008
1.40051
1.40275
1.40015
1.4011
1.40025
1.4015
1.40033
1.40015
1.40007
1.40084
1.4004
1.40039
1.40072
1.401
1.40113
1.40045
1.40236
1.40115
1.40005
1.40021
1.40006
1.40006
1.40027
1.40005
1.40008
1.40178
1.40174
1.40016
1.40035
1.40039
1.40044
1.40032
1.40125
1.40159
1.40067
1.40037
1.40227
1.40045
1.40004
1.40006
1.40031
1.40012
1.40047
1.40182
1.40072
1.40137
1.40022
1.40007
1.40296
1.40085
1.40198
1.40042
1.40027
1.40071
1.40042
1.40026
1.40023
1.4008
1.40039
1.40057
1.40026
1.40003
1.40032
1.40292
1.40122
1.40125
1.40033
1.4006
1.40124
1.40031
1.40205
1.40201
1.40147
1.40036
1.40043
1.40014
1.40005
1.40007
1.40038
1.4004
1.4004
1.40018
1.40155
1.40153
1.40052
1.40017
1.40196
1.40034
1.40011
1.4007
1.40008
1.40006
1.40086
1.40078
1.40062
1.40031
1.40028
1.40015
1.40083
1.40057
1.40052
1.40149
1.40294
1.40092
1.40134
1.40094
1.40099
1.40101
1.40451
1.40657
1.40199
1.40581
1.40209
1.40353
1.40013
1.40073
1.40374
1.40318
1.41292
1.40843
1.42454
1.41564
1.40006
1.40024
1.40152
1.40153
1.40014
1.40031
1.40035
1.4004
1.4019
1.40175
1.40182
1.40462
1.40354
1.40119
1.40128
1.4008
1.40007
1.40012
1.40045
1.40063
1.40188
1.40265
1.40077
1.40081
1.4002
1.40022
1.4002
1.40006
1.40005
1.40026
1.40005
1.40007
1.40156
1.40161
1.40014
1.40032
1.40038
1.40094
1.40068
1.40029
1.40146
1.40188
1.40058
1.40144
1.40185
1.40121
1.40137
1.40032
1.40029
1.40003
1.40004
1.40006
1.40004
1.40035
1.40011
1.40032
1.4014
1.40045
1.4014
1.40089
1.40021
1.40014
1.40052
1.40015
1.40057
1.40011
1.40049
1.40007
1.40022
1.40008
1.4014
1.40093
1.40064
1.40016
1.40032
1.40009
1.40063
1.40012
1.40113
1.40021
1.40009
1.40015
1.401
1.4006
1.40023
1.40029
1.40021
1.40013
1.40139
1.40597
1.40506
1.40181
1.40189
1.40004
1.40005
1.40023
1.40006
1.40026
1.4001
1.40015
1.40078
1.40058
1.4003
1.40007
1.40015
1.40067
1.40012
1.40587
1.40231
1.4015
1.40112
1.40087
1.40078
1.40029
1.40012
1.40033
1.40139
1.402
1.4004
1.40055
1.40231
1.40027
1.40047
1.4004
1.40091
1.40054
1.40106
1.40109
1.40149
1.40072
1.40036
1.40342
1.40374
1.40098
1.40121
1.40051
1.40007
1.40033
1.40045
1.40215
1.40191
1.40082
1.40033
1.40168
1.4005
1.40006
1.40006
1.40023
1.40005
1.40006
1.40029
1.40148
1.40141
1.40012
1.40032
1.40035
1.40008
1.40033
1.4001
1.40041
1.40131
1.40131
1.40115
1.40103
1.40013
1.40022
1.40135
1.4003
1.40051
1.40018
1.40004
1.40005
1.40007
1.4002
1.40012
1.4003
1.40016
1.40064
1.40371
1.40098
1.40074
1.40147
1.4028
1.40006
1.40035
1.40011
1.40033
1.40147
1.40047
1.40149
1.40087
1.40014
1.40029
1.40025
1.40003
1.40021
1.40014
1.40001
1.40029
1.40014
1.40003
1.40001
1.40004
1.40006
1.40004
1.40003
1.40031
1.40097
1.40062
1.40014
1.40005
1.40011
1.40036
1.40016
1.40007
1.40116
1.40168
1.40189
1.40277
1.40033
1.40015
1.40137
1.40115
1.40017
1.40103
1.40043
1.40026
1.40006
1.40004
1.40007
1.4003
1.40101
1.40108
1.40007
1.40022
1.40101
1.40019
1.40004
1.40017
1.40007
1.40006
1.40028
1.40024
1.40182
1.40188
1.40035
1.40095
1.4004
1.40097
1.40025
1.40164
1.40113
1.40346
1.40363
1.40774
1.40707
1.40035
1.40094
1.40041
1.40021
1.40064
1.4011
1.4004
1.40044
1.40025
1.40012
1.40059
1.40014
1.40038
1.40005
1.40129
1.40168
1.40021
1.4001
1.40135
1.40049
1.40005
1.40153
1.40162
1.40236
1.40169
1.40149
1.40121
1.40013
1.40029
1.40028
1.40015
1.40006
1.40175
1.40114
1.40164
1.40142
1.40098
1.40012
1.40028
1.40023
1.40008
1.40007
1.40029
1.40005
1.40006
1.40042
1.40014
1.40137
1.40122
1.40012
1.40032
1.4002
1.40029
1.40006
1.40006
1.40026
1.40026
1.40173
1.40137
1.40011
1.40031
1.40036
1.4004
1.40062
1.40046
1.40214
1.40164
1.4017
1.4007
1.40071
1.40001
1.4
1.40001
1.4
1.40001
1.40004
1.40013
1.40052
1.40168
1.4021
1.40196
1.40139
1.4007
1.4035
1.40986
1.40347
1.40357
1.40171
1.40795
1.40035
1.40169
1.40179
1.40217
1.40328
1.4015
1.40116
1.40019
1.40034
1.40026
1.40025
1.40008
1.40012
1.40036
1.40335
1.40447
1.40213
1.40283
1.40123
1.40037
1.40033
1.40215
1.40203
1.40138
1.40035
1.4004
1.40016
1.40004
1.40003
1.40005
1.40017
1.40015
1.40113
1.40103
1.40037
1.40122
1.40064
1.40325
1.40085
1.40039
1.40159
1.40254
1.40006
1.40003
1.40105
1.40032
1.40149
1.40051
1.40045
1.40011
1.40012
1.40004
1.40004
1.40123
1.40085
1.40065
1.40019
1.40014
1.40006
1.40004
1.40006
1.40011
1.40028
1.40047
1.40011
1.40139
1.40191
1.40032
1.40027
1.40032
1.40161
1.40083
1.40049
1.40094
1.40111
1.40318
1.40367
1.40005
1.40012
1.4005
1.40033
1.40149
1.40027
1.40095
1.40696
1.40581
1.40585
1.40464
1.4003
1.4001
1.40034
1.40013
1.40141
1.40116
1.40084
1.40024
1.40013
1.40038
1.40019
1.40135
1.40034
1.40038
1.40192
1.40161
1.40125
1.40028
1.40105
1.40175
1.40056
1.40073
1.40016
1.40019
1.40008
1.40034
1.40041
1.40139
1.40113
1.40026
1.40009
1.40024
1.4003
1.40012
1.4004
1.40134
1.40181
1.40028
1.40022
1.40102
1.40134
1.40036
1.40105
1.40039
1.4026
1.40105
1.40074
1.40098
1.40771
1.40231
1.4044
1.40163
1.40016
1.40015
1.40012
1.40072
1.40076
1.40019
1.40009
1.4004
1.40088
1.40024
1.40028
1.40065
1.40007
1.40012
1.40025
1.40031
1.40029
1.40012
1.40038
1.40147
1.40048
1.40183
1.40039
1.40707
1.40572
1.4054
1.40477
1.40155
1.40073
1.40049
1.40199
1.40153
1.40079
1.40006
1.40007
1.40024
1.40029
1.40005
1.40005
1.40149
1.40122
1.40014
1.40031
1.40031
1.40008
1.40008
1.40026
1.40032
1.40028
1.4001
1.40169
1.40132
1.40015
1.40136
1.40042
1.40029
1.40146
1.40237
1.40089
1.40057
1.40366
1.40096
1.40109
1.40044
1.40072
1.40206
1.40105
1.4119
1.42008
1.40732
1.40347
1.42691
1.40394
1.41002
1.40003
1.40006
1.40004
1.40024
1.40005
1.40013
1.40004
1.40099
1.40074
1.40014
1.40006
1.40093
1.40024
1.40009
1.40015
1.40081
1.40041
1.4004
1.40489
1.40264
1.40691
1.4059
1.40464
1.40108
1.40155
1.40048
1.40012
1.40071
1.40013
1.40127
1.40025
1.40008
1.40016
1.40017
1.40036
1.40101
1.40112
1.40362
1.40376
1.40007
1.40005
1.40036
1.4001
1.40033
1.40149
1.40062
1.4011
1.40022
1.4001
1.40143
1.40097
1.40133
1.40038
1.40025
1.403
1.40151
1.40219
1.40615
1.4053
1.41451
1.40382
1.40863
1.40319
1.4192
1.42134
1.40005
1.40007
1.40019
1.40019
1.40037
1.40013
1.40036
1.40158
1.40115
1.40105
1.40076
1.40062
1.40074
1.40071
1.40015
1.40015
1.40234
1.40202
1.40071
1.40053
1.40127
1.4007
1.40039
1.40089
1.40323
1.40126
1.40399
1.40183
1.40057
1.40141
1.40051
1.40033
1.40041
1.40191
1.40182
1.40215
1.40232
1.40046
1.40183
1.40056
1.40185
1.40076
1.40096
1.40211
1.40081
1.40036
1.40007
1.40008
1.40032
1.40006
1.40006
1.40032
1.40146
1.40124
1.4001
1.40027
1.40026
1.40006
1.40153
1.40039
1.4004
1.40206
1.40159
1.40127
1.40028
1.4019
1.4007
1.40041
1.40032
1.40185
1.40038
1.40095
1.40037
1.40056
1.40147
1.4003
1.40013
1.40274
1.40191
1.40201
1.40071
1.40072
1.40007
1.40027
1.40246
1.40205
1.40049
1.40103
1.40056
1.40007
1.40011
1.40032
1.40011
1.40033
1.40148
1.40047
1.40151
1.40104
1.40046
1.40016
1.40145
1.40439
1.4014
1.40087
1.40578
1.40139
1.4021
1.40091
1.40006
1.40005
1.40021
1.40008
1.40023
1.40008
1.40008
1.40008
1.40031
1.40129
1.40135
1.40122
1.40033
1.40031
1.40008
1.40006
1.4001
1.40029
1.40037
1.40025
1.40012
1.40042
1.40042
1.40167
1.40104
1.40108
1.40057
1.40078
1.40215
1.40188
1.40128
1.40032
1.40219
1.40207
1.40155
1.4004
1.40045
1.40064
1.40464
1.40337
1.40329
1.40312
1.40396
1.40882
1.40264
1.40838
1.40003
1.40016
1.40063
1.40013
1.40107
1.40008
1.40078
1.40017
1.40103
1.40137
1.4003
1.40007
1.40004
1.40051
1.40049
1.40123
1.40058
1.40145
1.40019
1.40007
1.40434
1.40201
1.40142
1.40042
1.40007
1.40009
1.40031
1.40012
1.40036
1.40141
1.40049
1.40012
1.40117
1.4012
1.40043
1.40126
1.40041
1.40147
1.40076
1.40456
1.40591
1.40152
1.40279
1.40123
1.40163
1.4013
1.40032
1.40222
1.40211
1.40143
1.40036
1.40039
1.40012
1.40017
1.40082
1.40071
1.40104
1.40158
1.40163
1.40027
1.40025
1.40008
1.4014
1.40007
1.40112
1.40076
1.40114
1.40019
1.40025
1.40121
1.40191
1.40061
1.40283
1.40081
1.402
1.40079
1.40015
1.40091
1.40082
1.40151
1.40152
1.40121
1.40381
1.40509
1.40291
1.40213
1.40081
1.4007
1.40005
1.40038
1.40042
1.40149
1.40132
1.40085
1.40069
1.4008
1.40063
1.40081
1.40065
1.40077
1.4001
1.40058
1.40077
1.40033
1.40116
1.40012
1.40121
1.40094
1.40129
1.40027
1.40032
1.4
1.4
1.4
1.4
1.4
1.4
1.4002
1.40026
1.40143
1.40348
1.40145
1.40103
1.40399
1.40111
1.40195
1.40073
1.40193
1.40282
1.40621
1.40614
1.40252
1.40366
1.40696
1.41665
1.44146
1.42593
1.41979
1.49143
1.48218
1.40006
1.40008
1.40007
1.40037
1.40039
1.40037
1.40172
1.40136
1.40106
1.40042
1.40006
1.40091
1.40033
1.4023
1.40328
1.40715
1.40265
1.4027
1.40127
1.40009
1.40008
1.40012
1.40036
1.4015
1.40013
1.40047
1.4018
1.4007
1.40152
1.40059
1.40146
1.40037
1.40039
1.40227
1.40211
1.40131
1.40031
1.40216
1.40272
1.40158
1.40129
1.40031
1.40012
1.40063
1.40241
1.40021
1.40063
1.40103
1.40368
1.40195
1.40344
1.40154
1.40191
1.40168
1.40074
1.40047
1.40032
1.40023
1.40006
1.40127
1.40095
1.4008
1.40034
1.40027
1.40094
1.40085
1.40048
1.40403
1.40442
1.40148
1.4019
1.40106
1.40165
1.40294
1.40345
1.40395
1.40191
1.40214
1.40062
1.4042
1.40171
1.40071
1.4009
1.40005
1.40009
1.40068
1.40041
1.40189
1.40054
1.40102
1.40018
1.40007
1.40139
1.40135
1.40023
1.40046
1.40008
1.40031
1.40022
1.4007
1.40083
1.40107
1.40145
1.40051
1.40059
1.40004
1.40017
1.40062
1.40041
1.40046
1.40049
1.40009
1.40011
1.40027
1.40051
1.40142
1.40043
1.40076
1.40758
1.4061
1.40584
1.40558
1.40119
1.4009
1.40052
1.40275
1.40351
1.40177
1.40048
1.4002
1.40007
1.40127
1.40107
1.40124
1.40031
1.40032
1.40009
1.40146
1.40044
1.40012
1.40143
1.40047
1.40028
1.40011
1.40117
1.40103
1.40118
1.40038
1.40013
1.40022
1.40005
1.40009
1.40069
1.4004
1.4019
1.40053
1.401
1.40017
1.40006
1.4014
1.40135
1.40024
1.40046
1.40009
1.40006
1.40004
1.40022
1.40008
1.40137
1.40116
1.40085
1.40023
1.40023
1.40027
1.40008
1.40131
1.40091
1.40075
1.40031
1.40029
1.40007
1.40013
1.40037
1.40034
1.40144
1.40119
1.40024
1.40077
1.40049
1.40047
1.40023
1.40008
1.40011
1.40016
1.40029
1.4001
1.40024
1.40078
1.40194
1.40055
1.40403
1.40403
1.40029
1.40214
1.4004
1.40102
1.40158
1.4014
1.40066
1.40379
1.40567
1.40218
1.40068
1.40015
1.40011
1.40189
1.40134
1.40235
1.40054
1.40134
1.40042
1.40189
1.40159
1.40014
1.40232
1.40058
1.40046
1.40117
1.40524
1.40071
1.40218
1.40054
1.40015
1.40048
1.4004
1.40193
1.40025
1.40045
1.40079
1.40813
1.40763
1.40675
1.40582
1.40286
1.40038
1.40346
1.40222
1.40152
1.40041
1.40159
1.4024
1.4015
1.40219
1.40011
1.40007
1.40042
1.40033
1.40049
1.4016
1.40131
1.40037
1.40011
1.40017
1.40009
1.40013
1.40137
1.40129
1.40107
1.40036
1.40032
1.40036
1.40012
1.40047
1.40143
1.40058
1.40184
1.40016
1.4012
1.40114
1.4005
1.40047
1.40027
1.40013
1.40029
1.4009
1.40058
1.401
1.40218
1.40077
1.40315
1.40102
1.40242
1.4013
1.40008
1.40007
1.4
1.4
1.4
1.4
1.4
1.4
1.40018
1.40122
1.40092
1.40063
1.40575
1.40081
1.40066
1.40198
1.40617
1.40387
1.40153
1.40037
1.40013
1.40047
1.4026
1.40283
1.40149
1.40044
1.40043
1.40135
1.40032
1.40234
1.40218
1.40153
1.40038
1.40038
1.40026
1.40079
1.40088
1.4002
1.40027
1.40008
1.40099
1.40097
1.40068
1.40022
1.40011
1.40031
1.40231
1.40147
1.40399
1.405
1.40184
1.40268
1.40742
1.41451
1.42255
1.42314
1.43067
1.45702
1.4001
1.40004
1.40046
1.40105
1.40016
1.40075
1.40234
1.4028
1.4014
1.40008
1.40036
1.40033
1.40155
1.40175
1.40142
1.40081
1.4016
1.40027
1.40041
1.4037
1.40246
1.40271
1.40146
1.40168
1.40941
1.40385
1.40006
1.40004
1.40022
1.40135
1.40091
1.40048
1.4013
1.40056
1.40144
1.40485
1.40142
1.40152
1.40293
1.41793
1.4039
1.40864
1.40356
1.40142
1.40055
1.40023
1.40011
1.40055
1.40054
1.40191
1.40239
1.40143
1.40057
1.40033
1.40009
1.40034
1.40008
1.40006
1.40159
1.40036
1.40016
1.40007
1.4021
1.40167
1.4011
1.40029
1.40019
1.40037
1.40239
1.40312
1.40101
1.40219
1.40087
1.40135
1.40041
1.40034
1.40235
1.40216
1.40157
1.40038
1.40041
1.40129
1.4005
1.40334
1.40087
1.40049
1.40257
1.40076
1.40429
1.40092
1.40205
1.4003
1.4006
1.40216
1.40218
1.40136
1.40958
1.4076
1.40624
1.40376
1.40542
1.40307
1.40006
1.40014
1.40017
1.40034
1.40029
1.4012
1.40122
1.4009
1.40048
1.40696
1.40584
1.40522
1.4044
1.40104
1.4039
1.40542
1.40111
1.40346
1.40077
1.40098
1.4001
1.4006
1.40021
1.40068
1.40131
1.40084
1.40294
1.40475
1.40575
1.40824
1.4
1.4
1.4
1.4
1.4
1.4
1.4
1.4
1.40017
1.40198
1.40144
1.40034
1.40072
1.4008
1.40015
1.4017
1.40059
1.40023
1.4005
1.40491
1.40509
1.40429
1.4046
1.40193
1.40424
1.40165
1.40178
1.40129
1.40066
1.40171
1.40202
1.40041
1.40015
1.4006
1.40018
1.40144
1.40036
1.40044
1.40024
1.40023
1.40129
1.40196
1.40234
1.40181
1.40199
1.40187
1.40144
1.41292
1.41726
1.40601
1.40173
1.40218
1.4062
1.40147
1.40081
1.40219
1.40085
1.40509
1.40481
1.40028
1.40033
1.40018
1.40004
1.40001
1.40039
1.40019
1.40012
1.40005
1.40003
1.40155
1.40037
1.40039
1.40249
1.4024
1.40235
1.40207
1.40155
1.40037
1.40038
1.40233
1.40221
1.40135
1.40032
1.40035
1.40012
1.40028
1.40126
1.40057
1.40086
1.40099
1.40106
1.40019
1.40007
1.4002
1.40084
1.40126
1.40063
1.40344
1.40091
1.40228
1.40236
1.40091
1.40041
1.4004
1.4031
1.4039
1.40147
1.40012
1.40223
1.40111
1.40088
1.40092
1.40094
1.40016
1.40053
1.40218
1.40063
1.40244
1.41334
1.40821
1.40297
1.40331
1.40036
1.40039
1.40034
1.40034
1.40257
1.40043
1.40335
1.40197
1.40158
1.40026
1.4001
1.40041
1.40011
1.40016
1.40075
1.40121
1.40029
1.40155
1.40051
1.40086
1.403
1.40177
1.40042
1.40159
1.4005
1.40056
1.40321
1.40276
1.40258
1.40232
1.40302
1.40282
1.40246
1.40278
1.40508
1.40656
1.40193
1.40271
1.40134
1.40001
1.4
1.40002
1.4
1.40002
1.40001
1.40074
1.40029
1.40346
1.40347
1.40124
1.401
1.40093
1.40021
1.40028
1.40048
1.40046
1.40022
1.4017
1.4009
1.40037
1.40153
1.40139
1.4002
1.40014
1.40069
1.40061
1.40254
1.40196
1.4043
1.40232
1.40295
1.40315
1.40217
1.40357
1.40209
1.4053
1.41268
1.40145
1.4009
1.40451
1.40136
1.40456
1.40425
1.40153
1.40044
1.40754
1.40716
1.40006
1.40039
1.40012
1.4003
1.40151
1.40049
1.40158
1.40115
1.40129
1.40032
1.40011
1.40023
1.40183
1.40386
1.40555
1.40287
1.40092
1.40115
1.40214
1.40056
1.40412
1.40094
1.40168
1.40078
1.40064
1.40056
1.40086
1.40248
1.40449
1.40197
1.40222
1.40207
1.40265
1.4015
1.40219
1.40269
1.40155
1.40154
1.40299
1.40418
1.40159
1.40047
1.40163
1.40172
1.40256
1.40176
1.40278
1.40027
1.40127
1.40035
1.40021
1.40017
1.40119
1.40138
1.40105
1.40113
1.40114
1.4014
1.40165
1.4003
1.40006
1.40007
1.40037
1.40178
1.40127
1.40027
1.40215
1.40269
1.40151
1.40219
1.40281
1.4017
1.40148
1.40004
1.40006
1.40023
1.4002
1.40076
1.40017
1.40008
1.40018
1.40095
1.40105
1.40072
1.40024
1.40038
1.40004
1.40006
1.40023
1.40017
1.40075
1.40016
1.40007
1.40011
1.40094
1.40102
1.4007
1.40021
1.4003
1.40078
1.40234
1.40411
1.40181
1.40045
1.40163
1.40046
1.4004
1.4028
1.40254
1.40157
1.40043
1.40046
1.40048
1.40127
1.40308
1.40202
1.40235
1.40258
1.40293
1.40056
1.40078
1.40174
1.40314
1.4021
1.40151
1.40079
1.40502
1.40196
1.40119
1.40074
1.4002
1.40176
1.40055
1.40036
1.40191
1.4004
1.40219
1.40152
1.40051
1.40194
1.40237
1.40153
1.40218
1.40206
1.4006
1.40036
1.40431
1.40163
1.40141
1.40094
1.40157
1.40104
1.40192
1.40058
1.40058
1.40614
1.40398
1.401
1.40125
1.40366
1.40363
1.40233
1.40691
1.40569
1.40368
1.40334
1.40043
1.40173
1.40046
1.40196
1.40194
1.40263
1.40067
1.40036
1.40423
1.40178
1.40091
1.40192
1.40182
1.40319
1.40154
1.40038
1.40309
1.40045
1.40202
1.4005
1.4028
1.40284
1.40489
1.40466
1.40663
1.40009
1.40051
1.40031
1.40183
1.40046
1.40099
1.40128
1.40108
1.40034
1.40074
1.40247
1.40182
1.40151
1.40097
1.40262
1.40107
1.40661
1.40819
1.40363
1.40203
1.40163
1.40742
1.40435
1.40047
1.40011
1.40279
1.40261
1.40158
1.40227
1.40043
1.40262
1.40173
1.40055
1.40011
1.40009
1.40042
1.40033
1.40046
1.40164
1.40085
1.4003
1.40018
1.4002
1.40147
1.40125
1.40121
1.40046
1.40047
1.40029
1.40029
1.40079
1.40035
1.4006
1.40112
1.40385
1.40058
1.40232
1.40147
1.40232
1.40248
1.40225
1.4007
1.40103
1.40038
1.4007
1.40047
1.40042
1.40011
1.40057
1.40205
1.40047
1.40226
1.40384
1.40342
1.40218
1.40051
1.40054
1.40141
1.40026
1.40237
1.40168
1.40204
1.40137
1.40208
1.40245
1.40123
1.40126
1.40084
1.40012
1.4003
1.40051
1.40038
1.40163
1.40049
1.40142
1.40039
1.40132
1.40144
1.4013
1.40199
1.40065
1.40275
1.40207
1.40074
1.40072
1.40026
1.40021
1.40184
1.40045
1.40042
1.40294
1.40268
1.40179
1.40051
1.40068
1.40236
1.40194
1.40038
1.40666
1.40873
1.43161
1.40444
1.40541
1.42576
1.4622
1.44281
1.47532
1.4142
1.41382
1.42154
1.44895
1.48178
1.43028
1.40089
1.40353
1.40777
1.40406
1.402
1.40244
1.40085
1.40148
1.40054
1.4004
1.40015
1.40464
1.40332
1.40278
1.40108
1.40101
1.41708
1.4085
1.43244
1.41888
1.41241
1.40808
1.40736
1.43715
1.42428
1.44577
1.4065
1.41698
1.42132
1.40043
1.40052
1.40028
1.40299
1.4025
1.4022
1.4032
1.40698
1.40741
1.40625
1.4014
1.40044
1.40177
1.40301
1.402
1.40144
1.40327
1.40355
1.404
1.40199
1.40154
1.40096
1.40042
1.40481
1.40464
1.40135
1.40231
1.40133
1.40346
1.40249
1.40124
1.40114
1.4019
1.4014
1.40053
1.40198
1.40041
1.40217
1.40271
1.40151
1.40333
1.40123
1.40176
1.40677
1.40429
1.40939
1.41497
1.41512
1.4326
1.40046
1.40046
1.40273
1.40305
1.40185
1.40175
1.40045
1.40042
1.40266
1.40231
1.4016
1.40037
1.40045
1.40002
1.40003
1.40001
1.4
1.40081
1.40123
1.40193
1.40105
1.40055
1.40037
1.40037
1.40086
1.40149
1.40037
1.40047
1.40158
1.40169
1.40155
1.40154
1.40164
1.40208
1.40269
1.40154
1.40164
1.40239
1.40206
1.40112
1.40361
1.40121
1.40183
1.40392
1.40157
1.40296
1.40112
1.4003
1.40035
1.4008
1.40068
1.40285
1.40266
1.40412
1.4066
1.40786
1.40029
1.40088
1.40359
1.40581
1.40133
1.40206
1.40097
1.40085
1.40152
1.40114
1.40258
1.40304
1.4027
1.40176
1.40205
1.41492
1.40568
1.40441
1.45438
1.43336
1.41988
1.42185
1.40128
1.40742
1.41369
1.40636
1.40282
1.40043
1.40023
1.40024
1.40138
1.40208
1.40249
1.40205
1.40219
1.40198
1.40056
1.40048
1.40232
1.40273
1.40296
1.40198
1.40311
1.40311
1.40201
1.40158
1.40405
1.40503
1.40189
1.40222
1.40118
1.4022
1.40277
1.40156
1.40267
1.40216
1.40335
1.40403
1.40101
1.40141
1.40053
1.40066
1.40056
1.40199
1.40043
1.40191
1.40143
1.40112
1.40142
1.40288
1.40096
1.40047
1.40367
1.40172
1.40391
1.40599
1.40729
1.40133
1.40815
1.40868
1.40734
1.40452
1.40188
1.40055
1.40233
1.40205
1.40339
1.40199
1.40333
1.40198
1.40084
1.40012
1.40066
1.40081
1.40242
1.40043
1.40009
1.40177
1.40251
1.40126
1.40043
1.40028
1.40062
1.40011
1.4004
1.40018
1.40008
1.40026
1.401
1.4034
1.40024
1.40074
1.40209
1.40007
1.40032
1.40048
1.40012
1.40401
1.40221
1.40349
1.40013
1.40063
1.40058
1.40039
1.4004
1.40142
1.4057
1.40508
1.40502
1.40469
1.40009
1.40149
1.40051
1.40354
1.40055
1.40046
1.40512
1.40199
1.40145
1.40512
1.41005
1.41187
1.41817
1.41597
1.40182
1.40303
1.40167
1.40273
1.40507
1.40403
1.40421
1.40524
1.40139
1.40387
1.40503
1.40269
1.40475
1.40246
1.40171
1.40283
1.4026
1.40331
1.40274
1.40082
1.40089
1.42017
1.41098
1.41656
1.40788
1.40038
1.40058
1.40308
1.40282
1.40189
1.40181
1.4029
1.40322
1.40203
1.40174
1.40211
1.40096
1.40275
1.4009
1.40999
1.41065
1.40837
1.41348
1.40069
1.40238
1.40093
1.40209
1.40128
1.40035
1.40261
1.40214
1.40328
1.40204
1.40168
1.40169
1.40273
1.40198
1.40072
1.40362
1.40378
1.4017
1.40204
1.40341
1.4002
1.40017
1.40076
1.40068
1.40033
1.40186
1.40049
1.40131
1.40103
1.40144
1.40042
1.40013
1.40011
1.40013
1.40012
1.40026
1.40021
1.40134
1.40353
1.40453
1.40042
1.40045
1.40253
1.40081
1.40065
1.40018
1.40159
1.40247
1.40184
1.40048
1.40036
1.4015
1.40149
1.4001
1.40005
1.40222
1.40036
1.40272
1.40104
1.40282
1.40105
1.40277
1.40047
1.40039
1.40354
1.40189
1.40167
1.40204
1.40324
1.40275
1.40233
1.40212
1.40203
1.40292
1.40238
1.40226
1.40056
1.40269
1.40369
1.40161
1.40066
1.40329
1.4035
1.40165
1.40199
1.4013
1.40189
1.40387
1.40206
1.40064
1.40296
1.40253
1.40424
1.40179
1.40354
1.40047
1.40453
1.40175
1.40445
1.40248
1.42076
1.41491
1.42605
1.42993
1.40181
1.40273
1.40262
1.40165
1.40055
1.40041
1.40017
1.40256
1.40224
1.40208
1.40068
1.40079
1.4034
1.40245
1.40262
1.4005
1.40395
1.40323
1.40311
1.40223
1.41449
1.40747
1.42171
1.41574
1.40253
1.40284
1.40051
1.4006
1.4046
1.4043
1.41072
1.40919
1.4005
1.40072
1.40156
1.40462
1.40584
1.40949
1.41054
1.4
1.4
1.4
1.4
1.4
1.4003
1.4004
1.40347
1.40303
1.40256
1.401
1.40075
1.40206
1.40201
1.40276
1.40224
1.40263
1.40181
1.4
1.40001
1.4
1.40035
1.4001
1.40011
1.40002
1.40005
1.40391
1.40184
1.40639
1.4045
1.40285
1.40093
1.40097
1.40348
1.40352
1.40236
1.4036
1.40165
1.41114
1.41073
1.40085
1.40545
1.40273
1.40374
1.40109
1.40707
1.40601
1.40553
1.40497
1.4042
1.40416
1.40527
1.41276
1.40183
1.41481
1.40177
1.40074
1.40034
1.40192
1.40051
1.40128
1.40102
1.40111
1.40035
1.40454
1.41002
1.40603
1.40572
1.42156
1.44475
1.41371
1.41593
1.40798
1.40041
1.40061
1.40161
1.40183
1.40199
1.40183
1.4019
1.40172
1.40184
1.40112
1.40123
1.40384
1.40093
1.4018
1.40039
1.40006
1.40006
1.40183
1.403
1.40167
1.40283
1.40326
1.4048
1.40237
1.40079
1.40007
1.4005
1.40027
1.40081
1.40052
1.40032
1.40151
1.40255
1.40177
1.4027
1.40348
1.40102
1.40267
1.41549
1.4135
1.41335
1.41846
1.40129
1.40197
1.40208
1.40222
1.4018
1.40274
1.40309
1.40304
1.40204
1.40261
1.40176
1.40195
1.40353
1.4043
1.4035
1.4023
1.40003
1.40001
1.40008
1.40004
1.40001
1.4
1.4
1.40115
1.40091
1.40189
1.40284
1.4009
1.40049
1.40207
1.40188
1.40342
1.40196
1.40052
1.40328
1.40274
1.40308
1.40301
1.40205
1.4026
1.40175
1.40409
1.4023
1.40334
1.40364
1.4008
1.41491
1.40766
1.4228
1.41655
1.40102
1.40279
1.40302
1.40108
1.40278
1.40248
1.40243
1.40168
1.40209
1.4029
1.40319
1.402
1.40294
1.40317
1.40054
1.40075
1.40135
1.40053
1.40231
1.4012
1.40063
1.40136
1.40313
1.406
1.40326
1.40296
1.40396
1.40289
1.40294
1.40301
1.40432
1.40322
1.40302
1.40401
1.40404
1.40155
1.40199
1.4017
1.40244
1.40381
1.40967
1.42437
1.41414
1.42594
1.41109
1.4156
1.43311
1.42236
1.40997
1.46457
1.47549
1.43162
1.42284
1.45799
1.40115
1.40124
1.40082
1.40182
1.40063
1.40404
1.40161
1.40156
1.40447
1.40418
1.4049
1.40348
1.40186
1.40715
1.40498
1.40142
1.40226
1.40211
1.401
1.40131
1.40028
1.40023
1.40332
1.40273
1.40102
1.40121
1.40185
1.40074
1.404
1.401
1.40235
1.40183
1.42424
1.42049
1.42268
1.42836
1.40173
1.40411
1.40601
1.40621
1.41433
1.41239
1.4051
1.40476
1.40156
1.4016
1.401
1.40313
1.40399
1.40203
1.40083
1.40201
1.40045
1.40018
1.40133
1.40082
1.40618
1.40553
1.409
1.40633
1.40165
1.40177
1.40244
1.40157
1.40218
1.40122
1.4022
1.40223
1.40176
1.40364
1.40356
1.40171
1.4018
1.40595
1.41278
1.40803
1.40937
1.40924
1.40577
1.40468
1.40149
1.40289
1.40264
1.403
1.40449
1.40162
1.40384
1.40101
1.40101
1.40394
1.40292
1.40436
1.40403
1.40021
1.40059
1.40006
1.40002
1.4
1.40001
1.40004
1.40019
1.40001
1.40008
1.40001
1.40252
1.40118
1.40088
1.40128
1.40038
1.40242
1.40089
1.40174
1.40026
1.40047
1.401
1.40035
1.41957
1.40505
1.42197
1.40903
1.41244
1.40217
1.40136
1.40312
1.40276
1.40266
1.40325
1.40181
1.40025
1.40032
1.40044
1.40038
1.40245
1.40344
1.40123
1.40076
1.40029
1.40113
1.40154
1.40382
1.40445
1.40214
1.40152
1.40387
1.40249
1.40268
1.40241
1.40299
1.42158
1.41179
1.40995
1.44226
1.42775
1.4009
1.40123
1.40191
1.404
1.40252
1.40309
1.40362
1.40006
1.40002
1.40015
1.40001
1.40004
1.40033
1.40082
1.40009
1.40008
1.40032
1.40028
1.40077
1.40038
1.40025
1.40044
1.40082
1.40143
1.40153
1.40113
1.40061
1.40074
1.40041
1.40182
1.40623
1.40225
1.40521
1.40228
1.40297
1.40539
1.40261
1.40214
1.40785
1.40501
1.40713
1.41402
1.41212
1.40171
1.40112
1.40429
1.40157
1.40581
1.40168
1.40112
1.4042
1.40644
1.40251
1.40364
1.40306
1.40087
1.40142
1.40505
1.4049
1.41075
1.40341
1.40048
1.40246
1.40055
1.4
1.40006
1.40013
1.40006
1.40013
1.40004
1.40003
1.40008
1.4
1.40003
1.40001
1.40832
1.41025
1.42516
1.41851
1.41073
1.43689
1.47771
1.42865
1.42429
1.41326
1.4032
1.40745
1.40504
1.40128
1.40479
1.40308
1.40157
1.40666
1.40334
1.40264
1.40116
1.40096
1.41839
1.41944
1.41333
1.40697
1.40713
1.40003
1.40008
1.40001
1.40029
1.40003
1.40015
1.40001
1.40004
1.40001
1.40683
1.40557
1.40328
1.40306
1.40528
1.40737
1.40619
1.40016
1.40013
1.40098
1.40356
1.40215
1.40187
1.4006
1.40091
1.40138
1.40078
1.40628
1.40497
1.40245
1.40192
1.4046
1.42275
1.41237
1.40959
1.4076
1.41211
1.40746
1.40225
1.402
1.40365
1.40433
1.4
1.4
1.4
1.4
1.4
1.4
1.40127
1.40259
1.41096
1.40786
1.40583
1.4251
1.41662
1.4076
1.406
1.41739
1.40862
1.41865
1.45828
1.43414
1.45963
1.44353
1.45954
1.44191
1.41449
1.40868
1.40245
1.40184
1.40159
1.40286
1.403
1.40403
1.40456
1.4068
1.4184
1.41557
1.40623
1.40896
1.40519
1.42191
1.42181
1.40931
1.41106
1.42169
1.42036
1.40692
1.40421
1.40251
1.40075
1.40319
1.40113
1.40242
1.40162
1.4011
1.40046
1.40147
1.40302
1.40142
1.40127
1.40114
1.40577
1.40535
1.40601
1.42311
1.41761
1.40591
1.40516
1.42242
1.41687
1.42327
1.40954
1.43437
1.41302
1.41589
1.44105
1.40932
1.54642
1.50667
1.44287
1.43091
1.41341
1.40254
1.40096
1.40094
1.41026
1.41076
1.40313
1.4014
1.40269
1.4103
1.40685
1.40937
1.40641
1.40352
1.40411
1.41167
1.40977
1.40084
1.40147
1.4038
1.40102
1.40169
1.40325
1.40675
1.40719
1.40569
1.41843
1.46159
1.42767
1.41238
1.40892
1.42409
1.40398
1.40351
1.4023
1.4035
1.40483
1.40366
1.40003
1.40001
1.4
1.40001
1.4
1.4
1.4
1.42647
1.41695
1.47716
1.42117
1.44199
1.40982
1.41029
1.59286
1.46876
1.52542
1.43582
1.42501
1.40368
1.40398
1.40449
1.40115
1.40299
1.40129
1.40351
1.40251
1.40001
1.40004
1.40002
1.40026
1.40021
1.41484
1.4076
1.42469
1.41657
1.40215
1.40079
1.40639
1.40902
1.40275
1.40496
1.41033
1.40384
1.40126
1.40288
1.40132
1.40277
1.40174
1.40325
1.40425
1.40373
1.40025
1.40022
1.40107
1.40085
1.40148
1.40242
1.40364
1.40157
1.42281
1.40798
1.40271
1.40195
1.41771
1.41326
1.40848
1.4036
1.49517
1.43646
1.50167
1.44092
1.40307
1.40073
1.40046
1.40029
1.4008
1.40148
1.40242
1.4036
1.40976
1.40517
1.40636
1.4248
1.42618
1.41139
1.40942
1.41564
1.44842
1.41788
1.41195
1.55718
1.48035
1.42061
1.41265
1.47132
1.41661
1.56933
1.44927
1.40984
1.40272
1.40173
1.40133
1.40871
1.40423
1.41042
1.40191
1.4033
1.40009
1.4001
1.40054
1.40029
1.40046
1.40013
1.40102
1.40006
1.40043
1.40016
1.40149
1.40166
1.40156
1.40039
1.40071
1.40112
1.40519
1.4025
1.42241
1.41889
1.46518
1.41723
1.44791
1.41325
1.56528
1.51744
1.44415
1.43404
1.41236
1.41628
1.41237
1.53047
1.45139
1.49884
1.43141
1.46115
1.40835
1.4178
1.40115
1.40126
1.40154
1.4029
1.40607
1.40446
1.40473
1.40462
1.4
1.4
1.4
1.4
1.4
1.4
1.40001
1.40001
1.40001
1.4
1.4
1.4044
1.40324
1.40095
1.40498
1.40267
1.40119
1.40222
1.42324
1.41772
1.47205
1.41849
1.43955
1.57844
1.50981
1.44996
1.42755
1.41334
1.41614
1.54456
1.43489
1.41316
1.58918
1.45847
1.45488
1.41573
1.41482
1.4002
1.40085
1.40068
1.40039
1.40859
1.4043
1.40589
1.40608
1.4052
1.4046
1.4
1.4
1.4
1.4
1.4
1.4
1.4
1.4
1.41164
1.41023
1.448
1.41055
1.44668
1.41119
1.40899
1.58885
1.53121
1.4516
1.4344
1.41391
1.42556
1.42009
1.47388
1.41801
1.58339
1.44875
1.41273
1.53015
1.45184
1.43252
1.41206
1.40922
1.4282
1.41041
1.40411
1.406
1.4194
1.42917
1.44229
1.48431
1.42409
1.42428
1.50049
1.42685
1.4232
1.48769
1.42985
1.47899
1.51712
1.43195
1.75939
1.88951
1.75495
1.77063
1.4081
1.40752
1.43712
1.55043
1.48214
1.41152
1.43696
1.40067
1.40074
1.40101
1.40082
1.40195
1.4006
1.41821
1.46625
1.42486
1.4182
1.44399
1.57544
1.52106
1.4445
1.43175
1.41249
1.4046
1.40497
1.41199
1.41412
1.41067
1.44025
1.41546
1.40991
1.42847
1.43586
1.42116
1.40873
1.41411
1.41254
1.41055
1.40929
1.42839
1.40722
1.40753
1.52265
1.42883
1.40915
1.40828
1.43294
1.4088
1.43913
1.41502
1.42466
1.43192
1.40491
1.40677
1.59894
1.52815
1.48634
1.42496
1.43222
1.42051
1.41962
1.45354
1.41261
1.45249
1.41321
1.41238
1.56089
1.58056
1.44428
1.44818
1.41591
1.43536
1.40933
1.40844
1.53634
1.4305
1.40908
1.54061
1.43968
1.44155
1.41012
1.40872
1.40746
1.40628
1.42964
1.52045
1.53721
1.47865
1.43144
1.41604
1.41372
1.407
1.44361
1.49519
1.4795
1.43014
1.42364
1.40678
1.41988
1.53088
1.45489
1.42736
1.41276
1.41202
1.43144
1.40131
1.40145
1.40046
1.4101
1.40743
1.40159
1.40355
1.4007
1.40475
1.40155
1.40133
1.41885
1.4633
1.42378
1.41979
1.45064
1.41096
1.59692
1.54144
1.45691
1.43991
1.41557
1.41876
1.46666
1.42386
1.41941
1.44557
1.41072
1.40832
1.57352
1.51688
1.45534
1.43288
1.42516
1.45958
1.42678
1.42025
1.56282
1.52119
1.44681
1.43654
1.41369
1.40879
1.4289
1.41401
1.41283
1.42702
1.40392
1.41019
1.40367
1.41456
1.40639
1.41238
1.41964
1.4701
1.44938
1.41091
1.4095
1.5864
1.52687
1.45245
1.43642
1.41413
1.40287
1.40711
1.4027
1.41748
1.43159
1.41171
1.40711
1.40267
1.40281
1.43863
1.42174
1.41547
1.41037
1.46175
1.42199
1.41278
1.4407
1.41354
1.59104
1.53801
1.4386
1.41534
1.4528
1.4213
1.42017
1.45496
1.56545
1.58985
1.4546
1.43607
1.42587
1.40291
1.40133
1.40064
1.40798
1.41312
1.42098
1.42052
1.40194
1.42497
1.41286
1.4045
1.4187
1.46251
1.42304
1.4194
1.44707
1.40984
1.58393
1.52567
1.45459
1.43443
1.41537
1.55958
1.44259
1.40889
1.40778
1.51177
1.43458
1.43243
1.4105
1.41536
1.41429
1.46896
1.41977
1.46686
1.42668
1.41637
1.51287
1.47606
1.41721
1.42775
1.77051
1.76556
1.88077
1.73979
1.41883
1.46214
1.42322
1.41967
1.44806
1.41198
1.40856
1.58458
1.52655
1.4525
1.43337
1.41393
1.40729
1.43828
1.4096
1.51784
1.5407
1.43052
1.43438
1.40906
1.40898
1.41999
1.40834
1.4797
1.41756
1.4291
1.5783
1.44005
1.40937
1.40661
1.51968
1.4363
1.42886
1.40931
1.40743
1.40434
1.40736
1.40459
1.40143
1.41031
1.40914
1.40409
1.40307
1.4018
1.41452
1.40702
1.40833
1.40541
1.40402
1.403
1.40231
1.40178
1.40712
1.40081
1.40371
1.40111
1.40141
1.42182
1.41794
1.45608
1.41461
1.4436
1.40867
1.40825
1.56542
1.56001
1.44891
1.44722
1.41884
1.4652
1.50863
1.71814
1.77718
1.79897
1.72678
1.40722
1.40368
1.4062
1.45443
1.42972
1.43738
1.63602
1.54298
1.55491
1.44206
1.43255
1.41898
1.46453
1.42376
1.41993
1.45511
1.41929
1.60442
1.55697
1.45795
1.41596
1.48527
1.42262
1.41926
1.47
1.42543
1.4199
1.44534
1.58844
1.5231
1.45211
1.43137
1.41319
1.42728
1.41607
1.48191
1.41799
1.41036
1.44146
1.40968
1.58452
1.51783
1.44218
1.42684
1.40827
1.40569
1.44688
1.5106
1.70918
1.66046
1.72096
1.76639
1.41929
1.47022
1.41614
1.44433
1.40982
1.40953
1.6006
1.5337
1.45916
1.44753
1.4245
1.40646
1.40547
1.4085
1.40544
1.47407
1.4319
1.42833
1.41351
1.4046
1.43058
1.42077
1.41827
1.41535
1.43825
1.41021
1.41115
1.40343
1.41159
1.44841
1.44187
1.4477
1.56314
1.53118
1.43145
1.42285
1.45231
1.41947
1.41833
1.45021
1.41215
1.41106
1.55008
1.572
1.4434
1.4175
1.47265
1.41513
1.57698
1.45265
1.41418
1.5456
1.46192
1.41699
1.44627
1.41142
1.57539
1.44183
1.40965
1.40709
1.5145
1.4256
1.43681
1.55028
1.41157
1.5096
1.43699
1.41011
1.48204
1.46848
1.42228
1.71116
1.81361
1.75019
1.74193
1.41281
1.4559
1.42108
1.42025
1.45213
1.41281
1.41122
1.562
1.57252
1.44234
1.44259
1.4144
1.41965
1.46745
1.42539
1.42018
1.45009
1.4175
1.41301
1.6006
1.52769
1.45614
1.43389
1.41485
1.40861
1.41129
1.41223
1.40309
1.42351
1.47181
1.41885
1.58439
1.45162
1.41266
1.53564
1.44138
1.43694
1.40911
1.56077
1.52389
1.43548
1.40888
1.4635
1.41895
1.42606
1.41355
1.41082
1.40771
1.42234
1.50311
1.4389
1.42619
1.61736
1.45047
1.41058
1.40714
1.54059
1.44926
1.43688
1.47368
1.42503
1.49695
1.42644
1.50248
1.75825
1.87223
1.7619
1.76242
1.48079
1.42841
1.41986
1.59953
1.56395
1.46876
1.44796
1.4212
1.40532
1.40754
1.41634
1.43269
1.47541
1.41209
1.40269
1.42011
1.41179
1.53061
1.53439
1.5149
1.45932
1.44964
1.41929
1.41817
1.44928
1.41225
1.44884
1.41219
1.41239
1.57607
1.58262
1.4495
1.44841
1.41702
1.42013
1.46852
1.42487
1.42039
1.44989
1.41097
1.40686
1.60133
1.53346
1.45736
1.4343
1.41426
1.4011
1.40053
1.40069
1.40212
1.4071
1.40328
1.40211
1.40371
1.42326
1.47259
1.57712
1.40816
1.51825
1.43017
1.41825
1.46492
1.41675
1.60341
1.46448
1.4348
1.62575
1.47463
1.43007
1.43708
1.50108
1.45682
1.40868
1.40387
1.47477
1.41311
1.47071
1.42377
1.4142
1.58287
1.54606
1.45348
1.4427
1.41689
1.47297
1.42408
1.41399
1.58328
1.54476
1.45278
1.44545
1.41765
1.42385
1.41947
1.46798
1.41931
1.44342
1.41004
1.40769
1.5777
1.52415
1.45151
1.43799
1.41962
1.42987
1.41548
1.5072
1.42882
1.52278
1.49848
1.44188
1.4302
1.6286
1.46349
1.42088
1.4584
1.91061
1.78542
1.80653
1.81586
1.40775
1.4149
1.43172
1.43181
1.40775
1.40783
1.53956
1.50064
1.45972
1.40523
1.4078
1.41027
1.41081
1.41593
1.40403
1.41861
1.40316
1.40694
1.43053
1.4076
1.44179
1.41277
1.60282
1.54882
1.44562
1.43867
1.52031
1.40004
1.40001
1.40001
1.40008
1.40002
1.40185
1.40179
1.41109
1.40299
1.41113
1.40535
1.41276
1.40259
1.40468
1.42123
1.41208
1.49501
1.42191
1.45219
1.63562
1.55194
1.46054
1.43787
1.41548
1.54347
1.49187
1.44554
1.42219
1.4308
1.41365
1.41955
1.47405
1.4243
1.4141
1.59567
1.45781
1.41565
1.55163
1.45388
1.44847
1.41788
1.41503
1.48893
1.43126
1.42271
1.42716
1.46019
1.6412
1.41916
1.45654
1.60155
1.46113
1.42136
1.46697
1.41872
1.59897
1.45864
1.41517
1.55308
1.4472
1.41998
1.47044
1.4265
1.42017
1.44294
1.60825
1.52483
1.45862
1.43058
1.41462
1.42
1.46931
1.42536
1.42037
1.45071
1.41147
1.40819
1.60476
1.53433
1.45811
1.43458
1.41449
1.41431
1.47043
1.42687
1.41762
1.4086
1.4331
1.57699
1.44446
1.41027
1.4078
1.43099
1.51552
1.63415
1.4629
1.42167
1.57608
1.56892
1.49195
1.44755
1.42469
1.41167
1.4109
1.40999
1.44883
1.41386
1.58743
1.43984
1.40985
1.40582
1.45156
1.41331
1.43041
1.43735
1.44541
1.42
1.42169
1.41939
1.47601
1.4273
1.41967
1.44909
1.41134
1.40905
1.60315
1.5331
1.45751
1.43583
1.4151
1.44227
1.41352
1.40842
1.41175
1.42132
1.4074
1.40262
1.41162
1.4077
1.40521
1.40388
1.40078
1.40234
1.40047
1.40127
1.42652
1.43272
1.40903
1.44385
1.4483
1.49677
1.4762
1.4238
1.40765
1.48782
1.43605
1.43649
1.4137
1.41136
1.41285
1.40757
1.4175
1.42053
1.41066
1.40653
1.42854
1.41689
1.48194
1.41726
1.41063
1.44389
1.40989
1.59456
1.52509
1.44514
1.42937
1.40939
1.40617
1.41124
1.41426
1.42191
1.41449
1.43003
1.46212
1.43613
1.41293
1.41979
1.48422
1.42621
1.42037
1.59479
1.5413
1.45396
1.43366
1.41403
1.42426
1.47277
1.41926
1.60379
1.54196
1.45919
1.44215
1.41479
1.48256
1.42992
1.41634
1.59281
1.44874
1.41046
1.53317
1.43254
1.40182
1.4032
1.40341
1.4022
1.40501
1.40631
1.40343
1.40167
1.40025
1.40269
1.40006
1.40038
1.40138
1.42079
1.48073
1.42771
1.41917
1.47157
1.4179
1.62034
1.53548
1.45856
1.4282
1.41556
1.40868
1.47112
1.58381
1.52245
1.44317
1.42975
1.41101
1.40826
1.40369
1.41346
1.41477
1.40688
1.43046
1.44683
1.41239
1.42836
1.42091
1.47725
1.41964
1.44994
1.4122
1.4101
1.60321
1.53115
1.45716
1.43419
1.41539
1.41948
1.47237
1.42415
1.41323
1.44435
1.41434
1.60386
1.54536
1.45978
1.43998
1.41412
1.41966
1.45207
1.41293
1.42046
1.58119
1.64618
1.44887
1.48515
1.42939
1.42477
1.48327
1.42694
1.41672
1.61981
1.52334
1.43206
1.45953
1.41901
1.47552
1.42469
1.41422
1.58941
1.45205
1.41205
1.54861
1.45491
1.44323
1.41735
1.40292
1.40154
1.41367
1.42206
1.40899
1.40703
1.40425
1.40294
1.425
1.43988
1.41363
1.4207
1.45663
1.41028
1.56735
1.57864
1.44102
1.49187
1.84381
1.73076
1.68038
1.72405
1.44307
1.4232
1.60558
1.55316
1.44625
1.48064
1.41165
1.41947
1.42491
1.41726
1.46616
1.41626
1.46293
1.41377
1.41227
1.59883
1.61382
1.44947
1.45156
1.41554
1.42138
1.46746
1.41728
1.5938
1.45398
1.41512
1.54081
1.45751
1.41604
1.48657
1.42987
1.42068
1.6053
1.57495
1.47352
1.45202
1.42231
1.40598
1.40372
1.43532
1.56574
1.48557
1.4277
1.41994
1.50147
1.44822
1.42275
1.40891
1.40818
1.4083
1.40461
1.4063
1.44229
1.40238
1.40536
1.42408
1.44678
1.41983
1.4193
1.40668
1.41921
1.4052
1.40655
1.40245
1.41609
1.42541
1.44016
1.55667
1.42335
1.51372
1.56767
1.50194
1.41835
1.40511
1.42275
1.49151
1.42925
1.42238
1.46033
1.42097
1.41084
1.64494
1.55438
1.47244
1.44281
1.41709
1.52939
1.44011
1.40973
1.42628
1.42066
1.4843
1.41702
1.41408
1.4508
1.41304
1.41077
1.61932
1.54578
1.43873
1.45086
1.41916
1.4745
1.46345
1.42435
1.61328
1.52977
1.45774
1.42944
1.41619
1.40914
1.43879
1.57683
1.40687
1.40006
1.40008
1.40001
1.40005
1.40002
1.40013
1.40007
1.40008
1.40005
1.42994
1.41675
1.4827
1.42892
1.41689
1.5828
1.43911
1.40886
1.40653
1.51808
1.4421
1.4272
1.40962
1.42246
1.45863
1.41162
1.59321
1.59807
1.44685
1.40285
1.40198
1.40306
1.40069
1.4007
1.4019
1.40445
1.57393
1.5244
1.43315
1.40465
1.40159
1.40797
1.40868
1.40329
1.40303
1.40153
1.50255
1.77854
1.88582
1.7795
1.76368
1.43089
1.52952
1.52272
1.43342
1.4716
1.41826
1.40837
1.59245
1.53731
1.44851
1.43628
1.41478
1.42667
1.48058
1.41773
1.60747
1.55583
1.45776
1.44175
1.41362
1.41034
1.41957
1.40794
1.40494
1.41295
1.40685
1.43469
1.42396
1.41138
1.40814
1.55725
1.53249
1.50013
1.42984
1.42145
1.83242
1.86347
1.86246
1.8108
1.41871
1.4841
1.43051
1.41996
1.45051
1.41166
1.63409
1.54576
1.46008
1.43736
1.41552
1.40937
1.58284
1.5355
1.43452
1.43431
1.40983
1.53812
1.44213
1.4284
1.41062
1.40832
1.40527
1.41604
1.48046
1.41574
1.5913
1.44227
1.41106
1.4097
1.57215
1.47133
1.44559
1.41883
1.60031
1.41751
1.57152
1.4524
1.45364
1.41179
1.41109
1.60845
1.53879
1.44826
1.42971
1.41205
1.40744
1.42151
1.41234
1.4945
1.4333
1.41824
1.45325
1.41115
1.6305
1.54886
1.45447
1.43669
1.41156
1.40864
1.4015
1.40004
1.40003
1.40016
1.40062
1.40085
1.40022
1.4017
1.40014
1.40042
1.42165
1.41241
1.49459
1.43325
1.41815
1.63204
1.45471
1.4116
1.4085
1.55081
1.45402
1.43869
1.41155
1.42157
1.45058
1.41084
1.40952
1.61274
1.53836
1.45762
1.43601
1.41577
1.50515
1.42573
1.48024
1.42628
1.50567
1.77353
1.89669
1.79303
1.78911
1.47651
1.42367
1.4917
1.75453
1.85718
1.77087
1.7668
1.42195
1.45791
1.41466
1.42184
1.41406
1.60301
1.61493
1.44814
1.4568
1.41716
1.42465
1.41839
1.46111
1.42239
1.41725
1.45461
1.42026
1.41462
1.64588
1.61799
1.47355
1.44684
1.42579
1.41903
1.40296
1.40139
1.41384
1.41252
1.40514
1.44434
1.42328
1.40605
1.40311
1.48192
1.4269
1.42115
1.62094
1.55228
1.45944
1.43865
1.41486
1.42115
1.48725
1.4271
1.41934
1.60729
1.44948
1.4113
1.54488
1.4549
1.43761
1.41454
1.49288
1.42496
1.50021
1.85564
1.75176
1.69217
1.76795
1.48915
1.428
1.41942
1.61292
1.52937
1.45073
1.42955
1.411
1.4079
1.48047
1.42977
1.64108
1.5905
1.45434
1.41909
1.41173
1.49267
1.42244
1.44539
1.41043
1.40858
1.64707
1.54607
1.46429
1.43633
1.41716
1.42134
1.4883
1.42818
1.42084
1.61524
1.4507
1.5507
1.45938
1.43775
1.41569
1.42414
1.48776
1.48175
1.49204
1.76612
1.84867
1.7987
1.76489
1.42252
1.48076
1.44954
1.41119
1.40693
1.61494
1.53935
1.46133
1.43458
1.41473
1.4223
1.4593
1.41365
1.59607
1.61474
1.45607
1.41705
1.43738
1.4358
1.52576
1.54501
1.51989
1.44343
1.41954
1.48281
1.42936
1.42465
1.6082
1.45613
1.41427
1.55827
1.47342
1.44194
1.41614
1.40875
1.4246
1.48775
1.47931
1.49305
1.75849
1.85518
1.79149
1.77592
1.42239
1.48003
1.81418
1.66746
1.67145
1.72425
1.45915
1.42254
1.41249
1.59401
1.61377
1.45062
1.429
1.42143
1.48539
1.41818
1.62189
1.46034
1.41591
1.41797
1.59634
1.46439
1.46685
1.43261
1.42606
1.41526
1.48412
1.41989
1.60324
1.44816
1.54411
1.45078
1.43618
1.4139
1.51199
1.4864
1.42831
1.78376
1.91101
1.81405
1.80176
1.42124
1.49146
1.42871
1.42083
1.6203
1.45402
1.41196
1.55065
1.45835
1.43922
1.41464
1.48291
1.42286
1.80508
1.67321
1.6796
1.75444
1.40057
1.4001
1.40029
1.41922
1.45136
1.41208
1.40903
1.6155
1.53855
1.45614
1.43393
1.41379
1.48532
1.915
1.78076
1.80703
1.80016
1.46682
1.42008
1.41711
1.41475
1.41076
1.4164
1.42294
1.46069
1.4127
1.60086
1.61736
1.45124
1.47054
1.42501
1.4182
1.60447
1.46569
1.41996
1.41025
1.55016
1.445
1.49553
1.43611
1.51265
1.77777
1.87694
1.78391
1.75319
1.48429
1.43013
1.41884
1.52624
1.43363
1.42111
1.49516
1.52986
1.43255
1.98114
1.84008
1.8071
1.8163
1.49703
1.85986
1.75132
1.69848
1.76883
1.47675
1.42648
1.40907
1.60771
1.53763
1.43629
1.42149
1.40918
1.40702
1.42441
1.46885
1.41009
1.42327
1.40617
1.40802
1.51413
1.4518
1.43971
1.41497
1.41334
1.4712
1.42405
1.4203
1.45026
1.41203
1.41012
1.60326
1.53472
1.43615
1.42681
1.48747
1.61033
1.54653
1.43838
1.50026
1.48125
1.75494
1.8549
1.81124
1.7861
1.86522
1.75619
1.69822
1.76974
1.47808
1.7438
1.81818
1.79699
1.7631
1.42047
1.63139
1.48039
1.41812
1.56381
1.45818
1.44316
1.4154
1.49971
1.87183
1.7545
1.69838
1.75279
1.42235
1.49588
1.4298
1.42182
1.62749
1.45302
1.41023
1.55794
1.46112
1.43626
1.41387
1.42161
1.42862
1.50483
1.42521
1.62241
1.45304
1.41354
1.5391
1.45475
1.41094
1.49707
1.43169
1.47853
1.59877
1.54121
1.43576
1.51707
1.82531
1.89272
1.8168
1.75689
1.4811
1.42698
1.42157
1.45837
1.41207
1.40963
1.65045
1.56486
1.4403
1.49474
1.43135
1.42218
1.44612
1.41199
1.63557
1.5566
1.45887
1.416
1.4279
1.40801
1.49985
1.42077
1.49181
1.42723
1.4196
1.61988
1.5944
1.47702
1.45882
1.42091
1.42809
1.48692
1.42172
1.6307
1.57086
1.46247
1.44764
1.42031
1.43165
1.41703
1.48864
1.44016
1.42805
1.51749
1.43039
1.52848
1.49634
1.81758
1.94437
1.82626
1.82327
1.42443
1.49341
1.49952
1.86841
1.75223
1.69636
1.75749
1.60254
1.54408
1.43629
1.49451
1.42523
1.50292
1.86453
1.75426
1.6958
1.77143
1.4846
1.42716
1.4214
1.61857
1.56876
1.46809
1.44302
1.41887
1.40077
1.40409
1.40387
1.40245
1.4054
1.42987
1.41247
1.41031
1.40341
1.40248
1.40089
1.40139
1.40472
1.41232
1.45588
1.61781
1.45876
1.60873
1.50196
1.45815
1.42367
1.59408
1.46763
1.51954
1.45069
1.40989
1.48116
1.42467
1.4953
1.76902
1.86818
1.79786
1.78118
1.47605
1.42715
1.61888
1.54296
1.43698
1.48749
1.43095
1.41935
1.52893
1.4339
1.42135
1.49731
1.53402
1.43318
1.99214
1.84861
1.8159
1.82452
1.50798
1.51398
1.82188
1.90398
1.81726
1.77148
1.48603
1.42957
1.41901
1.60477
1.45785
1.42461
1.53218
1.49062
1.43488
1.80504
1.93167
1.84604
1.81963
1.4337
1.41737
1.495
1.41946
1.45102
1.41171
1.4104
1.6461
1.5638
1.46867
1.44204
1.42114
1.48035
1.7613
1.86709
1.79501
1.78733
1.4325
1.43315
1.49645
1.42325
1.48487
1.42251
1.41128
1.66854
1.56832
1.51024
1.43999
1.42738
1.41163
1.41819
1.43857
1.48527
1.42112
1.55701
1.54045
1.48937
1.52159
1.43245
1.48319
1.66048
1.55451
1.43906
1.41114
1.44752
1.53661
1.44199
1.51448
1.4309
1.44292
1.71603
1.50414
1.57221
1.94528
2.09457
1.87624
1.88431
1.43315
1.61603
1.57096
1.46771
1.438
1.41407
1.40967
1.41057
1.403
1.40126
1.40157
1.41399
1.40355
1.4046
1.40174
1.44655
1.43679
1.52348
1.43037
1.48671
1.42156
1.41625
1.55538
1.48542
1.44354
1.98185
1.97544
1.82738
1.72442
1.51138
1.92508
1.77588
1.82484
1.80435
1.40426
1.40544
1.40519
1.4152
1.41818
1.42169
1.40971
1.4111
1.46416
1.42517
1.41012
1.5882
1.58998
1.44592
1.43348
1.49161
1.43244
1.43108
1.64668
1.54847
1.50427
1.43909
1.42285
1.41137
1.4306
1.54692
1.56138
1.43583
1.40889
1.54235
1.50107
1.49102
1.42874
1.51684
1.80055
1.92986
1.82112
1.81367
1.43011
1.52078
1.47818
1.42204
1.60288
1.45344
1.97896
1.97006
1.77569
1.70246
1.52813
1.43527
1.41356
1.52275
1.48013
1.4379
1.98773
1.94121
1.81485
1.70334
1.59365
1.54119
1.43915
1.49314
1.42544
1.4122
1.41043
1.5282
1.46459
1.42551
1.54435
1.43608
1.50289
1.48239
1.76451
1.86443
1.81469
1.78999
1.48008
1.42851
1.62683
1.54422
1.87855
1.76272
1.70516
1.77166
1.41074
1.42114
1.40725
1.40373
1.41218
1.41932
1.40327
1.40639
1.40095
1.40144
1.48839
1.42162
1.42781
1.40557
1.45674
1.41201
1.42208
1.63331
1.58026
1.50339
1.4238
1.4282
1.48264
1.62444
1.58537
1.46539
1.42525
1.60815
1.55408
1.4394
1.41757
1.41667
1.5943
1.46978
1.45915
1.41905
1.58972
1.47467
1.49651
1.43672
1.40782
1.52143
1.53917
1.43228
1.42813
1.44777
1.42899
1.48416
1.61025
1.53524
1.62442
1.57324
1.44161
1.91354
1.78655
1.796
1.79887
1.44261
1.52034
1.4974
1.52116
1.42997
1.95023
1.82392
1.82175
1.83706
1.62805
1.55725
1.44124
1.43028
1.51683
1.96007
1.81572
1.81784
1.82042
1.54468
1.44835
1.44913
1.41595
1.4177
1.40813
1.40013
1.40002
1.40001
1.4002
1.40005
1.40006
1.40017
1.41739
1.42302
1.41477
1.49187
1.43301
1.47716
1.42651
1.43297
1.41876
1.49751
1.43072
1.42213
1.46049
1.64698
1.56667
1.45869
1.43926
1.41422
1.50158
1.47467
1.74716
1.81923
1.82326
1.75882
1.41614
1.48141
1.42817
1.4199
1.442
1.41003
1.59955
1.5275
1.44965
1.43091
1.41133
1.40754
1.62181
1.55141
1.44192
1.61895
1.55367
1.4432
1.51439
1.80683
1.93589
1.81403
1.81077
1.50315
1.43581
1.43786
1.64053
1.49919
1.42229
1.42249
1.55818
1.44813
1.41245
1.49624
1.42093
1.43068
1.40816
1.50372
1.4406
1.41093
1.40784
1.41498
1.43971
1.42211
1.47586
1.58918
1.52862
1.43429
1.40785
1.41467
1.59904
1.51236
1.47089
1.80563
1.65132
1.54329
1.57282
1.922
1.73775
2.1766
1.9541
1.40948
1.52327
1.45394
1.42902
1.41483
1.41633
1.4825
1.42871
1.42038
1.4421
1.40995
1.60235
1.52781
1.45074
1.43075
1.41227
1.40811
1.45158
1.59117
1.61005
1.48716
1.45652
1.42043
1.40203
1.40068
1.40222
1.40076
1.40266
1.40135
1.42598
1.41811
1.48998
1.41848
1.61004
1.45093
1.41213
1.40957
1.53434
1.44712
1.44296
1.41226
1.52745
1.48939
1.4356
1.41901
2.01987
1.84598
1.8234
1.78346
1.61335
1.55459
1.4361
1.43703
1.4202
1.51203
1.42395
1.48705
1.42352
1.4121
1.66975
1.58042
1.46166
1.44566
1.41641
1.43424
1.5182
1.44289
1.66198
1.45914
1.61289
1.55462
1.43673
1.48152
1.49041
1.42513
1.41123
1.626
1.54853
1.43787
1.42322
1.49273
1.42201
1.43045
1.45738
1.41079
1.40863
1.64461
1.55416
1.46638
1.43663
1.41556
1.48252
1.42934
1.40916
1.64342
1.55603
1.43611
1.45073
1.41089
1.4094
1.61976
1.54561
1.43585
1.51558
1.94218
1.79581
1.83195
1.82411
1.50147
1.4969
1.45314
1.53235
1.46609
1.54608
1.47995
1.53399
1.43281
1.42192
1.51988
1.44365
1.49581
1.53711
1.43248
2.01743
1.8134
1.87109
1.83046
1.52823
1.49473
1.4321
1.5255
1.81301
1.94432
1.85282
1.84097
1.43422
1.41839
1.48778
1.43216
1.53483
1.42415
1.43346
1.49785
1.54054
1.43133
1.84977
2.01634
1.824
1.84724
1.4866
1.42893
1.4223
1.45871
1.41173
1.40925
1.66239
1.56978
1.44042
1.52245
1.52962
1.80408
1.97375
1.80391
1.8108
1.5348
1.57783
1.45744
1.42998
1.57037
1.48431
1.61577
1.55659
1.4391
1.46457
1.42735
1.59341
1.44295
1.44868
1.46118
1.41418
1.77422
1.60247
1.60191
1.44885
1.44483
1.48604
1.6215
1.55214
1.53682
1.43438
1.41936
1.53353
1.48905
1.43384
1.82932
2.01845
1.81105
1.85499
1.41816
1.49155
1.84612
1.73396
1.9386
1.9326
1.61813
1.55749
1.43676
1.40352
1.401
1.40523
1.40029
1.40154
1.40039
1.505
1.80538
1.90239
1.82345
1.78877
1.52083
1.52846
1.86237
1.92402
1.86014
1.78256
1.41441
1.42983
1.43438
1.4183
1.41022
1.51797
1.43143
1.52166
1.97225
1.82669
1.81588
1.81925
1.42327
1.46625
1.41475
1.41064
1.67974
1.60029
1.47915
1.44798
1.42152
1.50976
1.90259
1.70737
1.81947
1.79713
1.42166
1.48437
1.41861
1.44986
1.41185
1.40966
1.64888
1.56469
1.47345
1.44229
1.42093
1.63583
1.56219
1.43697
1.42121
1.42086
1.41673
1.41733
1.46106
1.42004
1.41483
1.47761
1.64542
1.4539
1.59517
1.46592
1.50414
1.42696
1.42177
1.40516
1.40299
1.41121
1.41173
1.41513
1.40723
1.40726
1.40317
1.61834
1.46148
1.4861
1.42007
1.59985
1.49317
1.45122
1.42062
1.4895
1.43178
1.42102
1.45362
1.4131
1.40904
1.63301
1.54711
1.43269
1.49542
1.51523
1.76566
1.89379
1.79159
1.7883
1.52746
1.45614
1.41204
1.66259
1.5602
1.43896
1.40909
1.52078
1.81958
1.95181
1.83655
1.82581
1.59013
1.42445
1.58253
1.4576
1.52507
1.60036
1.47078
1.62599
1.44837
1.46638
1.5192
1.48579
1.43007
1.81008
1.84014
1.79738
1.97946
1.40151
1.4113
1.40503
1.40877
1.62957
1.57846
1.46892
1.60088
1.49278
1.45135
1.42052
1.62081
1.4622
1.48757
1.42032
1.4085
1.40332
1.4026
1.44897
1.40899
1.41505
1.46569
1.42991
1.44608
1.43624
1.41933
1.45055
1.41091
1.61984
1.53973
1.45263
1.43523
1.41138
1.40878
1.40126
1.40306
1.46716
1.46735
1.42835
1.422
1.40673
1.40547
1.42261
1.44898
1.52565
1.43023
1.49312
1.95294
1.81082
1.83809
1.84464
1.52332
1.52663
1.54084
1.82402
2.00388
1.83542
1.86687
1.54736
1.44695
1.42437
1.4588
1.42604
1.42795
1.59718
1.60575
1.62659
1.47696
1.47539
1.97267
1.82325
1.84496
1.8417
1.62422
1.55847
1.43938
1.49405
1.47585
1.41688
1.99152
1.83441
1.80857
1.80895
1.42694
1.43195
1.41514
1.44584
1.40984
1.63538
1.54755
1.43897
1.41048
1.45196
1.41074
1.40886
1.627
1.54695
1.43564
1.62262
1.55893
1.44027
1.43084
1.52287
1.4485
1.42429
1.54376
1.44678
1.57211
1.5096
1.44924
1.42854
1.99909
2.01898
1.90638
1.77475
1.51419
1.44411
1.43942
1.4143
1.4118
1.6454
1.56227
1.43598
1.42051
1.48526
1.41868
1.43432
1.53274
1.99962
1.83372
1.84163
1.83051
1.61601
1.5588
1.4365
1.49026
1.51338
1.8387
1.96908
1.80852
1.79872
1.49919
1.54756
1.43718
1.98257
1.82696
1.86816
1.84323
1.4281
1.54573
1.53825
1.46787
1.42684
1.49023
1.81756
1.77735
1.79421
1.57462
1.57871
1.49982
1.63265
1.54834
1.43646
1.40867
1.46147
1.48487
1.70458
1.78815
1.84749
1.94737
1.76928
1.64708
1.99906
2.22209
1.52624
1.56382
1.51019
1.43806
1.4235
1.88849
2.07507
1.83991
1.83301
1.40015
1.40006
1.40001
1.40007
1.40019
1.40038
1.40004
1.45511
1.41335
1.42611
1.40654
1.64395
1.57806
1.46341
1.41423
1.52014
1.42433
1.41655
1.42907
1.48811
1.45161
1.60193
1.52672
1.42591
1.4073
1.43547
1.41811
1.5144
1.42312
1.62874
1.45207
1.41233
1.40884
1.55171
1.48354
1.43895
1.42019
1.50281
1.43361
1.53222
1.4363
1.50813
1.53941
2.04594
1.85917
1.8667
1.82318
1.53276
1.85821
1.99922
1.83978
1.81082
1.45642
1.63867
1.55165
1.4391
1.5164
1.42228
1.48642
1.4204
1.46766
1.453
1.41378
1.40613
1.41587
1.41542
1.48977
1.48524
1.44561
1.44622
1.44207
1.422
1.50133
1.41714
1.40572
1.52643
1.45418
1.41007
1.42187
1.42143
1.45888
1.42242
1.65981
1.57924
1.46259
1.44937
1.41581
1.41387
1.5347
1.85755
2.00044
1.84406
1.81527
1.53027
1.44916
1.42835
1.52884
1.47554
1.61204
1.62055
1.65029
1.4095
1.57614
1.445
1.47412
1.69706
1.67498
1.51271
1.47219
1.43403
1.60352
1.53027
1.42784
1.40753
1.47523
1.41918
1.42715
1.40786
1.4086
1.63277
1.58683
1.45049
1.53021
1.53279
1.4331
1.86874
2.03328
1.82374
1.83685
1.44169
1.41902
1.61621
1.47718
1.58009
1.50825
1.59363
1.41711
1.41485
1.41964
1.40545
1.55826
1.57041
1.49514
1.40983
1.41236
1.41279
1.41224
1.49559
1.63371
1.55957
1.43808
1.86077
1.93371
1.85267
1.78739
1.43477
1.41868
1.50801
1.43662
1.64916
1.45312
1.41157
1.41049
1.59096
1.4475
1.41308
1.56498
1.5311
1.46864
1.42824
1.45657
1.63405
1.56337
1.44349
1.42188
1.45449
1.4129
1.6678
1.56292
1.44045
1.41082
1.43735
1.41473
1.56299
1.46892
1.40148
1.40736
1.40251
1.40424
1.40286
1.41242
1.42027
1.45668
1.41548
1.42773
1.41556
1.40544
1.40272
1.40249
1.41744
1.42082
1.41438
1.40844
1.4068
1.41921
1.49748
1.46228
1.41636
1.41267
1.63262
1.5584
1.45078
1.45704
1.57973
1.89405
1.98249
1.96562
1.88926
1.40374
1.40138
1.4058
1.40132
1.40414
1.40865
1.40301
1.63373
1.40861
1.56865
1.4376
1.58405
1.49069
1.42859
1.43401
1.53005
1.52168
1.44932
1.41827
1.54952
1.45179
1.41813
1.43767
1.4142
1.4
1.4
1.4
1.4
1.4
1.4
1.4
1.4
1.4
1.54101
1.44516
1.46195
1.68561
1.55802
1.47301
1.41566
1.42381
1.41106
1.44943
1.43045
1.42382
1.41509
1.42159
1.4068
1.40481
1.41432
1.61497
1.5554
1.43423
1.41261
1.41073
1.40919
1.42729
1.41701
1.4088
1.4099
1.4236
1.41969
1.40865
1.82369
1.98514
1.83839
1.84281
1.83726
1.95814
1.86486
1.83502
1.40056
1.40056
1.40084
1.40066
1.4008
1.40057
1.40021
1.40032
1.40445
1.40257
1.40287
1.4012
1.40133
1.43232
1.50139
1.63342
1.54659
1.43097
1.4083
1.42797
1.42172
1.40501
1.4309
1.43996
1.41689
1.41543
1.62934
1.40733
1.57563
1.436
1.79885
1.94162
1.86192
1.84306
1.51752
1.532
1.42419
1.48596
1.46605
1.55493
1.45854
1.43105
1.58883
1.48106
1.6381
1.40952
1.57366
1.44294
1.40786
1.41095
1.40409
1.40034
1.40102
1.40034
1.4008
1.40043
1.40035
1.4055
1.40548
1.45983
1.43097
1.428
1.42421
1.41538
1.42255
1.45475
1.41286
1.67292
1.56442
1.44072
1.41101
1.43863
1.41643
1.56641
1.4725
1.5068
1.65883
1.56997
1.44093
1.48907
1.54429
1.42206
1.43409
1.86071
1.93227
1.89366
1.79796
1.68389
1.59319
1.44708
1.43677
1.41906
1.51566
1.43945
1.41566
1.55186
1.43382
1.44771
1.40727
1.40882
1.40511
1.40341
1.41107
1.4029
1.41477
1.40483
1.40598
1.49846
1.65655
1.5615
1.43454
1.40848
1.49574
1.70188
1.60771
1.67311
1.49755
1.46782
1.4206
1.41613
1.51078
1.43658
1.42056
1.55405
1.43856
1.46371
1.52958
1.48933
1.58599
1.49732
1.54653
2.07076
1.84815
1.86944
1.80527
1.40333
1.41464
1.40546
1.40333
1.40533
1.44431
1.44449
1.46783
1.42322
1.45586
1.41962
1.4354
1.54147
1.56283
1.45389
1.4498
1.41872
1.41327
1.87944
1.94738
1.8774
1.79221
1.41237
1.40329
1.40568
1.41643
1.41655
1.41183
1.40688
1.40569
1.41977
1.45256
1.41187
1.63955
1.55056
1.46051
1.43904
1.41381
1.40966
1.41827
1.41359
1.42305
1.42635
1.41024
1.40786
1.64593
1.55754
1.44108
1.40003
1.40059
1.40017
1.40019
1.40201
1.40061
1.61464
1.53938
1.43153
1.40728
2.01104
1.83163
1.77634
2.38763
1.68402
2.76541
1.99479
2.00482
1.74902
1.49953
1.65779
1.56138
1.43436
1.40847
1.40946
1.40996
1.40259
1.41845
1.40292
1.40611
1.40001
1.4
1.40001
1.40008
1.40004
1.49886
1.64715
1.57001
1.44048
1.498
1.65191
1.55319
1.43831
1.41447
1.48687
1.87869
1.85593
1.83358
1.98642
1.44021
1.54659
1.45379
1.55095
1.44307
1.42162
1.41654
1.62011
1.59546
1.48193
1.90914
1.93478
1.98211
1.92861
1.62062
1.5638
1.54078
1.44514
1.41834
1.57023
1.63709
1.45675
1.47319
1.42267
1.51752
1.43652
1.69586
1.59056
1.4481
1.45499
1.62714
1.53227
1.45315
1.42834
1.81355
1.54979
1.5036
1.99663
1.83092
1.86647
1.84599
1.64571
1.58108
1.4477
1.89213
1.96974
1.88639
1.80558
1.40776
1.47919
1.41907
1.40737
1.40683
1.42842
1.42185
1.40992
1.4998
1.58061
1.42774
1.59612
1.49056
1.52771
1.44214
1.42795
1.40997
1.40398
1.40088
1.41058
1.40039
1.40184
1.50273
1.64618
1.58801
1.44718
1.50231
1.6421
1.54938
1.43197
1.40864
1.49997
1.63894
1.5533
1.4383
1.4
1.4
1.4
1.4
1.4
1.4
1.4
1.40579
1.40282
1.42084
1.41874
1.4105
1.41137
1.41834
1.43921
1.42178
1.6466
1.57277
1.44484
1.90455
1.69798
1.70721
1.75047
1.40629
1.4065
1.40641
1.41446
1.40222
1.42354
1.4155
1.40335
1.40524
1.40811
1.41455
1.54545
1.43747
1.51569
1.55083
1.43852
1.42403
1.94127
2.09886
1.87076
1.86656
2.01304
1.86436
1.73337
1.78981
1.53502
2.01963
1.82203
1.88798
1.85876
1.50554
1.66928
1.61883
1.45773
2.00386
1.86302
1.84384
1.87858
1.48662
1.6928
2.02964
1.86517
1.95128
1.93214
1.4131
1.56598
1.599
1.45222
1.4171
1.44951
1.41074
1.42708
1.45002
1.42051
1.60531
1.46086
1.56829
1.60299
1.62333
1.65642
1.48235
1.46435
1.43892
1.40962
1.43583
1.44151
2.05699
1.88444
1.8404
1.84086
1.47121
1.74298
1.90256
1.99723
2.08772
1.50272
1.64592
1.55909
1.43873
1.46938
1.71122
1.9474
1.91574
2.11553
1.44841
1.41897
1.58358
1.57665
1.4717
1.44339
1.42937
1.41562
1.62606
1.59915
1.47603
2.03288
1.91667
1.87769
1.71421
1.42608
1.4089
1.53909
1.45071
1.42786
1.55197
1.45034
1.49959
1.63719
1.58629
1.45378
1.40257
1.40429
1.41418
1.40446
1.42298
1.41404
1.41165
1.45083
1.44741
1.44346
1.45597
2.06445
1.88903
1.84761
1.84658
1.42561
1.54023
1.45098
1.42748
1.55211
1.44769
1.42742
1.40901
1.40418
1.40364
1.42207
1.41173
1.40803
1.46234
1.44058
1.46732
1.45017
1.5071
1.66355
1.56839
1.4407
1.49276
1.88741
1.75121
2.03404
2.02123
2.06886
1.86083
1.88908
1.84863
1.69382
1.58672
1.48824
1.44431
1.42336
1.63863
1.55575
1.45326
1.52155
1.42244
1.53967
1.42582
1.45878
1.50981
1.43509
1.42293
1.49987
1.64838
1.55439
1.44065
1.48928
1.42832
1.697
1.78642
1.75285
1.80492
1.66432
1.48226
1.48157
1.43528
1.44448
1.40622
1.41449
1.46611
1.50448
1.41785
1.51321
1.43914
1.44905
1.66984
1.54547
1.43303
1.55375
1.45641
1.47362
1.73504
1.89187
2.01528
2.10877
1.42957
1.4199
1.43817
1.60148
1.60089
1.47031
1.59201
1.64673
1.48402
1.4416
1.57321
1.50118
1.47088
1.45359
1.6186
1.48319
1.55513
2.14569
2.0816
2.04498
1.8438
1.91265
1.84757
2.08841
1.84399
1.47563
1.50404
1.5433
1.45521
1.42437
1.63979
1.48232
1.5914
1.47177
1.43007
1.42351
1.42066
1.46938
1.42325
1.56102
1.45077
1.47639
1.499
1.89802
2.05573
1.86692
1.86901
1.52099
1.95886
2.10291
1.93688
1.89458
1.67906
1.64507
1.46862
1.90444
2.0926
1.82165
1.8597
1.65718
1.47873
1.4
1.4
1.4
1.4
1.4
1.44321
1.41305
1.41739
1.46256
1.41346
1.42381
1.4075
1.43554
1.42693
1.88823
2.08286
1.7886
1.73558
1.41311
1.4043
1.44644
1.44966
1.42977
1.41468
1.4138
1.44624
1.46921
1.50351
1.51848
1.50286
1.42185
1.42454
1.5689
1.59993
1.54201
1.49104
1.47189
1.41343
1.57761
1.46813
1.43397
1.57114
1.46133
1.40175
1.40178
1.4011
1.40122
1.40401
1.40321
1.40354
1.40343
1.49207
1.53022
1.55952
1.50032
1.59578
1.42281
1.62427
1.49299
1.44274
1.62177
1.50379
1.45992
1.63086
1.54791
1.44197
1.53309
1.5235
1.53245
2.11393
1.84755
1.83351
2.52637
2.31916
1.96879
1.83611
1.66755
1.79508
1.60815
1.45882
1.42801
1.4134
1.50769
1.43952
1.40103
1.40317
1.40372
1.40176
1.40871
1.40298
1.50652
1.67867
1.61759
1.45869
1.53778
1.5312
1.43784
1.419
1.45074
1.67512
2.0722
1.98214
2.01562
2.15024
1.49441
1.56223
1.44184
1.57312
1.47799
1.52622
1.48055
1.41628
1.52828
1.57985
1.44982
1.42392
1.45975
1.42428
1.55784
1.44824
1.42466
1.59212
1.57757
1.62601
1.47816
1.46163
1.50795
2.0782
1.87122
1.92533
1.87338
1.41411
1.41223
1.41401
1.40497
1.40541
1.40208
1.58531
1.57412
1.45742
1.44991
1.41919
1.56306
1.90485
2.11657
1.85908
1.88161
1.53188
1.44441
1.42158
1.46277
1.4298
1.42224
1.61198
1.63406
1.60885
1.44755
1.47838
1.42909
1.56184
1.45318
1.42738
1.6109
1.60893
1.63779
1.48076
1.475
1.57309
1.55668
1.5876
1.46291
1.42165
1.45699
1.92232
2.05992
1.88321
1.85715
1.51906
1.44264
1.54653
1.59474
1.44895
1.46689
1.4247
1.42294
1.55218
1.59584
1.45836
1.66473
1.41784
1.58244
1.45967
1.45158
1.414
1.67803
1.54676
1.46085
1.45379
1.41496
1.74597
1.68546
2.05856
2.02603
1.52911
1.44918
1.42482
1.52988
1.59049
1.44508
1.41742
1.46209
1.41535
1.51081
1.44491
1.42032
1.57703
1.48777
1.41228
1.52795
1.43988
1.41303
1.41427
1.54627
1.592
1.46142
1.45485
1.52347
1.44113
1.54457
1.5732
1.4546
1.42023
1.45425
1.41294
1.4244
1.4158
1.49693
1.54916
1.43808
1.57536
1.50527
1.4474
1.51337
1.56286
1.44235
2.09555
1.88769
1.93899
1.88377
1.55757
1.56814
1.62699
1.46837
1.4401
1.56063
1.4933
1.56534
1.57151
1.61451
1.51378
1.56507
1.50156
1.50454
1.44895
1.61211
1.54384
1.8138
1.5491
2.10146
1.98146
2.07067
2.22658
1.53677
1.44734
1.42063
1.54141
1.44763
1.402
1.40123
1.45084
1.42818
1.43424
1.41111
1.40462
1.4268
1.43153
1.41092
1.40579
1.43092
1.43987
1.41555
1.42407
1.40781
1.45202
1.41743
1.56042
1.54646
1.44236
1.52671
1.44247
1.54421
1.42232
1.41587
1.56057
1.44059
1.53189
1.48229
1.58841
1.64061
1.48173
1.46834
1.41247
1.42927
1.41735
1.52751
1.44354
1.54511
1.44165
1.60906
1.46225
1.54815
1.48583
1.52265
1.44632
1.41804
1.4144
1.57247
1.45601
1.41967
1.44871
1.70976
1.5937
1.44329
1.41308
1.45968
1.40723
1.41043
1.40391
1.40986
1.56889
1.63024
1.88408
1.99939
1.96307
1.87699
1.49883
1.56919
1.44077
1.45963
1.58808
1.51568
1.46563
1.69803
1.47759
1.86404
1.73782
1.6541
1.78523
1.72588
2.16317
1.99455
1.43504
1.69446
1.50124
1.42317
1.40092
1.40039
1.40032
1.40164
1.40115
1.40075
1.40051
1.5468
1.45108
1.41811
1.41538
1.56361
1.60565
1.46808
1.46089
1.49721
1.53834
1.55272
1.4453
1.53684
1.45516
1.43378
1.57797
1.45188
1.42494
1.47168
1.43283
1.551
1.61225
1.45571
1.5845
1.59197
1.4469
1.64245
1.90997
1.60833
1.54449
2.00746
1.93887
2.21797
2.38372
1.40137
1.40447
1.43902
1.42273
1.4398
1.43228
1.43406
1.43626
1.42053
1.4392
1.41013
1.40744
1.42055
1.56957
1.45496
1.42598
1.42229
1.60134
1.59381
1.64038
1.46503
1.46243
1.97979
1.95902
1.8621
1.58482
1.7105
1.4077
1.44059
1.42327
1.55596
1.57088
1.45679
1.5232
1.44318
1.42343
1.5212
1.4538
1.42946
1.5816
1.68647
1.57289
1.46692
1.519
1.41632
1.41343
1.40935
1.41518
1.41671
1.40948
1.40499
1.40975
1.41143
1.54907
1.44106
1.525
1.47681
1.40968
1.53259
1.43208
1.58323
1.61083
1.61925
1.54214
1.43035
1.54725
1.44448
1.45485
1.55038
1.41583
1.47555
1.90102
1.73044
2.04826
1.9472
1.40136
1.40081
1.40578
1.40786
1.40917
1.40629
1.40301
1.40219
1.858
1.79745
1.73954
1.48892
1.86506
2.02349
1.88379
1.86803
1.58331
1.98986
2.16622
1.91829
1.93126
1.54325
1.56292
1.53327
1.58979
1.52428
1.43658
1.52185
1.43678
1.49742
1.41584
1.53693
1.44805
1.4193
1.57405
1.46044
1.40868
1.40428
1.42762
1.40243
1.41533
1.43548
1.43154
1.41367
1.41133
1.42269
1.45563
1.44627
1.52018
1.43738
1.41945
1.46088
1.42821
1.4227
1.62281
1.63425
1.60715
1.45213
1.48309
1.65169
1.83206
1.62833
1.45564
1.41919
1.48865
1.43429
1.4217
1.56198
1.57638
1.43419
1.4744
1.60288
1.45613
1.46718
1.42233
1.52661
1.44522
1.4196
1.61382
1.45992
1.45722
1.57829
1.56067
1.56017
1.44455
1.45094
1.42466
1.43214
1.61834
1.62084
1.61163
1.46822
1.48104
1.42154
1.41393
1.4068
1.41033
1.4741
1.45095
1.43723
1.42779
1.56745
1.91225
1.88903
1.96511
2.11861
1.46116
1.43133
1.44537
1.53234
1.45415
1.76835
1.74382
1.72219
1.62761
1.60079
1.50097
1.54763
1.45027
1.42025
1.42867
1.57806
1.50217
1.44612
1.42146
1.42091
1.55507
1.4486
1.42389
1.61308
1.58227
1.63572
1.46825
1.45518
1.5257
1.43336
1.41476
1.58715
1.45456
1.45696
1.42273
1.4
1.40001
1.40001
1.4
1.53935
1.44214
1.41785
1.45039
1.41803
1.61919
1.60336
1.64791
1.4574
1.47957
1.43471
1.47928
1.5676
1.45306
1.45322
1.91141
1.83973
1.72629
1.61595
1.5623
1.5541
1.44775
1.40001
1.40002
1.42712
1.4359
1.4692
1.41516
1.44405
1.48186
1.47198
1.42098
1.42705
1.41134
1.61859
1.41043
1.5737
1.57151
1.45504
1.42223
1.45844
1.50403
1.56477
1.59479
1.53408
1.48862
1.46124
1.53094
1.50015
1.40965
1.45565
1.42235
1.55283
1.44033
1.50765
1.46923
1.55864
1.58784
1.49968
1.59617
1.45913
1.42612
1.41779
1.61083
1.58213
1.6562
1.4772
1.46283
1.41075
1.40337
1.403
1.40274
1.42677
1.43137
1.41529
1.41458
1.51132
1.42815
1.59521
1.62681
1.45937
1.43226
1.58814
1.55617
1.5596
1.44883
1.45264
1.60925
1.60141
1.47086
1.57418
1.6629
1.49411
1.42939
1.46256
1.4
1.40002
1.4
1.4
1.40001
1.4
1.4
1.40107
1.40243
1.40146
1.4
1.4
1.4
1.4
1.4
1.4
1.4
1.50121
1.46129
1.42341
1.5975
1.44875
1.41707
1.44987
1.44057
1.49962
1.441
1.4231
1.56317
1.4554
1.42726
1.62356
1.47458
1.42522
1.47527
1.42071
1.41465
1.55359
1.58629
1.45414
1.60798
1.61685
1.4578
1.62304
1.68774
1.71836
2.14778
1.89652
2.09719
2.02264
1.41475
1.41099
1.40381
1.40841
1.44136
1.42374
1.40726
1.76598
1.6472
1.65081
1.49819
1.44987
1.42815
1.40903
1.40626
1.41401
1.40527
1.41515
1.4034
1.40762
1.40126
1.40261
1.5526
1.5544
1.58627
1.46555
1.44806
1.84796
1.94277
1.6107
1.62951
1.8421
1.46629
1.4383
1.5496
1.52893
1.45245
1.41761
1.59242
1.61251
1.61301
1.45037
1.53004
1.43744
1.41467
1.44139
1.56175
1.57076
1.62631
1.65711
1.4599
1.42893
1.47863
1.42433
1.92263
1.92202
1.9892
2.20225
1.95717
1.87966
2.17346
1.87041
1.52897
1.55025
1.53765
1.44512
1.43658
1.51235
1.51819
1.60909
1.63058
1.50737
1.53439
1.52554
1.43798
1.54636
1.56898
1.43708
1.44175
2.02094
1.89718
1.97294
2.06716
1.42191
1.59089
1.61642
1.59905
1.66976
1.47481
1.45932
1.55977
1.41629
1.59744
1.4542
1.45328
1.41985
1.61601
1.45362
1.49967
1.57567
1.45467
1.42662
1.60837
1.64619
1.46922
1.60192
1.4499
1.58567
1.57756
1.46098
1.56573
1.6316
1.47333
1.4272
1.4593
1.4569
1.42901
1.61136
1.6256
1.63164
1.47303
1.48459
1.43178
1.45319
1.42381
1.58707
1.60826
1.60095
1.45874
1.46908
1.42506
1.40252
1.44972
1.42875
1.41931
1.41329
1.58227
1.54308
1.47097
1.53192
1.42946
1.51683
1.42046
1.45134
1.40515
1.40384
1.4078
1.41266
1.4094
1.55447
1.60152
1.45906
1.70416
1.51019
1.5066
1.87609
1.83755
1.69863
1.73486
1.97609
1.92862
2.25934
1.55552
1.55638
1.45187
1.5504
1.65255
1.48517
1.40115
1.40287
1.40039
1.40185
1.40059
1.55669
1.55716
1.44055
1.4727
1.79635
1.68706
1.92383
1.80615
1.42169
1.56309
1.60691
1.46552
1.72985
1.52099
1.46804
2.45787
1.83115
1.66529
1.55827
1.6694
1.75993
1.53832
1.92809
1.71352
1.62694
2.14634
1.94756
2.11982
1.8957
1.93269
2.22438
2.29942
1.97041
2.19239
1.89163
1.9211
1.49523
1.61313
1.47746
1.59041
1.58544
1.52694
1.5202
2.08347
2.01388
2.27807
2.13872
2.26158
2.71677
2.61743
1.50461
1.5548
1.43061
1.59075
1.50678
1.69833
2.19693
2.28112
2.24309
2.15105
1.42123
1.57899
1.62494
1.61372
1.66286
1.47372
1.46356
1.53034
1.44317
1.53126
1.4965
1.96183
1.87822
1.75968
1.97784
2.34908
1.69119
2.04829
1.69296
1.4185
1.465
1.43565
1.59222
1.59062
1.61719
1.47068
1.42966
1.60405
1.47524
1.43833
1.46099
1.42827
1.42354
1.62915
1.60885
1.69957
1.49212
1.471
1.41761
1.42501
1.41087
1.54416
1.60536
1.62124
1.60726
1.46511
1.45579
1.42064
1.40701
1.41696
1.40905
1.41785
1.47904
1.45228
1.453
1.44607
1.52835
1.45567
1.58236
1.56184
1.58061
1.45997
1.56556
1.62033
1.46702
1.42912
1.46276
1.4
1.40001
1.40001
1.40001
1.55766
1.5728
1.44262
1.59201
1.45313
1.62851
1.61498
1.58497
1.52255
1.45901
1.5501
1.59154
1.46393
1.6637
1.51549
1.91797
2.02766
1.72391
1.69044
1.58244
1.60306
1.62298
1.47704
1.60314
1.46255
1.42834
2.26315
2.09723
2.22695
1.55572
1.45462
1.42944
1.60947
1.45969
1.47147
1.42531
1.42113
1.57303
1.54078
1.52245
1.48065
1.94037
1.64882
1.87459
2.05293
1.55172
1.42199
1.63076
1.6171
1.6392
1.4695
1.46363
1.4104
1.50246
1.58556
1.46436
1.46058
1.43155
1.4329
1.61124
1.6174
1.59007
1.48301
1.47358
1.42913
1.41576
1.49395
1.4172
1.512
1.45771
1.49695
1.53392
1.47983
1.41583
1.44243
1.41059
1.4126
1.42099
1.43622
1.44238
1.42313
1.45787
1.43744
1.48925
1.41909
1.45382
1.43363
1.60529
1.56908
1.68428
1.44739
1.50157
1.42934
1.40055
1.40063
1.40019
1.40031
1.41902
1.59012
1.58136
1.61263
1.46963
1.45079
1.40019
1.4002
1.40003
1.40003
1.40047
1.40014
1.40037
1.40208
1.40194
1.48823
1.43979
1.48235
1.42944
1.51862
1.40322
1.41125
1.50856
1.55094
1.42094
1.56335
1.46256
1.57272
1.46439
1.40537
1.40534
1.43058
1.42718
1.41196
1.44536
1.40108
1.42426
1.40474
1.44324
1.43232
1.41487
1.40225
1.41009
1.41354
1.4713
1.60153
2.04918
1.85928
1.69765
1.61908
2.05363
1.57555
1.62212
1.48403
1.4301
1.61348
1.4659
1.67828
1.59266
1.67651
1.48267
1.46131
1.45859
1.42586
1.42202
1.60692
1.60405
1.5828
1.46379
1.46145
1.49469
1.46161
1.42947
1.52161
1.57855
1.51339
1.48766
1.42517
1.4485
1.60772
1.56023
1.4499
1.59885
1.64229
1.46961
1.46065
1.47599
1.41404
1.83647
2.10346
1.62924
2.35279
1.90906
1.89894
1.74164
1.42575
1.46732
1.41868
1.51644
1.6477
1.66343
1.55734
1.56526
1.56819
1.60027
1.65126
1.48942
1.46373
1.42388
1.4193
1.40023
1.40519
1.40108
1.40474
1.40436
1.40089
1.4008
1.43029
1.41666
1.47017
1.43892
1.41724
1.49225
1.41336
1.43437
1.45716
1.50947
1.48994
1.42177
1.40084
1.40185
1.40137
1.4002
1.40111
1.40302
1.41264
1.46732
1.43654
1.44591
1.45792
1.40698
1.4233
1.42039
1.50728
1.45114
1.45907
1.48177
1.5016
1.49668
1.80438
1.84666
1.81803
1.66076
1.67478
1.57089
1.5801
1.64734
1.46018
1.41792
1.55789
1.6107
1.41463
1.48025
1.58075
1.61323
1.46087
1.40675
1.4128
1.40643
1.40269
1.40396
1.41877
1.42304
1.41417
1.43953
1.44415
1.44668
1.42656
1.41717
1.43786
1.40116
1.40789
1.40828
1.40687
1.40128
1.40279
1.40283
1.94021
2.12691
2.2066
2.05259
1.90887
2.33489
2.5733
2.00791
2.33308
2.0537
1.87865
2.6215
2.0937
3.54218
3.57435
2.58533
2.41739
2.10032
1.87457
1.61238
1.68156
1.71407
1.64972
1.49376
1.4704
1.42631
1.59241
1.64036
1.65822
1.6325
1.47956
1.47344
1.40156
1.40633
1.42128
1.40006
1.40011
1.40001
1.40004
1.40001
1.40012
1.40026
1.40003
1.4073
1.42168
1.4094
1.409
1.41001
1.41328
1.40247
1.40217
1.40252
1.40056
1.40106
1.40116
1.40059
1.40163
1.40043
1.964
2.33568
1.98807
2.00639
3.52929
2.61958
2.09324
1.79194
2.10665
2.51913
1.44928
1.43277
1.52518
1.54547
1.49428
1.44398
1.42477
1.45671
1.41153
1.40292
1.41576
1.41419
1.40436
1.40668
1.43115
1.54915
1.46957
1.8716
1.79811
1.75234
2.24574
1.93318
1.61968
1.90424
1.58639
1.60495
1.60708
1.46749
1.57914
1.64252
1.47878
1.85417
1.84859
1.99411
2.12496
3.50642
1.92249
2.31034
2.52732
2.4569
1.51599
1.48906
1.41825
1.62447
1.66167
1.63786
1.47964
1.66472
1.46427
1.41812
3.57349
2.55811
2.10821
1.81949
2.58314
2.10173
1.40001
1.40005
1.4
1.40007
1.40019
1.40001
1.40001
1.40005
1.40405
1.40093
1.40033
1.40323
1.40088
1.41714
1.42532
1.40729
1.48376
1.49933
1.47582
1.43367
1.42733
1.46472
1.48879
1.40161
1.40556
1.40275
1.45625
1.42952
1.63431
1.59302
1.41956
1.59388
1.59187
1.46421
1.62363
1.40137
1.40091
1.4134
1.40523
1.41403
1.4314
1.40928
1.42005
1.41028
1.41443
1.40294
1.40596
1.40673
1.41485
1.85495
2.01456
2.31503
3.6803
2.62556
2.10079
1.89066
3.5605
2.61745
2.50207
2.12224
2.01718
1.97282
2.28316
1.92067
3.60526
2.60028
2.28366
1.87984
2.11575
2.65136
1.41027
1.41677
1.41349
1.40947
1.40682
1.40409
1.50257
1.44413
1.54084
1.47177
1.84066
1.77731
1.70753
1.65874
2.40201
2.14507
3.65242
2.07247
2.64766
3.44538
2.52455
2.5661
2.16208
3.63568
1.87939
3.55619
2.60711
2.38832
2.1061
3.59706
2.59461
2.17771
1.90141
2.64668
2.04669
2.1543
2.50388
2.02786
3.74344
3.5881
2.72213
2.4997
2.18204
1.91805
2.08563
1.85383
1.767
2.37515
1.83604
1.93592
1.57836
1.55337
3.01802
2.32459
2.20575
1.97204
1.86529
2.44502
1.97258
1.56878
3.15942
2.30514
1.84972
2.88139
2.29454
2.16091
1.95799
1.49569
1.42424
1.43264
1.43447
1.52054
1.91781
1.87234
1.82285
1.73383
2.01521
2.36688
3.70474
2.678
2.12534
1.83654
3.63943
2.50828
1.66624
1.63995
1.48968
1.45004
1.632
1.46834
2.46269
2.69661
2.11848
3.7052
3.70772
2.48652
1.87052
1.52081
1.43965
1.5064
1.54482
1.45403
1.41293
1.47231
1.45621
1.47482
1.41302
1.43274
1.51867
1.56626
1.54957
1.4397
1.43462
1.41837
1.49165
1.5214
1.44336
1.46585
1.52367
1.54993
1.56411
1.52257
1.47677
1.44794
1.47872
1.45607
1.52487
1.51127
1.45619
1.45663
2.54663
2.71677
2.1727
3.61274
3.61302
2.81715
2.5176
2.23924
1.94848
1.88441
2.06798
3.62756
1.97724
2.51309
2.55266
2.47844
2.68872
2.18587
3.75282
3.6413
2.6718
2.57597
2.16233
1.94012
2.1771
2.33963
3.60803
1.95003
2.71394
1.49046
1.43362
1.42267
1.51523
1.44907
3.70063
1.94453
3.60139
2.68139
2.60163
2.19988
2.32403
3.7071
2.16463
2.89631
3.52095
2.73104
2.67423
2.31417
2.49205
3.74404
3.60309
2.70166
2.55392
2.1593
1.93504
1.48893
1.5108
1.54601
1.89271
1.71659
1.67062
1.79246
1.52371
1.52648
1.48728
1.68066
1.76083
1.64868
1.69309
3.66423
2.64544
2.20132
1.96234
2.85797
2.48857
3.72746
1.98028
3.62827
2.69278
2.56416
2.14711
2.06748
2.43022
3.69064
3.71413
2.72803
2.46053
2.26191
1.90555
1.40021
1.40025
1.4001
1.40008
1.40002
1.40001
3.68572
2.70613
2.16203
1.95717
3.69056
2.69899
2.59857
2.19545
1.40001
1.40001
2.55042
3.74867
3.57495
2.52138
1.91876
3.65332
1.92121
2.09088
2.66901
2.50347
3.58753
3.72904
3.61893
2.80033
2.5923
2.27649
1.91306
3.71922
1.94353
3.65963
2.71043
2.55748
2.2132
2.51755
3.74651
3.57066
2.76466
2.44094
2.24686
1.88892
1.52759
1.54506
2.31384
2.24197
2.31121
1.9692
1.99603
2.48398
3.65704
2.05652
2.73489
3.53928
2.60597
2.55699
2.18028
3.75623
2.72732
2.28713
1.9729
3.54957
2.66887
1.54173
1.56139
1.45344
2.54728
3.78368
3.70436
2.76018
2.781
2.22978
1.98946
2.43157
1.87494
2.07629
3.68005
2.65831
2.20391
1.91367
2.60857
3.67884
2.01177
2.59104
2.58458
2.50882
3.70258
1.95209
3.65051
2.71129
2.54944
2.21176
3.75211
1.98562
3.63566
2.72445
2.63706
2.22485
2.51366
2.74754
3.77532
3.61023
1.58258
1.62814
1.71035
1.60541
1.51007
1.5097
1.44287
1.47699
1.7084
1.81373
1.79073
1.70151
2.05795
1.85102
1.66926
1.79407
1.40002
1.40002
1.40002
1.40001
1.40001
1.4
2.52182
3.73322
1.98337
3.62449
2.7303
2.63441
2.23272
3.69784
1.95342
3.64099
2.70601
2.56728
2.22078
3.65907
3.68458
2.69422
2.64524
2.54538
3.77938
3.58841
2.76279
2.53462
2.21653
1.91882
1.48609
1.44161
1.40136
1.40337
1.4034
1.40421
1.40519
1.40218
1.40211
1.40681
1.40404
1.40693
2.24654
2.51767
3.67066
2.08658
2.8198
3.56064
2.73553
2.55102
2.21281
2.41257
3.62743
2.62968
2.20803
1.94337
2.80104
3.66376
3.67593
2.74113
2.50209
2.21471
1.95396
3.77666
3.71725
2.81759
2.65855
2.31238
1.95265
2.27405
2.50081
3.65198
2.08431
2.85381
3.53495
2.63051
2.56068
2.19308
2.55188
2.75966
2.29272
3.76467
3.58065
2.75061
2.67389
2.24741
1.99354
2.30229
2.49699
3.64606
2.14912
2.89208
3.56875
2.64778
2.63857
2.23213
2.4104
3.70472
1.98889
3.61338
2.72372
2.62954
2.22723
1.53592
1.64807
1.93693
2.25198
1.71976
1.73479
2.1101
2.4124
3.73584
2.71746
2.21463
1.94604
3.60472
2.73228
2.67774
2.29338
2.20399
3.67796
2.0264
2.75382
3.60935
2.49119
2.32017
2.20869
3.66567
2.66385
2.29416
1.94059
2.74846
3.70948
1.94621
3.63987
2.74745
2.56917
2.23901
3.58866
2.60417
2.22351
1.97703
2.82885
2.4211
3.74204
2.74334
2.32757
2.01802
3.61399
2.74542
2.68083
2.2938
3.69428
2.0317
2.7833
3.66143
2.69522
1.75106
1.4938
2.15853
1.97417
1.74638
1.69481
2.76412
2.15794
1.95774
1.89573
1.75112
2.29435
3.62885
1.96989
2.85015
2.29629
2.52324
3.67343
2.11142
2.87477
3.54114
2.60242
2.51559
3.71045
1.9405
3.6431
2.64038
2.29807
3.66086
2.14267
2.87459
3.51111
2.63352
2.54269
3.68159
2.74277
2.20436
1.9457
3.66071
2.74036
2.55384
2.22148
2.57364
3.77806
3.59237
2.77682
2.63693
2.2334
1.97606
1.54862
1.53159
1.43002
3.63572
1.98494
2.86039
2.22252
2.42507
3.63212
2.64068
2.24509
1.9565
2.75742
2.53315
3.69416
2.05152
2.78002
3.57948
2.76142
2.55005
2.21863
3.63308
1.96356
2.85611
3.79164
3.60065
2.76438
2.50061
2.18804
1.90449
2.52865
2.2325
3.66581
2.05246
2.78712
3.54008
2.64707
2.5448
2.19518
3.75425
2.74939
2.29015
1.99086
3.6215
2.74964
2.68795
2.2773
2.52389
3.68517
1.95418
3.64272
2.73373
2.56851
2.23809
1.42086
1.41341
1.47312
1.4419
1.52448
1.46689
1.43445
3.71777
2.1013
3.64146
2.82755
2.72055
2.3233
3.74578
2.03832
3.63047
2.77238
2.70101
2.28501
3.65487
2.14284
2.87032
3.5292
2.63242
2.63966
2.23713
2.56211
3.6857
2.79267
2.26762
1.94425
3.70294
2.76529
2.568
2.18396
2.36319
3.60589
2.59179
2.20952
1.96943
2.8574
2.42294
3.71218
2.00605
3.62245
2.75114
2.67171
2.25948
2.58344
3.74359
2.90515
2.27192
3.5892
2.75021
2.57312
2.19462
2.55354
3.68311
1.96405
3.66298
2.7814
2.58736
2.26362
3.72368
1.94526
3.65468
2.60808
3.63257
1.96413
2.77478
2.56099
3.6685
3.66527
2.7754
2.58274
2.28478
1.92865
2.56779
3.7223
1.99173
3.64706
2.76864
2.66391
2.25298
1.40158
1.40226
1.4016
1.40271
1.40149
1.40152
2.10123
2.62226
2.1642
2.24371
2.83607
2.27956
3.82706
3.6329
2.92131
2.63945
2.30737
1.92584
3.70038
1.97541
3.64245
2.75266
2.59526
2.25475
2.54637
2.31534
3.66158
2.15107
2.89269
3.52803
2.64816
3.7173
3.64248
2.87275
2.68137
2.31301
1.99056
2.43949
3.71791
2.01051
3.61759
2.76625
2.67876
2.27022
2.75518
2.31172
3.74072
3.52485
2.77864
2.69618
2.23263
2.04422
3.72829
1.94285
3.62654
2.76901
2.58441
2.28669
3.73541
2.76464
2.27233
2.00948
3.61425
2.76068
2.68615
2.27453
3.73538
1.98611
3.62762
2.78531
2.66532
2.27618
1.47123
1.45278
1.4263
1.47409
1.43869
3.71832
1.93607
3.64488
2.78498
2.53622
2.21742
3.63518
1.96602
2.87436
2.57546
3.72593
3.66948
2.6129
2.004
1.40377
1.44266
1.46431
1.4383
1.41167
1.4294
1.41155
1.41225
1.42209
1.43934
3.67479
2.79592
2.27686
2.00755
3.72441
2.60486
3.71094
2.86293
2.43842
2.02065
3.60869
2.57709
2.5625
3.67114
2.01547
3.57298
2.78725
2.70262
2.37249
2.59795
3.79661
3.58866
2.79892
2.59743
2.25357
1.9441
3.72693
3.70966
2.55596
1.9233
2.245
3.675
2.84949
2.31098
2.00625
3.70052
2.85807
2.61721
2.27067
3.76459
1.97154
3.64778
2.78106
2.74111
2.33048
3.75479
3.58122
2.78978
2.5769
2.2424
1.93916
3.72171
1.98583
3.66595
2.79326
2.63316
2.29494
2.05139
2.20326
2.54933
2.4435
3.63275
2.77022
2.93581
3.65136
3.70523
2.79984
2.60245
2.23109
2.02387
3.20533
2.31402
1.93367
2.01936
2.41173
2.58303
3.75345
2.03481
3.64079
2.79156
2.72052
2.30888
3.70972
1.978
3.64697
2.61327
3.7587
2.72667
2.34343
1.93663
2.7753
2.59455
3.7419
2.79347
2.27678
2.01085
3.62846
2.79443
2.69025
2.30243
2.62296
2.2274
2.12211
3.80346
3.60081
2.8308
2.57042
2.25616
1.94095
3.69606
1.97295
3.66959
2.78354
2.60276
2.26053
2.58747
3.72225
2.00454
3.63575
2.76623
2.67213
2.26461
2.32528
2.54209
3.64715
2.1771
2.89261
3.49246
2.70595
2.7245
2.3139
3.67006
2.9076
2.33573
2.02959
3.69189
2.68831
2.61061
3.71797
3.58361
2.80484
2.68717
2.32444
2.02116
2.63009
2.24372
2.09389
3.72718
2.83335
2.28968
2.01642
3.65202
2.79235
2.68846
2.27927
1.59457
1.42619
1.48045
1.93539
1.88984
1.70662
2.53011
3.78347
2.76949
2.46502
3.61032
1.40799
1.45092
1.41056
1.44245
1.42963
1.40388
1.40081
1.40072
1.40899
1.40391
2.6039
3.70412
1.97335
3.66232
2.61274
2.4993
2.24488
3.682
2.71189
2.27698
2.00302
2.79632
1.98642
1.92561
2.7555
3.23549
1.97282
2.32286
2.32949
2.60475
2.81091
2.2389
3.76146
3.58021
2.52131
2.61755
3.71155
3.72738
2.82774
2.23548
2.12475
2.63765
3.79967
3.59874
2.83289
2.60103
2.25936
1.95372
3.70016
1.97402
3.60808
2.61763
1.52599
1.46299
1.69836
1.80204
2.0144
1.96737
1.72735
1.73645
2.61538
3.63684
2.82913
2.34071
2.0091
3.68858
2.79854
2.6298
2.26475
2.61103
2.81227
2.25861
3.6512
3.64928
2.79085
2.54468
2.16456
1.89632
3.67324
3.72404
2.81574
2.67593
2.2682
2.07111
2.59017
3.73977
1.97709
3.62116
2.83456
2.69097
2.33139
3.66904
2.03122
3.57825
2.82048
2.7236
2.38347
2.58989
3.68077
2.09167
2.82454
3.6308
2.8114
2.64136
2.31642
2.6307
2.78516
3.77197
3.53629
2.66522
1.96052
2.6049
3.71705
2.03546
3.6604
2.81263
2.70946
2.29023
2.61933
3.72252
3.67813
2.83102
2.59883
2.34409
1.98454
2.60856
3.68338
1.95276
3.58018
2.72579
2.6086
2.31945
2.38253
3.69002
2.09521
2.97782
3.57652
2.65792
2.59561
3.63091
2.07903
3.66839
2.80195
2.65697
2.2536
3.65988
1.95902
3.63213
2.78975
2.58237
2.28112
2.61433
3.73719
2.02631
3.63309
2.82243
2.7061
2.30463
3.75289
3.55781
2.81544
2.64214
2.33658
1.97513
2.59079
3.73654
1.97685
3.595
2.82951
2.67518
2.3285
3.61809
2.80897
2.24395
2.00856
3.7085
2.84544
2.71693
2.31296
3.68735
2.80142
2.28276
1.95825
3.63436
2.80401
2.58517
2.27957
2.17573
3.83957
3.68221
2.61063
2.03382
3.58243
2.9308
2.57337
2.27106
2.64786
2.87519
2.28913
3.71897
3.62601
2.84861
2.65409
2.33077
2.01376
3.71043
2.02481
3.59561
2.8104
2.70749
2.32455
3.73144
2.81246
2.29509
1.9941
3.62883
2.67523
2.65134
2.86729
2.27922
3.7176
3.62808
2.85196
2.64429
2.32894
2.00902
3.73056
2.8439
2.32998
1.98459
3.62445
2.64409
3.02458
2.8886
3.54132
3.04261
3.44914
2.6823
3.50277
3.66813
3.73915
2.8332
2.7344
2.26089
2.10727
2.86155
2.22873
3.72784
3.75204
2.7237
2.12964
2.65651
3.68015
1.99026
3.68487
2.61821
3.63949
3.71646
2.66287
2.02983
2.6332
3.71358
3.6398
2.49786
3.73826
2.82457
2.30394
2.017
3.66194
2.86223
2.71631
2.32789
2.39964
3.63983
2.72957
2.36259
2.06438
2.95443
3.66144
2.02437
3.70684
2.8309
2.67967
2.28132
3.69273
1.97003
3.64596
2.59736
2.69838
3.76111
3.62457
2.84569
2.63691
2.27981
1.96467
3.60995
2.69915
2.27105
1.9721
2.87598
3.70899
2.92485
2.5093
2.09133
2.58098
3.65018
1.44553
1.43956
1.41316
1.40347
3.69636
1.9636
3.65748
2.61365
3.69254
1.99122
3.64437
2.82845
2.63557
2.32293
3.72745
3.68911
2.82932
2.58134
2.23963
1.93885
3.71209
2.05032
3.63455
2.8541
2.76905
2.35629
3.73115
3.69047
2.8383
2.5785
2.24892
1.93766
2.62993
2.83277
2.32812
3.71935
3.57591
2.6271
1.9539
3.6408
3.71192
2.68067
2.04148
2.64357
3.70538
2.02817
3.62033
2.84131
2.70988
2.31398
3.7015
3.73742
2.60117
1.99795
3.70219
2.02542
3.61149
2.83874
2.63992
2.30362
2.81285
2.45576
2.25632
3.54706
2.98259
2.25166
2.25047
3.73705
2.98223
2.82791
2.37384
2.65656
3.74399
3.57424
2.85877
2.66316
2.34844
1.98899
1.91642
1.96028
3.11995
1.91835
2.28491
2.37411
2.69129
3.63012
2.85945
2.36225
2.03709
3.69229
2.83168
2.67038
2.30123
3.7534
2.85499
2.33384
1.99519
3.56529
2.66943
2.85379
2.21518
3.75125
3.68594
2.61079
2.07396
3.70909
2.8478
3.57942
2.54115
3.68956
2.84287
2.38686
2.07481
3.62507
2.88822
2.73453
2.36792
2.66763
3.74083
3.57615
2.86782
2.66045
2.35275
1.98787
2.64628
3.64089
2.2449
3.065
3.51259
2.65174
2.65028
3.63761
1.98267
3.71172
2.84444
2.61449
2.27738
2.6787
3.7092
3.58847
2.88734
2.7597
2.42051
1.42204
1.40661
1.42697
1.4004
1.4017
2.70994
3.64979
2.87719
2.40317
2.0229
3.75731
2.8945
2.63229
2.27945
2.56885
3.60635
2.92258
2.45309
2.1073
3.70579
2.56643
3.68304
3.74703
2.62473
1.97811
3.66778
2.03966
3.6167
2.67085
2.71175
3.63596
2.86875
2.37213
2.04984
3.67166
2.7333
2.66163
3.66398
2.85819
3.66688
2.7156
1.64079
1.58413
1.46537
1.67861
1.50004
2.6524
3.64159
2.91059
2.42015
2.03382
3.66912
2.676
3.75571
3.57467
2.89195
2.67038
2.39902
1.98762
3.68538
1.95487
3.6466
2.83366
2.58184
2.71506
3.6245
2.88788
2.32606
2.01936
3.6932
2.85145
2.68305
2.31648
2.64473
3.64885
1.95704
3.62311
2.94615
2.58565
2.31951
2.84568
2.33569
3.7886
3.57004
2.75178
2.06708
1.50531
1.45145
1.61899
1.49053
2.58064
2.33129
3.70243
1.97107
2.84154
3.68266
3.74493
2.8605
2.63155
2.29382
1.98164
2.6674
3.63391
1.99417
3.71189
2.63001
3.65023
2.01619
3.78875
2.85864
2.68076
2.21966
1.53681
2.05176
1.79641
3.1921
2.47561
2.17025
1.96232
2.6823
3.61786
2.05831
3.73748
2.88703
2.69605
2.32996
2.67941
3.71691
1.99248
3.68261
2.90632
2.70834
2.39522
2.70325
3.73672
3.61624
2.85226
2.61201
2.27933
1.95657
2.70664
2.89234
2.38585
3.75124
3.64109
2.74464
1.98635
1.57019
2.3189
1.82324
3.31421
2.45607
3.09068
2.04223
1.8839
3.65249
2.03186
3.59053
2.64808
2.69754
3.73946
3.6126
2.86268
2.60987
2.29886
1.9596
3.73987
2.89658
2.37449
1.99252
3.60323
2.64984
3.69979
2.04409
3.63742
2.88665
2.66075
2.30965
2.70548
3.60696
2.95043
2.35726
1.99282
3.69637
2.88222
2.65317
2.31659
3.75124
3.57602
2.90603
2.67239
2.41045
1.98965
2.70451
3.63517
2.07212
3.69746
2.89372
2.74344
2.38795
2.68029
3.68382
3.56306
2.84186
2.71558
2.7146
3.61749
2.05619
3.68458
2.77301
2.7702
3.63744
3.57171
3.04208
2.62447
2.4312
1.99243
3.7451
2.01227
3.63447
2.88302
2.69303
2.3516
2.69993
3.66807
2.01732
3.66676
2.68328
2.67923
3.44582
3.4977
2.25317
2.68955
3.63193
2.05818
3.67889
2.90953
2.69947
2.36541
1.50226
1.44137
1.49919
1.47579
1.79023
1.81759
1.81918
1.63311
1.6236
3.74407
3.61979
2.87767
2.63304
2.33025
1.97527
3.75764
2.87645
2.33233
2.00986
3.67368
2.73059
3.65752
1.98195
3.68124
2.87494
2.62484
2.30996
3.6144
1.98452
3.69856
2.87789
2.62647
2.26849
2.76842
3.65004
2.91569
2.43988
2.05431
3.65597
2.75156
3.74979
3.63401
2.67803
1.99901
3.6892
2.00906
3.71307
2.62847
2.74079
3.64356
3.5971
2.66494
1.4133
1.42597
1.49189
1.47241
1.40826
1.42354
1.41158
3.60945
3.64749
3.01869
2.63265
2.39026
2.01215
2.73991
3.71671
2.13027
2.90706
3.58158
2.77815
1.87121
1.97228
3.14674
1.99446
2.32016
2.3103
1.44642
1.40961
1.45357
1.41444
1.40471
1.40109
1.40162
1.4051
3.67762
3.03045
3.48969
2.78775
2.82777
3.67856
2.15388
3.47233
2.89206
2.97584
3.62196
2.14467
3.67356
2.93507
2.8516
2.44991
1.55301
1.63126
1.45021
1.60089
1.47463
1.50883
3.63936
2.02846
3.70889
3.0071
2.67998
2.4128
2.80769
3.71637
3.57452
2.67691
1.99625
3.76137
2.9351
2.44876
2.02648
3.59478
2.7205
3.7064
2.93729
2.38805
2.00849
3.60919
2.90549
2.66916
2.37651
3.68719
2.87992
3.49527
2.7835
1.40807
1.452
1.42478
1.41236
1.58779
1.44818
1.51936
1.48491
1.6685
1.86349
1.74009
2.76157
3.74981
2.03373
3.5754
2.93356
2.7798
2.44422
2.80442
3.61139
2.91674
3.66561
2.67128
3.63009
2.13384
3.69536
2.95097
2.72962
2.39592
3.6627
2.9349
3.70606
2.04691
3.62182
2.89581
2.78332
2.39634
3.68578
2.02062
3.68035
2.63314
3.75256
2.95322
2.46525
2.03222
3.5939
2.72894
3.71312
2.1037
3.56861
2.84767
3.6468
1.97876
3.70304
2.91048
2.74129
2.39397
3.68692
3.69157
2.87465
2.13683
3.37459
2.38059
2.01538
1.8999
3.22108
2.26985
3.63302
1.97198
3.67361
2.91218
2.62533
2.29001
1.7926
2.24491
1.98573
1.67192
2.96433
2.29043
1.9531
1.9992
1.70045
1.51117
1.4759
1.50233
1.55026
1.45724
1.75032
1.72031
1.82799
1.73298
1.41865
1.4247
1.45057
1.52256
1.54277
1.57506
1.45664
1.45637
1.42473
2.82627
3.67652
1.99654
3.66229
2.71662
3.27218
2.37096
2.27947
1.81744
1.73818
1.92864
2.02901
3.22735
1.95148
2.31384
2.47399
1.64097
1.71528
1.54398
1.53595
1.46797
1.80785
1.9029
3.29524
2.36335
1.84224
2.19375
2.88939
3.58441
3.0273
2.46073
2.08496
3.60203
2.78481
3.66586
2.06054
3.6799
2.77515
3.61867
1.97337
3.68284
2.92592
2.62657
1.47353
1.52513
1.58145
1.43581
1.48672
1.47846
1.53499
1.55595
1.74991
1.91518
3.23821
2.31798
2.18641
1.92027
2.89119
3.63217
3.06481
2.60791
2.07875
3.68817
2.74041
1.41248
1.41398
1.41118
1.40782
1.42031
1.44086
1.42618
1.41633
1.96528
3.24629
2.40819
2.16288
1.89561
3.76369
3.82683
1.92649
2.03232
3.28247
2.05917
2.45399
2.40184
1.64978
1.97269
1.65207
1.65906
1.55521
1.45451
1.49883
2.30954
1.93776
1.70526
2.06755
2.35088
1.84339
1.83575
1.70214
3.63908
3.66522
2.7666
2.00019
1.91494
3.49489
3.33503
2.07144
2.36015
2.44615
2.10696
3.25749
2.0156
2.58485
2.31729
1.81199
2.16703
3.27889
2.57932
2.24526
2.05882
3.03723
3.56206
3.58099
3.08386
2.73343
2.59125
2.13753
2.73163
2.57254
3.11617
3.81678
3.74999
3.02243
2.76363
2.41011
1.53403
3.4829
3.3822
3.16299
2.92916
2.01036
3.42879
3.40871
2.0514
2.47957
2.46607
3.27674
2.42798
1.80625
1.45132
1.78333
1.80456
1.51512
1.47936
1.59676
1.53197
1.75756
1.77636
3.64982
2.05125
3.73956
2.72426
1.93131
3.44827
2.34595
3.17526
2.38011
2.27928
1.43051
1.81401
1.68881
1.60463
1.56698
2.06088
1.58635
1.52743
1.4786
1.50931
1.72479
1.62285
1.81619
2.09175
3.30882
2.54013
2.24545
2.01929
3.15745
3.52361
3.36561
2.95256
1.92911
3.32305
2.39742
3.38914
2.57809
2.21366
2.43361
3.41998
3.39308
2.34117
2.86511
1.86439
2.14795
1.42561
1.58306
1.61772
1.4924
1.44297
1.64986
1.50319
1.49396
1.44826
1.45836
1.51479
1.48988
1.52338
1.56475
1.43274
1.42064
1.40299
1.40158
1.40084
1.41338
1.40661
1.79487
3.29673
2.37108
2.22512
1.94944
3.42083
2.47453
2.07741
3.19708
2.35005
2.36399
2.06556
1.94156
1.91696
3.28614
2.03936
2.39096
2.41359
3.41129
2.13299
3.41945
2.02412
2.46607
2.56108
1.5893
1.48922
1.43747
1.5962
1.42567
1.47363
3.51896
3.5563
3.18472
2.74178
2.66793
2.13164
1.48702
1.68664
2.87384
1.90991
1.6359
3.68697
3.57281
2.83329
3.55438
3.51232
3.10502
2.65797
1.93908
2.06308
3.23729
2.02259
2.49787
2.38882
1.51626
1.53005
2.09437
1.80601
2.44654
2.4007
2.04226
1.98438
1.62563
1.79228
1.89256
1.68093
3.40665
2.30448
1.83878
2.22575
3.55403
3.24802
3.39986
3.36823
2.88678
2.81163
1.57351
1.55767
1.47911
1.43309
1.43328
1.61195
1.49038
1.43703
1.48223
1.49085
1.59792
1.54261
1.64214
1.53255
1.61562
1.42887
1.47546
1.61507
1.47131
1.47544
1.43361
1.42526
1.54737
1.54629
1.56635
1.5203
1.52445
1.48876
1.50435
1.54965
1.41822
1.4065
3.43474
2.55911
3.13901
2.39614
1.80149
3.3326
2.41958
2.2402
1.98035
3.61772
3.67488
2.55167
3.03148
3.29453
3.34343
2.49382
2.94618
1.91385
2.3428
1.97292
3.36005
2.51422
3.06575
3.5684
2.10791
3.61121
2.75402
3.54265
3.40376
3.30334
2.80054
2.60177
3.50425
3.42482
3.37113
2.70668
2.04401
3.17237
2.14015
1.87855
2.44961
1.80788
1.98864
3.35529
2.43182
2.27107
1.97908
1.6119
1.589
1.47447
1.44378
1.65359
1.52549
1.45663
1.49714
1.40005
1.40002
1.40002
1.40005
1.40005
1.40001
1.40001
1.99179
3.26749
1.89911
2.39233
2.00488
3.30396
2.01014
2.35779
2.46533
1.94288
1.8684
3.37708
2.43084
2.35172
1.9902
1.91475
1.99641
1.56875
3.18809
1.92014
2.39338
2.35426
1.5618
1.48534
1.45254
1.60808
1.5224
1.45575
1.45659
1.84072
1.81349
1.83634
1.62088
1.60183
3.26917
2.08317
2.54896
2.36571
2.10721
3.31373
2.55214
2.26005
2.0567
2.00371
3.26836
2.04762
2.45038
2.4168
1.43074
1.4586
1.55723
1.56156
1.48416
2.06066
1.46988
2.37366
2.00946
1.72281
1.64918
2.04228
2.37305
1.80986
1.74547
1.60742
1.61052
1.49436
1.62251
1.86476
1.94122
2.13022
3.2914
2.09263
2.37638
2.61723
1.61644
2.44891
1.91298
1.74665
1.65574
1.83506
1.86912
3.37389
2.48807
2.34355
2.04405
3.44126
3.34041
2.89543
2.24044
1.89084
1.91613
3.24907
1.95972
2.3006
2.33504
3.42248
3.26832
2.4335
2.05898
2.18057
1.79822
2.0622
2.00082
1.59812
3.19525
1.96505
2.40148
2.36232
1.67938
2.02118
1.6918
2.12401
1.85624
1.69318
2.46076
2.48019
1.84408
1.68582
2.07197
2.43585
1.79249
1.85246
1.6874
2.03476
2.15616
3.2096
2.0589
2.52801
2.39154
1.9926
2.13027
3.29375
2.11511
2.51608
2.4464
1.40026
1.40023
1.40397
1.40149
1.40076
1.98624
2.11457
3.31785
2.02383
2.41168
2.61036
3.39862
2.37666
3.29211
2.03182
2.45336
2.4392
1.81107
3.39657
2.53489
2.24751
2.00039
1.93737
2.03058
3.32603
1.94608
2.42993
2.37828
1.99793
3.35205
2.47941
2.26173
1.98878
1.98999
1.82851
3.38966
2.44045
2.29675
1.99447
1.91001
2.09975
3.24667
2.50251
1.95655
2.37262
1.98797
1.99887
3.30243
2.43001
2.5524
2.1378
2.00135
1.96976
1.57043
3.33122
1.95345
2.35892
2.46997
1.99258
3.41095
2.46256
1.55473
1.47631
1.6972
1.54186
1.44549
2.0086
1.82471
1.71908
1.67854
1.87993
3.60397
2.47011
3.46524
2.62909
3.27744
1.99312
2.07721
3.28762
2.03987
2.57803
2.39597
1.82006
2.00802
3.39511
2.4729
2.28347
1.98456
3.39279
2.58971
1.9938
2.56281
3.29664
2.20995
1.9747
2.00404
3.3616
2.49085
2.26808
1.99535
2.48996
3.6164
3.28105
2.55287
3.24276
2.44377
1.51759
1.46781
1.6338
1.53246
1.54623
1.86125
1.94777
1.72301
1.75568
2.44187
3.33609
2.54415
3.34161
1.40947
1.41656
1.40436
1.41385
1.41285
1.4205
1.40929
1.40344
3.32719
2.42011
2.05272
1.81942
3.40296
2.47305
2.28599
1.97552
1.94202
1.95359
3.38798
1.9369
2.37464
2.42072
1.99723
2.07526
3.33464
1.96988
2.44047
2.38066
1.99792
2.10913
3.30456
2.13289
2.43845
2.60142
1.9568
3.33225
2.42685
2.4542
1.8433
2.48728
1.91622
3.45243
3.23816
2.26304
2.09212
1.81702
2.00299
3.36947
2.05963
2.53569
2.45385
2.02272
2.07861
3.29204
2.04498
2.49296
2.43428
1.48841
1.44636
1.58972
1.48147
1.8349
1.98807
3.4305
2.40148
2.36298
1.98806
1.97647
1.86572
3.37393
2.42973
2.35153
2.03823
2.22077
2.87216
1.97697
1.71972
3.37627
2.48683
2.04111
2.37761
1.86408
2.57363
3.53289
3.23046
2.28673
2.46649
1.95978
3.32907
2.00607
2.43555
2.36065
1.86515
1.99346
3.34676
2.45994
2.33549
2.02686
1.96883
3.30756
1.94754
2.36964
2.44152
2.0314
2.10091
3.34513
2.02164
2.51491
2.4205
1.45261
1.4545
1.48732
1.42643
1.4092
1.48405
1.5198
1.43615
1.42121
1.41366
1.46891
1.47512
1.49535
2.05153
1.86478
3.31593
2.49929
2.2972
2.05574
1.99345
3.34332
2.45842
2.33834
2.03203
1.68563
1.66967
1.95964
1.66337
1.52057
1.6654
1.66495
1.80029
2.08533
3.32112
2.5602
2.28995
2.07251
3.38953
2.63179
3.51085
2.10103
2.09438
3.45397
2.05924
2.53425
2.57968
2.06061
2.04434
1.58756
3.32186
2.00982
2.54273
2.45007
2.03134
3.33991
2.42036
1.87212
2.08226
3.3481
2.50355
2.34612
2.05193
3.00409
2.2905
1.95057
1.72724
1.95934
1.42369
1.56537
1.45676
1.50276
1.45651
3.38677
2.02666
2.42624
2.42219
2.09568
2.6622
3.50223
2.50743
3.22734
2.35318
1.92495
1.53168
1.44139
1.69548
1.55615
1.44969
2.08797
2.15172
3.22913
2.06911
2.54184
2.42755
2.04749
2.13534
3.29459
2.20911
2.5383
2.53842
1.97349
3.31706
1.91744
2.35107
2.38151
3.42295
2.4213
2.26723
1.9863
1.98833
3.31814
1.95051
2.4047
2.44961
1.61385
1.56535
1.53606
2.04805
2.09838
3.27612
1.99577
2.46824
2.42358
2.00825
2.08386
3.34983
1.98988
2.45596
2.41873
2.06565
3.31753
2.01272
2.48554
2.48287
3.3902
2.4751
2.33563
2.04351
1.82728
2.05951
3.37173
2.57405
2.28252
2.01647
3.44536
2.51436
2.08168
2.43704
1.51174
1.53414
1.61526
2.07578
2.11733
1.86235
1.63005
1.72304
1.97477
2.07915
3.31838
1.98157
2.39727
2.51428
1.97276
2.00008
3.37973
1.97017
2.46878
2.46613
2.04997
3.32
1.99753
2.48527
2.45315
1.99586
2.15385
3.29079
2.12981
2.53561
2.44604
1.91573
3.24543
2.00126
2.41362
2.37866
1.40476
1.40129
1.40942
1.40981
1.40493
1.41737
1.40641
1.40547
1.40388
1.40135
1.40537
1.40193
1.40065
1.40568
1.4046
1.40129
3.34741
1.98555
2.52979
2.40506
3.42831
2.49978
2.24865
1.98528
1.89785
2.18981
3.37392
2.65541
2.41131
2.11054
2.00299
2.12635
3.29109
2.08489
2.53756
2.43215
1.51422
1.55372
1.55694
1.49649
1.47315
1.42942
1.48565
1.42753
1.98765
2.0941
3.3173
2.09357
2.53853
2.47449
2.00304
2.05297
3.31251
1.98626
2.44878
2.42484
2.18961
2.58715
2.03921
3.44682
2.71656
3.2329
2.27609
2.02522
1.76709
1.86155
1.84062
2.09316
1.73861
1.87625
1.84977
1.69959
1.69598
3.42535
2.38404
2.51735
1.94743
3.34742
1.92759
2.40905
2.35096
1.8702
3.42612
2.52468
2.3518
3.32268
2.03839
2.51416
2.53064
2.01264
3.26734
2.09699
2.51496
2.46847
3.58517
2.12894
3.47902
2.04771
2.59886
2.4566
2.3365
2.05911
1.71647
3.03811
2.01446
1.70605
3.30334
2.11755
2.61888
2.44898
2.52528
2.12497
3.40146
3.27594
2.56942
2.43941
3.31602
1.98976
2.549
2.154
2.59432
3.37734
2.49197
2.56879
2.16408
2.01406
3.33002
1.98235
2.489
2.4214
3.4253
1.97269
2.39111
2.4405
3.52956
2.52443
2.37835
2.01415
3.55149
3.51143
2.01051
1.79249
3.35691
2.47816
2.27448
2.00466
3.36533
2.04545
2.43527
2.55674
1.77874
2.96375
2.28195
2.03627
1.9672
1.73113
2.98213
2.29874
1.78366
2.03231
3.07276
1.53094
1.52384
1.44464
1.80941
2.98328
2.28038
2.00708
2.06015
1.78816
1.52933
1.78038
2.9988
2.05851
1.79212
3.06362
2.28743
2.02028
1.69076
3.04908
2.30034
2.00776
1.98783
1.71126
2.90894
1.75373
3.01405
2.05432
1.77994
1.71059
3.04131
2.0487
1.70208
2.00539
2.05153
3.33005
1.94971
2.49118
2.38738
3.42949
2.03131
2.3828
2.46759
3.38857
2.02294
2.36719
2.50442
2.00936
2.4927
2.02528
3.49905
2.50488
2.05867
3.1615
2.42641
1.56602
1.78168
2.37782
3.34856
2.16718
2.50575
2.61796
2.51621
1.97592
3.4437
2.62005
3.19
2.21904
1.95342
1.87173
3.42036
2.54982
2.41653
2.07449
3.38477
2.6072
2.50256
1.90262
2.03146
3.51182
2.46354
1.95685
1.98678
3.35993
1.92685
2.37445
2.43428
3.3825
2.49163
2.50545
3.5712
3.50955
2.58613
2.34131
2.08189
3.33347
2.10964
2.55074
2.64582
1.51801
1.48959
1.63287
1.59671
1.47194
1.64777
2.07393
1.87026
1.63723
1.80998
2.01599
1.75926
2.37296
1.55488
1.49318
1.4755
1.60558
1.5554
1.59298
1.58324
1.53752
1.49006
3.55323
2.1158
3.48405
2.0543
2.58981
2.49154
3.44806
2.50274
1.8625
2.11017
3.42864
1.96523
2.63069
2.3133
1.60899
1.65575
1.51804
1.45478
3.49908
1.85223
1.56043
1.50544
2.25044
1.95124
1.69516
2.39566
2.55471
2.11542
1.82435
1.77063
3.43017
2.50948
2.01484
3.32154
2.01117
2.51135
2.48242
3.40564
3.32275
2.61223
2.34127
1.67413
2.01061
1.72183
1.81297
1.67677
2.08408
1.73762
2.41013
2.44165
1.83923
1.7126
2.02956
3.4397
2.0047
2.312
2.67147
3.28213
3.35721
2.91003
2.34913
3.47225
2.47196
1.98444
2.23751
3.38949
1.99107
2.37796
2.65388
1.55682
1.5557
1.44337
1.42607
1.45398
1.57899
1.47289
1.97683
2.04238
3.36245
1.93963
2.47941
2.38375
2.86519
2.22312
2.83337
2.60292
1.95943
2.16644
2.6868
1.99085
1.75747
1.77885
3.39766
2.06208
2.58732
2.52885
2.02183
3.50141
3.46251
2.41597
1.62482
1.48157
1.85058
2.30194
1.83914
3.0446
2.29849
2.06976
2.09217
1.71331
1.64296
1.98009
3.37784
2.1003
2.38948
2.62154
3.36739
2.03754
2.487
2.52922
3.36229
2.01928
2.46782
2.59349
3.4301
2.59587
3.4264
2.50893
2.33856
2.04218
3.20893
3.25322
2.84642
1.94598
3.30431
1.96839
2.49307
2.379
3.56226
2.15805
3.50277
2.07247
2.65187
2.50995
2.05915
3.36556
2.09662
2.52401
2.5413
2.03045
2.1736
3.35643
2.03768
2.54498
2.4663
2.03044
3.34402
1.99869
2.53047
2.46161
1.51848
1.93388
1.77455
2.04983
1.79712
2.07918
3.44266
2.52573
2.52337
3.42988
2.5033
2.34707
2.03175
3.39974
1.98329
2.51649
2.46587
3.40821
2.57493
2.02213
3.25679
1.997
2.40405
2.38197
3.49276
2.71898
3.23376
1.41526
1.41466
1.40599
1.40418
1.41668
1.4254
1.40862
1.41149
2.06283
3.37302
2.05545
2.49455
2.53534
3.44583
2.53875
1.92294
1.62841
1.51914
1.45882
1.45883
1.88408
1.83468
1.86074
1.61723
1.60229
3.45588
2.57667
3.34865
2.28535
1.95639
3.50732
2.51713
3.285
2.47918
2.15021
2.15264
3.33514
2.03444
2.55592
2.4554
1.85216
3.63397
3.34519
2.16888
3.34203
2.15862
1.4068
1.40428
1.40574
1.40384
1.40204
1.4197
1.4133
1.4141
1.40519
1.40812
1.40355
1.41077
1.41931
1.40899
1.42593
1.40564
1.40753
1.41423
1.40596
1.40906
1.40218
3.58919
2.03192
2.47311
2.41741
3.32305
1.42764
1.58399
1.61092
1.49928
1.8943
1.86785
1.79979
1.7123
2.01955
3.32992
2.05661
2.46537
2.50475
2.02349
2.18265
3.34908
2.06241
2.57257
2.4736
3.42377
2.71348
2.40674
2.19195
2.57496
3.43568
2.62048
3.33118
2.3404
2.00682
3.00551
1.79276
2.4161
1.97817
2.89932
2.03081
2.70841
2.36084
2.69873
1.89299
2.06204
1.81857
2.06066
3.45203
2.00085
2.41002
2.54422
3.4829
3.51215
2.39596
1.85895
3.44046
2.50551
2.34721
2.03973
3.37496
2.5034
2.32297
2.05159
2.09678
3.34305
1.97757
2.53755
2.16081
2.59292
2.09434
3.40261
2.05396
2.56762
2.48405
2.18818
2.64054
2.07655
3.59531
3.50814
2.0964
2.62011
2.5718
3.4751
2.58703
2.19869
3.36802
2.52895
2.0265
1.5429
1.46792
1.87639
1.83149
1.75631
1.73387
1.67665
1.52488
1.4797
1.4542
2.02324
3.45397
2.52652
1.8155
2.07699
2.15039
3.41453
2.06646
2.57235
2.4837
3.49613
3.38633
2.61576
2.04215
3.38262
1.93927
2.47405
2.34368
2.64826
3.48315
2.53042
1.86236
3.54679
3.36474
1.57386
1.56344
1.45094
1.6362
1.48268
1.43894
1.43135
1.48614
2.12687
3.3865
2.09926
2.49115
2.61701
2.07068
3.40406
2.09504
2.62356
2.48384
1.40925
1.41657
1.4071
1.40339
1.4469
1.40852
1.42755
1.44027
1.53327
1.79889
3.00394
2.30815
2.05823
2.02459
1.79137
1.57788
1.79232
3.0306
2.04354
1.74737
2.05229
3.34559
2.44811
3.45764
2.53882
2.90565
2.63004
3.37793
2.1462
1.77044
1.95668
1.40033
1.40226
1.40133
1.4014
1.40049
3.47502
2.83586
2.25925
2.51235
2.12989
3.3824
1.9571
2.51983
2.11769
2.63664
2.23937
3.57146
2.5885
3.28743
2.49511
2.08786
3.28163
2.08189
2.45017
2.56035
2.1102
3.2527
2.41635
2.62737
1.96686
2.04812
1.44913
1.44109
1.47479
1.4671
1.48783
1.42771
1.41837
1.40754
1.40542
1.45664
1.45712
1.61266
1.44845
1.84501
1.83502
1.86598
1.62395
1.59204
1.46752
1.42858
1.61613
1.67131
1.43831
1.64731
1.48677
1.69353
1.49779
1.61135
2.24277
1.84251
1.71542
2.56647
2.59338
1.89422
2.4442
1.86444
1.91787
1.74432
1.45567
1.54275
1.5934
1.49908
1.50789
1.44238
1.44893
3.43116
2.49155
2.62992
1.5216
1.58301
1.54364
1.59774
1.51811
1.49121
1.43901
1.61319
1.51507
1.87701
1.81828
1.76359
1.69724
1.52489
3.07407
1.82148
3.13436
2.2547
1.52254
1.44857
1.5875
1.52615
1.44886
1.41804
3.11287
1.61141
1.60547
1.47715
1.47715
1.55679
1.83932
1.80167
1.8648
1.8261
1.82053
2.11311
1.93481
1.51016
1.64645
1.58042
2.12325
1.89378
2.41054
2.01936
1.8119
1.9813
1.80662
3.40117
1.995
2.43099
2.54777
1.58517
1.47208
1.44937
1.53762
1.79716
1.74442
1.76434
1.69752
1.51505
1.79264
1.63673
1.86653
1.71906
3.6195
3.51415
2.64149
1.73492
1.89566
1.58259
2.4372
2.06477
2.00731
1.81056
1.72967
1.53376
1.553
1.45437
1.61983
1.51877
1.88716
1.80745
1.94878
1.79027
1.5244
1.86819
1.90383
1.88654
1.67677
1.68429
3.38994
2.00625
2.51798
2.54713
1.40156
1.40037
1.40283
1.40019
1.40076
1.40004
1.40018
1.40004
3.51263
2.67062
1.97681
3.06291
2.29504
2.09002
2.9942
2.4142
3.44517
2.07713
2.60608
2.54136
3.71605
3.45024
2.31998
1.60868
1.50429
1.45419
1.46946
1.46407
1.50802
1.84991
1.83734
1.82872
1.63552
1.62783
1.54527
1.9027
3.19678
2.14635
1.87405
1.49051
1.84351
1.65025
1.60851
1.7088
3.40047
2.0995
2.59634
2.54277
3.58771
3.55991
2.05241
2.59225
2.5183
3.44307
2.06514
2.5992
2.52923
1.48829
3.58698
3.56287
2.05292
2.59364
2.53712
1.6534
1.69072
1.66794
1.90563
1.91617
1.41306
1.41574
1.41301
3.54739
2.59218
3.39612
2.47518
2.0056
3.57273
3.57637
2.04847
2.67261
2.46631
3.58662
3.59
2.07034
2.62929
2.55123
3.37529
2.13672
2.73969
2.59149
3.39515
2.52495
3.33191
2.41304
1.99565
3.5831
3.55284
2.08215
2.63767
2.56549
1.61707
1.45456
1.52029
1.53637
1.45463
1.94543
1.89089
1.91583
1.77699
3.41455
2.01065
2.65108
2.64981
2.22274
1.72844
1.74759
1.93254
3.54897
3.57804
2.2012
2.73758
2.71181
3.28069
2.59117
3.37263
2.45744
1.8768
1.65445
1.78664
1.74033
1.94131
2.02747
3.0911
2.53019
2.15719
2.48112
1.69646
3.17538
2.08268
1.81201
3.61093
1.97405
2.67212
2.36985
3.3613
1.64744
1.44853
1.70457
1.73555
1.52828
1.45622
1.50156
3.43035
2.01768
2.57671
2.48967
3.56476
3.38948
2.53488
2.07521
1.51839
1.61939
1.54641
1.44757
1.50785
1.44256
1.42287
1.46532
3.86313
3.32899
2.53157
2.10269
3.49621
2.56187
1.54393
1.78013
2.11483
1.88693
2.46704
2.46946
1.88963
2.12135
2.52107
1.89325
1.69374
1.7325
1.52256
1.48164
1.43913
1.51282
1.43952
1.5252
1.77273
1.8444
1.67699
1.74512
1.67236
3.53638
3.75024
2.69615
3.39958
2.59366
1.40028
1.40024
1.40017
1.40009
1.40011
1.45885
1.42121
1.4188
1.44479
1.43617
1.48832
1.48394
1.65235
1.52289
1.67339
1.65462
1.52774
1.47016
1.53106
1.40204
1.40096
1.40257
1.40118
1.40269
1.40307
1.40155
1.4001
1.40032
1.40003
1.40023
1.40005
1.69978
2.03232
1.70294
2.07484
1.93142
1.76444
2.45161
2.44029
1.87168
2.12464
2.51556
1.89748
1.8542
1.7254
3.58748
2.01033
2.68296
2.40682
3.35907
2.84795
2.26968
3.57167
2.79322
3.25185
2.44639
2.12015
1.65926
1.45389
1.93899
1.89789
1.94459
1.65735
1.61992
1.60846
1.45588
1.88348
1.88042
1.88994
1.63146
1.60959
1.61315
2.16295
1.89182
1.78926
2.50425
2.48211
1.92418
2.17415
2.53909
1.90905
1.75382
1.91963
2.18612
3.44138
2.66941
1.98333
3.5999
2.06056
2.68247
2.47937
3.32092
1.56742
1.48978
1.44253
1.46551
1.60605
1.53173
1.65074
1.50896
1.47867
1.47266
1.53445
1.57871
1.67496
1.84065
1.78538
1.92396
1.81362
1.40488
1.40439
1.41583
1.40886
1.40589
1.40658
3.22674
2.51251
2.13272
2.52664
1.40537
1.41369
1.40347
1.40475
1.41764
1.4069
1.40316
1.4043
1.40959
1.4
1.4
1.4
1.40003
1.40001
3.64152
2.04937
2.65091
2.47885
3.33781
1.46358
1.42124
1.41339
1.44123
1.4081
1.40567
1.4542
3.45633
1.96397
2.56798
2.4614
3.47881
3.74271
2.84235
3.31588
2.83061
3.4713
2.27985
3.46256
2.19418
2.63987
2.78087
1.8671
1.67914
1.66579
1.92026
1.71668
2.19615
1.88457
1.55505
2.56831
2.04842
1.45036
1.43085
1.4553
1.45515
1.44137
1.41719
1.41839
1.41582
1.40582
1.40502
1.41016
1.42484
1.41512
1.42542
1.44622
1.4125
1.49055
1.43256
1.41751
1.43382
3.49362
2.07943
2.65965
2.64909
3.505
2.04338
2.48267
2.70091
1.40001
1.40001
1.4
1.40001
3.20215
1.7485
1.87972
1.468
1.56677
2.02058
1.81816
1.81883
2.01839
1.60574
3.16003
1.93094
1.68809
1.83105
3.13986
2.12091
1.79676
1.47065
1.46562
1.55534
1.61084
1.48972
1.65911
1.55712
1.87288
1.81528
1.94714
1.83071
1.80026
3.16276
2.09927
1.78327
1.40017
1.40018
1.40012
1.40017
1.40005
1.4001
1.40004
1.40002
1.49585
1.43285
1.49308
1.4041
1.42648
1.41232
1.40465
1.40923
1.40349
1.40177
1.40136
1.9176
1.72179
1.65664
1.66135
1.57534
1.40067
1.40156
1.40103
1.40076
3.5199
2.04489
2.46105
2.72514
1.57136
1.47976
2.28681
1.85222
1.66767
2.06646
2.41111
1.87205
1.55231
1.81731
1.7256
1.6445
1.73563
3.19571
2.01112
1.70886
1.40205
1.40162
3.35899
2.61849
2.12939
2.41547
1.40956
1.4139
1.41742
1.41675
1.42787
1.42506
1.41221
1.41872
1.42098
1.41566
1.40111
1.40093
1.40068
1.40066
1.40043
1.40264
1.40152
1.4
2.60153
2.01402
1.78204
1.93739
1.86808
1.86169
1.80255
2.08093
1.77198
1.62365
1.81346
1.62418
1.85873
2.01268
1.4
1.4
1.4
1.4
1.4
1.4
1.74266
3.21545
2.07219
1.76134
1.41668
1.41109
1.41885
1.42655
1.64974
1.62675
1.53147
1.44398
1.89102
1.83572
1.87914
1.76442
1.60329
1.60804
1.47813
1.65057
1.47592
1.59974
1.4
1.4
1.4
1.4
1.4
1.49868
1.43665
1.44775
1.47329
1.50952
1.40022
1.40089
1.40105
1.40073
1.40068
1.45855
1.5732
1.47313
1.67907
1.56104
1.9044
1.82209
1.98044
1.83672
1.67393
3.19343
2.17115
2.85561
3.28979
3.35441
2.3464
1.82797
3.07964
2.10229
1.45021
1.55749
1.68528
1.90462
1.80882
1.98384
1.82104
3.44702
2.03745
2.60112
2.67199
1.73833
1.87311
1.54368
2.43196
2.04606
1.98164
1.79491
3.38242
2.05725
2.63572
2.43418
1.4
1.4
1.4
1.4
1.57699
1.48025
1.43408
1.61613
1.6768
1.50388
1.45322
1.5201
1.57733
1.5259
1.83457
3.15445
2.11155
1.80941
1.40147
1.40263
1.40351
1.40187
2.20947
3.59156
2.10919
2.63413
3.31357
2.66849
1.53299
1.4715
1.51534
1.83073
1.8083
1.70068
1.67191
1.46535
1.83737
1.51512
2.42217
2.08204
2.50441
2.54154
2.49576
2.04814
1.65748
1.63881
1.88222
1.6834
2.03905
2.06693
1.83143
1.64707
1.61939
1.4747
1.8824
1.8301
1.93946
1.82698
1.80567
2.81881
2.12062
2.13796
1.95227
1.70739
2.57222
2.53931
1.82872
2.12833
2.58939
1.87879
1.86402
1.73571
3.52887
2.1475
2.7689
2.68786
1.4
1.4
1.4
1.4
1.67275
1.47871
1.6832
1.59
1.5179
1.40131
1.40912
1.4084
1.40519
1.40592
1.59141
1.69455
1.50066
3.33606
2.64677
2.10946
2.52188
2.15856
3.02075
2.92675
2.69253
2.83609
1.94367
2.01054
1.73191
1.4
1.4
1.4
1.4
1.4
1.4
1.4
1.4
1.60942
1.46446
1.63419
1.8976
2.17094
1.61566
3.1379
3.38566
1.51353
1.46975
1.48788
1.66867
1.5622
1.8414
1.78354
1.92169
1.78783
1.41792
1.40687
1.4204
1.42391
1.40767
1.40932
1.40414
1.8285
1.66168
2.13622
2.01346
2.19119
1.8341
1.69079
1.53635
1.65199
1.55143
1.56081
1.46744
1.83192
1.80559
1.93229
1.81422
1.41536
1.40732
1.41751
1.41683
1.40492
1.41891
1.42859
1.40859
1.41381
3.63134
3.4117
2.31802
1.93542
2.76244
1.4
1.4
1.32956
1.41412
1.34839
1.31725
1.4
1.4
1.92209
1.92053
1.74477
1.66164
2.16174
2.10976
1.83516
1.85141
1.55116
1.55778
1.467
1.69464
1.55341
1.91435
1.84668
1.98439
1.84142
1.49401
1.64396
1.91304
1.84893
1.98297
1.73356
1.66581
1.45999
1.44964
1.74695
1.66861
1.50583
1.53166
1.4
1.4
1.4
1.4
1.4
1.4
1.4
1.4
1.4
1.4
1.42271
1.40931
1.40656
1.41913
1.42771
1.40736
1.41498
1.40594
1.67556
1.55729
1.50922
2.0121
1.91808
2.0492
1.76906
1.69768
1.6125
1.47574
1.6455
1.48262
1.52921
1.44928
1.40119
1.40142
1.4009
1.40113
1.40034
1.40044
1.4
1.4
3.31117
2.73693
2.26282
2.1369
1.71362
2.44489
2.49563
1.80929
1.64211
2.09444
2.46992
1.85289
1.66581
1.84617
1.4
1.4
1.4
1.4
1.4
1.4
1.4
3.09035
1.91416
2.85607
2.20821
2.04958
1.86026
1.81038
2.0902
1.60218
1.55544
2.29332
1.7066
1.7192
2.48861
2.0257
2.83724
2.25505
2.6794
2.11345
2.81135
1.61555
3.02446
2.74373
1.9489
1.82619
2.23122
2.81583
1.94578
2.16355
2.67676
2.22703
2.13254
1.40042
1.40018
1.40207
1.40145
1.40078
1.40052
1.40036
1.56452
1.46726
1.46158
1.69329
1.57258
1.57327
1.88755
1.8414
1.91013
1.80578
2.62863
2.34365
1.84872
1.93686
1.5243
1.85451
1.58819
1.56595
1.97564
1.86554
2.04713
1.4
1.4
1.4
1.4
1.4
1.4
1.40181
1.40209
1.41387
1.40735
1.4084
1.40249
1.40562
1.40157
1.40627
1.40222
1.4
1.4
1.4
1.4
1.4
1.4
1.4
3.20663
1.91328
2.93681
2.28557
2.08139
2.30533
1.46567
1.58298
1.47537
1.71525
1.56402
1.93336
1.85966
2.01657
1.87147
1.4
1.4
1.4
1.40866
1.40952
1.40704
1.40792
1.41113
1.63791
1.47854
1.63679
1.48182
1.4066
1.40408
1.42023
1.41125
1.40197
1.40927
1.4059
1.40261
1.71931
1.54696
1.92092
1.83948
1.95628
1.8249
1.51186
1.45665
1.65534
1.6985
1.52711
1.89869
1.74445
1.48325
2.04962
1.74926
1.66565
2.41214
2.01847
1.82016
1.8151
1.70568
1.66556
1.63724
1.60288
1.47261
1.93418
1.87762
1.95936
1.81892
1.40161
1.42626
1.40941
1.40818
1.81088
3.20347
2.90225
2.38621
2.19438
1.86802
2.73647
1.80538
2.21237
2.31134
2.74232
1.84468
2.01845
1.73993
1.6569
1.54611
2.15432
1.95954
1.71439
2.47572
1.83962
3.22026
1.96697
2.92672
2.34014
2.30101
2.69208
2.15305
1.78251
2.56009
1.92772
1.71108
3.27214
1.98292
2.91766
2.35047
2.28467
3.47809
3.54798
2.60307
1.50631
1.46118
1.63802
1.50602
1.52486
1.45184
1.68018
1.6637
1.45137
1.47906
1.71278
1.54745
1.45755
1.83357
1.78286
1.91599
1.77467
3.24744
1.95017
2.01399
2.91071
2.01291
2.25957
2.33323
3.27073
1.7559
3.00606
2.32368
2.16473
1.94929
1.6323
1.86958
1.78238
1.67922
2.38516
2.04778
1.79068
2.72527
2.13399
2.17288
3.2883
3.0029
2.20845
1.66118
1.84783
1.80898
1.90796
1.81959
1.50201
1.63758
1.42773
3.08551
1.99115
2.96135
2.29079
2.73705
2.32429
3.33034
2.95724
2.20672
1.98842
3.2287
1.84321
1.84582
2.96884
2.17251
2.18325
1.90733
1.42212
1.42293
1.42954
1.44032
1.42608
1.44808
1.43975
1.41462
1.40834
1.41535
3.34639
3.01145
2.21149
2.24371
1.98176
3.54065
2.14598
3.49539
2.93336
2.21492
1.8541
1.84339
2.59115
1.73373
2.05632
1.86347
2.19772
3.03765
1.9938
2.90899
2.3369
2.28565
3.34622
3.06465
2.2339
1.42574
1.42617
1.41264
1.45018
1.52088
1.48562
1.46718
1.49239
3.051
1.91267
1.97717
2.91933
1.97235
2.27123
2.26149
3.03726
1.98675
1.72743
1.52589
2.90228
2.28204
2.25829
2.05327
3.1867
1.95231
3.00994
2.19788
3.04429
1.99056
2.93949
2.2721
2.80417
2.27862
1.945
3.39806
3.01878
2.2357
3.05683
3.01108
2.44345
2.89625
2.38177
2.22469
2.01652
1.89411
2.22666
2.00283
1.93147
2.87661
2.77477
2.21651
2.17778
1.92251
3.56511
2.32927
1.91116
1.40001
1.4
1.4
1.4
1.4
1.4
1.46302
1.44504
1.43482
1.42863
1.46674
1.44485
1.4051
1.43578
1.40869
1.43224
1.41122
1.40848
1.44116
1.45187
1.41514
1.42729
1.41419
1.40751
1.48129
1.42776
1.42254
1.41799
1.48165
1.45727
1.456
2.00303
2.76205
2.17622
2.84773
2.89951
2.27617
2.27419
1.78008
3.06726
2.35424
1.98871
3.03624
2.83298
2.15922
2.11767
1.80309
1.4091
1.41436
1.40653
1.40113
1.40144
3.11319
1.89257
2.85388
2.01149
2.21529
2.24592
1.51773
1.43169
1.4916
1.41631
1.43801
3.34007
2.07124
2.95728
2.23552
2.38289
2.05832
3.38239
1.97924
3.03979
2.50889
2.15224
2.39379
2.88081
2.0105
1.44423
1.42856
1.41273
1.4309
1.42542
1.44473
3.62213
2.40232
2.33923
1.40005
1.40036
1.40004
1.40011
1.40016
1.40042
1.98782
2.68046
2.2254
2.21794
3.05372
3.03554
2.13295
1.77641
2.41842
2.87635
2.11178
3.34285
2.03492
2.97694
2.23308
2.34789
1.40345
1.40134
1.40261
1.42186
1.42204
1.42108
1.40905
3.28432
3.03277
2.31434
3.29303
3.04987
2.17742
1.84597
2.10908
1.62992
2.13898
1.93237
2.74393
2.6209
2.11392
2.17868
1.87139
1.81495
3.06775
3.15563
2.2013
1.87085
2.37551
1.94765
2.92171
2.21331
3.33217
3.0033
2.3775
1.90497
3.28962
1.96766
2.9983
2.2784
2.36198
1.4058
1.40155
1.40575
1.40187
1.40218
1.41232
1.40472
3.22901
1.93604
2.9463
2.24719
3.331
2.30387
1.88297
1.99238
3.22896
2.43885
2.20771
3.1702
2.56919
3.12848
1.71763
3.1205
2.14295
1.92767
2.79968
2.28451
3.08985
2.05573
2.94662
2.31545
2.33013
1.86925
2.23171
1.90576
1.86616
1.82837
1.95006
1.76367
1.68941
1.4993
1.61754
1.59664
1.6758
1.62246
1.48224
1.45171
1.68227
1.69803
1.50638
1.52805
1.45567
3.29693
3.06746
2.0882
1.40026
1.40094
1.40013
1.40225
1.40081
1.40717
1.40058
1.40192
2.10158
1.81319
2.08715
2.37276
1.55561
1.5308
1.98688
1.69554
1.73677
1.96848
3.12709
2.36401
1.83689
2.84457
2.23455
3.2971
3.03796
2.44528
2.10547
2.0642
2.42037
3.30133
3.05587
2.2607
2.24856
1.94792
1.40038
1.40327
1.40091
1.40292
1.40083
3.32538
2.99006
2.24654
2.44119
3.30447
2.99387
2.32797
2.34818
3.32145
2.99041
2.40819
2.19833
3.30322
1.89244
3.05018
2.43767
2.19605
1.98674
3.3799
3.03027
2.23223
2.0444
2.35155
3.31966
3.04929
2.4263
2.40479
3.08228
2.99376
2.25757
2.83133
2.37295
2.24459
2.0833
1.98287
2.19936
2.56115
2.4827
2.30736
2.73359
1.97262
1.99696
1.75867
3.17811
1.87998
3.00924
2.4144
2.22837
3.24328
1.77745
3.0779
2.09052
3.09807
3.08199
2.0838
1.8088
2.48929
2.8301
2.19648
2.09285
3.09672
2.02746
2.95185
2.36315
2.34051
3.2454
3.10792
2.16829
3.09661
2.08694
2.9579
2.32444
2.36106
3.37437
3.24637
2.43557
2.09346
3.16715
2.30419
2.8792
2.3978
3.27273
3.40437
2.19088
1.84235
3.39371
3.01041
2.49672
2.25064
1.40624
1.40151
1.40444
1.40777
3.09701
3.0306
2.40987
1.77015
2.79746
2.39055
2.17063
1.97807
3.09814
2.1017
2.96459
2.33344
2.34914
3.4099
3.03142
2.24283
1.93857
3.30916
3.31229
3.14132
3.13746
1.40001
1.40004
1.40001
1.40004
1.40001
1.40001
1.40001
1.40002
1.4
1.40001
1.4
3.13471
3.08141
3.41062
3.20953
3.34329
3.0773
3.44847
3.32346
3.16228
3.12517
3.37573
3.39017
3.05443
3.06454
2.99536
3.43168
3.36257
3.09295
3.3783
3.41397
3.35071
3.36167
3.28756
3.16724
3.19968
3.18254
3.38028
3.26158
2.87923
3.48116
3.09525
3.08691
3.2575
3.36683
3.17949
3.39085
3.23821
3.28795
3.09313
3.1421
3.13341
3.10875
3.01693
3.10911
3.21281
3.36989
3.25452
3.15508
3.19718
3.18888
3.07632
3.17813
3.09062
3.16577
3.24338
3.03366
3.14142
3.30414
3.17636
3.24571
3.22251
3.20988
3.07735
3.25242
3.25267
3.10116
3.1333
3.07902
3.22456
3.18266
3.47182
3.0998
3.16146
3.08218
3.2474
3.36403
1.82574
3.01826
2.29568
2.05172
2.27391
3.19103
3.09989
3.19772
3.34764
3.32326
3.13848
3.16977
3.12526
3.1872
3.27399
3.22184
3.37977
3.15428
3.09752
3.1938
3.0127
3.22269
3.31495
3.08982
3.05957
3.19242
3.54776
3.0204
2.03792
2.31629
2.28441
2.90097
1.76521
3.15042
2.28706
2.76959
3.14466
3.03142
2.91427
2.28874
1.79883
3.08068
2.4846
2.25528
1.86071
2.03762
3.30839
3.14939
2.85863
2.21781
1.83258
1.96531
3.01271
2.41808
2.33993
1.42572
1.48003
1.44191
1.44407
1.41354
1.4261
2.88486
2.99461
3.04016
2.32814
2.05082
2.28354
3.07362
2.28536
1.41235
1.41289
1.41268
1.41571
1.40749
1.40789
1.40438
1.40546
1.40825
1.40407
1.41247
1.4152
3.15813
1.84135
1.97106
2.94054
2.00359
2.32958
2.20975
3.19984
2.83647
2.04363
1.84615
2.79594
2.09366
3.05924
2.85349
3.04048
2.46462
2.95058
2.40211
2.09377
3.17741
2.54506
3.03908
2.32097
2.94657
1.94434
2.96547
2.26749
2.75648
2.15487
1.95755
2.17687
3.05347
2.51638
2.1523
2.41747
2.07504
2.29633
3.1404
2.27812
2.92303
2.83615
2.28641
1.9823
3.02189
2.42713
2.40688
1.40003
1.40019
1.40001
1.40003
1.40013
2.47943
1.9956
1.87748
1.66001
1.5275
1.80594
1.59962
1.98351
3.11007
2.30736
2.50755
1.95124
2.99955
2.06239
2.34147
2.37982
3.13134
2.42509
1.96026
2.97722
2.28213
2.76222
2.25892
1.44565
1.43313
1.41003
1.47801
1.51795
1.49959
1.47159
1.53449
1.4618
1.42041
1.41507
1.40729
3.06334
2.39739
2.06963
1.97628
3.0254
2.41888
2.2907
1.40559
1.4435
1.44408
1.41333
1.40801
1.41517
3.30878
3.12965
2.92857
2.02907
2.85544
2.05643
2.99161
2.30107
2.84916
2.49264
2.29925
3.23644
1.43929
1.48112
1.35571
1.39974
1.39089
2.48127
1.64462
1.36766
1.41511
1.40902
3.28397
1.43877
1.44524
1.57908
1.46935
1.5932
1.48743
1.49462
1.57163
1.40096
1.41284
1.42331
1.42421
1.39534
1.40835
1.41754
1.41499
1.47429
1.38983
1.35821
3.08621
2.3276
1.87368
1.94624
3.05837
2.32896
3.14831
2.16209
2.8826
3.06847
2.06215
3.02406
2.33299
2.7803
2.45832
2.3306
2.04333
1.96633
2.05887
2.92809
2.39095
2.33788
3.16059
2.38157
2.08097
2.87334
2.29527
3.1642
2.88382
1.96038
1.54761
1.46014
2.0674
2.97655
2.36145
2.35095
3.03317
2.23639
1.56464
1.58844
1.61266
1.45556
1.51767
1.44851
1.40024
1.40007
1.40004
1.40075
1.4002
1.40035
1.40133
1.4019
1.40159
1.40237
1.40178
1.40536
1.40224
1.4016
1.40273
3.0305
2.4428
2.42969
3.26547
3.07108
2.43836
2.1961
3.00847
2.40718
2.5261
2.06235
2.18908
2.97247
2.2794
2.84563
2.25466
2.2635
2.05701
3.03962
2.2131
2.36264
3.12644
1.7724
2.88698
2.12062
2.98567
1.51717
1.42438
1.44124
3.04438
1.54305
1.49588
1.43859
1.58356
1.62832
1.44801
1.60252
1.5381
1.50684
1.43921
1.41732
1.44291
1.86204
2.96204
2.20951
1.42706
1.41174
1.43917
2.0802
3.02605
2.45302
2.38241
1.40151
1.4008
1.4041
1.40164
1.40141
1.40112
1.40095
2.58634
2.63574
2.62342
1.92893
1.79851
2.07585
1.66567
1.82638
1.74439
2.03441
2.4073
2.20309
2.53468
1.99454
1.93253
1.78653
2.9854
2.29257
2.27271
1.97574
1.50177
1.46021
1.68249
1.66281
1.6435
1.50092
1.53112
1.47132
1.40506
1.40961
1.42498
1.40863
1.40763
1.43486
1.41519
1.40801
1.43228
1.41839
1.41542
1.41192
3.09387
2.29643
2.30385
2.02818
1.40773
1.40762
1.41845
1.44333
1.42517
1.40852
1.40633
1.40426
1.40304
1.42977
1.41881
2.30834
1.92596
3.21581
2.0008
2.8684
2.13466
2.87797
3.13588
2.5932
3.08878
2.30128
3.21017
2.33848
2.49714
3.1315
2.88474
2.8084
2.03189
3.03026
2.45127
2.37879
3.05203
1.8868
2.20369
2.16326
2.17888
1.65728
1.87477
2.57108
1.85081
1.67289
2.02121
2.99595
2.37001
2.28582
1.41623
1.4165
1.41205
3.1972
1.792
2.94824
2.14819
2.92484
2.14865
1.40086
1.40083
1.40034
1.40011
3.12857
2.24462
2.0249
3.04459
2.45311
2.38475
2.06441
3.00121
2.41463
2.36583
1.40473
1.40816
1.40267
1.96766
2.80081
2.3143
2.24994
3.19973
1.50522
1.49483
1.42214
1.47357
1.4451
1.41266
1.43237
1.47544
1.47118
1.41112
1.58329
1.44803
1.47802
1.58527
1.59775
1.66206
1.5
1.52991
1.46439
3.04355
2.3771
3.12528
1.68216
2.86394
3.19728
1.93532
1.62242
1.69843
3.11464
2.15866
2.80875
3.07808
2.20325
2.23516
1.77915
1.71475
3.12534
1.4586
1.46307
1.42289
1.41221
1.45518
1.458
1.42706
1.41391
1.4
1.4
1.4
1.4
1.40001
1.4
2.87848
2.31866
2.11306
2.24411
1.40024
1.40009
1.40023
1.40002
1.40006
1.40005
1.40081
1.40193
1.40305
1.4013
1.40033
1.40209
2.85421
2.91915
2.28122
3.08856
3.05137
2.25462
2.85064
2.23399
3.05153
2.30521
3.03175
2.35148
2.8969
2.34662
3.44145
3.04581
3.095
2.3726
2.07598
2.91539
2.28993
2.07869
3.0108
2.39062
2.34428
2.54161
1.87285
1.6071
1.55776
2.42926
1.9704
1.96761
1.78703
1.7615
2.46253
2.06659
2.96878
2.96546
2.23261
1.76443
1.66006
2.74397
1.93085
3.25948
3.14742
1.40949
1.40706
1.40673
1.41035
3.01922
2.41624
2.96637
2.48043
2.33699
2.13316
1.40309
1.40091
1.40047
1.40638
1.40267
1.40263
1.40099
1.40023
1.40046
1.40014
1.40003
2.05118
2.75648
2.31259
1.58772
1.5276
1.72267
2.66138
2.64543
1.90322
2.79153
1.96548
1.86869
1.75045
1.82231
2.13222
1.91901
2.2939
1.78676
2.05937
2.19024
1.47301
2.47149
2.34985
2.40837
1.96799
1.85396
2.35333
1.99747
1.95576
1.93077
1.83991
1.86671
1.62715
1.63851
3.07673
2.12228
2.0231
3.03856
2.4062
3.14368
2.88333
2.23856
3.03795
2.92576
2.25629
2.93516
2.22952
3.05222
2.28045
2.90938
1.88638
3.03409
2.30397
2.8665
2.28756
3.04781
3.03704
2.41019
2.10112
2.38376
1.57489
1.6981
2.64405
2.65406
2.09872
1.76623
1.95926
1.78344
2.77401
2.17632
1.45543
1.44267
1.41835
1.45009
1.4218
1.41001
1.42185
3.14643
2.85536
2.02537
2.43508
2.22297
1.96035
2.34445
1.908
1.94074
1.80499
3.02659
2.33065
2.87613
2.31024
1.4304
1.4142
1.45678
1.42313
1.45189
3.13322
2.30591
2.88131
2.31365
2.00944
2.47273
2.65979
1.71187
2.47919
2.07724
1.91077
1.67467
1.60894
2.34556
3.01273
2.87661
2.5708
1.40004
1.40008
1.40004
1.40003
1.40001
1.40281
1.40571
1.40433
1.4059
1.40751
1.41092
1.40781
1.40438
2.58137
2.53196
2.02015
1.732
1.71507
1.54315
1.6411
2.37061
1.94987
2.1327
1.92481
3.10617
2.33057
2.84335
2.30668
3.33376
3.11349
2.3332
3.04424
2.37953
2.92363
2.35834
2.95779
2.38785
2.4512
2.20751
1.46405
1.4216
1.44978
1.49524
1.42057
1.43406
1.4492
3.09197
2.35923
2.89293
2.34852
1.40535
1.43729
1.41938
1.42729
1.40738
1.40943
1.46593
1.43181
1.41539
1.46044
1.43008
1.47585
1.47425
1.4031
1.40636
1.40344
1.40354
1.40305
1.40196
1.40227
3.17787
2.24552
1.77575
2.90153
2.03372
3.02353
2.33229
2.55806
2.11378
3.09281
2.36548
2.90051
2.35212
3.06313
2.35581
2.89214
2.32998
1.64541
3.06474
2.99217
2.42674
2.3817
2.06859
1.5269
1.43313
1.48744
1.43831
2.45823
1.63836
1.91148
1.50007
1.63091
1.4786
1.46652
1.45733
1.44662
1.50609
1.55133
1.44239
1.48977
1.53397
3.08907
2.37663
2.91042
2.36593
3.09786
2.37534
2.90881
2.37925
3.12316
2.38434
2.97054
2.39465
3.06731
2.20467
1.96748
2.3252
3.06153
2.3637
2.91744
2.33519
3.12791
2.91432
2.40784
2.32884
2.02532
3.06108
2.4049
2.94684
2.39558
1.5884
1.85187
2.57436
1.72541
2.20732
2.6526
1.91664
1.71122
1.95782
3.1809
2.30236
2.96048
2.39739
1.94777
1.8817
1.74568
1.48757
1.45926
1.41333
1.47404
1.40953
1.43408
1.44403
1.42628
1.4739
1.41868
1.69559
1.54092
1.47849
1.52871
1.59678
3.06616
2.15215
2.95448
2.1665
3.10383
2.30989
2.93629
2.32441
1.4
1.4
1.4
1.4
1.4
1.4
1.40002
1.4
1.4
1.40002
1.40007
1.4001
2.99155
2.89693
2.28996
1.46525
1.49336
1.43727
1.43847
1.41664
1.42965
1.50124
1.47539
3.05116
2.59807
2.3174
2.31512
1.95683
1.70711
1.669
1.55655
2.24073
2.26738
1.83224
1.82703
1.67395
1.40002
1.40001
1.40001
1.43679
1.41956
1.44114
1.41368
1.43555
1.41245
3.05419
2.34896
3.02622
2.36519
3.2064
2.92586
2.24337
1.76614
3.08673
2.35447
2.86783
2.33711
2.99602
2.37027
1.97891
2.82018
2.18804
1.91559
1.71384
1.7635
1.6999
1.62967
1.51602
1.44694
1.56954
1.4529
3.05196
2.3904
3.02777
2.40121
1.50801
1.72228
1.66886
1.63523
1.51578
1.5111
1.46626
1.45471
1.69096
1.67609
2.95414
2.82283
3.09949
2.33158
2.0246
2.33773
3.11965
2.41281
2.92598
2.37471
3.12563
2.86819
2.15615
3.00984
2.23494
1.78913
1.70452
1.40685
1.41873
1.42018
1.42378
1.40836
1.4042
1.42932
1.41192
1.40818
1.43451
1.41295
1.46703
1.6022
1.7469
1.58011
1.57782
1.5082
1.80484
1.76079
1.63276
2.63814
2.61933
1.95891
2.7505
1.97523
1.80304
1.42754
1.46148
1.47313
1.49874
1.42437
1.46395
1.48817
1.42558
1.43739
1.45452
1.5164
3.07535
2.26755
2.95727
2.29608
1.40838
1.53162
1.49408
1.41809
1.45515
3.19557
2.46411
1.40351
1.40143
1.40483
1.41125
3.20887
2.96431
2.10961
1.52599
1.67249
1.49246
1.56436
1.71356
2.27107
1.94579
1.69276
1.66563
1.87483
1.44868
1.4177
1.46961
1.51721
1.42507
1.4692
1.42443
1.40527
1.40357
1.41298
1.41775
1.40653
1.40816
1.40269
1.40316
1.43414
1.41886
1.40995
1.4347
1.44614
1.42271
3.12325
2.97347
2.34817
1.48949
1.53846
1.56122
1.49974
1.59606
1.5243
1.56916
1.527
1.40366
1.43645
1.4172
1.45756
1.42512
1.59624
1.4887
1.47036
1.46207
1.66803
1.55082
1.52983
1.63517
1.53578
1.47477
1.60559
1.57005
1.47533
1.42703
1.4688
1.45348
1.42985
1.47872
1.48164
1.43687
1.42705
1.43693
1.49673
1.48102
1.45004
1.44347
1.86198
1.73118
1.76358
2.11017
2.12923
1.82396
1.74792
1.92164
1.58431
1.54505
1.42751
1.41091
1.4193
1.40677
1.44279
1.43075
1.91502
1.68658
1.53994
1.47066
1.53219
1.7428
1.40325
1.40982
1.4033
1.40371
2.65306
2.55116
2.00295
1.95088
1.80717
2.34226
2.38516
1.90327
1.7831
1.73912
2.83162
2.81727
1.957
2.85083
1.9909
1.49824
1.44092
1.60575
1.4864
1.56807
1.45713
2.34525
1.73312
1.53354
1.58867
2.40362
2.04711
1.92195
1.86152
2.70231
2.76886
2.7137
1.97567
1.6241
1.74115
1.81953
2.12857
2.67347
2.70728
1.92619
2.7413
1.92796
1.75086
2.6876
2.75115
1.96189
2.77447
1.91668
2.68645
2.71382
1.98578
2.79533
1.98617
1.73387
2.00192
1.82707
2.14784
2.71265
2.78724
2.02472
2.75353
2.02015
1.82837
1.4777
1.60418
2.65703
2.67359
2.15098
1.90808
2.23326
1.67548
2.70986
2.71768
2.0955
2.77107
2.0427
1.78815
2.6598
2.71725
1.84416
2.74873
1.87935
1.72704
2.38165
1.87536
1.92914
1.71379
1.41196
1.39388
1.40652
1.40822
1.40615
1.50327
1.73394
1.44723
1.45236
1.52609
2.68392
2.74626
1.85743
1.65547
2.77767
1.94414
1.8184
2.30353
1.81779
1.59856
1.72568
1.51374
1.43495
1.42319
1.6223
1.49549
1.50492
1.7009
2.08563
1.93601
1.83452
1.77641
2.72904
2.78304
2.8959
2.00444
2.05271
1.80624
1.70451
1.588
1.80677
1.73589
2.09651
1.94021
1.78142
1.82603
1.55719
1.52783
1.452
1.59904
1.48927
1.41843
1.40703
1.4345
1.47339
1.41482
1.43372
1.70778
1.68802
1.64719
1.51774
1.47129
1.5107
1.46401
1.44977
1.43656
1.46129
1.51407
1.51917
1.64539
1.48181
1.52211
1.44527
2.17886
1.69707
1.97601
1.78298
1.86668
1.66027
2.78917
1.90296
1.78453
1.5738
2.2454
1.84775
1.62732
1.55711
1.70892
2.21681
2.24795
1.97853
1.85232
1.76547
2.36894
1.62765
2.65914
1.91778
1.5805
2.31393
2.45126
2.43668
2.05375
1.8967
1.86019
1.77067
1.64377
1.48879
1.47239
1.68879
1.74735
1.84129
1.57557
1.49228
1.73717
1.53257
2.05203
2.11695
1.82639
1.72476
1.86679
1.60118
1.56724
1.47162
1.47392
1.48162
1.58735
1.59828
1.41802
1.52536
1.5587
1.63183
1.4763
1.74503
1.71244
1.47043
1.47245
1.52148
1.82695
1.78483
1.76012
1.71156
2.40817
2.29411
1.96472
1.94214
1.78441
1.49596
1.45817
1.52206
1.48589
2.69432
2.77789
2.8114
2.01067
2.05125
1.76548
1.73521
2.70222
2.75689
2.0134
1.41421
1.41344
1.41941
1.40921
1.42954
1.41397
1.47961
2.72557
2.8077
1.9871
2.90544
2.0333
1.77719
1.75734
1.60244
3.105
2.25314
2.50872
1.9716
1.72735
1.96572
1.727
1.52511
1.51335
1.64267
1.78877
1.67232
1.53216
1.76833
1.64462
1.77648
1.51986
1.58579
1.60699
1.49284
1.61629
1.52104
1.46177
1.43585
1.41104
1.42927
1.41134
1.40475
2.9024
2.91101
2.45909
2.17063
2.4179
2.10718
1.38867
1.39808
1.40125
1.40139
1.40235
1.40107
1.54872
1.51561
1.48982
1.50999
1.43581
1.4111
2.74194
2.00462
1.71188
2.72589
2.65453
2.27411
2.25322
2.01123
1.95212
1.57113
1.48349
1.62275
1.56897
1.49412
1.89375
1.8459
1.87866
1.78955
2.54834
1.79478
1.80558
2.0763
1.85942
2.62954
2.67293
2.49292
2.52737
2.06084
1.84169
2.00049
1.69347
1.43387
1.43577
1.42756
1.46641
1.48017
1.42723
1.44816
1.45892
1.59085
2.17122
1.9274
2.0096
1.46606
1.57048
1.81993
1.84153
1.72824
1.57963
1.46124
1.47839
1.4793
1.41806
1.43644
1.42443
1.42977
1.46523
1.44667
1.41086
1.53071
2.2433
1.96222
1.82977
1.7676
1.42505
1.41465
1.40633
2.84254
2.36081
2.80741
2.45998
1.76201
2.07396
1.70629
1.48912
1.47799
1.63326
1.84768
2.4603
2.03129
1.82326
2.39832
1.94344
2.69944
2.80428
2.70461
2.66593
1.43206
1.44806
1.46515
1.45004
1.4903
2.62279
2.89388
3.00018
2.78066
2.74885
1.51443
1.49259
2.76867
2.66165
2.77713
2.74509
2.76876
2.76871
2.81053
2.52862
2.77179
3.32167
2.83406
3.00642
2.77068
2.30245
1.98423
2.50731
2.13556
2.49807
2.71486
2.7207
2.63614
2.725
2.7447
2.76598
2.61889
2.90612
2.34072
2.52961
2.66336
2.75401
2.71546
2.72675
2.7631
2.80485
2.70013
2.67194
2.74223
2.75465
2.76463
2.73446
2.73127
2.79972
2.69877
2.71199
2.76132
2.73837
2.67653
2.67878
2.60289
2.62797
2.9186
2.79574
2.51872
2.71413
2.47692
2.68097
3.18456
2.89506
2.69466
2.81708
2.64445
2.626
1.59922
1.81149
1.82644
1.59985
1.51862
1.59852
1.83273
1.76834
2.80574
3.00276
2.45717
2.38886
1.89379
2.05177
1.75593
1.43385
1.42064
1.40479
1.40476
1.41689
1.41126
3.14782
1.64708
1.49726
2.13798
1.92165
1.5785
1.48078
2.21508
2.24293
1.9269
1.78014
2.0379
1.87232
2.61372
2.81528
1.96524
1.72595
1.52606
1.73713
1.54971
2.38168
2.29778
2.41044
1.93017
1.65318
1.8291
1.6203
2.18204
1.96991
1.8131
1.6119
1.62797
1.48231
2.16902
2.22663
1.93482
1.7769
1.95545
1.80312
1.92155
1.77536
1.76606
1.4238
1.40657
1.40681
1.41542
1.42653
1.40465
1.40115
1.40051
1.40134
1.413
1.40563
2.61287
1.9837
1.94105
1.77815
2.59897
1.73778
1.64755
2.56975
1.96061
2.01559
1.83667
1.4
1.4
1.4
1.4
1.4
1.4
1.4
1.4
1.4
1.40254
1.4013
1.40486
1.40849
1.41558
1.57214
1.91383
2.57739
2.12348
2.00583
1.86471
1.70622
1.60416
1.5319
1.40545
1.40242
1.40169
1.40451
1.4039
1.4
1.4
1.4
1.4
1.4
1.58229
1.52316
2.32937
1.87797
1.66633
2.03374
2.31958
1.82461
1.83169
1.6854
1.40357
1.40093
1.40047
1.41361
1.40241
1.40602
1.56057
2.23905
1.9653
1.82763
2.36775
2.09422
1.89101
1.81815
1.94902
2.61988
2.293
1.77178
2.70045
2.16603
2.50258
1.92111
2.0008
1.69889
1.59398
1.46414
1.54499
1.46654
1.52164
1.67961
1.66397
2.61909
2.07409
1.46524
1.57745
1.75716
1.55808
1.44514
2.15225
1.90937
1.9855
1.79317
2.21055
2.24144
2.29381
1.87804
1.88553
1.7814
1.41432
1.40216
1.404
1.4152
1.4029
1.4049
1.41503
1.54257
1.48121
1.56386
1.48309
2.17395
2.62982
2.04149
1.51779
1.44448
1.49851
1.54137
1.98236
1.75374
1.71378
1.92389
1.75754
1.45329
1.53226
1.492
1.51824
1.56562
1.48604
1.73702
1.72791
1.72902
1.69439
1.75563
1.51633
1.86757
1.80569
1.57657
1.54615
1.45499
1.99609
2.352
2.78149
2.14156
1.46042
1.43256
1.46464
1.47116
1.47179
1.45695
1.42338
1.4212
1.41281
1.43637
1.54052
1.50079
1.57685
1.59465
1.52205
1.77488
1.76617
1.7741
1.73351
2.82818
1.48582
1.46343
1.44259
1.41337
1.49757
1.46233
1.53534
1.42388
1.41967
1.42777
1.42286
1.41737
1.42269
2.59658
1.76411
2.1365
1.89023
2.64988
2.17697
2.46478
2.01732
1.93269
1.40264
1.40098
1.40651
1.4038
1.40231
1.40115
1.40087
2.05294
1.39619
1.39792
1.44582
1.42914
1.68121
2.44328
1.92571
2.17155
1.84903
2.38146
2.24567
1.49013
1.70845
1.61753
2.28718
1.7999
2.18121
1.93229
1.71436
2.01231
2.16984
1.81003
1.72616
2.33733
2.3204
2.36149
1.98952
1.76647
1.61504
2.22766
1.85965
1.83265
1.77203
1.45475
1.45812
1.45084
1.52193
1.55982
1.46802
1.43173
1.42403
1.49168
1.45727
1.5865
1.49748
1.55398
1.4726
1.77108
1.78282
1.74501
1.72946
1.42623
1.46251
1.38862
1.5247
1.40515
1.39728
1.40349
1.40764
1.42426
1.43649
1.62924
1.49961
1.48644
1.65967
1.54541
1.52039
2.75454
2.00736
1.73497
1.39975
1.39723
1.40116
1.4011
1.40181
1.40058
1.40048
1.55343
1.47709
1.74473
1.70746
1.50539
2.24913
1.99349
2.2401
1.55908
1.51723
1.79132
1.87373
1.73146
1.80804
1.78818
1.65357
1.753
1.56356
1.52201
1.58601
1.51473
1.47764
1.70694
1.56838
1.94739
1.90678
1.81698
1.78892
2.14426
2.45351
2.38964
2.44889
1.87528
1.88076
1.96381
1.74621
1.87137
1.90617
2.64511
1.90748
2.08863
2.12079
1.51189
1.77629
1.68529
1.7451
1.5055
1.4423
1.61919
1.63834
1.55297
1.4872
1.47244
1.76701
1.71413
1.41048
1.43933
1.4329
1.42551
1.42126
1.41559
1.40777
1.90563
1.91597
1.66485
1.49424
1.66584
1.8645
2.6636
1.94776
1.84499
2.12706
2.21349
2.23897
1.88859
2.27772
1.55274
1.8458
1.85203
1.75443
1.79257
1.63849
2.71375
2.55947
2.16716
2.16006
1.93213
1.77134
1.56653
1.61502
2.57413
2.45534
1.93881
2.36917
2.04723
1.82072
2.4955
1.97288
1.6517
1.89688
1.7623
1.62031
1.56739
1.60319
1.74425
2.26461
2.2435
1.98619
1.91762
1.81352
1.4
1.4
1.4
1.4
1.4
1.4
1.4
1.48402
1.50422
1.45589
1.42224
1.73612
1.63352
1.49669
1.44337
1.61755
1.48178
1.63809
1.61643
1.73184
1.71075
1.50969
1.6766
1.69091
1.58768
1.60936
1.48789
1.51028
1.40061
1.40221
1.40043
1.40113
1.40032
1.55003
1.58856
1.80508
1.78097
1.79618
1.74614
1.60163
1.52313
1.50547
2.82286
2.20308
1.98212
2.20949
2.68264
1.75852
1.75802
1.65134
1.63651
1.50779
1.88469
2.17814
2.03585
1.83468
1.46226
1.57988
1.5654
1.73915
1.87023
1.77136
1.39393
1.39703
1.65253
1.49384
2.37941
2.40602
1.86105
2.35455
1.80962
1.65845
1.64529
1.47742
1.5365
1.65794
1.42615
1.4234
1.41337
2.84113
2.29548
2.03208
2.38759
2.03845
1.48499
1.4765
1.4576
1.43098
2.60024
2.21055
1.86939
2.20382
2.49503
1.80433
1.963
1.40006
1.40002
1.40011
1.4001
1.40003
1.40001
2.14884
1.9554
1.40364
1.4088
1.41044
1.43161
1.43642
1.4213
1.42186
1.50514
1.43912
1.4525
2.12564
1.92389
1.57711
1.59686
1.78854
2.10748
2.1819
1.92789
1.75372
1.93087
1.77621
1.84135
1.85399
1.50345
1.61708
1.76571
1.99066
1.54724
1.47059
1.71746
1.81573
1.91794
1.99346
2.61343
2.1411
2.17846
1.87104
1.78928
1.69344
1.51066
1.57734
1.48086
1.75992
1.53799
2.15453
1.94096
1.91032
1.81774
1.43402
1.51833
1.64975
1.63257
1.70468
1.70273
1.40105
1.4004
1.4001
1.40266
1.40103
1.40126
1.40435
1.40056
2.94042
2.92166
2.6528
2.17007
2.16955
2.69104
2.36475
2.67375
2.25313
2.05862
1.93455
1.59204
1.80286
1.78881
1.57765
1.79295
1.75536
1.61405
1.52197
1.87854
1.73592
1.51765
1.52195
1.78853
1.66934
1.85847
1.71554
1.43108
1.51837
1.64973
1.47403
1.59168
1.49263
2.90052
2.8059
1.4129
1.42139
1.41175
1.40626
1.40657
1.4588
1.43298
1.48087
1.42298
1.4418
1.56991
1.5901
1.49205
1.54914
1.80992
1.78837
1.77964
1.74732
1.79408
1.62323
1.47497
1.5685
1.67277
2.00063
1.78758
2.08957
1.9359
1.77341
1.60991
1.67772
1.56556
1.76514
1.76749
1.60736
1.76169
1.74488
1.62023
1.53934
1.52178
2.52316
2.12981
2.54965
2.57002
2.11071
1.93583
2.1254
2.24006
1.58933
1.60407
2.16863
2.34077
1.96483
1.98882
1.80071
1.79356
1.95359
1.83081
2.22987
1.89853
2.38997
1.96428
1.70795
2.05944
2.34468
1.84739
1.84115
1.96204
1.71625
2.02531
1.79984
1.54864
1.71396
1.55125
1.54256
1.4367
1.41567
1.42868
1.49576
1.50068
1.46247
1.47047
1.49562
1.44254
1.43202
1.41752
1.5397
1.54746
1.48297
1.47826
1.96141
1.63051
2.3723
2.35709
2.02032
1.95729
1.84814
1.48587
1.54321
1.63304
1.44568
1.46325
1.41581
2.75485
1.60783
2.07502
1.91577
2.48867
2.5886
2.05048
1.88974
2.05584
2.19802
1.78797
1.60178
1.68701
2.35805
1.798
1.90739
2.31293
2.02041
1.64011
1.51399
1.45258
1.86486
1.76997
1.40095
1.40276
1.40157
1.40133
1.40041
1.40042
1.4045
1.40356
1.40695
1.4086
1.79191
1.68687
1.60114
1.77445
1.67175
1.57147
1.58152
1.4448
1.45498
1.50525
1.49868
1.59223
1.69469
1.65648
2.74015
2.54325
1.92906
2.14826
2.70957
2.15607
2.49915
1.51809
1.81317
1.70488
1.79279
1.50231
1.63125
1.66453
1.68441
1.69859
1.56116
1.45906
2.81723
2.28302
2.68149
2.59539
2.25634
2.17325
2.04447
2.06152
2.66131
2.01019
1.82018
2.52108
2.02084
1.67364
2.78329
2.28113
2.0131
2.68386
2.15732
2.52813
2.23661
1.47485
1.54875
1.45731
1.41404
1.4
1.4
1.4
1.4
1.4
2.34959
1.58846
2.33871
2.03862
2.47926
2.04462
2.32354
1.98888
1.82176
1.63324
1.90337
1.7251
1.89304
2.72743
2.07143
2.58453
2.63257
2.0407
1.89067
2.13002
1.96695
2.57634
2.12047
2.64356
2.12911
2.54763
2.24092
1.83645
1.83646
2.85331
2.26718
2.25398
1.94141
1.54532
1.8199
1.6872
2.89114
2.60645
2.1555
2.09746
2.53286
2.67573
2.0922
1.42208
1.41514
1.4046
1.40845
1.40149
1.4024
2.24461
2.31936
1.92921
2.24692
1.78337
1.58875
1.91395
1.83081
1.6964
1.6642
2.04976
1.85273
1.82537
1.50321
1.69637
1.66086
2.24623
1.95253
2.3344
2.41516
2.40262
1.98148
1.82687
1.73228
1.73548
1.95328
2.31392
2.3529
2.33766
2.45416
2.308
1.82924
1.95845
1.99621
1.96196
1.88278
1.8049
1.66219
1.60073
1.46895
1.42116
1.40964
1.57134
1.85734
1.78158
1.88005
1.82687
2.68743
2.19197
2.22069
1.50974
1.45336
1.82274
1.9958
2.70014
2.09403
1.97976
2.19546
2.70025
1.9344
2.13489
2.21172
1.44046
1.46569
1.46409
1.43797
1.40347
1.42111
1.41252
1.91384
1.76153
1.95219
2.39229
2.37567
2.06383
1.54716
1.58407
2.03453
1.80796
1.86143
2.08822
2.34054
2.80882
2.68033
1.4982
1.5433
1.52872
1.43958
1.58031
1.4889
1.61678
1.51634
2.83533
2.24298
2.00085
2.28955
1.60654
1.81409
1.6792
1.76417
1.81386
1.8616
1.69211
1.72362
2.80396
2.14319
2.58784
2.70159
2.18594
1.96706
2.1587
2.64415
2.77943
1.75596
2.68593
2.02267
2.54559
2.53262
2.09446
2.47233
2.09262
1.95573
1.69621
2.59191
1.40071
1.40165
1.40023
1.40029
1.40031
1.40017
1.40011
1.40006
1.40004
1.40012
1.40044
1.40009
1.4003
1.40012
1.4114
1.41496
1.40422
1.41186
1.4058
1.40763
1.40589
2.85525
2.73734
2.09956
2.5243
2.69825
2.13676
1.98279
1.83551
2.49784
2.69598
2.65752
2.26817
1.95005
1.97604
1.40063
1.40073
1.40066
1.40044
1.40043
1.40014
2.65234
2.63081
2.47539
2.10757
1.88314
1.639
1.55517
1.84885
2.24853
1.73059
2.23697
1.88464
2.24178
1.94198
1.95884
1.71215
1.70777
2.17706
1.88889
1.68357
2.77509
2.62521
2.60709
2.09756
2.07572
1.91145
2.71123
2.60646
2.21076
1.50885
1.50877
1.48822
1.51868
1.57363
1.61288
1.71037
1.40055
1.40154
1.40257
1.40176
2.78788
2.5868
2.59177
2.06404
2.06296
1.88364
1.62874
1.40013
1.40138
1.40024
1.40062
1.91874
1.91742
1.57837
1.78735
1.51588
2.31114
2.32423
2.00621
1.96302
1.844
1.77269
1.73448
1.59186
1.4819
2.70314
2.62118
2.0814
1.70539
2.68679
2.14482
1.82252
2.55247
2.81724
2.7524
2.22503
1.9852
1.77831
1.64089
1.66865
1.48851
1.47624
1.40735
1.4027
1.40964
1.40191
1.40447
1.40113
1.40243
1.40974
1.6672
2.17023
1.91426
1.52793
1.56801
1.83563
2.16228
1.87668
1.82637
1.75175
1.57822
1.52736
1.50119
1.47612
1.46034
2.29741
1.84247
2.04751
2.31236
1.55561
2.41938
1.99238
1.77667
1.40286
1.40102
1.40826
1.41813
2.10937
1.87035
1.69361
1.64966
2.79464
2.11064
2.55022
2.68417
2.07412
1.87928
2.08553
2.84197
2.11684
2.54506
2.69019
2.10661
1.91501
2.12688
2.81846
2.14042
2.54954
2.68974
2.11344
1.94032
2.17017
2.83874
2.60702
2.76397
2.10333
1.9139
2.18843
2.47334
2.36942
2.4757
1.91133
1.40192
1.41246
1.40513
1.40292
1.40596
1.41104
1.4144
2.732
2.71455
2.29629
2.01645
2.22292
2.00581
2.24405
2.34046
2.0224
1.81147
1.60901
2.85561
1.6589
1.7385
1.77133
2.01284
1.69375
1.7418
2.95698
2.66353
2.69785
2.24201
1.83251
1.98876
2.35599
1.66361
2.09373
2.56069
2.64262
2.2151
1.94551
2.17614
2.73804
2.10635
2.52944
2.69297
2.11196
1.92409
2.13888
1.4026
1.40344
1.40903
1.40987
1.40687
1.40536
1.40402
1.40257
1.40372
2.8684
2.64085
2.22118
1.98393
2.53741
2.79606
1.99019
2.86211
2.67266
2.21757
2.64619
2.00772
2.16686
1.86468
1.79195
1.89921
1.85642
1.58058
1.85501
2.90377
1.83889
2.66132
2.02383
2.21894
2.66832
2.5672
2.139
2.0702
1.96857
1.89541
2.47966
2.67296
2.12056
2.06982
1.40771
1.40778
1.42396
2.84471
2.68961
2.17232
2.61914
2.84582
2.61152
2.2206
2.09974
2.5129
2.73386
2.11886
1.40001
1.4
1.40005
1.40005
1.40002
1.40001
1.40001
2.58739
1.92435
2.65045
2.43853
2.09355
2.05115
1.79361
1.40977
1.41791
1.40243
1.40942
1.40067
1.42032
1.4116
1.40575
2.71379
2.13215
1.83577
2.60396
2.00914
2.77341
2.58222
2.03441
2.50148
2.73065
2.0709
1.48953
1.43838
1.5516
1.48678
1.54449
1.4295
1.42036
1.46583
1.53927
1.4289
1.46844
2.28834
2.04956
1.88236
2.34535
2.42273
2.08108
2.05571
1.89442
1.4917
1.64385
1.40263
1.40551
1.39752
1.40086
1.39928
1.40028
1.40007
1.40064
2.49546
2.544
1.81526
1.77559
1.81345
1.75804
1.59787
1.51942
1.4867
1.42897
1.43711
1.48498
1.61978
1.5251
1.57939
1.50763
1.68988
1.69208
1.55236
1.57417
1.45632
1.48425
2.79755
2.16868
2.60839
2.14149
2.91818
2.5569
2.79257
2.2086
2.12145
1.96715
1.40123
1.40172
1.40056
1.40177
1.4003
1.40068
2.72034
2.61406
2.00149
2.42509
2.68743
2.03247
1.86746
2.10078
2.46145
2.09432
1.89666
2.16289
2.10197
2.16214
1.57389
1.77072
1.86728
1.85959
1.79472
1.73711
1.5982
1.66883
1.40511
1.4073
1.40409
1.403
1.40107
1.4028
2.55491
2.8304
2.16868
2.19615
1.93018
2.82176
2.08501
2.72528
2.10502
1.87962
2.29118
1.97923
1.40017
1.40059
1.40006
1.40024
1.40005
1.40021
1.40006
1.40003
1.40228
1.40569
1.41381
1.42168
2.15375
1.7524
1.55981
2.29957
2.26801
1.85749
1.79841
1.69827
1.54255
1.59559
2.19381
1.93785
2.2793
2.40578
1.97958
1.93752
2.37865
2.03183
1.98752
1.70244
1.69426
1.89815
1.91421
2.87742
2.15343
2.55515
2.73803
2.13244
1.89526
1.66315
1.59282
1.48049
1.6918
1.50292
1.53381
1.61077
1.40093
1.4021
1.40197
1.40086
1.40028
1.40028
1.40081
1.40044
1.40063
1.40146
1.48831
2.02934
1.85677
1.65683
1.65958
1.81676
2.96046
2.67216
2.26748
2.12812
2.53929
2.8011
2.24957
2.14069
2.18882
1.93957
1.65134
1.6591
1.62904
1.58505
1.59827
1.56256
1.65222
2.55531
1.92774
2.52361
2.69617
2.18225
1.994
2.09337
1.8863
1.80968
1.69886
1.67531
1.49473
1.77002
1.76707
2.06339
2.13283
1.87664
1.69348
2.98975
2.70764
2.27271
1.91057
2.56189
2.8386
2.28454
1.96401
1.90175
2.6277
2.06188
2.54807
2.42036
2.70609
2.17029
2.0664
2.84955
2.56277
2.80652
2.10585
2.19069
1.94394
1.65635
1.64932
1.56213
1.41057
1.44653
1.48085
1.4448
1.42746
1.46377
1.48069
1.57022
1.49084
1.48559
2.00425
1.90393
1.76211
1.61493
2.90617
2.66736
2.25554
2.11599
2.53103
2.78592
2.12653
2.86077
1.93905
2.52806
2.74554
2.14032
1.79289
1.39921
1.39998
2.99561
2.72643
2.25933
2.0397
2.61603
2.88841
2.10639
2.10018
1.40117
1.40534
1.3896
2.03134
2.10522
2.11289
2.22946
1.94987
1.75389
2.14235
2.20346
1.83695
1.68369
1.85601
2.95323
1.95537
1.82043
2.71819
2.01925
2.54496
2.80945
2.06451
2.26397
1.91513
2.15193
2.19439
1.82646
2.04379
1.82162
1.69325
1.55535
1.69788
1.82246
1.72441
1.62733
1.55692
1.73882
1.61484
1.40243
1.40193
2.99789
2.73925
2.26034
2.61537
2.89051
2.65463
2.20324
1.65131
1.55022
1.49254
1.49431
1.57605
1.62829
1.69343
1.4186
1.45311
1.42844
1.40876
1.4024
1.40194
1.40614
1.41872
1.40675
1.40256
1.41453
1.42064
1.42079
1.40179
1.40205
1.40065
1.4024
1.40175
1.40076
1.40057
1.40022
1.40018
2.11235
2.2446
2.10444
2.17241
2.0022
2.26064
2.2399
1.97615
1.76697
2.23771
1.87279
1.82909
1.61151
2.57941
2.90063
2.67324
2.10708
2.51059
2.79861
2.15089
1.56519
1.48569
1.62084
1.49833
1.84323
2.51902
2.41923
1.99619
1.7898
2.51317
1.96746
2.72449
2.79703
2.60098
1.40003
1.40008
1.40002
1.4003
1.40075
1.40015
1.40028
1.41819
1.41025
1.41145
2.70955
2.59229
2.19376
2.07247
1.99418
2.53977
2.78223
2.11554
1.40245
1.41776
1.41935
1.40726
1.40942
1.4033
1.40419
1.41909
1.41999
2.94516
2.68324
2.2721
2.1453
2.55251
2.82785
2.16154
2.9478
2.6939
2.14381
2.53899
2.81577
2.15765
2.63609
2.50348
2.7512
2.09565
1.86892
2.56759
1.61998
1.46491
1.50899
1.53599
2.96063
2.68872
2.29693
2.13868
2.54906
2.8507
2.16001
2.47699
2.30355
2.94984
2.68107
2.55143
2.83673
2.14086
2.17119
2.92384
2.70577
2.08443
1.83081
2.53501
2.83178
2.11438
2.54733
1.7656
1.63291
1.69795
1.55758
1.59676
2.2097
2.25902
1.40144
1.40117
1.40294
1.40001
1.40004
1.4
1.4
1.40006
1.40002
1.40001
1.40002
1.40001
2.44103
2.54874
1.40003
1.40007
1.40007
1.40001
1.40002
1.40001
1.4
2.24359
2.65742
2.51571
2.28966
2.38313
2.42568
2.71814
2.55926
2.43502
2.20768
2.52447
2.356
2.4414
2.44311
2.4952
2.54233
2.58383
2.39994
2.49883
2.48994
2.30275
2.4363
2.42934
2.43483
2.42066
2.0538
2.2943
2.43191
2.03736
2.44641
2.35306
2.54551
2.5433
2.81535
2.43785
2.35671
2.41315
2.50878
2.29377
2.36667
2.37572
2.38233
2.42172
2.49913
2.56825
2.32784
2.4471
2.46783
2.10983
2.42217
2.42699
2.86327
2.57704
2.58064
2.39036
2.36594
2.44986
2.42282
2.11857
2.66593
2.05946
2.4869
2.3304
2.71556
2.80745
2.34612
2.32964
2.41324
2.09179
2.54317
2.43388
2.3603
2.32163
2.45345
2.38399
2.51277
2.46253
2.46956
2.10264
2.37701
2.75629
2.48857
2.40274
2.52416
2.17572
2.52296
2.5737
2.5534
2.59899
2.72453
2.92544
2.58413
2.6079
2.58806
2.37197
2.30498
2.73348
2.49291
2.07912
2.3771
1.98521
2.57693
2.02437
1.88495
2.8316
2.63951
2.63448
2.51385
2.01917
2.49398
2.39613
2.53086
2.77207
2.44671
2.50464
2.50751
2.75518
2.49719
2.35677
2.15836
2.62141
1.40049
1.404
1.40241
1.4078
1.81673
2.37779
2.38112
1.94255
2.00419
1.78778
1.4181
1.41608
1.44404
1.42775
1.40133
1.40555
1.41218
1.40691
1.53921
2.25789
1.40572
1.38882
1.94014
2.24662
1.71341
1.7429
1.83143
1.4988
1.43951
1.41544
1.42818
1.47127
1.50069
1.58471
1.55022
1.52809
2.42828
1.4827
1.49813
1.45372
1.42865
1.53547
1.45189
1.51617
1.42922
1.49283
1.44119
1.44445
1.42444
2.39905
2.22518
1.97423
1.40755
1.40573
1.40002
1.40001
1.4
1.40002
1.40001
1.40001
1.4
1.43759
1.42478
1.41624
1.41036
2.51003
2.49064
1.40013
1.4006
1.40115
1.40038
1.40016
1.4072
1.40881
1.40861
1.40277
1.40301
1.4
1.4
1.4
2.1298
1.84098
2.09359
1.40186
1.40225
1.40212
1.40935
1.40632
1.40699
1.40506
1.40526
1.40187
1.40191
1.39963
1.40011
1.40049
1.4001
1.40021
1.41613
1.45725
1.42609
1.45592
1.4107
1.42542
1.41039
1.40279
1.40455
1.40543
1.4032
1.40175
1.40112
1.4029
1.40345
1.76585
2.34656
1.96963
1.93543
1.80018
2.12443
1.7613
1.69958
1.62706
1.47137
1.48275
1.40018
1.40009
1.4001
1.40024
1.40018
1.40013
1.40007
1.40007
1.40002
1.40002
2.72387
2.1177
2.10122
1.90542
1.84722
1.40061
1.40019
1.40381
1.413
1.40809
1.74282
1.53476
1.71897
1.52365
1.63091
1.66032
1.58377
1.79964
1.48704
1.50541
1.67558
1.40099
1.4005
1.40294
1.40785
1.61334
1.76759
1.75829
1.91546
1.74848
1.61679
1.73231
1.76663
1.81061
1.51155
1.4081
1.41024
1.42012
1.43286
1.42694
1.40676
1.41866
1.41604
2.298
2.23512
1.9573
1.68395
1.93515
1.40032
1.40059
1.40025
1.96898
2.34769
2.07573
1.7491
1.41538
1.44307
1.44047
1.45697
1.42571
1.41019
1.4105
1.424
1.4051
1.40393
1.40117
1.40254
1.91518
1.78156
1.69443
1.40513
1.40946
1.41096
2.4552
1.67508
2.44388
2.45377
1.94877
1.73952
1.96442
1.41892
1.40735
1.41046
1.4663
1.4596
1.42888
1.42754
1.40045
1.40022
1.40013
1.40066
1.4009
1.40026
1.40015
1.40039
1.40016
2.27944
2.22344
1.80186
2.01942
1.63504
1.72084
1.60687
1.71441
1.92504
1.95102
2.05622
1.64294
1.48062
1.47978
1.54448
1.68619
1.63899
1.53108
1.54004
2.06072
1.75445
2.16483
1.84499
1.9725
2.1237
1.86848
2.01212
1.40018
1.40005
1.40002
1.40005
1.40047
1.40022
1.40014
1.40024
1.40045
2.50106
2.34945
2.14147
1.90198
2.00903
1.77654
2.02227
1.80497
2.18386
1.90802
1.78217
1.40047
1.40005
1.4001
1.40004
1.40052
1.40025
1.40018
1.40036
1.40106
1.40058
1.4
1.4
1.4
1.4
1.4
1.4
2.08445
1.88586
2.09867
2.50231
2.41254
2.14406
2.35353
2.50162
2.12735
1.84396
2.12344
2.02292
1.85803
2.11627
1.81837
1.40448
1.39187
1.48437
2.19283
1.63984
1.40227
1.41354
1.40522
1.55044
1.61494
1.60506
1.54358
1.44377
1.52722
1.46611
1.47578
1.53858
1.4008
1.45529
1.55046
1.52278
1.47666
1.4374
1.5398
1.44513
1.4828
1.40076
1.40149
2.25286
2.21947
1.98944
1.83773
1.56094
1.64599
1.51796
1.77452
1.95582
2.40527
2.3711
1.7202
2.11507
1.9913
1.79274
1.98862
2.12303
1.7853
1.71298
1.96396
1.59922
1.53805
1.79841
2.02562
1.84092
1.90839
1.69193
1.70442
1.40051
1.40085
1.40039
1.40045
1.40477
1.41817
1.41269
1.40957
1.41606
1.73657
2.03192
1.44001
1.45009
1.42852
1.94532
1.50238
2.47582
2.34626
2.00916
1.6029
1.84536
1.61436
2.01656
1.84561
1.40055
1.40109
1.71288
1.66002
1.48932
1.44639
1.62652
1.63992
1.49277
1.52635
1.44984
1.48871
1.44698
1.64382
1.56225
1.72289
1.61588
1.6946
1.56659
1.47624
1.48349
1.57042
1.64794
2.57513
2.19313
1.95297
1.88025
2.1135
1.97436
1.91897
1.86709
1.62294
1.60278
1.53882
1.52339
1.46949
1.41703
1.47908
1.44782
1.55528
1.51725
1.4444
1.55631
1.47248
1.41347
1.41781
1.40002
1.4
1.40002
1.40001
1.40004
1.40001
1.80585
1.6593
2.34471
1.85347
1.40097
1.40566
1.4022
1.40299
1.40109
1.40084
1.40399
1.40059
1.40452
1.4086
1.40258
1.40087
1.40075
1.40207
1.40319
1.40009
1.40012
1.40041
1.4003
1.4008
1.4002
1.40054
1.40013
2.23218
1.88966
1.67234
1.94435
1.86424
1.5345
1.4365
1.71024
1.66481
1.61674
1.64073
1.53694
1.43918
2.52611
2.6149
2.095
1.71608
1.89612
2.12427
1.90828
1.71308
1.40628
1.40475
1.4161
1.40807
1.41463
1.40804
2.51524
2.35293
2.18968
2.1724
1.83431
1.86717
2.25839
1.96614
1.807
2.32919
2.08985
2.45443
2.33392
1.77392
1.98126
1.77417
2.08741
2.5038
2.44508
2.11681
1.78794
2.33086
1.70476
1.81919
1.61574
1.92547
2.04667
1.48275
1.65407
1.67945
1.54725
1.46489
1.46043
1.59312
1.45847
1.43086
1.42926
1.42213
1.41678
1.40613
1.39995
1.40022
1.62669
1.6368
1.50618
1.437
1.57177
1.4867
2.18035
1.87999
1.79054
1.40121
1.40175
1.40043
1.40027
1.4001
1.40031
1.40011
2.11992
1.47953
1.43483
1.54784
1.46133
1.46643
1.5758
1.53292
1.45961
1.46029
1.43911
1.43137
1.42225
1.65546
1.6854
1.53006
1.5376
1.83812
1.84294
2.40081
2.18647
2.10689
1.81234
1.81991
1.44202
1.44756
1.4248
1.42086
1.41193
1.40814
2.05695
1.7685
2.33453
2.35863
2.33652
2.29621
2.06469
1.67989
1.99174
1.9124
1.60331
1.46832
1.47935
1.91144
1.75883
1.65538
1.99887
1.77723
2.47657
2.34016
2.13612
2.00209
1.92786
2.38579
2.40181
2.09992
2.08856
1.91674
1.88029
1.40073
1.40077
1.40101
1.41262
1.41416
1.41849
1.41886
1.40696
1.40744
2.48111
2.13486
2.53222
2.0768
1.69964
1.68907
1.94473
1.93647
1.45037
1.43324
1.46792
1.43132
1.41073
1.41191
1.42437
1.44926
1.40009
1.40005
1.40004
1.40001
1.40001
1.40003
1.40001
1.40001
2.43432
2.46721
1.40027
1.40018
1.40002
1.40005
1.8803
1.80418
1.68977
1.83503
2.00823
1.84361
1.6986
2.03197
1.8109
1.7948
1.71218
1.58134
1.51107
1.55477
2.40908
2.37203
2.06035
2.01267
1.91282
2.12639
2.33066
2.03028
1.43766
1.43754
1.66215
1.67425
1.50189
1.58709
1.57316
1.5415
2.50474
2.66224
1.40139
1.40488
1.40671
2.41626
2.1534
2.02609
1.56717
1.43017
1.4332
1.50903
1.68603
1.56646
1.5221
1.59276
1.72437
2.0791
2.0966
1.98096
1.95592
1.77361
1.8807
1.60791
1.74587
1.58648
2.42097
2.12307
1.69292
2.39449
2.17265
2.09783
1.97925
1.83241
1.45578
1.54795
1.6125
1.73069
1.82677
1.47711
1.55364
1.62031
1.63275
1.76149
1.78307
1.67905
1.69096
1.58332
1.46354
1.4702
1.66543
1.54259
2.49936
2.52122
2.16447
2.12525
2.41673
1.90953
1.78583
2.04966
1.78227
2.39949
1.96372
1.40021
1.4013
1.40105
1.40313
1.4036
1.45076
1.43483
1.42174
1.4622
1.50079
1.59136
1.4002
1.40006
1.40057
1.40027
1.40053
1.4003
2.48076
2.09632
2.51851
1.92543
2.10922
1.9048
2.4012
2.47641
2.50512
1.96224
2.44658
2.55881
2.22516
2.44345
1.97602
1.40009
1.40001
1.40014
1.40043
1.47975
1.46678
1.46367
1.50734
1.48531
1.44571
1.42843
1.49029
1.42821
1.45033
1.46096
1.49484
1.40203
1.40059
1.55899
1.60437
1.43446
1.44507
1.50651
1.5301
2.21496
2.27947
2.04318
1.75535
1.7069
1.97512
1.65885
1.6709
1.54799
1.68769
1.41693
1.58384
1.50585
1.44574
1.4452
1.51535
1.60118
1.72771
1.54087
1.85604
2.1128
2.60471
2.57432
2.41063
2.13346
2.41898
2.04372
1.92988
1.95082
1.73316
1.75815
2.09347
2.0078
1.45962
1.47266
1.46719
1.48227
1.43917
1.42957
1.53726
1.54031
1.46811
2.46332
2.5542
2.42185
2.06768
1.90465
1.86948
2.05339
2.47006
2.32818
1.81578
1.97859
1.77486
2.04422
1.85258
1.4782
1.4431
1.41698
1.40647
2.4713
2.40092
2.39759
1.88462
2.07181
1.65473
2.06076
2.10817
2.15631
1.89568
1.80262
1.65615
1.61939
1.74613
1.81419
1.55182
1.62675
1.57806
1.61573
1.5206
1.77337
1.72584
1.51926
1.53448
1.40152
1.40254
1.40437
1.40209
1.40239
1.40116
1.40097
1.40283
1.40184
1.92755
2.36866
2.36639
2.47516
2.32365
2.0979
2.12717
1.90796
1.92945
1.60557
1.57462
1.48355
1.47874
1.40818
1.41512
1.40394
1.40731
1.40351
1.40401
2.35828
1.75178
2.29426
2.05039
1.72617
2.05507
1.44037
1.45039
1.42089
1.41853
1.42181
1.41207
2.48733
2.56055
2.07877
1.90242
2.08482
1.8847
2.3777
2.31694
2.36584
2.04867
2.00769
1.91521
1.40025
1.40108
1.4001
1.40146
1.40011
1.4004
1.40142
1.40471
1.40054
1.40214
1.4007
2.44288
2.37389
2.10297
2.12779
2.36594
1.75717
1.85772
1.68316
1.58785
1.94378
1.74232
2.40981
2.10965
2.55264
2.07374
1.86491
2.10034
2.03774
2.24087
1.87544
1.94219
1.82421
1.50071
1.63813
1.82526
1.59364
1.7559
1.80593
1.78223
1.96697
1.64275
1.7904
1.82124
1.85254
1.77602
1.56104
1.66623
1.54962
2.08801
1.72444
2.39193
2.11524
2.53562
2.40384
1.69385
1.97005
2.11755
1.80295
1.41207
1.40628
1.4446
1.41574
2.47984
2.38491
2.36077
2.07267
2.05099
1.99324
1.90792
2.07437
1.41359
1.42554
1.43149
1.45505
1.45226
1.42302
1.40799
1.43276
1.41459
1.71154
1.75976
1.69413
1.70309
1.56092
1.48154
1.45154
1.53847
1.71504
1.61116
1.57474
2.19771
2.17955
1.44819
1.40936
1.46472
1.45315
1.42614
1.42594
1.53327
1.68999
1.72454
1.75442
1.83528
1.96827
1.48834
1.7955
1.75581
1.59859
2.40793
2.36725
1.40004
1.40004
1.40002
1.40005
1.4
1.40002
1.40111
1.40035
1.40012
1.40014
1.40228
1.40067
1.41647
1.4103
1.44212
1.51505
1.53118
1.54463
1.51206
1.49509
1.44258
1.4378
2.34112
2.38195
2.07054
1.75632
2.34837
2.03812
2.05612
1.90577
1.7629
2.53358
2.40872
1.99854
2.09042
2.33652
1.7066
1.68366
1.94911
2.06021
1.87731
2.07507
1.91939
1.56186
1.66977
2.35914
2.41183
2.41977
2.44592
2.59577
2.38427
2.36908
2.4889
1.97059
2.13965
1.65178
1.8895
2.42684
2.42702
1.94684
1.80459
2.35886
2.12523
2.06726
1.97583
1.63748
1.46582
1.41351
1.44648
1.4941
1.42477
1.43891
1.55272
1.47248
2.4686
2.07488
2.40048
1.8179
1.7594
1.5868
1.51397
2.08747
2.09238
2.48428
2.14225
2.42088
2.50449
2.03805
2.3593
2.03531
2.49027
2.42981
2.14792
2.35681
1.69976
1.57604
2.03902
1.94815
1.81005
2.55478
2.43666
2.38153
1.68931
2.39878
2.17467
1.86669
2.03174
1.77962
2.48217
1.95153
2.58816
2.45837
2.19235
2.06092
1.78877
1.83761
2.32202
2.36095
2.36812
2.4026
2.5384
2.43264
2.34026
2.40793
2.10341
2.38734
2.11377
1.78081
2.0746
1.78374
2.46827
2.50788
2.36393
2.41838
1.61716
1.52689
1.44154
2.38583
2.40513
2.34813
2.40568
2.46744
2.45862
2.38216
2.40116
2.34061
2.40636
2.39337
2.39039
2.08657
2.34218
1.70992
2.08223
1.92603
2.34779
2.40482
2.41367
2.44589
2.10681
1.79625
2.36299
2.05534
2.07741
1.7914
1.93529
2.37456
2.40491
2.36825
2.39627
2.19918
2.2953
2.05106
2.38786
2.438
1.7013
1.72336
1.72925
1.46477
1.72165
1.74754
1.74505
1.64693
1.55666
1.61212
2.35453
2.38161
2.50261
2.45179
2.46086
2.47272
2.4141
2.40536
2.44194
2.45358
2.51431
2.51134
2.55343
2.45589
2.58119
2.47292
2.3524
2.34841
2.05175
2.5356
2.41656
2.10896
2.41699
1.92191
1.92814
2.05683
2.2849
2.34125
2.37345
2.3563
2.31035
2.29359
2.44823
2.33259
2.42274
2.45135
2.40867
2.2985
2.46468
2.33145
2.29945
2.33617
2.38714
2.45009
2.36261
2.35638
2.4015
2.49401
1.77222
1.47371
1.7711
1.76991
1.79713
1.61199
1.48441
2.08835
2.323
2.30172
2.56934
2.46437
2.54403
2.43055
2.40213
2.39185
2.39502
2.39203
1.4857
1.47982
1.58676
1.76172
2.44596
2.48259
2.41227
2.44399
2.30714
2.28895
2.62296
2.47773
2.49724
2.42524
2.26134
2.25235
1.59717
1.74931
1.78537
2.02282
1.99375
1.80755
1.75062
1.82691
1.6123
1.61293
1.74342
2.15878
2.12302
2.43377
2.36756
1.40005
1.4001
1.40002
1.40003
1.40001
1.89858
1.85484
1.73567
2.36677
2.05085
2.40379
2.42397
2.39881
2.53389
2.3507
2.49459
1.45915
1.45618
1.45986
1.47086
1.47574
1.43463
2.06676
1.40822
1.4006
1.40152
1.40404
2.38319
2.16389
1.40068
1.40052
1.40055
1.4003
1.40021
2.38055
2.09456
2.31757
2.01743
1.99079
2.1049
2.36113
2.11357
2.08605
1.755
1.9738
1.94182
1.80431
1.92534
1.85643
1.6365
1.70557
1.903
2.10042
2.074
1.71039
1.58414
1.49769
2.10535
1.91707
1.81088
1.40172
1.40061
1.40016
1.40046
1.40016
1.40006
1.40018
1.40049
1.40035
1.40039
1.40085
1.40016
1.92612
1.79549
1.85613
1.7962
1.6463
1.52857
1.58466
2.3562
1.42062
1.4118
1.41126
1.40323
1.40342
1.43227
1.41596
1.4201
1.40773
1.40939
2.40449
1.89063
2.08517
1.82424
2.20119
1.82841
1.69278
1.93936
2.0874
2.39805
2.11147
2.04222
1.40233
1.40522
1.40213
1.40578
1.40735
1.42133
1.41491
1.41238
1.40524
1.40233
1.40059
1.40113
2.03722
1.77838
2.14594
2.32749
1.90653
1.81353
2.12972
1.84285
2.40485
2.11785
1.82241
1.6404
2.04897
1.78638
1.79263
2.38324
2.06779
1.46605
1.52784
1.52031
1.45022
1.44544
1.50065
1.50652
1.74827
1.8025
1.51322
1.7671
1.62032
1.61013
1.51352
1.50336
2.36728
2.06156
2.38305
2.33444
2.02161
1.82206
2.03658
1.93225
2.07031
1.40009
1.40005
1.40004
2.42634
1.95886
2.27297
2.0305
1.84951
1.77549
1.69496
2.112
2.41272
1.9739
2.08696
2.14865
1.94643
1.75999
1.93444
1.80668
1.78351
1.58507
1.78734
1.81271
1.52495
1.50535
1.63523
1.40077
1.40315
1.40019
1.40052
1.40153
1.40097
1.40031
1.40012
2.44161
2.41907
1.98814
1.79338
2.01824
1.77001
1.40006
1.4002
2.13139
1.83645
2.40759
2.12025
1.83342
1.66681
2.06642
1.80463
1.81832
2.35124
1.75497
2.02224
1.74628
2.38902
1.83285
1.82772
1.61542
1.53297
1.60396
1.78616
1.77106
2.37676
2.0573
1.73027
1.622
1.54135
2.16673
2.044
2.36904
1.74946
2.02555
1.74288
2.25822
2.35269
2.03117
1.44551
1.42093
1.41055
1.49212
1.42422
1.47115
1.42573
1.41134
1.40282
2.20109
2.20734
2.20873
1.85641
1.96216
1.86856
1.75803
1.70149
1.60942
1.52019
1.43276
1.49115
1.50024
1.43883
1.41928
2.15797
2.42256
2.08322
2.3267
1.4057
1.40989
1.41608
1.41999
1.43436
1.4582
1.41232
1.41102
2.37216
2.36582
2.04267
2.02026
2.24493
2.45574
2.47785
2.23732
2.30817
2.03085
1.87781
2.11331
2.07514
2.11394
2.41664
2.06748
1.96478
2.11618
1.96958
1.79441
2.08354
2.45099
1.88671
2.08753
1.45726
1.43426
1.46011
1.56647
1.59274
1.57549
1.48592
1.46704
1.52461
2.1941
2.38473
2.09185
2.1139
2.40137
2.45061
1.40002
1.40081
1.40043
1.40017
1.40004
1.40054
1.40018
1.40017
1.40009
1.92276
2.06145
2.40692
2.38137
1.96499
2.45261
2.38429
1.40092
1.40929
1.40735
1.40408
1.4037
1.42009
1.42076
1.41056
1.41048
1.40657
2.42397
2.25002
2.26092
2.4619
2.21674
2.36894
2.2493
2.3158
2.09599
2.37122
2.25789
2.15682
2.40047
2.13937
2.45079
2.38721
2.24104
2.32566
2.24584
2.3022
2.26403
2.27611
2.20973
1.4
1.4
1.4
1.4
1.4
1.4
1.4
2.41757
2.09176
2.38164
2.08907
2.38777
2.32557
2.08644
2.0748
2.1063
2.23462
2.23626
2.2788
1.97851
1.97315
1.44297
1.44737
1.45481
1.45585
1.42529
1.45972
2.25983
2.15216
1.40159
1.40138
1.40064
1.40047
1.40181
1.4009
1.97475
2.05907
2.34448
2.08689
1.99424
1.97117
2.0903
1.85907
1.8192
1.52435
1.64009
1.53065
2.08883
1.76931
1.82271
2.13644
1.956
1.85858
1.4028
1.41351
1.40748
1.40644
1.40954
1.41
1.40381
1.40518
1.40042
1.40039
1.40118
1.4
1.4
1.4
1.4
1.4
1.4
1.4
1.69385
1.58839
2.14513
1.89382
1.91501
2.04945
1.81499
1.81758
1.68797
1.88768
1.80333
1.69439
2.30204
2.29722
1.81746
1.98844
1.75685
1.76082
2.11427
1.97019
1.80533
2.11591
1.91451
1.65246
1.87031
1.78171
1.92273
1.59318
1.74318
1.59499
1.41216
1.42918
1.42394
1.4845
1.58589
1.52506
1.55468
1.47538
1.8952
1.74698
2.09563
1.88956
1.41501
1.49851
1.48156
1.43503
1.41908
1.44065
1.85196
1.75972
1.77275
1.55195
1.57507
1.48326
2.08748
1.48433
1.43845
1.56678
1.46239
1.54101
1.57196
2.00493
1.87994
1.984
1.8584
1.99439
1.59778
1.65159
1.7787
1.81099
1.80189
1.67823
1.80461
1.76622
1.68232
1.60534
1.90382
1.77831
1.7428
2.13661
1.87352
2.05461
1.75383
1.84282
1.86948
1.64535
1.92034
1.53644
1.46709
1.60304
1.53462
1.50851
1.64725
1.67027
1.61359
1.57295
1.55653
1.79703
2.09452
2.02655
1.41732
1.47806
1.44555
1.42471
1.4308
1.54764
1.46769
2.16321
1.89591
1.7705
1.70156
2.11041
2.12609
2.08471
1.85408
1.85927
1.40133
1.40053
1.40337
1.40387
1.40031
1.40013
1.40015
1.4001
1.40016
1.4003
1.40035
1.402
1.40068
1.40163
2.10099
1.86088
1.77993
2.082
1.85035
1.72568
2.08776
1.96048
1.47114
1.44488
1.42048
1.46653
1.42807
1.40626
1.41212
1.40759
1.4174
1.41282
2.27398
1.64176
1.52082
1.41108
2.02504
1.40041
1.41301
1.38723
1.76652
1.6264
1.66599
1.57379
1.61017
1.9434
1.95578
1.81411
1.77163
1.7209
2.17458
2.19478
1.5549
1.55024
1.51988
1.46435
1.43941
1.4676
1.70308
1.54231
1.53789
1.42199
1.40738
1.45026
1.42543
1.44641
1.42127
1.42775
1.41016
2.09926
1.80865
2.19476
2.20644
1.40949
1.40867
1.40451
1.40136
1.40458
1.63632
1.88898
2.04513
1.40442
1.44781
1.43538
1.42172
1.451
1.43175
1.43715
1.4183
1.47271
1.80208
1.48686
1.82705
1.69749
1.65939
1.61329
1.73009
1.83905
1.94412
1.88167
1.77078
1.70475
1.99716
1.77763
2.13212
1.93222
2.15031
2.0714
1.9059
1.57607
1.90337
2.03172
1.9073
1.6737
1.66117
1.83443
1.84017
2.04699
2.06045
2.12661
1.40675
1.40342
1.40722
1.40192
1.4033
1.40114
1.40009
1.40095
1.40068
1.40048
1.40037
1.40152
1.44193
1.41587
1.48264
1.45037
1.41936
1.42284
1.40689
1.4156
1.43102
1.4038
1.40718
2.03006
1.91934
2.00381
1.82406
2.01399
1.59924
1.5742
1.75471
1.80929
1.6954
1.69334
1.83942
1.77165
1.62628
1.68777
2.1143
1.88383
1.5153
1.75009
1.5781
2.04834
1.79959
1.60381
1.74525
1.40652
1.4066
1.42514
1.52997
1.44604
1.51229
1.50342
1.4008
1.40051
2.15568
1.93749
1.51494
1.78849
1.58538
2.09131
1.85513
1.5965
1.758
1.5801
1.86107
1.75983
1.407
1.40832
1.42965
1.46942
1.52473
1.44436
1.47617
1.44001
1.40113
1.40045
1.40309
1.401
1.86046
1.92176
2.09524
1.60753
1.76513
1.81327
1.99996
1.87987
2.08949
2.02843
1.5751
1.83222
1.83657
1.69987
1.71008
1.79336
1.40428
1.41188
1.40161
1.40723
1.4028
1.41128
1.40364
1.40129
1.40809
1.40179
1.40559
1.4022
1.40066
1.51725
1.50076
1.41998
1.44097
1.48519
1.4387
2.09551
2.17207
2.1905
2.11465
1.89833
1.40006
1.4001
1.40017
1.40012
1.40034
1.99353
1.45472
1.45524
1.4337
1.42164
1.45143
1.43655
1.59498
2.13604
1.67703
1.80709
2.05183
2.04539
1.79184
1.78104
1.68125
1.94548
1.98661
1.7609
2.07366
2.17538
2.0927
1.88956
1.86535
1.88957
1.64029
1.76546
1.40181
1.3971
1.46561
1.4387
1.76578
1.88355
1.72324
1.67466
1.57943
1.67379
1.48352
1.5819
1.45915
1.53182
1.55108
1.74913
1.98438
1.92879
1.75882
1.86093
2.21198
1.4002
1.40187
1.40538
1.42189
1.43821
1.43829
1.45194
1.46934
1.44135
1.42781
1.47108
1.41642
1.43563
1.42762
1.4
1.4
1.4
1.4
1.4
2.12481
2.12961
1.96003
1.7248
1.60132
1.64493
1.71315
1.77914
1.86304
1.84857
2.07673
1.40229
1.40192
1.40252
1.40033
1.40149
1.40436
1.40111
1.4017
1.40219
2.20887
2.21142
1.53724
1.5576
1.61133
1.59293
1.63195
1.54186
1.46186
1.43477
1.46084
1.52461
1.57316
1.40911
1.42899
1.40608
1.41103
1.43906
1.41088
1.40156
1.40067
1.40099
1.40036
1.40011
1.40043
1.40013
1.40034
1.40005
1.4001
1.41225
1.38955
2.07786
1.51058
1.72476
1.4142
1.40917
2.05528
1.40009
1.40009
1.40012
1.40003
1.40007
1.40003
1.59351
1.5713
1.6936
1.5265
1.53653
2.29188
2.2889
2.0776
2.03662
1.74201
1.83532
1.68483
1.59906
1.57989
1.47048
1.46585
1.66846
1.56228
1.55635
1.73349
1.67882
1.40079
1.40071
1.40151
2.03965
1.94289
2.067
2.08822
2.03902
1.85709
1.87034
1.6753
1.85626
1.80568
1.40084
1.40183
1.40082
1.40053
1.40063
1.40047
1.40139
1.91093
1.58022
1.54869
1.83685
1.6437
1.72965
1.4
1.40001
1.40003
1.40002
1.40001
1.40002
1.40001
1.4
1.40001
1.40001
1.40007
1.40002
1.40006
1.40002
1.40001
1.40003
1.40001
2.14513
1.69075
1.57634
1.60775
2.12617
1.80434
1.70278
1.93428
1.81664
2.08573
2.14385
2.01696
2.11946
1.83283
1.87925
1.41069
1.41674
1.43461
1.42641
1.40279
1.41076
1.41543
1.52704
1.45632
1.58918
1.50957
1.54611
1.45239
1.48977
1.56891
1.49242
1.4626
1.49243
1.40009
1.40022
1.40007
1.42841
1.47326
1.44408
1.43158
1.4506
1.43272
1.40135
1.40071
1.40055
1.40029
1.40377
1.40231
1.40134
1.40083
1.40019
1.40017
1.40069
1.40039
1.45256
1.59204
1.54506
1.51479
1.70364
1.68184
1.71503
1.78733
2.01419
2.10804
2.06471
1.55705
1.45695
1.51698
1.67612
1.58531
1.55077
1.4611
1.44344
1.50092
1.62336
1.56001
1.51783
2.1203
2.04048
1.43496
1.4525
1.42302
1.40506
1.41939
1.41862
1.45944
1.45346
1.59443
1.54757
1.46096
1.56715
1.52179
1.40001
1.40001
1.40001
1.40001
1.40001
1.4
1.82042
1.86142
1.66052
1.5521
1.55779
1.77401
1.81314
1.66759
1.43364
1.41866
1.51105
1.53786
1.51597
1.49906
2.04322
1.76774
1.5921
1.40388
1.40208
1.40123
1.40392
1.4007
1.40051
1.40134
1.40061
1.40089
1.40041
1.40087
2.17798
1.8979
2.15936
1.40172
1.40067
1.40059
1.40002
1.4
1.40001
1.40133
1.40044
1.67643
1.5934
1.48629
1.5977
1.49397
1.40298
1.40921
1.40973
1.40495
1.41271
1.40375
1.40693
1.40941
1.40709
1.4054
1.40456
1.64887
1.52189
1.67785
1.46276
1.55817
1.47491
1.61433
1.52536
1.40063
1.40032
1.40022
1.40152
1.40056
1.69012
2.00375
1.91415
1.83469
1.92561
1.87181
1.78855
1.6068
2.11819
1.40001
1.40005
1.40002
2.20273
2.12867
2.16426
2.15423
2.05961
2.15951
1.93991
1.40452
1.40048
1.4014
1.40125
1.40386
1.40574
1.41065
1.40658
2.11348
2.13409
1.65945
1.56877
1.75361
1.60256
1.7339
1.64573
1.56047
1.5511
1.46298
1.45943
2.07735
2.08349
1.84397
1.98476
2.14256
1.91542
1.96383
1.7689
1.4
1.4
1.4
1.4
1.4
1.4
1.4
1.4
1.95816
1.88479
1.7867
1.76527
1.63725
1.63995
1.7388
1.40019
1.4019
1.4002
1.40062
1.89377
1.80462
1.87779
1.98712
1.65152
1.79064
1.78642
1.83425
1.64017
1.57594
1.4
1.40004
1.40001
1.40003
1.40002
1.4
1.40002
1.58813
1.6774
1.47443
1.71479
1.6273
1.43672
1.50106
1.40375
1.43784
1.41736
1.41092
1.41822
1.44986
1.40532
1.40348
1.41609
1.42652
1.44663
1.42876
1.42783
1.41115
1.41047
1.48015
1.44635
1.42528
2.11478
2.1923
2.01322
1.80491
1.94272
2.01092
1.9233
1.77165
1.92324
2.01413
2.11668
1.98606
1.77842
1.89707
1.60211
1.91491
1.85237
1.68516
1.82631
1.86763
1.92843
1.58076
1.70076
1.53885
1.49057
1.59929
1.63005
1.92976
1.82941
1.80113
1.72893
1.71659
1.53678
1.59327
1.49709
1.81202
1.61356
1.6965
1.91545
1.63047
1.42316
1.4228
2.12788
1.4901
1.46301
2.13556
1.4
1.4
1.4
1.4
1.4
1.40555
1.40094
1.40214
1.40532
2.11854
2.14664
1.55584
1.47036
1.57886
1.55635
1.48548
1.5021
1.45778
2.11569
2.10038
2.03596
1.40007
1.40024
1.40005
1.40045
1.40016
2.12546
2.14238
1.40098
1.40178
2.1273
2.1034
2.09078
2.11429
2.1097
2.05754
2.14579
2.09259
2.12619
1.96995
2.109
2.10874
1.94519
2.10126
2.09708
2.117
2.13536
2.04801
2.14637
1.99296
2.14915
2.11125
1.97341
2.11014
2.10246
2.14431
2.18109
2.07166
2.14385
2.01341
2.21263
2.12473
1.98009
2.10682
2.09393
1.60724
1.62139
1.58715
1.59636
1.59423
1.57431
1.56879
1.4559
1.50224
2.09274
2.19058
2.03306
2.10819
2.09709
2.08956
2.11688
2.1874
1.97437
2.07062
1.97271
1.77186
1.75317
2.1373
2.17937
2.0807
2.13267
1.94296
1.94026
1.7916
1.78603
1.64136
1.87941
1.8702
1.95496
2.10555
1.99254
2.04841
1.79577
2.10791
2.1505
2.0094
2.10209
2.08094
2.10821
2.14745
1.96921
2.20884
2.11505
1.4313
1.45695
1.46857
1.69319
1.68533
1.78722
1.48074
1.5854
2.14411
2.08438
2.11084
1.99396
2.11937
2.09178
2.13863
2.12748
2.18528
2.10764
2.07671
1.96661
2.09506
2.18281
2.12832
2.12903
2.04804
2.18557
2.10686
2.13111
2.14107
2.12939
2.14982
2.01681
2.11004
2.09617
2.10898
2.11637
2.13748
2.07585
2.15964
1.98759
2.10402
2.10271
2.08236
1.85223
2.10201
2.12614
2.13634
1.97067
2.19321
2.12082
1.40062
1.40165
1.40304
1.40497
1.41179
1.40558
2.10684
2.14228
2.01882
2.14722
2.11491
2.21379
2.08739
1.99742
1.97622
2.10647
2.13567
2.09805
2.13508
2.14332
2.17312
2.0147
2.21164
2.12894
2.10437
2.12434
1.94688
2.04486
2.14184
2.0054
1.84823
1.82944
2.13249
2.02048
2.01737
2.12335
2.15233
2.09925
2.08196
2.10622
1.96893
2.11654
2.11355
2.10888
2.13848
2.11241
1.9983
2.10028
2.1267
2.16614
2.02494
1.42423
1.42139
1.40422
1.41024
1.40384
2.16728
2.05054
2.10444
1.98067
2.1181
2.1247
2.16453
2.11537
2.04892
2.07581
1.82318
1.89395
1.78588
1.46169
1.56448
1.64777
1.98396
1.90065
1.82835
1.79518
1.8518
2.10276
2.03766
2.11248
2.07248
2.08712
1.73388
1.72968
1.70241
1.62159
1.59278
1.54469
1.46089
2.14459
2.09682
1.41424
1.40722
1.40459
1.40794
1.40401
1.40033
1.40058
1.94129
1.96909
1.89043
1.9792
1.90096
1.83486
1.89395
2.14764
2.04398
2.09662
1.94163
1.89115
1.92656
1.7371
1.74876
1.94885
1.87656
1.40599
1.41842
1.40454
1.40138
1.40133
1.40399
1.41061
2.07162
2.02146
2.03917
1.89818
1.71704
1.96516
1.94216
1.8991
1.87083
1.67207
1.65238
2.07726
2.06829
1.40562
1.41055
1.40169
1.40077
1.40725
1.40425
1.40424
1.40427
1.40168
1.94685
1.94865
1.96583
1.86843
1.92781
1.98036
1.87053
2.10726
2.06683
1.92804
1.94171
1.43987
1.41649
1.42798
1.43941
1.89083
1.93649
1.96427
1.92771
1.85538
1.76198
1.92073
1.92738
1.7705
1.76604
1.60595
1.60514
2.12582
1.78877
1.86546
1.91001
1.9158
1.76272
1.94005
1.90774
1.73023
1.94869
1.84984
1.4067
1.40476
1.74947
1.6763
1.47827
1.58759
1.49999
1.4019
1.40336
1.40127
1.40048
1.72126
1.60713
1.6459
1.57129
1.58985
1.53366
1.93312
1.40148
1.40043
1.8321
1.76104
1.50151
1.48274
1.56919
1.60683
1.67304
1.41218
1.41177
1.46104
1.46143
1.53249
1.49301
1.76926
1.62475
1.64681
1.56855
1.82517
1.88782
1.94157
1.90562
1.80104
1.86646
1.95002
1.77264
1.56729
1.6322
1.77733
1.54678
1.90162
1.89384
1.71106
1.93458
1.84445
1.72272
1.60716
1.72642
1.56511
1.66457
1.56706
1.48044
1.93859
1.94261
1.91028
1.73398
1.86977
1.40012
1.40011
1.40011
1.40007
1.40012
1.40009
1.40004
1.40004
1.4
1.4
1.4
1.4
1.75743
1.62591
1.74306
1.95234
1.9154
1.75571
1.91534
1.85722
1.95054
1.95366
1.88177
1.76354
1.92798
1.85733
1.95578
1.88361
1.75399
1.75338
1.72765
1.695
1.64923
1.56533
1.6431
1.54157
1.44318
1.40039
1.40038
1.4001
1.40019
1.40005
1.40006
2.10296
2.10655
1.95436
1.76483
1.74849
1.94893
1.97139
1.93297
1.89912
1.96836
1.87362
1.87918
1.77416
1.68077
1.67418
1.70736
1.94071
1.90024
1.95783
1.87676
1.94956
1.78225
1.89232
1.40084
1.40181
1.40074
1.40063
1.40023
1.40055
1.40023
1.93285
1.99256
1.83448
1.65352
1.88579
1.71407
1.72055
1.65772
1.57057
1.63003
1.5231
1.52726
1.8606
1.92691
1.93758
1.71223
1.86565
1.81065
1.57814
1.57118
1.69363
1.70267
1.65333
1.78807
1.77243
1.97871
1.87834
1.88545
1.95483
1.94384
1.72731
1.86976
1.90241
1.74871
1.63363
1.94878
1.87105
1.96761
1.85854
1.92002
1.95598
1.92556
1.91064
1.78997
1.86242
1.66093
1.59924
1.40053
1.40034
1.40009
1.40068
1.95888
1.73888
1.95489
1.88766
1.91163
1.82842
1.87379
1.40243
1.40267
1.40094
1.40121
1.40066
1.40215
1.40076
1.40117
1.40063
1.40054
1.4
1.4
1.40001
1.40001
1.4
1.41375
1.42901
1.49801
1.52975
1.47929
1.66231
1.70189
1.59106
1.6076
1.71114
1.6478
1.559
1.48062
1.56956
1.44043
1.4832
1.91642
1.94449
1.7315
1.85171
1.4247
1.42837
1.48299
1.43702
1.46743
1.46277
1.48753
1.40621
1.41264
1.43389
1.41355
1.45919
1.46194
1.4198
1.41819
1.40737
1.40037
1.40014
1.40032
1.40007
1.40002
1.40004
1.40013
1.95482
1.94708
1.90012
1.73329
1.87119
1.73569
1.91781
1.69164
1.94619
1.86343
1.61351
1.44145
1.51239
1.44976
1.42206
1.48866
1.41855
1.42748
1.43656
1.45943
1.5032
1.56489
1.62961
1.50569
1.76476
1.62423
1.52835
1.84588
1.93285
1.76444
1.40358
1.40124
1.40914
1.95046
1.89668
1.80428
1.81143
1.85023
1.91991
1.77886
1.40294
1.41542
1.40626
1.41045
1.41193
1.4087
1.40454
1.40019
1.40006
1.40003
1.40003
1.94625
1.43943
1.42331
1.41385
1.41787
1.40135
1.40243
1.40683
1.4028
1.53499
1.72291
1.61532
1.63132
1.58077
1.91769
1.91198
1.76124
1.41484
1.50455
1.49748
1.47424
1.44801
1.41743
1.40918
1.46025
1.42242
1.40001
1.4
1.4
1.4
1.4
1.4
1.4
1.44107
1.49497
1.49042
1.4122
1.41292
1.43458
1.45372
1.42947
1.91441
1.99461
1.42984
1.55372
1.59832
1.47163
1.45843
1.44638
1.5204
2.02355
2.01001
1.4
1.4
1.4
1.66199
1.64365
1.82652
1.80086
1.6159
1.72125
1.62108
1.55888
1.46895
1.48309
1.57081
1.59686
1.58652
1.48943
1.48369
1.57117
1.40054
1.40121
1.40065
1.40072
1.40187
1.40051
1.40298
1.401
1.48379
1.43265
1.48879
1.47976
1.44087
1.44691
1.42482
1.93232
1.80829
1.78844
1.71538
1.39465
1.40847
1.40237
1.91111
1.91378
1.77842
1.83148
1.40005
1.40006
1.40004
1.40002
1.40003
1.57733
1.48442
1.42465
1.41044
1.41194
1.40417
1.42243
1.96246
1.88019
1.40001
1.40001
1.4
1.40002
1.40003
1.40001
1.40001
1.40001
1.40015
1.40042
1.40075
1.40173
1.40027
1.40091
1.40822
1.41851
1.46731
1.4147
2.033
1.40348
1.40479
1.50947
1.46072
1.4586
1.40056
1.40036
1.40258
1.4014
1.40163
1.40106
1.46859
1.64406
1.55145
1.40093
1.40143
1.63926
1.53497
1.71181
1.64446
1.81316
1.84121
1.71103
1.40154
1.40111
1.40146
1.40136
1.40264
1.50684
1.67676
1.6088
1.38011
1.43348
2.04885
2.05069
1.38469
1.84152
1.90137
1.81951
1.92589
1.96103
1.79506
1.75346
1.75762
1.82521
1.8305
1.76477
1.64788
1.63237
1.56583
1.93903
1.79482
1.4
1.4
1.4
1.46572
1.49678
1.44125
1.41405
1.45343
1.43893
1.5546
1.741
1.61493
1.51053
1.55666
1.40002
1.40004
1.40002
1.40002
1.40001
1.40001
1.40922
1.40646
1.41739
1.41579
1.41598
1.40938
1.40907
1.40488
1.53382
1.44739
1.42858
1.49207
1.69315
1.62613
1.58852
1.70681
1.70111
1.63145
1.64188
1.59066
1.42678
1.41291
1.41748
1.42062
1.40608
1.40407
1.40854
1.41359
1.41802
1.46341
1.42488
1.47781
1.50739
1.4
1.4
1.4
1.4
1.4
1.4
1.4
1.4
1.4
1.4
1.4
1.4
1.4
1.88868
1.7895
1.65495
1.81978
1.79851
1.76897
1.63986
1.40172
1.40208
1.4007
1.40215
1.40103
1.45168
1.4929
1.44759
1.46325
1.43027
1.43944
1.63776
1.67323
1.7495
1.61749
1.64082
1.40644
1.4046
1.40202
1.40313
1.40128
1.40137
1.40083
1.40023
1.40323
1.40527
1.40273
1.40072
1.40062
1.40124
1.40122
1.40184
1.40039
1.40101
1.40043
1.4
1.40001
1.4
1.4
1.4
1.63295
1.57335
1.52364
1.43387
1.40764
1.41357
1.40408
1.40168
1.42503
1.41776
1.42767
1.4908
1.44678
1.45537
1.49149
1.46477
1.41779
1.47973
1.41382
1.4256
1.42393
1.45892
1.40115
1.40015
1.40118
1.40064
1.40172
1.40069
1.40152
1.55037
1.54112
1.70272
1.76237
1.70215
1.63367
1.52045
1.51898
1.51133
1.52607
1.58512
1.45885
1.45619
1.6411
1.48207
1.57457
1.66966
1.51614
2.0041
1.95261
1.86513
1.80452
1.70987
1.57193
1.71124
1.68411
1.60917
1.6003
1.83455
1.8716
1.87074
1.69932
1.59043
1.47284
1.47969
1.77237
1.69536
1.59228
1.88692
1.92354
1.82427
1.99597
1.94644
1.40017
1.40122
1.40048
1.40052
1.40017
1.4002
1.40108
1.40051
1.41586
1.42172
1.41766
1.40894
1.52183
1.47447
1.48194
1.46286
1.47679
1.43859
1.44543
1.43483
1.40636
1.42573
1.41264
1.43175
1.40642
1.41603
1.40575
1.4702
1.45468
1.52379
1.40698
1.40575
1.40094
1.40401
1.40153
1.40149
1.40343
1.82851
1.95634
1.95873
1.50384
1.45958
1.46973
1.44832
1.4197
1.40877
1.42218
1.40079
1.4013
1.40035
1.40009
1.40009
1.4008
1.40264
1.4029
1.40297
1.40137
1.40075
1.40031
1.4004
1.40172
1.40099
1.40114
1.40265
1.95893
1.92387
1.5399
1.4495
1.43117
1.52089
1.50863
1.43603
1.48944
1.45028
1.42286
1.40068
1.40039
1.40018
1.40091
1.4
1.4
1.4
1.4
1.4
1.4
1.4
1.57099
1.55339
1.49549
1.49379
1.38452
1.81331
1.46788
1.6896
1.39113
1.43235
1.82773
1.67803
1.49614
1.86679
1.89605
1.81105
1.40564
1.4005
1.40664
1.40203
1.4064
1.40157
1.40348
1.94264
1.9624
1.87098
1.51494
1.51912
1.80438
1.75598
1.76911
1.62
1.6126
1.58376
1.48063
1.42324
1.40608
1.42023
1.41122
1.41018
1.40477
1.40473
1.4185
1.42094
1.40958
1.41128
1.40653
1.50737
1.68389
1.65609
1.59295
1.70593
1.62221
1.68721
1.4
1.4
1.4
1.4
1.4
1.57275
1.56717
1.47442
1.47258
1.44418
1.54321
1.54614
1.4011
1.40165
1.40083
1.40032
1.90341
1.78954
1.81386
1.54149
1.75079
1.63819
1.87743
1.74155
1.74312
1.91516
1.85526
1.92488
1.93882
1.8947
1.7884
1.86702
1.77237
1.40015
1.40007
1.40006
1.40002
1.65925
1.64374
1.58006
1.75888
1.72765
1.40295
1.41437
1.40886
1.42335
1.40244
1.40162
1.40068
1.40073
1.40744
1.4044
1.406
1.40199
1.4025
1.51568
1.4548
1.48997
1.44907
1.42266
1.42004
1.40601
1.4025
1.40163
1.41348
1.40328
1.40536
1.42882
1.41477
1.41101
1.43926
1.47018
1.42574
1.43904
1.4264
1.90394
1.89159
1.93983
1.9307
1.84972
1.53209
1.59538
1.97744
1.90647
1.86982
1.95926
1.95217
1.97774
1.91753
1.89478
1.41274
1.43534
1.45433
1.40919
1.94554
1.9453
1.48728
1.45235
1.43357
1.95271
1.93991
1.94092
1.9374
1.95025
1.95207
1.95435
1.9544
1.94082
1.93341
1.93197
1.92338
1.98281
1.92886
1.95837
1.93529
1.97275
1.9172
1.93466
1.94128
1.4022
1.40104
1.40129
1.95354
1.95029
1.40001
1.40003
1.40001
1.9683
1.95572
1.44631
1.41902
1.41001
1.41994
1.447
1.92893
1.93549
1.8983
1.9383
1.90498
1.87898
1.928
1.92863
1.9013
1.92915
1.94518
1.92954
1.93143
1.88552
1.93854
1.92534
1.93028
1.9219
1.87713
1.9444
1.93481
1.94743
1.95817
1.91482
1.93652
1.93268
2.01293
1.94604
1.9392
1.93143
1.95081
1.93708
1.42172
1.41106
1.40732
1.4101
1.90519
1.91713
1.89489
1.92589
1.92055
1.92648
1.9143
1.86796
1.90809
1.75291
1.79149
1.95682
1.957
1.94286
1.51826
1.42365
1.49014
1.47005
1.4568
1.51482
1.52533
1.88992
1.87867
1.81688
1.94926
1.96088
1.40725
1.40326
1.40587
1.41112
1.40635
1.40288
1.40184
1.40342
1.51183
1.4584
1.44116
1.51077
1.51829
1.45821
1.47601
1.44528
1.40014
1.40032
1.40014
1.40018
1.40056
1.40049
1.40005
1.40002
1.40029
1.40014
1.40012
1.40009
1.8874
1.90427
1.8739
1.73795
1.83879
1.84455
1.74781
1.66429
1.97708
1.74726
1.67955
1.77712
1.80726
1.73103
1.70644
1.58667
1.57207
1.75791
1.94639
1.91632
1.86095
1.92817
1.82779
1.81918
1.68882
1.61438
1.78619
1.68306
1.77912
1.81547
1.69194
1.4161
1.49857
1.48586
1.46825
1.45624
1.42819
1.44609
1.42501
1.41728
1.90458
1.87936
1.86973
1.8127
1.85114
1.79734
1.42165
1.40285
1.40788
1.44028
1.42655
1.96257
1.80474
1.83235
1.81013
1.80095
1.76721
1.70537
1.68666
1.61995
1.91231
1.9056
1.95005
1.93371
1.82951
1.87234
1.38812
1.40067
1.40137
1.59977
1.68938
1.61653
1.57725
1.5839
1.5054
1.50919
1.40838
1.4059
1.40318
1.42673
1.42069
1.88432
1.86164
1.40218
1.40087
1.4013
1.40066
1.90901
1.9
1.85933
1.81742
1.74
1.84697
1.88298
1.89042
1.88882
1.80344
1.74289
1.57655
1.53851
1.58239
1.47482
1.50968
1.45718
1.94992
1.48938
1.52269
1.40976
1.42993
1.46554
1.49159
1.46074
1.49234
1.52037
1.96403
1.93449
1.88196
1.92584
1.87184
1.92512
1.88581
1.9237
1.87872
1.92791
1.88156
1.92493
1.88946
1.92235
1.87834
1.93087
1.91615
1.87835
1.93153
1.88826
1.92384
1.72692
1.83689
1.70243
1.79188
1.82359
1.7044
1.9453
1.88895
1.95928
1.92332
1.88114
1.96261
1.87128
1.92388
1.4
1.40001
1.4
1.4
1.40001
1.4
1.4
1.4036
1.40758
1.42898
1.40781
1.42324
1.41233
1.9455
1.93382
1.89942
1.86207
1.84276
1.91099
1.88994
1.95933
1.92507
1.88481
1.96459
1.92181
1.88291
1.94749
1.89424
1.93275
1.40366
1.40063
1.40123
1.92631
1.90719
1.9456
1.91923
1.92662
1.91519
1.8682
1.84399
1.84869
1.70745
1.81316
1.8534
1.71378
1.91609
1.92512
1.94046
1.75464
1.9414
1.91782
1.85948
1.84912
1.81089
1.80543
1.77781
1.69919
1.73354
1.83924
1.7177
1.84641
1.83596
1.72911
1.80561
1.73719
1.64689
1.7516
1.84794
1.74383
1.67444
1.73709
1.84162
1.77278
1.71327
1.84337
1.76424
1.77699
1.81591
1.84423
1.45221
1.71766
1.63168
1.6175
1.60364
1.5792
1.91317
1.85821
1.81348
1.87756
1.70582
1.4152
1.43137
1.42273
1.46527
1.42472
1.44659
1.7518
1.65589
1.70416
1.82669
1.7751
1.73908
1.86072
1.7838
1.84472
1.83264
1.8906
1.40089
1.40153
1.40078
1.40044
1.40039
1.40043
1.4002
1.50115
1.45708
1.43739
1.66585
1.83915
1.73328
1.73151
1.41989
1.51381
1.4814
1.48197
1.46268
1.72619
1.83293
1.87379
1.72551
1.75587
1.82297
1.74073
1.82574
1.736
1.74933
1.67418
1.78555
1.40127
1.91237
1.8624
1.80223
1.85924
1.6575
1.65282
1.7376
1.7998
1.75887
1.78707
1.40688
1.4028
1.40821
1.40571
1.40255
1.40307
1.40639
1.87213
1.87652
1.84395
1.73018
1.84646
1.83202
1.70757
1.73433
1.80266
1.43154
1.40289
1.40877
1.42077
1.40358
1.40221
1.40477
1.40056
1.4002
1.4007
1.40132
1.84015
1.67187
1.76139
1.82858
1.72916
1.8009
1.83532
1.7239
1.75882
1.7308
1.80102
1.84341
1.7421
1.73315
1.84978
1.72755
1.74537
1.64825
1.8057
1.71702
1.72666
1.62982
1.53343
1.48435
1.45869
1.88892
1.89051
1.72744
1.81013
1.40153
1.40173
1.40105
1.40341
1.40332
1.866
1.71564
1.80338
1.62661
1.71278
1.71044
1.85635
1.84271
1.72004
1.72953
1.81472
1.40005
1.40003
1.40002
1.40002
1.84388
1.88413
1.66926
1.76736
1.81984
1.85116
1.40141
1.40233
1.40125
1.40223
1.40228
1.86856
1.75572
1.6281
1.73403
1.73906
1.63749
1.65798
1.59629
1.58869
1.816
1.79156
1.84047
1.40188
1.40023
1.40007
1.40012
1.40164
1.40072
1.40077
1.40045
1.40367
1.40559
1.84188
1.71137
1.83781
1.80833
1.84697
1.8489
1.72748
1.8053
1.66832
1.82785
1.70014
1.60859
1.85272
1.72231
1.64972
1.85356
1.76303
1.81439
1.82797
1.80156
1.69002
1.83096
1.69722
1.80326
1.84723
1.83385
1.74972
1.40001
1.4
1.4
1.4
1.40001
1.84636
1.7869
1.6736
1.6783
1.79201
1.41208
1.47858
1.44835
1.49535
1.44338
1.42751
1.41197
1.40804
1.40515
1.42343
1.60638
1.85882
1.78812
1.84063
1.81664
1.70526
1.68175
1.88226
1.80017
1.62023
1.69681
1.80703
1.85196
1.63411
1.59066
1.55716
1.57081
1.46436
1.54373
1.47878
1.82089
1.70842
1.73852
1.81439
1.8587
1.81274
1.67653
1.78985
1.63564
1.71096
1.42703
1.4646
1.45502
1.44897
1.41838
1.4143
1.43248
1.73812
1.64192
1.84808
1.72393
1.7366
1.63803
1.5673
1.58465
1.41024
1.4068
1.41686
1.42984
1.43037
1.42967
1.41435
1.41682
1.41009
1.83065
1.82895
1.77903
1.91543
1.58005
1.63123
1.78949
1.76711
1.62019
1.40024
1.40034
1.40008
1.40021
1.40004
1.40007
1.70098
1.64333
1.8387
1.78552
1.74342
1.40467
1.40685
1.40251
1.881
1.82986
1.73502
1.80348
1.71855
1.84554
1.60207
1.74891
1.82172
1.69393
1.69705
1.79721
1.83154
1.86012
1.86402
1.86716
1.71885
1.70834
1.71804
1.59577
1.6558
1.59866
1.51341
1.66323
1.63615
1.55213
1.4817
1.47944
1.46092
1.42128
1.80218
1.84479
1.83029
1.70444
1.78424
1.53398
1.50191
1.48993
1.44173
1.64015
1.71717
1.79869
1.82945
1.72207
1.8191
1.82651
1.68369
1.69111
1.6043
1.7955
1.39986
1.40385
1.40168
1.69763
1.67527
1.61896
1.53856
1.62827
1.61883
1.58257
1.46973
1.49076
1.54048
1.40138
1.41313
1.40295
1.40847
1.4019
1.40396
1.40601
1.4019
1.40086
1.62936
1.71695
1.77715
1.81901
1.72482
1.4
1.4
1.4
1.4
1.4
1.4
1.4
1.4
1.501
1.61529
1.5089
1.40757
1.40393
1.40124
1.40344
1.40618
1.40346
1.40068
1.40149
1.40132
1.61195
1.49795
1.66777
1.70834
1.46294
1.51018
1.52556
1.58135
1.62099
1.70241
1.65733
1.54789
1.63924
1.48616
1.54273
1.78846
1.71302
1.62003
1.59738
1.74163
1.66517
1.70189
1.67638
1.61181
1.7359
1.6038
1.68578
1.71781
1.67391
1.81434
1.74324
1.68024
1.59966
1.5071
1.6374
1.59179
1.51079
1.50891
1.46233
1.51548
1.43864
1.45503
1.71308
1.67969
1.63616
1.61027
1.52054
1.48894
1.54575
1.81027
1.7337
1.68927
1.80308
1.74903
1.72006
1.40002
1.40001
1.40001
1.40001
1.40315
1.40088
1.40285
1.39703
1.62997
1.5427
1.51568
1.61473
1.54316
1.56273
1.52877
1.60908
1.57282
1.48971
1.41225
1.40429
1.41084
1.41527
1.40547
1.40718
1.40287
1.83879
1.79286
1.57906
1.66846
1.82423
1.79472
1.40011
1.40004
1.40002
1.40003
1.40009
1.40007
1.75184
1.61421
1.81382
1.77429
1.69079
1.62538
1.645
1.40604
1.42286
1.41363
1.42308
1.41396
1.41494
1.40794
1.40624
1.40802
1.40233
1.40286
1.77181
1.73829
1.69967
1.6415
1.63257
1.52251
1.54447
1.73157
1.67301
1.6816
1.65703
1.61425
1.53859
1.60629
1.65179
1.53508
1.5629
1.80634
1.68818
1.75974
1.81357
1.73089
1.75869
1.67928
1.79798
1.74817
1.63557
1.55537
1.56525
1.68344
1.67243
1.64455
1.73116
1.72054
1.67101
1.7218
1.66391
1.65858
1.60139
1.62248
1.5192
1.53606
1.55421
1.63146
1.58856
1.74475
1.64161
1.51666
1.64448
1.59688
1.5893
1.52005
1.51067
1.60794
1.43112
1.42535
1.41155
1.42607
1.40852
1.41022
1.40331
1.40352
1.4171
1.41661
1.40001
1.40006
1.40004
1.40004
1.40015
1.40008
1.71474
1.62388
1.59551
1.62248
1.58464
1.4855
1.54252
1.48142
1.55867
1.47583
1.43274
1.43501
1.41365
1.41445
1.40851
1.42591
1.42909
1.4
1.4
1.4
1.4
1.4
1.4
1.4
1.4
1.82546
1.79749
1.83227
1.72586
1.81831
1.77659
1.80361
1.4302
1.41383
1.42998
1.43006
1.41533
1.41485
1.40945
1.40867
1.40016
1.40008
1.40003
1.40013
1.40007
1.40006
1.40002
1.40001
1.40008
1.40004
1.5183
1.46499
1.58535
1.61177
1.56718
1.49019
1.40017
1.40014
1.40009
1.40007
1.40005
1.40003
1.40001
1.48015
1.41789
1.40954
1.40957
1.43409
1.56834
1.56856
1.49499
1.45248
1.46069
1.43045
1.43216
1.42251
1.40895
1.40299
1.40492
1.40165
1.40124
1.40235
1.40456
1.40165
1.40265
1.40249
1.83108
1.81512
1.81967
1.49545
1.46695
1.42264
1.54615
1.51257
1.49071
1.46205
1.47424
1.7347
1.63948
1.67031
1.55712
1.66935
1.6423
1.53271
1.49088
1.40037
1.40058
1.40007
1.40015
1.40005
1.70731
1.62776
1.66048
1.58564
1.49624
1.50891
1.59244
1.40059
1.40029
1.40009
1.40018
1.40033
1.40009
1.40004
1.40012
1.41706
1.40645
1.41207
1.40125
1.40386
1.4057
1.52708
1.6128
1.6652
1.54178
1.63347
1.57165
1.66547
1.65708
1.60506
1.55043
1.49507
1.75994
1.67731
1.615
1.40007
1.40225
1.40149
1.40062
1.40148
1.40027
1.4002
1.40054
1.40059
1.40126
1.40146
1.40029
1.40015
1.40035
1.40071
1.40269
1.4014
1.40285
1.4018
1.4
1.4
1.4
1.4
1.4
1.4
1.4
1.4
1.6767
1.63715
1.58712
1.51884
1.61567
1.49972
1.46533
1.59496
1.48742
1.61372
1.60959
1.57416
1.67682
1.629
1.6691
1.70073
1.49634
1.60386
1.5187
1.64055
1.47737
1.69213
1.61592
1.63601
1.63455
1.68484
1.62812
1.58483
1.52575
1.47826
1.60622
1.51947
1.42593
1.43248
1.46486
1.43261
1.44999
1.73156
1.68147
1.5606
1.67005
1.64658
1.64767
1.40004
1.40001
1.40001
1.40005
1.40005
1.40002
1.40002
1.40001
1.62893
1.5637
1.58575
1.50724
1.49604
1.41612
1.40339
1.40775
1.38821
1.79747
1.41976
1.75509
1.40527
1.75528
1.69877
1.71374
1.63063
1.7399
1.63197
1.5909
1.42956
1.40227
1.40679
1.40575
1.41325
1.49192
1.5125
1.47387
1.42333
1.41167
1.45274
1.45802
1.42517
1.42226
1.41312
1.47324
1.45089
1.40274
1.40389
1.40096
1.40056
1.40172
1.40249
1.40308
1.402
1.40224
1.40001
1.40002
1.40001
1.40001
1.4
1.4
1.4
1.40162
1.40222
1.40171
1.40111
1.40056
1.40179
1.40068
1.40106
1.40055
1.40053
1.40033
1.40071
1.40038
1.40025
1.40112
1.40203
1.40061
1.40108
1.40053
1.40417
1.40109
1.40149
1.40254
1.40158
1.40038
1.40134
1.40203
1.40148
1.40279
1.73545
1.77231
1.77645
1.75683
1.7628
1.40012
1.40021
1.40003
1.40002
1.40005
1.40009
1.40014
1.70701
1.48797
1.70214
1.65256
1.65468
1.60754
1.60945
1.50714
1.52926
1.53059
1.43607
1.46788
1.45446
1.73463
1.78212
1.64767
1.51349
1.5971
1.57503
1.63604
1.7105
1.69584
1.64042
1.52649
1.45448
1.5234
1.58465
1.7482
1.65511
1.58813
1.64281
1.46888
1.55037
1.48292
1.56329
1.52448
1.5473
1.50432
1.66784
1.58929
1.57774
1.73292
1.68082
1.68137
1.72156
1.40013
1.40002
1.40009
1.40004
1.40007
1.40002
1.4
1.4
1.4
1.4
1.4
1.4
1.4
1.4
1.40038
1.40022
1.40009
1.40007
1.40117
1.40057
1.40022
1.77724
1.77611
1.74934
1.78315
1.81618
1.804
1.78226
1.7628
1.80465
1.77732
1.77298
1.79463
1.76272
1.74638
1.80332
1.4
1.4
1.4
1.4
1.4
1.4
1.4
1.79061
1.77913
1.78094
1.40287
1.40136
1.40169
1.40084
1.76239
1.77352
1.77516
1.77315
1.7743
1.78131
1.4
1.4
1.4
1.4
1.4
1.4
1.76734
1.77623
1.7769
1.65681
1.71225
1.59841
1.51418
1.75529
1.77538
1.77099
1.7705
1.78215
1.78124
1.76164
1.78471
1.77193
1.77636
1.78515
1.7831
1.76958
1.79451
1.77103
1.40017
1.40035
1.40008
1.76807
1.76679
1.78197
1.76316
1.78265
1.77516
1.76592
1.77763
1.77128
1.77528
1.77062
1.77895
1.76806
1.77578
1.77528
1.76266
1.81056
1.76116
1.74665
1.4
1.4
1.4
1.4
1.4
1.4
1.4
1.77005
1.76911
1.76135
1.40502
1.41136
1.40119
1.40667
1.40101
1.4031
1.40335
1.7282
1.64124
1.61038
1.66
1.53678
1.54777
1.82663
1.78669
1.76061
1.78261
1.77108
1.77736
1.76516
1.77709
1.77731
1.76213
1.76448
1.76957
1.78037
1.77807
1.77266
1.77786
1.77415
1.78839
1.77643
1.78293
1.76628
1.76398
1.78033
1.77751
1.76879
1.78373
1.76658
1.77104
1.77277
1.75351
1.76316
1.76376
1.75943
1.77132
1.76932
1.4009
1.40038
1.40104
1.40196
1.40069
1.40054
1.75984
1.76855
1.78272
1.41713
1.41794
1.40392
1.40834
1.75782
1.76878
1.76562
1.75625
1.76719
1.76463
1.7597
1.75932
1.78103
1.76081
1.76521
1.75764
1.7684
1.77879
1.75414
1.74082
1.7604
1.76727
1.76868
1.77517
1.76382
1.78788
1.77505
1.76122
1.43513
1.40883
1.41967
1.40147
1.40171
1.40329
1.40235
1.40217
1.40104
1.40039
1.40097
1.40035
1.71291
1.79886
1.77233
1.76454
1.76493
1.75044
1.74603
1.40008
1.40026
1.40011
1.40032
1.4001
1.40006
1.41383
1.42561
1.41413
1.40951
1.40852
1.40996
1.40479
1.40423
1.40194
1.74193
1.75906
1.7502
1.7676
1.75292
1.60835
1.57804
1.5079
1.78088
1.79365
1.77042
1.50804
1.64038
1.59418
1.56607
1.47592
1.44595
1.52287
1.46808
1.47391
1.79531
1.78049
1.77725
1.40398
1.42003
1.41763
1.40918
1.41356
1.40769
1.71001
1.56779
1.5279
1.70817
1.73073
1.6355
1.61085
1.57738
1.41265
1.40694
1.4058
1.40216
1.40234
1.40404
1.68908
1.57998
1.40151
1.41629
1.43193
1.46368
1.45615
1.38536
1.41693
1.53649
1.67139
1.70854
1.69099
1.63819
1.72813
1.74314
1.68738
1.6971
1.40382
1.40304
1.40127
1.40018
1.40076
1.76769
1.75222
1.75752
1.69588
1.78787
1.7578
1.76791
1.75565
1.68798
1.45545
1.51563
1.47677
1.45092
1.46574
1.44038
1.40041
1.4007
1.4005
1.40019
1.40031
1.40015
1.63633
1.59681
1.75868
1.73129
1.7661
1.80195
1.47494
1.52113
1.45586
1.44867
1.41745
1.69174
1.72185
1.4229
1.43182
1.42735
1.44852
1.47809
1.74454
1.75122
1.40747
1.4216
1.40957
1.40458
1.4041
1.80892
1.76844
1.74861
1.40002
1.40007
1.40003
1.40004
1.40001
1.40001
1.71651
1.54788
1.61528
1.66462
1.57492
1.43494
1.40662
1.40471
1.45907
1.42586
1.42255
1.41565
1.44896
1.49867
1.45184
1.47325
1.75171
1.76548
1.74631
1.74096
1.69546
1.69837
1.71209
1.7382
1.72473
1.54623
1.7271
1.69003
1.71843
1.63319
1.62576
1.7835
1.69657
1.73155
1.68667
1.73196
1.69484
1.40405
1.41367
1.4078
1.41674
1.40542
1.40133
1.62681
1.5989
1.52514
1.60343
1.62698
1.49521
1.47667
1.47528
1.53559
1.56124
1.57712
1.72427
1.77869
1.7305
1.70576
1.73155
1.40003
1.40001
1.40009
1.40004
1.40004
1.40002
1.75183
1.66751
1.75093
1.67353
1.67459
1.73813
1.72725
1.76235
1.76602
1.74682
1.61959
1.6908
1.63908
1.52965
1.63026
1.53244
1.69665
1.68562
1.62893
1.52302
1.62444
1.52945
1.71268
1.74921
1.70759
1.73738
1.71044
1.75895
1.75842
1.74502
1.52946
1.53578
1.46574
1.49507
1.46995
1.48792
1.46032
1.42707
1.73621
1.74187
1.74183
1.6611
1.55993
1.70705
1.70149
1.68847
1.5691
1.76075
1.74727
1.75665
1.73668
1.66475
1.67523
1.43749
1.46009
1.44133
1.40277
1.40106
1.40104
1.40046
1.40067
1.40129
1.47641
1.52192
1.45814
1.44859
1.42219
1.43532
1.48805
1.47201
1.44126
1.44151
1.41885
1.41521
1.40927
1.43514
1.45947
1.73042
1.7321
1.76228
1.72908
1.40028
1.40028
1.40072
1.40072
1.40157
1.39575
1.40321
1.73729
1.70065
1.69794
1.74786
1.7512
1.74811
1.7384
1.74483
1.40489
1.40277
1.40516
1.41987
1.41073
1.41621
1.40865
1.73216
1.73268
1.71904
1.624
1.58481
1.49615
1.75903
1.75167
1.67655
1.74162
1.66697
1.67881
1.72263
1.76026
1.69204
1.75066
1.68712
1.68764
1.73725
1.72991
1.40255
1.42177
1.41159
1.41412
1.4057
1.40094
1.40397
1.59902
1.55258
1.55194
1.44067
1.4323
1.4124
1.43837
1.41552
1.73983
1.74863
1.73921
1.64904
1.59508
1.75038
1.67496
1.74279
1.75929
1.69646
1.66957
1.63347
1.72993
1.46725
1.51806
1.47451
1.50991
1.44904
1.41916
1.49954
1.46395
1.46704
1.41903
1.41932
1.44122
1.44699
1.75211
1.74786
1.67791
1.7262
1.75095
1.75244
1.52818
1.46562
1.49708
1.42896
1.67838
1.70923
1.68291
1.73402
1.76103
1.75985
1.75394
1.73618
1.64961
1.4
1.4
1.4
1.4
1.4
1.40001
1.40001
1.40001
1.4
1.71388
1.68413
1.74778
1.73304
1.69793
1.75488
1.4
1.4
1.4
1.4
1.4
1.51679
1.45374
1.42004
1.47373
1.45113
1.51676
1.46699
1.53323
1.5306
1.48092
1.48281
1.45716
1.75613
1.70552
1.75892
1.69973
1.74515
1.73156
1.71148
1.73995
1.67707
1.67428
1.70539
1.62248
1.63731
1.40018
1.40009
1.40005
1.70159
1.74597
1.69247
1.73297
1.70072
1.50599
1.59656
1.47405
1.57199
1.49943
1.57278
1.46534
1.4669
1.41836
1.45165
1.44719
1.74171
1.7556
1.6753
1.67856
1.74821
1.72675
1.74635
1.69972
1.4
1.4
1.4
1.4
1.4
1.4
1.43364
1.41429
1.40699
1.40539
1.41095
1.42177
1.72661
1.74387
1.72024
1.7383
1.75502
1.7323
1.73814
1.79497
1.73606
1.66826
1.7484
1.73949
1.71923
1.70453
1.6637
1.65618
1.76594
1.7462
1.40018
1.40012
1.40004
1.40018
1.42861
1.43241
1.42708
1.717
1.73215
1.7284
1.75256
1.7392
1.65444
1.69731
1.72299
1.73663
1.70104
1.70161
1.72598
1.40213
1.40214
1.40087
1.40035
1.40107
1.40352
1.40382
1.40159
1.40065
1.40027
1.40122
1.40046
1.40037
1.40094
1.40227
1.41247
1.40594
1.40227
1.71435
1.71455
1.66839
1.68832
1.65981
1.64827
1.60894
1.69759
1.6915
1.63118
1.68131
1.74623
1.73642
1.4
1.4
1.4
1.4
1.4
1.4
1.42175
1.41068
1.42026
1.43527
1.41165
1.40458
1.4408
1.40656
1.41716
1.40146
1.40445
1.40288
1.40394
1.40687
1.7416
1.73525
1.68589
1.64161
1.55246
1.75631
1.69117
1.74873
1.68525
1.67714
1.73093
1.72328
1.69106
1.67211
1.72977
1.71815
1.69724
1.52452
1.50972
1.46806
1.4592
1.44075
1.40068
1.40102
1.40188
1.40124
1.67603
1.73952
1.73093
1.57516
1.59247
1.67345
1.73441
1.7221
1.56857
1.57947
1.69415
1.40742
1.40655
1.41335
1.40501
1.40433
1.40018
1.40006
1.40003
1.40011
1.40009
1.40064
1.40044
1.40031
1.40026
1.40041
1.40025
1.40015
1.40118
1.40186
1.40096
1.40089
1.40032
1.40034
1.7391
1.66775
1.72129
1.69614
1.69487
1.66073
1.73268
1.71787
1.68732
1.72358
1.69843
1.67335
1.71359
1.67467
1.73713
1.66185
1.64161
1.72896
1.7035
1.74341
1.72616
1.66851
1.66727
1.4201
1.42158
1.41362
1.41252
1.40197
1.40445
1.40433
1.40909
1.40857
1.48417
1.53439
1.49254
1.46514
1.48695
1.4645
1.45508
1.42793
1.42842
1.5253
1.46574
1.45394
1.47781
1.56271
1.40751
1.41578
1.41561
1.42979
1.41797
1.41038
1.409
1.72597
1.72192
1.69116
1.70643
1.68481
1.61219
1.74423
1.72922
1.42573
1.4116
1.42026
1.42902
1.40895
1.4031
1.40804
1.41386
1.41322
1.61515
1.52888
1.63854
1.53936
1.40014
1.40012
1.51088
1.4784
1.43215
1.46577
1.44281
1.429
1.40183
1.40356
1.39831
1.7525
1.70276
1.69009
1.66593
1.74946
1.74613
1.7187
1.67412
1.67501
1.68591
1.70545
1.70101
1.70258
1.63642
1.62155
1.72424
1.70202
1.67632
1.72284
1.68153
1.64377
1.69153
1.69838
1.69461
1.72537
1.69418
1.68563
1.67592
1.40728
1.43991
1.42139
1.45405
1.42552
1.41561
1.63563
1.60456
1.59085
1.58264
1.52025
1.66964
1.68439
1.69233
1.67767
1.69399
1.6949
1.69629
1.62164
1.56239
1.63788
1.61586
1.66154
1.7026
1.71155
1.40381
1.40437
1.40131
1.40183
1.40081
1.68361
1.70584
1.70599
1.70801
1.63843
1.66244
1.67799
1.57872
1.65859
1.61213
1.53807
1.66583
1.65556
1.60339
1.57255
1.54079
1.41203
1.40495
1.40994
1.40452
1.4
1.4
1.4
1.4
1.4
1.4
1.4
1.4
1.62324
1.68567
1.71113
1.68722
1.66585
1.64738
1.62515
1.59631
1.67571
1.69036
1.50755
1.49732
1.45709
1.49631
1.43154
1.46436
1.43614
1.73237
1.73446
1.60684
1.71982
1.67545
1.63513
1.6517
1.68857
1.58333
1.60818
1.40139
1.40082
1.40393
1.40519
1.40173
1.4021
1.40459
1.39899
1.40881
1.40344
1.40409
1.40929
1.40201
1.40867
1.40237
1.40556
1.7323
1.69831
1.64487
1.68112
1.68479
1.69161
1.70207
1.70373
1.43852
1.42288
1.41755
1.41081
1.44597
1.4562
1.40006
1.40015
1.40008
1.40003
1.40001
1.4
1.40002
1.40001
1.40004
1.40001
1.4
1.40482
1.41009
1.40959
1.40662
1.41052
1.40175
1.40238
1.40629
1.40674
1.51915
1.47889
1.464
1.51281
1.5249
1.46056
1.4867
1.47909
1.5171
1.70985
1.69758
1.72259
1.40004
1.40001
1.40014
1.40014
1.40009
1.40004
1.40001
1.40008
1.40004
1.40006
1.40002
1.40002
1.40001
1.67388
1.62715
1.60291
1.62679
1.58935
1.6826
1.60356
1.67186
1.61599
1.66117
1.65219
1.6377
1.6161
1.57811
1.56809
1.70184
1.70172
1.67359
1.68315
1.70503
1.42511
1.41603
1.42551
1.41141
1.41311
1.40984
1.40805
1.40277
1.40335
1.40003
1.40002
1.40001
1.40006
1.40002
1.40002
1.40003
1.54241
1.61259
1.52887
1.62774
1.57328
1.58283
1.62016
1.48627
1.55165
1.48344
1.57162
1.59587
1.68689
1.69618
1.68603
1.68309
1.65321
1.64989
1.687
1.6892
1.67808
1.59397
1.50807
1.50887
1.57643
1.61043
1.56821
1.40168
1.40087
1.40073
1.40051
1.40041
1.40002
1.40002
1.40001
1.40001
1.40001
1.4
1.40253
1.40594
1.40314
1.4009
1.40098
1.5634
1.5535
1.49837
1.46222
1.53258
1.52653
1.48081
1.40016
1.40045
1.40054
1.40118
1.55805
1.61539
1.55003
1.48421
1.48113
1.54316
1.57385
1.46124
1.44589
1.42299
1.42569
1.4819
1.4537
1.56595
1.492
1.62501
1.57247
1.58065
1.56379
1.50018
1.54192
1.53985
1.48158
1.43109
1.46017
1.42788
1.40003
1.40002
1.40001
1.40005
1.40014
1.40005
1.40003
1.68074
1.65448
1.63932
1.58737
1.58289
1.40005
1.40004
1.40002
1.40003
1.40002
1.40001
1.40001
1.4
1.40001
1.40001
1.40002
1.40001
1.6569
1.58369
1.59062
1.62907
1.54424
1.55149
1.62878
1.64286
1.40455
1.42197
1.42298
1.41081
1.40475
1.40812
1.46069
1.44392
1.42044
1.42038
1.44653
1.46729
1.4004
1.40017
1.40005
1.4002
1.40021
1.40012
1.40668
1.42118
1.41934
1.41231
1.40971
1.40706
1.43455
1.42428
1.44207
1.41409
1.40643
1.412
1.42547
1.54562
1.50466
1.48784
1.45409
1.42712
1.47793
1.43407
1.40094
1.40151
1.40237
1.40173
1.40126
1.40001
1.40001
1.4
1.4
1.4
1.4
1.4
1.4
1.4
1.41493
1.40977
1.45801
1.39901
1.40583
1.39639
1.659
1.7144
1.68177
1.68924
1.42103
1.41019
1.39471
1.41821
1.53918
1.6491
1.52724
1.53304
1.48965
1.46781
1.43367
1.48627
1.45219
1.40026
1.4001
1.40024
1.40235
1.40114
1.40127
1.40065
1.40072
1.54363
1.49055
1.53131
1.486
1.45343
1.46003
1.45375
1.40054
1.40103
1.40038
1.40056
1.40015
1.40022
1.55491
1.64588
1.62712
1.53907
1.65123
1.63681
1.61304
1.59826
1.5784
1.54682
1.49937
1.53081
1.40306
1.40136
1.40084
1.40207
1.40487
1.40429
1.4137
1.40736
1.40766
1.61492
1.57966
1.62195
1.40062
1.40124
1.40115
1.40272
1.4017
1.40214
1.40251
1.40304
1.4021
1.40188
1.5669
1.46593
1.53085
1.48405
1.45792
1.53799
1.48632
1.40055
1.40025
1.40007
1.40061
1.40024
1.70006
1.69126
1.70567
1.69588
1.67565
1.65628
1.65748
1.6701
1.68709
1.67976
1.62777
1.64135
1.44862
1.54394
1.44289
1.45913
1.49726
1.67281
1.57541
1.6648
1.58314
1.65782
1.64707
1.58506
1.58718
1.54736
1.4005
1.40095
1.40033
1.40078
1.40043
1.40059
1.40149
1.67386
1.69983
1.67358
1.66999
1.66517
1.66734
1.69083
1.40003
1.40004
1.40007
1.40001
1.40005
1.40001
1.40001
1.66728
1.66741
1.69489
1.67816
1.68442
1.68559
1.69029
1.67304
1.67543
1.6995
1.6603
1.66236
1.65457
1.66977
1.66623
1.6704
1.69564
1.66858
1.67582
1.69551
1.69443
1.6807
1.67875
1.69272
1.40128
1.4027
1.40195
1.40062
1.40083
1.40049
1.66527
1.6679
1.67571
1.66587
1.66643
1.69351
1.6752
1.67763
1.69592
1.66536
1.67195
1.68221
1.66724
1.66666
1.67213
1.68796
1.66216
1.6649
1.40033
1.40286
1.4022
1.40316
1.40091
1.40156
1.40077
1.40178
1.40101
1.40113
1.40038
1.40053
1.40021
1.4001
1.66523
1.66277
1.69703
1.69148
1.69656
1.68327
1.62188
1.63137
1.58871
1.67271
1.66585
1.67791
1.69437
1.68325
1.69294
1.6829
1.68649
1.67266
1.66687
1.69579
1.40112
1.40189
1.40069
1.40022
1.40019
1.40043
1.40163
1.40091
1.40052
1.40071
1.65994
1.66251
1.67723
1.67486
1.68791
1.65904
1.65952
1.68469
1.65871
1.67189
1.68529
1.67786
1.69438
1.68616
1.67024
1.66793
1.66588
1.68694
1.66755
1.65605
1.67361
1.68623
1.66023
1.65503
1.66302
1.6682
1.68919
1.65298
1.66518
1.68185
1.66452
1.66109
1.68574
1.67778
1.6629
1.6573
1.6734
1.65657
1.66531
1.68489
1.67034
1.66045
1.60905
1.61338
1.56988
1.50348
1.54251
1.65381
1.66892
1.68259
1.65612
1.67316
1.67451
1.66606
1.65724
1.67539
1.64346
1.66022
1.68266
1.6699
1.66174
1.66769
1.67308
1.40016
1.40109
1.40037
1.40119
1.40021
1.40043
1.53072
1.61026
1.51236
1.60322
1.66745
1.62188
1.58893
1.61795
1.67187
1.65673
1.6731
1.67389
1.67735
1.68195
1.67454
1.67293
1.67086
1.67164
1.67316
1.64755
1.64644
1.59841
1.59984
1.58923
1.57196
1.49856
1.40117
1.40121
1.4015
1.67349
1.66183
1.66993
1.64827
1.6457
1.67406
1.61886
1.66773
1.6591
1.62316
1.63527
1.50898
1.57698
1.59215
1.66307
1.66373
1.67571
1.67335
1.68465
1.49468
1.66436
1.58719
1.66228
1.64897
1.62984
1.56433
1.59249
1.61195
1.6115
1.63137
1.67612
1.62907
1.65128
1.6062
1.65299
1.64561
1.65419
1.64266
1.58489
1.58854
1.56573
1.59521
1.55698
1.48604
1.38929
1.59943
1.4112
1.60471
1.61479
1.55453
1.38504
1.57687
1.51873
1.54219
1.51544
1.58756
1.6107
1.56884
1.40016
1.40018
1.40015
1.40006
1.40007
1.40016
1.58736
1.55865
1.58997
1.57077
1.47371
1.40486
1.40263
1.40256
1.6534
1.65925
1.67471
1.62229
1.64838
1.63676
1.60538
1.61173
1.59661
1.57883
1.49365
1.50374
1.68715
1.63752
1.63929
1.673
1.68336
1.69984
1.56158
1.50237
1.47186
1.57996
1.48786
1.44729
1.47284
1.4807
1.51441
1.5788
1.55651
1.5953
1.55395
1.67777
1.68787
1.6926
1.68346
1.67555
1.69359
1.66796
1.40943
1.44181
1.43115
1.41147
1.41318
1.41181
1.66916
1.65992
1.66193
1.65683
1.67199
1.64743
1.42028
1.41263
1.41083
1.40363
1.40794
1.40273
1.40156
1.66388
1.67536
1.40076
1.40439
1.40167
1.40109
1.40365
1.40112
1.40253
1.40059
1.40033
1.40404
1.40557
1.40277
1.4014
1.40173
1.40096
1.69182
1.68967
1.67161
1.67349
1.61448
1.67518
1.67162
1.67328
1.66889
1.67521
1.65485
1.63932
1.65135
1.65753
1.65258
1.63677
1.63331
1.60667
1.59791
1.62374
1.48778
1.53917
1.52772
1.52772
1.46178
1.43009
1.48071
1.43753
1.40011
1.40022
1.40013
1.40012
1.40007
1.61539
1.57588
1.61414
1.41493
1.4072
1.41408
1.40479
1.40183
1.40801
1.40165
1.40462
1.48044
1.62735
1.58661
1.54478
1.54085
1.53667
1.47671
1.44765
1.41151
1.5023
1.5176
1.51638
1.46456
1.44027
1.42733
1.50355
1.47521
1.462
1.46622
1.68442
1.66757
1.6205
1.65253
1.61916
1.61938
1.58291
1.57139
1.50709
1.42555
1.4136
1.41387
1.40827
1.40789
1.40346
1.68733
1.60982
1.56473
1.67391
1.63094
1.61711
1.66477
1.66037
1.67359
1.62523
1.65966
1.65349
1.49555
1.46118
1.48831
1.43595
1.48294
1.45223
1.46112
1.44579
1.43729
1.41771
1.41553
1.68558
1.6735
1.66913
1.62305
1.61881
1.65975
1.6574
1.58916
1.59403
1.40169
1.4027
1.40022
1.40113
1.40085
1.40039
1.53493
1.58494
1.51987
1.55075
1.50048
1.67586
1.68666
1.67898
1.67371
1.62373
1.62554
1.59088
1.40002
1.40002
1.40001
1.40001
1.40001
1.40001
1.4
1.4
1.67025
1.63401
1.66066
1.66627
1.48996
1.44804
1.43261
1.52898
1.49176
1.45009
1.66593
1.66166
1.65291
1.65187
1.64862
1.65345
1.40003
1.40001
1.56002
1.48745
1.54993
1.57417
1.57739
1.40847
1.4112
1.4181
1.40343
1.43139
1.43318
1.66512
1.67077
1.66606
1.62178
1.67788
1.63009
1.63364
1.66398
1.67224
1.49837
1.48807
1.45874
1.4662
1.44472
1.42004
1.40092
1.40085
1.40024
1.40035
1.40045
1.40045
1.64511
1.6155
1.62092
1.566
1.56716
1.53571
1.40333
1.40136
1.41519
1.40253
1.4283
1.41471
1.41587
1.40831
1.40762
1.65582
1.66382
1.6348
1.46817
1.43737
1.41479
1.44454
1.42923
1.43484
1.43889
1.42332
1.41191
1.41658
1.40888
1.6702
1.62794
1.63057
1.66068
1.65324
1.68113
1.67344
1.56979
1.60549
1.61984
1.60024
1.62079
1.40001
1.40002
1.40001
1.40002
1.40001
1.40001
1.4
1.4
1.40002
1.40001
1.40001
1.40001
1.40001
1.65964
1.64743
1.6646
1.66203
1.62233
1.62033
1.40452
1.40522
1.40307
1.40145
1.40764
1.40398
1.4019
1.40163
1.40328
1.40623
1.40069
1.40015
1.40034
1.40037
1.40039
1.40028
1.40019
1.40009
1.40013
1.4063
1.40423
1.40199
1.40476
1.68119
1.62517
1.57717
1.67317
1.62778
1.66314
1.67261
1.67137
1.66773
1.4016
1.40186
1.40127
1.54859
1.54392
1.49583
1.49258
1.46809
1.63402
1.61271
1.57207
1.59821
1.5649
1.51511
1.57226
1.50789
1.40005
1.40002
1.40004
1.68113
1.67142
1.65977
1.42339
1.4188
1.46764
1.41824
1.44662
1.4083
1.40388
1.66823
1.65363
1.6541
1.602
1.6559
1.65398
1.59691
1.57013
1.56502
1.53133
1.51702
1.67493
1.6139
1.6599
1.67092
1.66734
1.66296
1.65484
1.4003
1.40098
1.40012
1.40031
1.65937
1.65752
1.61503
1.67573
1.66305
1.652
1.6668
1.66283
1.62535
1.66178
1.64179
1.66187
1.65996
1.6473
1.6565
1.66325
1.48821
1.43812
1.4847
1.44159
1.66914
1.65659
1.66474
1.66295
1.65156
1.59147
1.43794
1.44506
1.46351
1.42311
1.41994
1.67149
1.66489
1.65692
1.60512
1.66121
1.65513
1.40372
1.40879
1.411
1.40988
1.41911
1.40491
1.41114
1.40566
1.59273
1.55521
1.57439
1.40001
1.4
1.40001
1.40001
1.4
1.4
1.66309
1.66933
1.65836
1.64794
1.66339
1.66661
1.64777
1.6577
1.65287
1.66885
1.65578
1.64878
1.64219
1.65265
1.64834
1.66282
1.63155
1.65377
1.63369
1.65848
1.65693
1.61327
1.57918
1.61913
1.65955
1.5775
1.5986
1.5907
1.67328
1.63375
1.63933
1.65677
1.66063
1.40022
1.40013
1.40008
1.40012
1.40006
1.40006
1.40007
1.40004
1.4112
1.421
1.40151
1.41258
1.40823
1.40696
1.40343
1.40292
1.66008
1.66538
1.65007
1.62015
1.66286
1.65472
1.59496
1.40135
1.40099
1.40208
1.40063
1.40097
1.41089
1.42031
1.41997
1.50335
1.46582
1.42195
1.41478
1.42869
1.42654
1.41456
1.40621
1.41401
1.41015
1.40414
1.40668
1.59674
1.56968
1.46618
1.4856
1.49391
1.55395
1.55144
1.41366
1.4263
1.40802
1.41237
1.66077
1.64921
1.58276
1.65347
1.65771
1.65791
1.60798
1.58779
1.55419
1.62521
1.60173
1.55807
1.61053
1.5982
1.51192
1.57885
1.57001
1.53304
1.50764
1.55636
1.54424
1.40564
1.41133
1.411
1.414
1.46674
1.56198
1.57339
1.50258
1.4
1.4
1.4
1.4
1.61661
1.61271
1.6431
1.64803
1.64925
1.40021
1.4001
1.40109
1.40047
1.40033
1.40259
1.40161
1.40112
1.40069
1.40058
1.40141
1.40231
1.39572
1.40013
1.40007
1.40003
1.40023
1.40056
1.40024
1.40008
1.40008
1.40004
1.40035
1.40019
1.45542
1.55791
1.50536
1.4124
1.42744
1.42529
1.41936
1.41106
1.41047
1.4076
1.40874
1.40303
1.40318
1.40066
1.40335
1.39442
1.44403
1.45189
1.4396
1.45811
1.48539
1.47664
1.50676
1.46966
1.46593
1.4462
1.44871
1.42487
1.42426
1.5991
1.65844
1.64304
1.58521
1.51202
1.56446
1.58363
1.56447
1.58831
1.50312
1.47659
1.65889
1.64371
1.65064
1.59095
1.6075
1.67179
1.64723
1.65571
1.65846
1.63479
1.64981
1.40019
1.40021
1.40018
1.40009
1.62674
1.62027
1.55377
1.5151
1.58731
1.56957
1.49946
1.53804
1.60262
1.57277
1.56858
1.50872
1.51205
1.4
1.4
1.4
1.4
1.4
1.4
1.4
1.4
1.4
1.4
1.40135
1.40887
1.40687
1.4029
1.4018
1.40252
1.40461
1.40471
1.41065
1.41443
1.41169
1.41695
1.42817
1.4285
1.4187
1.40668
1.40563
1.41687
1.41285
1.49236
1.48887
1.48469
1.45764
1.46667
1.4541
1.45268
1.40006
1.40008
1.40008
1.40006
1.40003
1.40002
1.40004
1.40003
1.40607
1.40224
1.40103
1.40478
1.41025
1.40196
1.40605
1.40106
1.40225
1.40056
1.40057
1.40078
1.40116
1.40106
1.40039
1.40034
1.6193
1.62349
1.63013
1.52158
1.51174
1.47303
1.46397
1.44653
1.45098
1.42455
1.40538
1.41135
1.41972
1.40361
1.40875
1.53503
1.60571
1.568
1.55315
1.49963
1.50947
1.40178
1.40407
1.39925
1.63956
1.59567
1.56942
1.59074
1.619
1.63161
1.62565
1.62794
1.40071
1.40034
1.40011
1.40044
1.64117
1.62681
1.63722
1.46971
1.52369
1.52403
1.47132
1.51386
1.57272
1.53527
1.53669
1.47582
1.4776
1.52009
1.54418
1.52173
1.60001
1.64526
1.63914
1.64213
1.61236
1.6155
1.44068
1.43254
1.54128
1.49226
1.45775
1.40001
1.40014
1.40006
1.40003
1.40004
1.40008
1.40385
1.40175
1.40997
1.40103
1.40134
1.40529
1.40249
1.40374
1.41009
1.4068
1.56303
1.53146
1.57977
1.56072
1.51584
1.444
1.50644
1.46908
1.6233
1.63075
1.62084
1.57852
1.61278
1.60659
1.58523
1.5556
1.49949
1.50425
1.54513
1.56745
1.59949
1.5564
1.52848
1.59557
1.54334
1.58451
1.5587
1.52469
1.5775
1.57277
1.53191
1.53747
1.52928
1.51342
1.40071
1.4004
1.40028
1.40067
1.40962
1.42858
1.41494
1.45311
1.4706
1.4436
1.40803
1.40318
1.41801
1.41257
1.40716
1.4034
1.4002
1.4006
1.40207
1.40306
1.4
1.4
1.4
1.4
1.4
1.4
1.4
1.4
1.4
1.4
1.40254
1.4008
1.40039
1.40066
1.40129
1.40059
1.6128
1.55945
1.59208
1.58692
1.55782
1.54412
1.52372
1.40106
1.40019
1.40076
1.40057
1.40034
1.40028
1.4777
1.46872
1.45669
1.42642
1.4392
1.41101
1.41709
1.42261
1.40057
1.40081
1.4003
1.40082
1.40288
1.40293
1.40139
1.40108
1.40134
1.4
1.4
1.41
1.40523
1.40405
1.40763
1.41149
1.40072
1.4013
1.40323
1.40217
1.40111
1.40005
1.40016
1.40003
1.40007
1.63839
1.64742
1.64094
1.58835
1.58912
1.61854
1.60715
1.62862
1.64631
1.57322
1.62383
1.60668
1.59776
1.62409
1.64222
1.40112
1.40604
1.40116
1.40358
1.40435
1.4023
1.6469
1.63721
1.63542
1.57469
1.60786
1.59069
1.61725
1.60401
1.40037
1.40014
1.40019
1.40475
1.40953
1.42745
1.42175
1.42304
1.44644
1.38594
1.56568
1.59684
1.60087
1.46147
1.57893
1.53765
1.39947
1.56791
1.54094
1.61334
1.49757
1.57086
1.55315
1.57185
1.54376
1.54413
1.49387
1.49522
1.65342
1.62995
1.62836
1.62567
1.58856
1.57711
1.63846
1.61942
1.61479
1.62029
1.60737
1.58128
1.61606
1.62886
1.60716
1.58597
1.59129
1.62035
1.62248
1.61765
1.63483
1.61146
1.60679
1.63087
1.61581
1.6204
1.64008
1.60597
1.60179
1.61395
1.61124
1.61937
1.62514
1.64498
1.62396
1.63806
1.61738
1.60829
1.63165
1.53261
1.4894
1.48498
1.46255
1.53259
1.55496
1.62958
1.61832
1.61566
1.63766
1.61591
1.61899
1.60277
1.61
1.63082
1.62726
1.61138
1.63367
1.62809
1.61567
1.61302
1.60411
1.61282
1.62995
1.61524
1.61413
1.6145
1.63672
1.61069
1.63595
1.61386
1.61282
1.63296
1.61799
1.62315
1.61139
1.62677
1.63067
1.62672
1.63637
1.62257
1.63139
1.64128
1.62319
1.61337
1.59085
1.62716
1.62769
1.6406
1.6043
1.52714
1.54358
1.56536
1.60967
1.63079
1.63731
1.40618
1.40317
1.40187
1.4029
1.40588
1.61898
1.6153
1.61323
1.60236
1.63788
1.6142
1.61492
1.62892
1.61908
1.6188
1.6115
1.63423
1.48661
1.44669
1.4568
1.47884
1.49524
1.60864
1.6059
1.62759
1.61271
1.61329
1.6192
1.63791
1.60449
1.6102
1.62756
1.60899
1.608
1.63571
1.4436
1.4582
1.4452
1.41821
1.41785
1.61181
1.61015
1.62859
1.60964
1.62831
1.61128
1.60905
1.62923
1.60987
1.60886
1.61202
1.62462
1.60895
1.60924
1.63224
1.61393
1.62489
1.6118
1.59593
1.59095
1.61159
1.61258
1.62829
1.63035
1.63557
1.61118
1.60189
1.60618
1.61196
1.61136
1.62995
1.63321
1.61767
1.61081
1.60038
1.60933
1.61685
1.61017
1.63646
1.40201
1.41627
1.4114
1.41033
1.40454
1.4046
1.62967
1.60466
1.60368
1.6016
1.60837
1.63819
1.62451
1.63743
1.61667
1.61933
1.61553
1.62762
1.61175
1.62355
1.60873
1.61895
1.58215
1.58055
1.61118
1.59953
1.61362
1.62348
1.61362
1.60805
1.5831
1.57372
1.61387
1.61081
1.40749
1.40128
1.40064
1.40187
1.40368
1.40406
1.42325
1.40271
1.40218
1.40378
1.40356
1.40398
1.41088
1.40815
1.40167
1.40136
1.40101
1.40127
1.60801
1.40141
1.40553
1.41506
1.40494
1.41011
1.6159
1.60463
1.62796
1.42102
1.43825
1.41544
1.44588
1.45656
1.49079
1.4601
1.58347
1.61842
1.58125
1.55084
1.57268
1.41416
1.45028
1.41958
1.44058
1.4156
1.40775
1.41361
1.40663
1.42637
1.57497
1.54237
1.54787
1.57315
1.56809
1.56247
1.44212
1.5417
1.52185
1.47066
1.48305
1.53528
1.52721
1.48123
1.50809
1.46352
1.46427
1.44558
1.42745
1.43361
1.60401
1.40098
1.40093
1.4009
1.61352
1.61852
1.62673
1.40002
1.40001
1.4
1.40001
1.4
1.4
1.61729
1.62563
1.61343
1.58279
1.61668
1.61428
1.61905
1.40168
1.40092
1.3975
1.62114
1.58281
1.59814
1.58277
1.5789
1.6096
1.61344
1.42994
1.41678
1.42219
1.42765
1.41257
1.41649
1.40974
1.40442
1.41177
1.40488
1.56939
1.57404
1.62493
1.60336
1.60862
1.61847
1.60204
1.5953
1.59105
1.40018
1.40199
1.40141
1.40064
1.4007
1.40003
1.40013
1.40041
1.4002
1.40031
1.40014
1.4002
1.40006
1.40008
1.61139
1.6151
1.62119
1.58878
1.58141
1.60311
1.61454
1.62212
1.62043
1.634
1.40778
1.40359
1.4046
1.40787
1.40518
1.41055
1.56328
1.60025
1.56852
1.48247
1.54749
1.50168
1.56091
1.42309
1.47499
1.39953
1.4057
1.51087
1.38823
1.40151
1.40325
1.40227
1.40183
1.40139
1.4011
1.40048
1.40055
1.40036
1.40052
1.40136
1.40263
1.4008
1.40314
1.40145
1.59235
1.5473
1.5288
1.50046
1.54016
1.55239
1.4831
1.45806
1.61314
1.59657
1.61341
1.62072
1.58337
1.61055
1.60214
1.43058
1.42098
1.4098
1.40694
1.41045
1.4557
1.48903
1.49531
1.45888
1.44044
1.41582
1.60575
1.61426
1.60249
1.59272
1.40033
1.40014
1.40019
1.40011
1.40004
1.46913
1.4408
1.44641
1.42101
1.54545
1.50398
1.55608
1.57367
1.5028
1.55449
1.57767
1.49325
1.50021
1.5008
1.46222
1.61751
1.61316
1.6191
1.57011
1.57799
1.60272
1.45035
1.45995
1.43258
1.44878
1.46065
1.44377
1.43662
1.42278
1.43431
1.41331
1.41935
1.41038
1.40777
1.40341
1.40264
1.41689
1.4094
1.4121
1.40684
1.40553
1.6223
1.5939
1.61217
1.62508
1.58668
1.60156
1.56406
1.6085
1.61999
1.57768
1.61264
1.57582
1.57823
1.60229
1.61089
1.46376
1.42939
1.4724
1.57409
1.59083
1.58771
1.56091
1.53943
1.54942
1.53787
1.52811
1.49214
1.4852
1.51916
1.46486
1.49752
1.49864
1.42157
1.44783
1.46266
1.60771
1.60288
1.61292
1.58467
1.40027
1.40024
1.40018
1.40041
1.40024
1.40048
1.41462
1.40937
1.40256
1.62389
1.61929
1.60729
1.61871
1.55913
1.60729
1.58727
1.54689
1.5622
1.46991
1.53984
1.48368
1.57122
1.40082
1.40059
1.40265
1.40494
1.40469
1.40294
1.40158
1.612
1.55381
1.58527
1.61353
1.6209
1.60424
1.5994
1.59599
1.61256
1.60838
1.60317
1.5564
1.56416
1.60819
1.60567
1.59427
1.60966
1.56844
1.61948
1.59564
1.59779
1.58868
1.59281
1.56612
1.60891
1.58171
1.60975
1.60888
1.54364
1.56121
1.58121
1.56854
1.57466
1.61564
1.61162
1.57005
1.57309
1.59992
1.40012
1.40022
1.40011
1.40005
1.40005
1.45657
1.44252
1.42466
1.41979
1.41535
1.44045
1.61677
1.61109
1.58445
1.60555
1.61629
1.60923
1.59578
1.61453
1.60775
1.60025
1.60396
1.58837
1.54995
1.55938
1.51765
1.4764
1.5206
1.56843
1.60943
1.60947
1.61082
1.56418
1.60577
1.59782
1.58568
1.40475
1.40532
1.40882
1.41841
1.42375
1.44009
1.4476
1.61641
1.61586
1.60299
1.59909
1.59364
1.61885
1.61519
1.5733
1.60149
1.59776
1.40012
1.40003
1.40007
1.61225
1.60182
1.59633
1.59035
1.61176
1.61743
1.60579
1.59717
1.55618
1.56271
1.40061
1.40065
1.40079
1.40047
1.40046
1.40064
1.40038
1.40032
1.40057
1.40165
1.40417
1.40536
1.40734
1.40957
1.40312
1.60829
1.57316
1.56694
1.60479
1.59396
1.594
1.5956
1.57674
1.5929
1.52582
1.59811
1.6006
1.5536
1.61484
1.59561
1.56716
1.6262
1.60328
1.60737
1.56846
1.6058
1.59906
1.53361
1.55843
1.55899
1.5062
1.52282
1.49631
1.60623
1.59625
1.59594
1.56928
1.4097
1.4033
1.41275
1.40827
1.61322
1.57685
1.58067
1.60064
1.6062
1.40125
1.40306
1.40077
1.40054
1.40228
1.4014
1.40337
1.40041
1.40111
1.40221
1.40079
1.40079
1.40155
1.40117
1.40256
1.40104
1.40114
1.40084
1.54024
1.53342
1.51033
1.46778
1.46107
1.49477
1.49781
1.44933
1.4228
1.42157
1.45041
1.47007
1.56584
1.59857
1.58903
1.59016
1.55697
1.57492
1.5396
1.55012
1.5317
1.5468
1.5228
1.47158
1.60664
1.60908
1.58032
1.57712
1.57372
1.60504
1.60573
1.59827
1.49312
1.49795
1.50625
1.52242
1.51917
1.46396
1.4542
1.48659
1.44353
1.45485
1.4249
1.42855
1.46461
1.49878
1.44722
1.4636
1.44718
1.60505
1.59723
1.60392
1.59531
1.58656
1.54809
1.53287
1.54244
1.60704
1.59941
1.56875
1.60482
1.59754
1.44791
1.42233
1.446
1.41826
1.42365
1.41098
1.40001
1.40001
1.4
1.4
1.40001
1.4
1.59116
1.58453
1.52992
1.55087
1.518
1.40354
1.40234
1.40168
1.40134
1.40102
1.40041
1.40052
1.57332
1.54275
1.55868
1.40046
1.40021
1.40009
1.40026
1.40004
1.40009
1.57668
1.56406
1.52572
1.53715
1.47076
1.503
1.46383
1.4572
1.44215
1.40008
1.4002
1.40033
1.40006
1.40012
1.40006
1.46693
1.4649
1.44968
1.44581
1.44538
1.45789
1.46027
1.43105
1.4305
1.40095
1.401
1.40073
1.40196
1.40093
1.40881
1.40679
1.40827
1.4257
1.60628
1.5876
1.5803
1.59689
1.59013
1.53045
1.53329
1.47134
1.51522
1.58377
1.57743
1.54422
1.55917
1.52511
1.57268
1.57343
1.61255
1.58253
1.54536
1.51693
1.48355
1.5125
1.46915
1.4526
1.43358
1.55686
1.57718
1.59182
1.59972
1.40138
1.40341
1.40307
1.4002
1.4009
1.40163
1.40059
1.4004
1.40095
1.40226
1.40017
1.508
1.49922
1.40518
1.42038
1.45947
1.47314
1.41537
1.41883
1.40176
1.40184
1.40105
1.40233
1.40464
1.56068
1.57448
1.51274
1.48778
1.48375
1.45966
1.44584
1.42591
1.42496
1.45991
1.44751
1.40019
1.40045
1.40027
1.40017
1.40028
1.40017
1.57745
1.56173
1.5368
1.538
1.52897
1.51172
1.48354
1.48273
1.40118
1.40094
1.4031
1.40348
1.58306
1.56851
1.58332
1.57832
1.56895
1.55673
1.56063
1.57574
1.5815
1.40063
1.40247
1.39832
1.5751
1.56338
1.53138
1.48812
1.51292
1.53412
1.52508
1.48996
1.40008
1.40004
1.40007
1.40018
1.40017
1.40033
1.40028
1.41674
1.43662
1.40896
1.40606
1.42732
1.41426
1.54753
1.54416
1.52477
1.52046
1.47952
1.4747
1.40089
1.40099
1.46677
1.4357
1.4541
1.4303
1.56371
1.54478
1.55494
1.56793
1.53522
1.52516
1.51667
1.50972
1.47899
1.47759
1.55754
1.54179
1.55608
1.53187
1.57935
1.56744
1.41285
1.40604
1.41268
1.42359
1.40719
1.40199
1.40232
1.40143
1.40507
1.40259
1.47657
1.46746
1.47911
1.43762
1.41759
1.57381
1.5874
1.58612
1.57453
1.40377
1.4133
1.40921
1.41076
1.41324
1.4205
1.57172
1.58492
1.57211
1.55872
1.5551
1.54286
1.53125
1.52092
1.51377
1.52881
1.52494
1.58599
1.58036
1.59803
1.40124
1.40202
1.39935
1.47169
1.54893
1.56187
1.54961
1.54012
1.49577
1.50759
1.42004
1.43717
1.47777
1.45719
1.43564
1.44477
1.50775
1.46727
1.48296
1.50996
1.46193
1.40143
1.40061
1.40079
1.40071
1.40062
1.40036
1.4005
1.4632
1.44684
1.4163
1.43789
1.43178
1.44127
1.4
1.4
1.4
1.4
1.4
1.4
1.41336
1.40847
1.43431
1.41638
1.42078
1.40942
1.41148
1.58656
1.59261
1.58338
1.40147
1.4033
1.4021
1.40051
1.40044
1.40154
1.40103
1.56596
1.52887
1.56575
1.55929
1.54065
1.52652
1.5084
1.51318
1.47316
1.47289
1.5286
1.53444
1.5029
1.47798
1.49003
1.58389
1.58425
1.5724
1.53815
1.54548
1.57743
1.47769
1.45358
1.41911
1.42022
1.45103
1.43894
1.43938
1.40001
1.4
1.4
1.4
1.40001
1.4
1.4
1.4
1.4
1.4
1.4
1.40002
1.40004
1.4
1.40001
1.40002
1.4
1.40001
1.54703
1.54068
1.54613
1.5777
1.55536
1.55915
1.42426
1.41858
1.4198
1.41433
1.41196
1.40632
1.40594
1.40197
1.4007
1.40282
1.40255
1.40177
1.4056
1.40529
1.58904
1.57839
1.56762
1.4008
1.40021
1.40017
1.40039
1.40016
1.56852
1.54737
1.55743
1.51728
1.52656
1.5276
1.50406
1.58655
1.5855
1.57833
1.5756
1.57323
1.5815
1.57161
1.57163
1.57117
1.56655
1.56202
1.56959
1.57462
1.5698
1.56448
1.5695
1.57883
1.56694
1.56959
1.5821
1.40064
1.40043
1.40027
1.40019
1.40014
1.4001
1.56618
1.56247
1.57573
1.57863
1.58027
1.56304
1.55884
1.56447
1.56942
1.56982
1.57745
1.58206
1.57829
1.56672
1.57166
1.57014
1.56349
1.57586
1.57555
1.56537
1.56858
1.56404
1.57233
1.40306
1.40217
1.4017
1.40082
1.4011
1.40256
1.40185
1.58007
1.5712
1.57623
1.57417
1.58333
1.58079
1.56845
1.56659
1.586
1.5722
1.56948
1.57924
1.56414
1.56223
1.57874
1.56868
1.57247
1.58081
1.56779
1.56653
1.58941
1.56915
1.56304
1.58158
1.55923
1.5934
1.57786
1.57437
1.56933
1.55885
1.5452
1.5718
1.57432
1.58094
1.58343
1.56734
1.40061
1.40215
1.40194
1.40097
1.40095
1.40075
1.40009
1.40054
1.40048
1.40128
1.40032
1.40061
1.40229
1.40142
1.40143
1.40058
1.40027
1.57564
1.56681
1.57339
1.57822
1.56918
1.56809
1.40001
1.40003
1.4001
1.40005
1.4001
1.40004
1.47469
1.47734
1.4678
1.44735
1.45136
1.43512
1.56716
1.5721
1.57377
1.57404
1.5802
1.56561
1.56774
1.40004
1.40002
1.40001
1.40001
1.40002
1.50514
1.50315
1.57712
1.56616
1.56295
1.56737
1.54765
1.56618
1.57298
1.5566
1.54112
1.53806
1.56128
1.55663
1.58018
1.5696
1.56549
1.57718
1.57134
1.55646
1.56961
1.57155
1.57051
1.5768
1.5637
1.56538
1.58106
1.55194
1.55696
1.56075
1.56585
1.58034
1.57189
1.57098
1.57885
1.56419
1.55844
1.57119
1.55821
1.56031
1.57368
1.57126
1.56797
1.56758
1.40548
1.40323
1.4054
1.40346
1.40359
1.40609
1.40155
1.4016
1.5545
1.56332
1.57425
1.55883
1.55891
1.57491
1.56204
1.56422
1.48512
1.55158
1.54381
1.52982
1.50707
1.50136
1.48006
1.46335
1.57637
1.56305
1.56171
1.5601
1.55396
1.57788
1.5775
1.57035
1.56282
1.49305
1.46724
1.57442
1.55662
1.55672
1.5548
1.54306
1.53261
1.52277
1.52069
1.50925
1.50609
1.49125
1.4727
1.46474
1.56529
1.5586
1.56579
1.5716
1.57478
1.57069
1.57402
1.562
1.56154
1.5731
1.556
1.40607
1.41602
1.40919
1.40663
1.40385
1.40577
1.40178
1.40242
1.40342
1.40075
1.40045
1.40094
1.40193
1.5746
1.56758
1.56206
1.57671
1.56426
1.57571
1.54398
1.56493
1.55901
1.53767
1.44641
1.45394
1.44482
1.42383
1.57276
1.56515
1.40089
1.40025
1.40041
1.56087
1.5655
1.4
1.4
1.4
1.4
1.4
1.4
1.56882
1.58111
1.57371
1.57133
1.56575
1.41113
1.40312
1.40659
1.41062
1.4085
1.40636
1.40554
1.41231
1.40951
1.40192
1.40638
1.40167
1.4041
1.40085
1.4024
1.40099
1.52614
1.52639
1.53752
1.52172
1.48386
1.48961
1.46077
1.48589
1.49507
1.47589
1.44291
1.43227
1.44535
1.53973
1.54947
1.54399
1.40048
1.40179
1.40275
1.40996
1.39426
1.40591
1.53103
1.48169
1.54624
1.54682
1.39812
1.51854
1.46985
1.40678
1.42233
1.41235
1.42098
1.4118
1.40841
1.4049
1.40007
1.40001
1.40003
1.5713
1.55964
1.57234
1.56132
1.56289
1.56834
1.56533
1.53937
1.55253
1.53064
1.55519
1.54886
1.5504
1.54447
1.52605
1.48323
1.51522
1.51605
1.50657
1.47873
1.45855
1.47889
1.40062
1.40216
1.4001
1.40009
1.40118
1.40111
1.40053
1.40029
1.40021
1.40044
1.40275
1.40275
1.40178
1.40582
1.40588
1.54818
1.52329
1.51617
1.50196
1.46977
1.45654
1.48001
1.48609
1.48912
1.45637
1.45114
1.44331
1.43973
1.42075
1.42069
1.57024
1.53459
1.55766
1.52866
1.55761
1.5533
1.56998
1.53889
1.56455
1.56819
1.53311
1.53741
1.55631
1.40057
1.40075
1.40066
1.4453
1.46949
1.46542
1.44674
1.44056
1.43685
1.4195
1.42239
1.56588
1.53099
1.5393
1.55938
1.55402
1.55538
1.54798
1.40069
1.4006
1.40062
1.46851
1.46316
1.42248
1.4145
1.44524
1.44762
1.42403
1.53376
1.52664
1.50382
1.49379
1.50486
1.49734
1.44912
1.46
1.40021
1.40013
1.40005
1.40002
1.4001
1.40004
1.40216
1.40109
1.40212
1.41352
1.40894
1.40953
1.41878
1.40483
1.40469
1.40688
1.4073
1.41007
1.40203
1.40086
1.40329
1.40266
1.40115
1.40494
1.55034
1.54789
1.40415
1.40177
1.40272
1.40551
1.40368
1.40157
1.40065
1.40196
1.40048
1.40116
1.56386
1.56285
1.56736
1.55159
1.51964
1.48978
1.51459
1.40822
1.40425
1.55311
1.41449
1.41403
1.40781
1.40847
1.41052
1.40488
1.40553
1.56948
1.52777
1.52125
1.55643
1.56334
1.56665
1.5483
1.52663
1.53819
1.4
1.4
1.4
1.4
1.4
1.4
1.4
1.4
1.4
1.4
1.56723
1.56726
1.54535
1.56063
1.55211
1.39276
1.40208
1.53666
1.47742
1.3929
1.41261
1.52974
1.49795
1.56195
1.5658
1.53954
1.56722
1.55371
1.5351
1.5411
1.42182
1.41233
1.40476
1.40969
1.40373
1.4
1.4
1.4
1.4
1.4
1.4
1.56213
1.5388
1.53989
1.55907
1.55176
1.56659
1.5582
1.55202
1.55748
1.55864
1.55661
1.55011
1.52864
1.53815
1.56287
1.40022
1.40007
1.40038
1.40029
1.40084
1.40066
1.51964
1.49831
1.40154
1.40137
1.40047
1.40047
1.40074
1.40049
1.40077
1.40039
1.40056
1.40083
1.55766
1.56157
1.55833
1.56645
1.52103
1.51382
1.51836
1.48477
1.48256
1.54976
1.54255
1.52694
1.48914
1.47504
1.50451
1.52197
1.48328
1.56114
1.56818
1.55288
1.56541
1.53924
1.56309
1.55399
1.54855
1.53482
1.52527
1.54955
1.41153
1.39933
1.40251
1.41254
1.40313
1.40205
1.40526
1.40292
1.55523
1.54849
1.54793
1.51475
1.51364
1.49448
1.49217
1.47502
1.43902
1.42229
1.45183
1.47144
1.41122
1.411
1.41225
1.42925
1.44316
1.56507
1.56049
1.56755
1.55046
1.53697
1.55191
1.56057
1.56834
1.53766
1.55931
1.54998
1.52896
1.47159
1.45843
1.45801
1.44098
1.42635
1.42925
1.4169
1.41695
1.44148
1.5568
1.55615
1.55635
1.54861
1.52491
1.55716
1.56344
1.54907
1.5614
1.55527
1.5288
1.51124
1.56083
1.55427
1.51689
1.50508
1.56478
1.55096
1.55691
1.5633
1.55022
1.54675
1.54061
1.40161
1.40108
1.40067
1.40145
1.40191
1.40414
1.3993
1.40182
1.40215
1.56007
1.54785
1.54597
1.55686
1.55907
1.55302
1.53316
1.51449
1.55785
1.56279
1.54766
1.52684
1.52253
1.55089
1.40549
1.40239
1.40181
1.40099
1.40597
1.40954
1.41452
1.55478
1.54632
1.54087
1.53438
1.54381
1.52348
1.55243
1.55434
1.54478
1.5377
1.56092
1.50977
1.55418
1.54565
1.52636
1.52039
1.56296
1.56115
1.55188
1.54433
1.56459
1.5338
1.56023
1.53987
1.5512
1.53985
1.5511
1.556
1.55871
1.56065
1.50794
1.54945
1.54418
1.51423
1.51507
1.4007
1.40034
1.40081
1.40019
1.40033
1.4004
1.56412
1.54181
1.55554
1.53293
1.52904
1.54917
1.40059
1.40035
1.40016
1.4002
1.52055
1.55052
1.52885
1.55375
1.50872
1.50534
1.48838
1.49758
1.45647
1.46663
1.56415
1.53381
1.55868
1.55201
1.52724
1.52692
1.54792
1.45301
1.45809
1.45362
1.44111
1.43883
1.42212
1.42309
1.55834
1.55871
1.55107
1.52499
1.51999
1.4
1.4
1.4
1.4
1.4
1.4
1.4
1.45376
1.44172
1.4379
1.42043
1.42128
1.53447
1.54983
1.53656
1.54383
1.54547
1.52839
1.52897
1.52991
1.55542
1.54993
1.51508
1.407
1.40591
1.40374
1.55635
1.54046
1.51271
1.55539
1.52465
1.54883
1.56055
1.5603
1.54927
1.55239
1.54429
1.41372
1.41666
1.41056
1.41104
1.40567
1.5604
1.55789
1.5311
1.54652
1.53443
1.54387
1.55305
1.53162
1.54736
1.49657
1.49469
1.44408
1.44614
1.42963
1.44944
1.40049
1.40051
1.40145
1.40075
1.4016
1.40084
1.47644
1.52565
1.5135
1.48032
1.50648
1.54172
1.51665
1.50743
1.49371
1.48035
1.5294
1.5244
1.53736
1.53823
1.53912
1.43675
1.4301
1.41729
1.43077
1.44546
1.50673
1.49669
1.53171
1.50603
1.5026
1.54006
1.52232
1.50897
1.54786
1.54691
1.49397
1.51247
1.43013
1.45341
1.43633
1.41788
1.41782
1.44905
1.43661
1.42505
1.41355
1.44834
1.48037
1.49785
1.46998
1.51134
1.52003
1.48376
1.41688
1.43561
1.46235
1.43375
1.45667
1.44075
1.44445
1.54151
1.52712
1.54171
1.53761
1.5364
1.50301
1.51685
1.41497
1.41588
1.46629
1.42554
1.50633
1.51204
1.52548
1.4706
1.47279
1.40164
1.40477
1.40098
1.40032
1.40402
1.4042
1.40091
1.40194
1.40242
1.40041
1.40026
1.40069
1.40067
1.40128
1.40035
1.40038
1.40048
1.40033
1.40026
1.40255
1.40123
1.40044
1.40078
1.40038
1.40064
1.40105
1.49986
1.47884
1.47594
1.51466
1.51957
1.51696
1.52661
1.53603
1.50682
1.50308
1.51393
1.51585
1.47325
1.47271
1.52919
1.40132
1.40075
1.40091
1.4047
1.4045
1.40316
1.40108
1.40282
1.4021
1.40056
1.40089
1.41228
1.41226
1.42992
1.4432
1.41418
1.51113
1.47836
1.48222
1.52618
1.52366
1.52915
1.52602
1.52546
1.40221
1.40178
1.40091
1.40103
1.40384
1.40243
1.40068
1.40019
1.40018
1.40038
1.40013
1.40015
1.53703
1.53741
1.51828
1.50018
1.50679
1.50363
1.48343
1.47942
1.48419
1.39981
1.39871
1.40178
1.40371
1.40751
1.50798
1.52462
1.50335
1.50291
1.46608
1.46565
1.4
1.4
1.4
1.4
1.4
1.4
1.4
1.4
1.40009
1.40003
1.40008
1.40002
1.40021
1.40019
1.40034
1.40348
1.40386
1.40203
1.4011
1.40184
1.40069
1.40113
1.40082
1.53255
1.53245
1.41029
1.41004
1.41557
1.40972
1.40512
1.40509
1.4
1.40001
1.4
1.4
1.4
1.4
1.53153
1.53539
1.41262
1.41722
1.40863
1.40479
1.40458
1.40338
1.41091
1.40923
1.40568
1.51699
1.50423
1.50228
1.46533
1.4858
1.46283
1.48835
1.49075
1.4638
1.40014
1.4002
1.40017
1.40005
1.40006
1.40018
1.40011
1.40014
1.40024
1.40015
1.40016
1.40002
1.40001
1.4
1.4
1.54303
1.53114
1.52532
1.54333
1.52692
1.5316
1.52252
1.50694
1.53504
1.52405
1.50931
1.51691
1.40266
1.40621
1.4013
1.40519
1.4027
1.40794
1.40005
1.39913
1.52758
1.52527
1.54007
1.44697
1.45259
1.45674
1.43778
1.46376
1.46417
1.44058
1.43534
1.43196
1.41622
1.41872
1.40351
1.40277
1.40106
1.40153
1.40085
1.52632
1.53207
1.41184
1.40348
1.40351
1.40167
1.40146
1.41009
1.40712
1.4068
1.40087
1.40072
1.40033
1.40133
1.40067
1.40028
1.51793
1.5132
1.52414
1.51161
1.48447
1.48262
1.49346
1.49175
1.46942
1.40062
1.40049
1.40048
1.40026
1.40013
1.40027
1.40007
1.40011
1.52644
1.52688
1.53222
1.53129
1.52523
1.52049
1.53247
1.52355
1.53747
1.52697
1.52585
1.462
1.4402
1.52953
1.52847
1.53889
1.50762
1.49471
1.50615
1.39579
1.40042
1.53552
1.53121
1.52336
1.52986
1.52197
1.52159
1.52894
1.52187
1.51636
1.52066
1.52891
1.5345
1.5249
1.52554
1.53477
1.51677
1.52128
1.53027
1.5382
1.53217
1.52557
1.52905
1.52953
1.52742
1.53534
1.52337
1.52618
1.53723
1.52655
1.5328
1.53557
1.52615
1.52355
1.52917
1.53749
1.53258
1.52578
1.52919
1.53705
1.52741
1.53033
1.51605
1.50201
1.47489
1.51474
1.50907
1.50695
1.47414
1.48014
1.44655
1.4597
1.4587
1.53339
1.52835
1.52413
1.53588
1.52651
1.52313
1.5243
1.52111
1.53358
1.52104
1.40158
1.40067
1.40599
1.4113
1.40294
1.40735
1.40364
1.53341
1.53187
1.52908
1.52568
1.5226
1.40031
1.40025
1.40012
1.40006
1.40013
1.40005
1.53761
1.52637
1.52362
1.53636
1.543
1.52361
1.51609
1.5003
1.51016
1.48602
1.50158
1.50898
1.45771
1.44656
1.47943
1.48124
1.45574
1.45353
1.40035
1.40022
1.4005
1.40042
1.40048
1.40062
1.40033
1.40044
1.40031
1.4552
1.45968
1.43522
1.4343
1.44637
1.42195
1.51392
1.52179
1.53137
1.52137
1.50771
1.52125
1.52332
1.51143
1.53516
1.52359
1.52146
1.53133
1.52186
1.52857
1.52101
1.50277
1.51284
1.53103
1.52337
1.51762
1.53339
1.52043
1.50634
1.52104
1.52772
1.50914
1.50493
1.52065
1.52539
1.53619
1.52293
1.52085
1.52815
1.52561
1.51956
1.53297
1.51894
1.51959
1.5201
1.53086
1.5211
1.52245
1.53186
1.51536
1.52384
1.51522
1.52205
1.53136
1.52165
1.51937
1.5376
1.5226
1.50462
1.51215
1.49215
1.47329
1.49794
1.49752
1.46462
1.45089
1.53113
1.51842
1.52293
1.5318
1.52404
1.52088
1.52512
1.51423
1.51166
1.53266
1.51843
1.5177
1.51487
1.52875
1.52439
1.5212
1.51746
1.40945
1.40947
1.40574
1.40415
1.41557
1.4078
1.40981
1.40719
1.40172
1.40307
1.40632
1.40298
1.53002
1.52469
1.5204
1.40974
1.4211
1.40609
1.40639
1.41855
1.41188
1.40025
1.40066
1.40108
1.40041
1.4005
1.53069
1.51923
1.53382
1.52003
1.51326
1.49975
1.48264
1.4786
1.47867
1.45776
1.45589
1.53498
1.51508
1.40003
1.40004
1.40002
1.40007
1.40001
1.40003
1.53307
1.51236
1.51278
1.49328
1.51783
1.51934
1.49348
1.48193
1.49579
1.47845
1.45466
1.45149
1.505
1.50241
1.49155
1.45907
1.48464
1.43619
1.45705
1.47718
1.44718
1.51818
1.50727
1.52104
1.44086
1.43647
1.42164
1.41243
1.41697
1.41777
1.42315
1.41
1.40729
1.40938
1.40444
1.40647
1.4019
1.4026
1.4
1.4
1.4
1.4
1.4
1.40057
1.40139
1.40119
1.40031
1.40057
1.40045
1.40015
1.40035
1.40018
1.40023
1.4001
1.40009
1.40005
1.52491
1.52268
1.52255
1.4
1.4
1.4
1.53715
1.52819
1.52121
1.50926
1.50171
1.50412
1.52555
1.53022
1.51796
1.51229
1.50617
1.51447
1.50595
1.4999
1.48475
1.4817
1.4528
1.44219
1.46211
1.51511
1.51045
1.50553
1.48389
1.48207
1.47238
1.48255
1.50572
1.50174
1.47643
1.47448
1.46992
1.44823
1.46088
1.53325
1.52106
1.52112
1.51117
1.48548
1.45207
1.44745
1.46347
1.52149
1.50854
1.48715
1.48812
1.46419
1.45469
1.49817
1.50385
1.48326
1.48372
1.4764
1.45385
1.42957
1.43551
1.42954
1.41643
1.42423
1.41489
1.47158
1.41516
1.44054
1.45096
1.42621
1.44844
1.43093
1.52186
1.51998
1.52089
1.51606
1.51247
1.4
1.4
1.4
1.4
1.4
1.4
1.4
1.4
1.4
1.4
1.40108
1.40075
1.40037
1.40003
1.40056
1.40019
1.40027
1.4001
1.40008
1.4005
1.40021
1.40024
1.40029
1.40001
1.40002
1.4
1.4
1.40001
1.51006
1.51026
1.51295
1.51344
1.50467
1.49919
1.483
1.48185
1.46998
1.45405
1.44866
1.43337
1.40045
1.40123
1.4005
1.40027
1.43786
1.45202
1.4364
1.43093
1.41947
1.41168
1.41244
1.40613
1.40303
1.4093
1.40502
1.40786
1.43169
1.41987
1.41619
1.41123
1.43358
1.40049
1.40106
1.40215
1.40165
1.40047
1.40039
1.40042
1.40133
1.40063
1.40023
1.40065
1.52888
1.52015
1.52544
1.52378
1.49609
1.40266
1.40201
1.40116
1.4005
1.40024
1.40261
1.40174
1.40056
1.40018
1.4001
1.40005
1.40003
1.40006
1.40018
1.40013
1.52249
1.52598
1.51664
1.52416
1.50205
1.52237
1.51568
1.50097
1.40354
1.40184
1.40085
1.40319
1.40123
1.40092
1.51235
1.51067
1.49709
1.41975
1.41676
1.41929
1.45927
1.45534
1.43307
1.43188
1.44498
1.41183
1.42
1.41048
1.41524
1.41269
1.52268
1.51041
1.5117
1.51791
1.5087
1.48631
1.47181
1.48442
1.44733
1.44133
1.46623
1.40324
1.40117
1.40165
1.40391
1.40203
1.40463
1.52056
1.51213
1.49989
1.5151
1.52054
1.50714
1.50152
1.50823
1.43929
1.45392
1.43324
1.42576
1.52701
1.51942
1.52636
1.50171
1.51563
1.508
1.51428
1.50853
1.50557
1.50102
1.49929
1.48201
1.48368
1.46512
1.47223
1.40593
1.40361
1.40716
1.40376
1.40235
1.52171
1.51065
1.51726
1.52154
1.51128
1.50894
1.50445
1.52336
1.51583
1.48782
1.49202
1.49768
1.49356
1.49937
1.50312
1.4897
1.40032
1.40027
1.40043
1.40062
1.40081
1.40055
1.40168
1.40091
1.40798
1.40157
1.40455
1.40398
1.40045
1.40031
1.40028
1.52332
1.52325
1.51214
1.52176
1.40056
1.40028
1.40171
1.40187
1.40091
1.40074
1.4004
1.52203
1.49891
1.52297
1.51449
1.51107
1.50398
1.52471
1.51307
1.52172
1.51981
1.51778
1.5086
1.50722
1.49204
1.44693
1.39298
1.50489
1.50156
1.5099
1.40809
1.42431
1.44737
1.40053
1.40354
1.39455
1.49147
1.45438
1.52186
1.51443
1.50462
1.51142
1.50811
1.40133
1.40046
1.40116
1.40032
1.40029
1.40052
1.40023
1.52495
1.52429
1.5038
1.502
1.51819
1.51281
1.51951
1.52186
1.51078
1.51653
1.51028
1.51858
1.51595
1.48212
1.48825
1.50526
1.49033
1.51809
1.51675
1.52408
1.50857
1.5061
1.49712
1.5143
1.51643
1.52488
1.50846
1.51173
1.50456
1.49758
1.52437
1.49956
1.50393
1.51717
1.51291
1.40587
1.40331
1.40724
1.4044
1.40333
1.51753
1.52018
1.50937
1.50692
1.50755
1.51593
1.51376
1.52067
1.50479
1.52067
1.49997
1.51233
1.40386
1.40418
1.40234
1.40114
1.40172
1.51818
1.50641
1.48589
1.47168
1.49049
1.51314
1.51761
1.50738
1.4
1.4
1.4
1.4
1.51521
1.50508
1.49754
1.48552
1.51968
1.52506
1.51056
1.51587
1.40005
1.40002
1.40001
1.40003
1.4016
1.4007
1.40235
1.51333
1.5116
1.50402
1.49885
1.50414
1.50454
1.40766
1.412
1.43271
1.40807
1.40846
1.41784
1.41532
1.40851
1.4794
1.4722
1.45864
1.48942
1.46503
1.52244
1.5074
1.51969
1.49924
1.51189
1.49469
1.42606
1.47314
1.44962
1.43776
1.45313
1.5159
1.52079
1.50789
1.40211
1.4027
1.40654
1.40281
1.40451
1.49162
1.49207
1.48015
1.47397
1.45728
1.45464
1.4
1.4
1.4
1.4
1.4
1.4
1.40017
1.40015
1.40021
1.40025
1.46563
1.44536
1.41783
1.4318
1.5187
1.51399
1.50819
1.50578
1.40015
1.40013
1.40043
1.40022
1.39823
1.40231
1.47748
1.46011
1.4907
1.45632
1.39817
1.39932
1.4011
1.51805
1.49896
1.51294
1.51898
1.5143
1.49713
1.48911
1.46113
1.44617
1.43757
1.42087
1.42003
1.44243
1.43617
1.40851
1.40134
1.40282
1.40463
1.40126
1.40156
1.40301
1.52024
1.51826
1.51751
1.50998
1.40015
1.40065
1.40061
1.40147
1.40037
1.40066
1.40014
1.40019
1.52087
1.51304
1.50726
1.51282
1.51401
1.50589
1.40153
1.40087
1.40199
1.40036
1.44105
1.4264
1.40902
1.44484
1.42799
1.41751
1.43094
1.4224
1.40076
1.4014
1.40169
1.40009
1.40003
1.40001
1.40005
1.40003
1.40002
1.51751
1.51275
1.47782
1.48622
1.51626
1.50951
1.4879
1.51448
1.50612
1.4972
1.50301
1.51283
1.52024
1.51046
1.48202
1.51624
1.51492
1.50945
1.49221
1.44798
1.44469
1.42702
1.51559
1.50191
1.49976
1.51421
1.50927
1.50397
1.4
1.4
1.4
1.4
1.4
1.4
1.40026
1.40034
1.40043
1.40041
1.40083
1.40077
1.50968
1.51524
1.50616
1.49777
1.50272
1.50981
1.50408
1.49767
1.40104
1.40075
1.4004
1.4004
1.40022
1.40154
1.40424
1.4038
1.40334
1.4021
1.40119
1.40052
1.40167
1.40118
1.40051
1.44267
1.46053
1.46087
1.4431
1.41219
1.43277
1.4185
1.43234
1.4182
1.42176
1.41336
1.41322
1.40935
1.41547
1.41124
1.40064
1.40029
1.40098
1.40045
1.40021
1.40646
1.40267
1.40181
1.40544
1.40337
1.40732
1.48758
1.4432
1.44286
1.42264
1.42847
1.43776
1.42183
1.42741
1.47884
1.46659
1.44987
1.45573
1.4787
1.45802
1.48513
1.48702
1.47572
1.46588
1.454
1.44859
1.44182
1.43675
1.40387
1.40623
1.40818
1.40534
1.40835
1.4111
1.41119
1.40248
1.40365
1.41308
1.4434
1.41032
1.48873
1.48577
1.46593
1.48797
1.48083
1.47882
1.45985
1.45761
1.44885
1.44108
1.44898
1.40262
1.40485
1.40193
1.40075
1.40178
1.40104
1.40152
1.40186
1.47562
1.4814
1.48058
1.47881
1.47572
1.4685
1.4
1.4
1.4
1.50729
1.48845
1.48706
1.40052
1.39938
1.49471
1.48462
1.49326
1.40021
1.40016
1.40035
1.40013
1.40021
1.40591
1.4106
1.42757
1.40929
1.41504
1.47935
1.48843
1.47493
1.474
1.46068
1.45809
1.44838
1.44524
1.48566
1.5068
1.50425
1.49137
1.49874
1.48748
1.47855
1.49282
1.40402
1.40361
1.4019
1.4009
1.40204
1.40093
1.44418
1.46073
1.45114
1.51126
1.48656
1.48663
1.49416
1.49137
1.4915
1.47907
1.47427
1.47247
1.45412
1.45189
1.46547
1.47493
1.48115
1.40027
1.40013
1.4001
1.40012
1.40011
1.40016
1.40008
1.40032
1.4001
1.40019
1.49444
1.4843
1.48978
1.47472
1.46758
1.47095
1.46074
1.4485
1.44538
1.50264
1.49344
1.50096
1.45269
1.43357
1.43197
1.42696
1.41956
1.4222
1.41202
1.40839
1.4123
1.40112
1.40067
1.4004
1.48015
1.47995
1.4401
1.44533
1.4469
1.46258
1.46037
1.47514
1.43937
1.42964
1.45526
1.45591
1.44831
1.44096
1.43896
1.45655
1.45691
1.40141
1.40024
1.40084
1.39825
1.49562
1.49062
1.48671
1.49969
1.49711
1.49031
1.49481
1.48979
1.48618
1.40002
1.39889
1.49178
1.47297
1.47833
1.46086
1.44599
1.41556
1.47629
1.45347
1.47392
1.46994
1.44438
1.43116
1.4526
1.45322
1.40018
1.40029
1.40054
1.40025
1.40015
1.40009
1.50098
1.5039
1.48921
1.49306
1.48301
1.48695
1.49982
1.40028
1.40091
1.4004
1.40074
1.40036
1.40024
1.40398
1.42113
1.42751
1.40374
1.40528
1.40381
1.40973
1.40691
1.47659
1.48647
1.47714
1.45348
1.4669
1.45526
1.43646
1.43052
1.44658
1.50836
1.4852
1.48594
1.40409
1.40461
1.40132
1.40306
1.40175
1.40198
1.40293
1.4914
1.48779
1.49855
1.50926
1.50005
1.4765
1.40018
1.40026
1.40064
1.40031
1.40063
1.49168
1.50043
1.48588
1.49379
1.48722
1.4846
1.49312
1.4
1.4
1.4
1.4
1.4
1.4
1.4
1.4
1.4
1.4
1.51315
1.49717
1.48388
1.48374
1.4951
1.49419
1.49165
1.48747
1.40357
1.40199
1.4007
1.40164
1.49717
1.48812
1.48629
1.49498
1.49513
1.47836
1.48618
1.48152
1.47861
1.46662
1.44553
1.44529
1.46294
1.46477
1.48254
1.48133
1.49531
1.49269
1.48485
1.48003
1.42554
1.42379
1.42252
1.41299
1.41693
1.41047
1.48342
1.48774
1.49608
1.48516
1.48828
1.49793
1.49641
1.48928
1.48504
1.48812
1.48269
1.401
1.40053
1.40024
1.40062
1.4002
1.40019
1.40033
1.40015
1.40017
1.49093
1.4859
1.49825
1.46702
1.44799
1.49296
1.4877
1.49812
1.48917
1.49343
1.48868
1.49918
1.48465
1.49059
1.486
1.49754
1.50042
1.49009
1.48466
1.49173
1.48683
1.49804
1.49727
1.48649
1.49076
1.49848
1.48587
1.49688
1.48598
1.48993
1.4908
1.48269
1.49116
1.49702
1.49047
1.48793
1.49662
1.48565
1.48252
1.49499
1.48293
1.40919
1.40593
1.42537
1.41453
1.4077
1.40964
1.42054
1.41587
1.49292
1.48621
1.48481
1.49091
1.49165
1.48097
1.46804
1.45817
1.44281
1.4389
1.46991
1.45281
1.49933
1.4911
1.4889
1.48593
1.49319
1.47443
1.41902
1.43776
1.42791
1.43052
1.4246
1.41168
1.41407
1.41337
1.40921
1.41029
1.40517
1.4052
1.48275
1.48125
1.47407
1.45372
1.46919
1.46376
1.45973
1.44736
1.43759
1.43403
1.44939
1.44272
1.47626
1.48409
1.44039
1.42816
1.42715
1.41282
1.40717
1.40994
1.41194
1.41518
1.4846
1.48528
1.49425
1.49469
1.48361
1.48768
1.49121
1.48635
1.48724
1.49434
1.48099
1.48499
1.4528
1.44659
1.43831
1.42358
1.43172
1.4131
1.42047
1.4218
1.42683
1.4149
1.41487
1.48379
1.48077
1.4894
1.48315
1.49147
1.48121
1.48136
1.47629
1.49147
1.48201
1.48418
1.40108
1.40071
1.40053
1.40037
1.40019
1.49134
1.48651
1.48157
1.48746
1.49353
1.48203
1.49005
1.4805
1.48648
1.40193
1.4013
1.40057
1.4021
1.49328
1.48773
1.48426
1.48769
1.48348
1.49493
1.48359
1.49487
1.49362
1.48401
1.48139
1.4
1.4
1.4
1.4
1.4
1.4
1.4
1.4
1.4
1.49088
1.48139
1.47903
1.48193
1.47872
1.48963
1.47239
1.48673
1.47308
1.47044
1.45542
1.4556
1.44228
1.44296
1.40001
1.40001
1.40001
1.40001
1.4
1.4
1.4848
1.4774
1.49046
1.4
1.4
1.4
1.4
1.4
1.4
1.40028
1.40018
1.40077
1.40035
1.40089
1.40048
1.40001
1.4
1.4
1.40002
1.40001
1.40003
1.40001
1.40001
1.47526
1.47901
1.49131
1.40002
1.40001
1.40001
1.40404
1.40221
1.41337
1.40884
1.40025
1.40014
1.40028
1.40057
1.40036
1.40019
1.40018
1.40012
1.46455
1.45851
1.46638
1.43995
1.43369
1.42509
1.41369
1.41801
1.43704
1.47179
1.48805
1.46432
1.46637
1.47193
1.45065
1.45185
1.43373
1.4369
1.40014
1.40026
1.40021
1.48854
1.4749
1.47514
1.46766
1.46372
1.45103
1.44885
1.4
1.4
1.4
1.4
1.4
1.4
1.48995
1.48705
1.48947
1.48398
1.4788
1.40691
1.40275
1.40222
1.40323
1.4009
1.40049
1.40045
1.40019
1.40018
1.40287
1.40094
1.40183
1.40052
1.40089
1.40042
1.40215
1.40611
1.40122
1.40058
1.40066
1.40488
1.40222
1.405
1.40141
1.40231
1.4717
1.46654
1.46423
1.47474
1.47305
1.48252
1.40011
1.40035
1.40032
1.40018
1.4
1.40002
1.40001
1.40001
1.4
1.4
1.4
1.4001
1.40005
1.40017
1.40034
1.40008
1.40009
1.40031
1.40019
1.46905
1.45505
1.46486
1.4934
1.4891
1.48499
1.47309
1.47236
1.40011
1.40014
1.40022
1.40109
1.40022
1.40032
1.40007
1.40125
1.39948
1.40055
1.40268
1.40346
1.40793
1.41549
1.40735
1.4062
1.42115
1.40577
1.40422
1.40379
1.40232
1.40191
1.40135
1.48275
1.48409
1.47104
1.4
1.4
1.4
1.4
1.4
1.40001
1.4
1.49057
1.48063
1.48371
1.48812
1.48089
1.47843
1.47476
1.48629
1.48944
1.48198
1.40037
1.40015
1.4004
1.40023
1.40019
1.40012
1.48666
1.49101
1.48302
1.47532
1.47232
1.48388
1.48315
1.49099
1.47552
1.48281
1.47835
1.47112
1.4667
1.45896
1.4841
1.48278
1.47094
1.46294
1.42144
1.41158
1.42592
1.41902
1.41414
1.40915
1.40746
1.40672
1.48845
1.48902
1.47445
1.46963
1.48339
1.47895
1.40023
1.40007
1.40007
1.40017
1.40015
1.4
1.4
1.4
1.4
1.4
1.4
1.484
1.45832
1.4768
1.47431
1.4697
1.48083
1.48582
1.48812
1.4767
1.46682
1.48331
1.47013
1.47859
1.48123
1.4713
1.47314
1.47558
1.47906
1.48545
1.48181
1.48608
1.47718
1.48434
1.48667
1.48385
1.47806
1.48483
1.47606
1.46492
1.4604
1.45361
1.45734
1.44819
1.44406
1.45156
1.40856
1.40774
1.40546
1.48535
1.47963
1.4736
1.4002
1.40117
1.40059
1.40063
1.40026
1.40992
1.40744
1.40764
1.40475
1.40353
1.40268
1.47537
1.46024
1.46325
1.45988
1.44686
1.44196
1.45147
1.40845
1.40184
1.40147
1.40666
1.47291
1.47578
1.48824
1.47386
1.48682
1.48061
1.48769
1.47684
1.47033
1.47326
1.40615
1.4028
1.40364
1.4019
1.40422
1.40242
1.40096
1.40113
1.40039
1.40048
1.40015
1.40035
1.40011
1.4001
1.40021
1.40017
1.40018
1.49019
1.48516
1.46616
1.47825
1.47713
1.48693
1.48281
1.47952
1.48789
1.47659
1.47168
1.48117
1.47687
1.4795
1.48389
1.46175
1.46961
1.48624
1.47576
1.47463
1.46797
1.47534
1.45885
1.47136
1.4
1.4
1.4
1.4
1.4
1.4
1.41128
1.41352
1.41616
1.40976
1.40865
1.4069
1.40735
1.4034
1.40309
1.40951
1.40517
1.40248
1.48661
1.4814
1.47845
1.47622
1.47269
1.47913
1.40128
1.40065
1.40025
1.40015
1.40083
1.40032
1.4625
1.46451
1.48046
1.47965
1.4852
1.47378
1.4012
1.40046
1.39993
1.40089
1.40095
1.40191
1.4784
1.47527
1.46901
1.40153
1.40355
1.40218
1.40073
1.40036
1.40102
1.48567
1.46821
1.46603
1.47245
1.46331
1.40236
1.40474
1.40109
1.40084
1.46203
1.47794
1.48201
1.47358
1.4732
1.46772
1.41231
1.42218
1.41332
1.42406
1.41056
1.41729
1.4065
1.40984
1.40513
1.46981
1.47365
1.48038
1.40111
1.40256
1.39925
1.47698
1.48121
1.47352
1.47152
1.46698
1.47193
1.4772
1.47206
1.47256
1.46755
1.46647
1.48013
1.48579
1.47932
1.48047
1.47362
1.48072
1.47265
1.47773
1.47925
1.48289
1.47637
1.48254
1.46637
1.47202
1.47815
1.4835
1.47573
1.47816
1.47342
1.47785
1.47282
1.48193
1.47829
1.47279
1.47108
1.47619
1.48424
1.47245
1.47995
1.46905
1.4728
1.48321
1.47643
1.47341
1.46051
1.46011
1.46454
1.45509
1.44628
1.40125
1.40106
1.40083
1.40181
1.40304
1.40221
1.48623
1.46896
1.4711
1.48628
1.47029
1.4768
1.48258
1.47848
1.48331
1.47224
1.47487
1.46802
1.4839
1.47537
1.46831
1.47812
1.40027
1.4
1.40003
1.40001
1.40001
1.40001
1.40002
1.40003
1.4
1.40001
1.40001
1.40001
1.4
1.4
1.40001
1.40001
1.4
1.48148
1.46858
1.47605
1.48272
1.47049
1.47687
1.4809
1.4711
1.46566
1.47198
1.40056
1.40041
1.40013
1.40024
1.40014
1.40028
1.40016
1.40004
1.40004
1.40003
1.40002
1.40002
1.46649
1.46325
1.47471
1.48084
1.40025
1.40053
1.40009
1.40004
1.40005
1.40005
1.40002
1.40003
1.40001
1.40001
1.46534
1.47825
1.46497
1.47162
1.47355
1.47048
1.47031
1.40153
1.40151
1.40093
1.40073
1.48121
1.47618
1.47266
1.45393
1.45508
1.43068
1.4225
1.42868
1.41129
1.40083
1.40074
1.47671
1.47338
1.45808
1.45713
1.43774
1.45057
1.43219
1.39465
1.4615
1.42237
1.40872
1.40314
1.45117
1.42314
1.39778
1.47775
1.48139
1.4732
1.40562
1.40164
1.40304
1.41711
1.41762
1.4254
1.43567
1.44104
1.42917
1.43739
1.45775
1.45996
1.4692
1.44949
1.44943
1.43088
1.42644
1.4326
1.43124
1.42245
1.40156
1.40072
1.40015
1.40043
1.40024
1.40046
1.40023
1.40038
1.40024
1.4005
1.40101
1.4009
1.47556
1.47362
1.4684
1.39809
1.44585
1.40411
1.426
1.42966
1.39933
1.40692
1.44836
1.43913
1.3946
1.46719
1.48091
1.47059
1.45557
1.46423
1.46153
1.45929
1.46054
1.46651
1.45904
1.40996
1.43114
1.44681
1.44345
1.43766
1.42696
1.42327
1.42585
1.4159
1.41515
1.46507
1.46822
1.47297
1.45065
1.45526
1.42999
1.41953
1.41163
1.43324
1.42504
1.41347
1.41395
1.42112
1.4184
1.41401
1.40608
1.40997
1.41055
1.40628
1.40453
1.40869
1.40316
1.40464
1.47431
1.47152
1.45714
1.45679
1.45518
1.40086
1.40027
1.40018
1.40045
1.40009
1.40008
1.40024
1.41167
1.40688
1.40631
1.40489
1.4085
1.40856
1.40309
1.40537
1.45503
1.45
1.44342
1.4297
1.42778
1.40009
1.40016
1.40085
1.40025
1.40033
1.40104
1.40054
1.44211
1.43016
1.42936
1.46106
1.45475
1.44443
1.44772
1.46057
1.40206
1.4019
1.40119
1.40072
1.40042
1.40071
1.4015
1.44036
1.42483
1.41348
1.40056
1.40053
1.40037
1.40016
1.40011
1.40023
1.42655
1.42208
1.40003
1.40008
1.40006
1.44246
1.45224
1.45335
1.43808
1.45407
1.43964
1.40007
1.40008
1.40011
1.40009
1.4009
1.4014
1.40066
1.40049
1.40037
1.40021
1.40026
1.40021
1.4002
1.45924
1.4493
1.43687
1.4511
1.44536
1.43273
1.43148
1.43935
1.40576
1.40863
1.42852
1.40715
1.40696
1.41854
1.42681
1.45798
1.4568
1.4618
1.45981
1.46055
1.44828
1.44769
1.46479
1.46207
1.41299
1.40861
1.40375
1.40315
1.4
1.4
1.4
1.4
1.45823
1.45807
1.46447
1.46141
1.47264
1.45337
1.43891
1.44377
1.43234
1.44708
1.44034
1.43064
1.4256
1.40126
1.40225
1.40451
1.40167
1.40569
1.40362
1.4426
1.42621
1.41145
1.41604
1.42651
1.40047
1.40044
1.4011
1.40022
1.40085
1.40037
1.40042
1.40017
1.4003
1.4009
1.40101
1.40201
1.40127
1.40079
1.40001
1.4
1.4
1.43004
1.42519
1.42637
1.4147
1.41469
1.40951
1.44368
1.43397
1.43384
1.42386
1.42323
1.41137
1.4196
1.42365
1.40013
1.40014
1.40028
1.40022
1.40024
1.4004
1.4006
1.45451
1.44739
1.45292
1.44985
1.40053
1.40025
1.40014
1.40223
1.40288
1.407
1.40404
1.40524
1.45392
1.45143
1.45975
1.44418
1.42347
1.44043
1.43511
1.44142
1.43033
1.42814
1.43372
1.42777
1.42077
1.42298
1.41312
1.41263
1.41084
1.40084
1.39951
1.4014
1.40482
1.40281
1.40256
1.47106
1.45719
1.45561
1.45512
1.45276
1.46401
1.44989
1.43321
1.44481
1.42726
1.43414
1.42556
1.42055
1.46059
1.46883
1.46153
1.45526
1.45984
1.46484
1.46204
1.45494
1.46402
1.45431
1.45839
1.45333
1.45207
1.45908
1.45044
1.45462
1.44833
1.45206
1.43723
1.4391
1.4277
1.4001
1.4001
1.40007
1.40007
1.40013
1.40007
1.47112
1.45625
1.46257
1.45538
1.45404
1.45824
1.45822
1.45529
1.46553
1.45544
1.45459
1.46357
1.45413
1.46441
1.45697
1.45886
1.45314
1.46588
1.45317
1.45353
1.46227
1.45278
1.45323
1.46114
1.45026
1.45617
1.4488
1.46191
1.45789
1.45355
1.45647
1.45204
1.46421
1.43244
1.4293
1.41279
1.42123
1.42224
1.41577
1.45536
1.40379
1.40202
1.40226
1.40076
1.40134
1.45437
1.45686
1.46459
1.45348
1.46345
1.4572
1.45302
1.46254
1.45232
1.44735
1.45405
1.4001
1.40006
1.40006
1.40016
1.40009
1.40063
1.40018
1.40013
1.40044
1.45782
1.45378
1.46684
1.46235
1.45251
1.44968
1.46328
1.45312
1.45732
1.41527
1.40994
1.40659
1.46163
1.45236
1.44982
1.46048
1.44953
1.45421
1.45835
1.44871
1.42816
1.43768
1.40195
1.40161
1.40283
1.40382
1.47277
1.46317
1.45844
1.46056
1.46361
1.4511
1.46542
1.46109
1.45738
1.44225
1.43925
1.43583
1.44889
1.44492
1.45151
1.40009
1.40016
1.40028
1.40003
1.40003
1.40005
1.45659
1.4546
1.45948
1.4478
1.4375
1.44845
1.44447
1.45258
1.45007
1.46093
1.4569
1.44624
1.45284
1.44876
1.44636
1.42441
1.43776
1.43576
1.43686
1.42476
1.42493
1.40016
1.40046
1.40047
1.40009
1.4002
1.40104
1.40018
1.40014
1.4004
1.40026
1.40049
1.40095
1.42733
1.43206
1.4348
1.44976
1.45018
1.44277
1.4414
1.45396
1.43862
1.43437
1.43861
1.44696
1.40229
1.40185
1.40112
1.40056
1.40047
1.40118
1.45173
1.44903
1.46046
1.45563
1.45389
1.45061
1.45933
1.44791
1.45921
1.45285
1.46624
1.45873
1.44559
1.45438
1.4435
1.44814
1.45465
1.45616
1.44893
1.45203
1.44715
1.46026
1.45143
1.45407
1.45326
1.45688
1.45387
1.45247
1.45237
1.45924
1.44935
1.4587
1.44958
1.44989
1.45606
1.44721
1.46065
1.44424
1.45572
1.44329
1.40117
1.40247
1.40874
1.4065
1.45419
1.45182
1.46039
1.4524
1.45941
1.45003
1.43614
1.45959
1.45177
1.44865
1.45764
1.44891
1.45562
1.46149
1.45077
1.44917
1.45563
1.44434
1.44625
1.43891
1.40034
1.42591
1.41457
1.43029
1.42539
1.41407
1.42021
1.42673
1.42223
1.41445
1.41585
1.4102
1.46441
1.44184
1.44432
1.4621
1.46191
1.4457
1.44163
1.45003
1.41056
1.41235
1.40838
1.4083
1.40429
1.40443
1.4
1.4
1.4
1.4
1.4254
1.41957
1.41807
1.412
1.41229
1.45859
1.44855
1.44609
1.44906
1.4559
1.44582
1.45195
1.4591
1.44699
1.40022
1.40016
1.40045
1.40194
1.40128
1.40112
1.40072
1.40071
1.4504
1.46002
1.44827
1.4565
1.45438
1.45522
1.45014
1.44807
1.40169
1.40525
1.401
1.40187
1.40148
1.40312
1.44816
1.4422
1.4508
1.454
1.4591
1.45383
1.45747
1.4588
1.45683
1.45301
1.45198
1.44784
1.45728
1.44709
1.40104
1.40021
1.40046
1.4001
1.40041
1.40015
1.42423
1.42276
1.41564
1.41578
1.41308
1.40956
1.4136
1.41584
1.41725
1.45108
1.45785
1.45372
1.45485
1.45
1.44596
1.43091
1.44426
1.43749
1.45414
1.45709
1.45204
1.45741
1.448
1.45295
1.41767
1.41049
1.40481
1.4066
1.40284
1.40272
1.4034
1.40466
1.40543
1.40669
1.4075
1.40397
1.40228
1.40461
1.40222
1.40494
1.40173
1.40247
1.40029
1.40017
1.40039
1.40014
1.40017
1.40022
1.40013
1.40015
1.4001
1.45047
1.44412
1.46071
1.45999
1.45407
1.44693
1.44841
1.45053
1.44424
1.44579
1.40245
1.40054
1.40102
1.40035
1.40064
1.4014
1.4002
1.40011
1.40008
1.40004
1.40012
1.40014
1.40022
1.40004
1.40004
1.40002
1.40008
1.40011
1.45694
1.45625
1.4492
1.44992
1.44422
1.43957
1.44066
1.43786
1.42768
1.41997
1.42529
1.40015
1.4001
1.40025
1.40007
1.4002
1.4001
1.40061
1.40071
1.40018
1.40014
1.40016
1.4003
1.40016
1.45308
1.4506
1.45716
1.44883
1.44119
1.45075
1.4466
1.43713
1.43311
1.42622
1.42465
1.41987
1.41224
1.4469
1.42753
1.43473
1.43862
1.42575
1.42262
1.42931
1.4254
1.4386
1.44555
1.43393
1.45289
1.44001
1.44346
1.44939
1.43574
1.42503
1.44361
1.45185
1.44023
1.44159
1.43593
1.42743
1.41075
1.4062
1.40592
1.404
1.40297
1.40236
1.40961
1.40569
1.41489
1.41041
1.40933
1.4027
1.40619
1.40593
1.40292
1.40174
1.40262
1.45405
1.45179
1.44849
1.4001
1.40008
1.45146
1.45501
1.44776
1.45194
1.45643
1.44644
1.44415
1.44756
1.44958
1.45418
1.42364
1.41635
1.41472
1.40011
1.40016
1.44621
1.44753
1.4477
1.43096
1.42939
1.40669
1.40798
1.40448
1.40322
1.40862
1.40533
1.40143
1.40037
1.40089
1.3993
1.40084
1.40013
1.40041
1.4002
1.40021
1.4001
1.40036
1.4002
1.40013
1.40062
1.40124
1.40122
1.40028
1.40021
1.40015
1.40062
1.40043
1.45654
1.44788
1.4319
1.44125
1.42943
1.43046
1.45108
1.4455
1.44697
1.43945
1.44163
1.43659
1.4493
1.45441
1.45577
1.45032
1.44516
1.44813
1.45085
1.40007
1.40006
1.40006
1.40004
1.45286
1.45254
1.44584
1.44797
1.44693
1.43665
1.42585
1.4339
1.42803
1.43259
1.42187
1.42208
1.43641
1.42647
1.43588
1.4
1.4
1.4
1.4
1.4
1.45806
1.45551
1.44859
1.44577
1.43945
1.43708
1.42777
1.42844
1.44323
1.43913
1.45239
1.44711
1.44386
1.45211
1.45439
1.45484
1.44992
1.44668
1.44178
1.44823
1.45329
1.45225
1.45088
1.43599
1.43628
1.43187
1.4444
1.45227
1.44195
1.43843
1.44037
1.45567
1.45056
1.45571
1.44703
1.4426
1.44584
1.44753
1.43601
1.42816
1.42111
1.41602
1.41112
1.41893
1.41715
1.41206
1.40887
1.4064
1.40883
1.41337
1.40034
1.40074
1.40032
1.40139
1.40074
1.4482
1.44264
1.44528
1.41483
1.41727
1.41184
1.409
1.40749
1.43216
1.44306
1.44848
1.45259
1.4429
1.45286
1.44526
1.43968
1.44944
1.4469
1.44266
1.44732
1.45151
1.45038
1.44196
1.4434
1.44734
1.45121
1.44601
1.44717
1.44613
1.44576
1.45138
1.44323
1.44502
1.45102
1.44674
1.44212
1.40053
1.40051
1.40045
1.40093
1.40094
1.4507
1.45469
1.44633
1.44405
1.44499
1.44297
1.44411
1.42176
1.42222
1.43218
1.41792
1.42179
1.40036
1.40039
1.40066
1.40084
1.40067
1.40161
1.40124
1.40172
1.40478
1.40306
1.40565
1.44682
1.44876
1.44361
1.45112
1.43869
1.44126
1.43861
1.43956
1.43228
1.42277
1.42477
1.40028
1.40045
1.39919
1.45308
1.44881
1.44951
1.44307
1.4482
1.45078
1.44411
1.43966
1.44307
1.40006
1.40007
1.40003
1.40019
1.40012
1.40015
1.40014
1.40018
1.40026
1.40055
1.40028
1.40017
1.40015
1.4001
1.40033
1.40095
1.40022
1.40045
1.45232
1.44322
1.43774
1.44376
1.43727
1.43752
1.44795
1.44003
1.4387
1.40007
1.40015
1.40003
1.40001
1.4001
1.40004
1.40002
1.40002
1.40004
1.44185
1.44695
1.44647
1.44702
1.44823
1.442
1.4486
1.44276
1.4511
1.44518
1.44044
1.44654
1.45046
1.44551
1.44042
1.44192
1.44502
1.44615
1.44209
1.43707
1.42764
1.44553
1.44892
1.45152
1.44649
1.44418
1.44147
1.40092
1.40339
1.40197
1.40373
1.40081
1.40035
1.40142
1.40085
1.4008
1.40228
1.40148
1.40197
1.44082
1.44533
1.44146
1.43208
1.42796
1.43563
1.40019
1.40006
1.40033
1.40016
1.40028
1.40022
1.40035
1.40011
1.40014
1.40024
1.40019
1.40005
1.40003
1.40004
1.40009
1.40009
1.40001
1.40001
1.4
1.4
1.4
1.43864
1.44378
1.45223
1.44594
1.42907
1.42829
1.4002
1.40034
1.40014
1.40063
1.40025
1.40058
1.44173
1.44001
1.42868
1.42231
1.43571
1.431
1.41702
1.43188
1.43408
1.43179
1.43632
1.43457
1.43957
1.40026
1.40034
1.40017
1.44321
1.44455
1.43753
1.44213
1.43614
1.40405
1.41341
1.40803
1.41247
1.40602
1.40764
1.44411
1.44154
1.43733
1.43831
1.43941
1.4418
1.40014
1.40016
1.40008
1.40002
1.40004
1.40002
1.40001
1.40001
1.40003
1.40002
1.40002
1.40005
1.44183
1.44679
1.44166
1.40143
1.40256
1.40159
1.40069
1.40082
1.40542
1.41034
1.40399
1.4059
1.40222
1.40221
1.4055
1.40458
1.40018
1.40007
1.40009
1.40003
1.44466
1.4416
1.43957
1.43162
1.43387
1.43312
1.4308
1.43136
1.44427
1.43951
1.43591
1.42935
1.43814
1.43708
1.43756
1.43359
1.43452
1.43254
1.43156
1.44864
1.42466
1.43894
1.43779
1.43422
1.42723
1.429
1.42411
1.43196
1.43492
1.42239
1.41832
1.40493
1.40714
1.40729
1.40264
1.40519
1.40323
1.43037
1.44113
1.43486
1.4386
1.43628
1.40137
1.4007
1.40156
1.40019
1.40034
1.40015
1.40077
1.40038
1.4009
1.40041
1.40024
1.40185
1.4
1.41605
1.41779
1.40704
1.40219
1.40248
1.40203
1.40458
1.40244
1.40012
1.40006
1.40003
1.40002
1.40006
1.40301
1.40403
1.4017
1.40148
1.40017
1.40009
1.40011
1.40011
1.4001
1.40758
1.40437
1.41482
1.40976
1.40464
1.42633
1.42301
1.40646
1.41315
1.405
1.40001
1.40004
1.40003
1.40005
1.40001
1.40002
1.39978
1.39783
1.42637
1.42589
1.42562
1.44114
1.3977
1.42139
1.43095
1.43156
1.42217
1.41902
1.41463
1.41744
1.41233
1.41382
1.42011
1.41764
1.41782
1.41275
1.40966
1.40772
1.42413
1.42357
1.43645
1.40008
1.40007
1.40014
1.40014
1.40004
1.40003
1.40002
1.40001
1.40001
1.4295
1.42556
1.42062
1.42031
1.41858
1.4248
1.42911
1.43347
1.43083
1.43935
1.42168
1.42082
1.4
1.4
1.4
1.4
1.4
1.4
1.4
1.4
1.4
1.4
1.4
1.4
1.4
1.4
1.4
1.40005
1.40006
1.40006
1.40005
1.40004
1.40006
1.4
1.4
1.4
1.40113
1.40032
1.40065
1.40039
1.40075
1.40102
1.40139
1.4333
1.42207
1.4266
1.42547
1.43128
1.39821
1.41864
1.41596
1.40122
1.40073
1.39918
1.41787
1.4022
1.41698
1.40014
1.40124
1.40024
1.40083
1.40059
1.40067
1.40029
1.40085
1.4004
1.4185
1.40904
1.40993
1.40733
1.4126
1.41235
1.4001
1.40009
1.40016
1.40016
1.43464
1.42189
1.42655
1.42705
1.41637
1.41565
1.41575
1.40007
1.40005
1.40008
1.40008
1.40006
1.40005
1.4283
1.42603
1.4402
1.43846
1.43837
1.43903
1.43032
1.43829
1.40366
1.40375
1.40783
1.4033
1.41829
1.41115
1.4375
1.4396
1.43278
1.43184
1.43669
1.43472
1.43254
1.40004
1.40008
1.40003
1.40003
1.40002
1.40267
1.401
1.40244
1.4275
1.42467
1.436
1.40066
1.4002
1.40036
1.40018
1.40007
1.40006
1.42622
1.42237
1.43392
1.40019
1.4001
1.40007
1.40023
1.40012
1.40011
1.40013
1.40016
1.40012
1.4003
1.40016
1.43064
1.42689
1.43181
1.42073
1.42238
1.41628
1.43087
1.43561
1.42667
1.42612
1.40836
1.40154
1.40628
1.40332
1.40502
1.40189
1.40229
1.40112
1.43105
1.42901
1.42439
1.42788
1.42397
1.42984
1.42721
1.42292
1.42604
1.42626
1.4217
1.43449
1.42746
1.4289
1.43693
1.42807
1.43449
1.42493
1.40049
1.40022
1.42114
1.44015
1.43261
1.42734
1.42426
1.42915
1.42381
1.43425
1.42222
1.42237
1.42519
1.42579
1.43439
1.42479
1.41944
1.42587
1.43319
1.42221
1.4326
1.42235
1.42656
1.43154
1.42154
1.42045
1.40057
1.40313
1.4016
1.40186
1.40137
1.4289
1.4275
1.43812
1.43828
1.42884
1.42473
1.42036
1.41916
1.43372
1.42516
1.42253
1.42032
1.40684
1.41438
1.41793
1.40828
1.42013
1.4237
1.41509
1.41652
1.41355
1.40041
1.40065
1.40083
1.40014
1.40028
1.4001
1.40018
1.43429
1.41859
1.43338
1.4207
1.42301
1.41599
1.41936
1.4204
1.42276
1.41052
1.41235
1.42828
1.41859
1.43293
1.43302
1.42802
1.42387
1.42213
1.42551
1.41943
1.41797
1.42885
1.42603
1.42711
1.43245
1.42341
1.43209
1.42653
1.4312
1.43297
1.43517
1.43233
1.43039
1.43687
1.40257
1.40309
1.40907
1.40699
1.40786
1.40406
1.41946
1.42489
1.42924
1.42571
1.43386
1.42361
1.42431
1.42619
1.42159
1.43193
1.40381
1.40227
1.40099
1.40053
1.40226
1.40125
1.41882
1.42024
1.42941
1.43314
1.42046
1.41874
1.40028
1.40037
1.40044
1.42681
1.42183
1.43298
1.42034
1.41533
1.42578
1.42788
1.42267
1.43009
1.40017
1.40025
1.40018
1.40054
1.40033
1.40058
1.4304
1.41756
1.40005
1.40026
1.40013
1.40012
1.42964
1.4328
1.42356
1.43013
1.42732
1.41484
1.4227
1.42029
1.41475
1.42955
1.43104
1.41972
1.40501
1.40303
1.40652
1.4031
1.40564
1.40373
1.4045
1.43082
1.4197
1.41945
1.43265
1.43582
1.42803
1.42689
1.42327
1.4296
1.41744
1.41991
1.4179
1.42218
1.42156
1.42882
1.43321
1.41886
1.41835
1.43125
1.41661
1.40023
1.40023
1.40006
1.40011
1.40006
1.40003
1.40003
1.40003
1.40002
1.40003
1.40002
1.40018
1.40008
1.40022
1.40041
1.40058
1.40031
1.40009
1.4001
1.40005
1.42939
1.41244
1.40861
1.43441
1.42708
1.41897
1.42533
1.41643
1.40058
1.40053
1.40014
1.4009
1.40132
1.40168
1.42268
1.42083
1.43165
1.41719
1.41482
1.42495
1.41755
1.4082
1.41561
1.40542
1.4
1.4
1.4
1.4
1.4
1.4
1.43021
1.41809
1.41765
1.42573
1.42904
1.42967
1.43247
1.43137
1.43214
1.40114
1.40199
1.40057
1.40142
1.40075
1.40219
1.40078
1.4017
1.40529
1.40472
1.40213
1.4025
1.40168
1.40136
1.40096
1.42199
1.42782
1.42656
1.41728
1.41666
1.42155
1.41445
1.41794
1.42326
1.42287
1.42062
1.43075
1.43258
1.42611
1.43095
1.4001
1.40006
1.40004
1.40013
1.40003
1.40006
1.40652
1.40419
1.40189
1.40114
1.40423
1.40284
1.40385
1.4021
1.40164
1.41378
1.42453
1.42811
1.43337
1.42759
1.42703
1.42384
1.42426
1.4209
1.41565
1.41648
1.41097
1.41019
1.42827
1.42846
1.42334
1.43079
1.42591
1.42618
1.4218
1.42142
1.42083
1.41694
1.41971
1.41613
1.40011
1.40025
1.40047
1.4001
1.40022
1.40024
1.40017
1.40043
1.40007
1.40022
1.40008
1.4002
1.4001
1.40011
1.4001
1.40007
1.40009
1.40012
1.40008
1.40004
1.4215
1.42528
1.42848
1.42658
1.42869
1.40023
1.40013
1.40046
1.40034
1.40093
1.40065
1.40116
1.404
1.40201
1.40117
1.4142
1.41119
1.42343
1.4179
1.427
1.4285
1.4269
1.42945
1.4222
1.42504
1.42261
1.42381
1.40001
1.4
1.4
1.40001
1.4
1.40003
1.40002
1.40954
1.40687
1.42015
1.40026
1.40011
1.40005
1.40007
1.40012
1.40024
1.40045
1.40045
1.4001
1.40016
1.40009
1.40018
1.4002
1.42562
1.42988
1.42741
1.40076
1.40071
1.39989
1.40407
1.40138
1.40328
1.40117
1.40253
1.40593
1.41123
1.41291
1.42033
1.4
1.40001
1.4
1.4
1.4
1.40089
1.40051
1.40168
1.40135
1.4017
1.405
1.40277
1.40005
1.40002
1.40013
1.40004
1.40005
1.40008
1.43179
1.42727
1.42609
1.41801
1.4188
1.40034
1.40018
1.40046
1.40034
1.40014
1.40009
1.43015
1.41067
1.41132
1.42542
1.43035
1.42502
1.42203
1.43213
1.4282
1.41037
1.41238
1.40866
1.4052
1.40382
1.40649
1.40637
1.40364
1.40256
1.40009
1.40016
1.41282
1.41462
1.41845
1.42719
1.42616
1.41581
1.41228
1.4004
1.40023
1.40105
1.40077
1.41221
1.41008
1.40726
1.40575
1.40414
1.41044
1.4078
1.40536
1.42779
1.42719
1.42299
1.42005
1.42449
1.43227
1.43232
1.40836
1.40841
1.41771
1.42953
1.4233
1.42481
1.42242
1.42271
1.4209
1.41878
1.42439
1.42733
1.42179
1.42145
1.42684
1.42551
1.42757
1.42626
1.43129
1.41914
1.42347
1.42678
1.42177
1.42885
1.4249
1.4234
1.42765
1.42171
1.43075
1.42168
1.42844
1.41963
1.42251
1.4252
1.42018
1.42312
1.42936
1.40767
1.40629
1.41593
1.40006
1.4001
1.40005
1.40007
1.40006
1.40005
1.40005
1.4008
1.40028
1.40019
1.40052
1.40032
1.42107
1.42128
1.41803
1.41276
1.41624
1.41528
1.41182
1.41196
1.41
1.40851
1.4086
1.40688
1.42518
1.42953
1.42258
1.41988
1.42488
1.40058
1.40033
1.40031
1.40027
1.40175
1.40057
1.40074
1.40027
1.3999
1.40019
1.42086
1.42703
1.43066
1.42652
1.4192
1.43103
1.4248
1.4189
1.42999
1.42318
1.42423
1.42181
1.41956
1.42249
1.41885
1.40769
1.40554
1.41918
1.42484
1.42097
1.42751
1.42543
1.42295
1.42799
1.42626
1.42971
1.42404
1.42065
1.4183
1.42627
1.42773
1.42173
1.42091
1.42713
1.42326
1.42837
1.40918
1.41144
1.41185
1.40551
1.40651
1.40684
1.40455
1.41223
1.41213
1.41471
1.41665
1.40901
1.40532
1.4062
1.40485
1.415
1.41478
1.4088
1.4087
1.40588
1.42207
1.42264
1.42189
1.42373
1.42214
1.41767
1.41735
1.42112
1.4207
1.4194
1.42589
1.40379
1.40162
1.40163
1.40107
1.40224
1.40154
1.40078
1.40074
1.40091
1.40057
1.41877
1.42435
1.42466
1.42176
1.41819
1.41457
1.4165
1.42033
1.42107
1.42449
1.4205
1.4183
1.42588
1.42227
1.42478
1.4246
1.42934
1.42418
1.42133
1.4186
1.42006
1.41708
1.40633
1.40531
1.41156
1.41687
1.42164
1.41641
1.41974
1.41358
1.40736
1.41213
1.4113
1.41319
1.40601
1.40474
1.42202
1.42302
1.42548
1.41689
1.41571
1.41591
1.41554
1.40618
1.41065
1.41276
1.42017
1.4157
1.42
1.40252
1.40145
1.4022
1.42694
1.43147
1.42211
1.41668
1.40779
1.40522
1.41692
1.41295
1.40815
1.41392
1.41067
1.41161
1.42218
1.4189
1.41788
1.42399
1.42511
1.41754
1.41076
1.41514
1.41192
1.40902
1.42612
1.42049
1.41964
1.42327
1.41835
1.42106
1.41524
1.42203
1.42244
1.41776
1.40031
1.39942
1.40158
1.40063
1.40052
1.40013
1.40174
1.40825
1.4098
1.40948
1.40004
1.40025
1.40015
1.40008
1.40011
1.40005
1.4
1.4
1.4
1.4
1.4
1.4
1.40007
1.40017
1.40016
1.40015
1.40014
1.42007
1.41944
1.41656
1.42066
1.4
1.4
1.4
1.4
1.4
1.4
1.4
1.41998
1.41691
1.41653
1.41979
1.4269
1.41234
1.41549
1.41557
1.41876
1.41838
1.40105
1.40063
1.40034
1.40056
1.40082
1.40027
1.40046
1.40167
1.4013
1.4175
1.42235
1.41907
1.41293
1.41479
1.41221
1.41322
1.4004
1.40017
1.40011
1.4002
1.4004
1.40032
1.42252
1.41765
1.42441
1.4234
1.40042
1.40048
1.4004
1.40019
1.40009
1.40007
1.40013
1.40013
1.40027
1.40021
1.42698
1.42355
1.42063
1.41892
1.41901
1.41971
1.41615
1.39964
1.40026
1.40027
1.40012
1.40014
1.39969
1.42319
1.42072
1.4125
1.41643
1.41482
1.41394
1.41103
1.41316
1.41938
1.4243
1.41318
1.41826
1.41746
1.4
1.4
1.4
1.4
1.42005
1.42487
1.41868
1.41631
1.41496
1.41349
1.41295
1.41691
1.41495
1.40015
1.40006
1.40004
1.40004
1.40008
1.40005
1.40003
1.40004
1.42464
1.41134
1.41562
1.41331
1.41542
1.41935
1.41283
1.42053
1.40427
1.40531
1.40116
1.40191
1.40387
1.40222
1.40199
1.4001
1.40005
1.4001
1.40004
1.40002
1.40002
1.40042
1.40084
1.40089
1.40018
1.42051
1.41467
1.41711
1.41563
1.41811
1.40255
1.40281
1.40175
1.40065
1.40157
1.40158
1.40132
1.40044
1.40072
1.42584
1.42066
1.41839
1.42257
1.41734
1.41943
1.41577
1.41567
1.40868
1.41804
1.41189
1.40902
1.41254
1.41677
1.40893
1.41451
1.40145
1.40023
1.40042
1.40115
1.40066
1.40034
1.40018
1.40013
1.40006
1.40003
1.40005
1.4166
1.42091
1.41276
1.41546
1.4099
1.4
1.4
1.4
1.4
1.4
1.40329
1.40352
1.42218
1.42034
1.41613
1.41498
1.41483
1.42031
1.4132
1.40001
1.40001
1.40002
1.40002
1.40002
1.40001
1.40001
1.40527
1.40465
1.40725
1.40834
1.4032
1.40485
1.40172
1.40257
1.41948
1.41805
1.42224
1.41692
1.40126
1.40093
1.40062
1.40095
1.40155
1.40152
1.40187
1.40307
1.40555
1.40472
1.42181
1.40569
1.4052
1.41439
1.41492
1.40048
1.401
1.40035
1.4013
1.40077
1.40279
1.40205
1.40684
1.40006
1.4001
1.40003
1.40005
1.40003
1.40001
1.40001
1.4147
1.41913
1.40996
1.41401
1.41136
1.41708
1.4001
1.39471
1.41088
1.40868
1.41169
1.41193
1.42054
1.41871
1.41373
1.39992
1.41003
1.40594
1.40772
1.4114
1.41661
1.4179
1.40006
1.40017
1.40005
1.40019
1.40009
1.40008
1.41405
1.4116
1.41304
1.41316
1.41574
1.4061
1.4052
1.40364
1.40438
1.40273
1.40173
1.40226
1.40728
1.40322
1.40471
1.40002
1.40001
1.40002
1.40005
1.40004
1.40001
1.40001
1.40002
1.40021
1.40015
1.40015
1.40006
1.40006
1.40003
1.41012
1.40734
1.4098
1.41016
1.40648
1.40317
1.40529
1.41214
1.41028
1.41466
1.40761
1.40819
1.40925
1.40529
1.4045
1.41155
1.40675
1.41145
1.41006
1.4141
1.41349
1.41492
1.40931
1.41201
1.39626
1.39638
1.39874
1.40459
1.39596
1.39859
1.40006
1.40009
1.40005
1.40005
1.40008
1.40006
1.40006
1.39816
1.39955
1.4032
1.3989
1.40167
1.40841
1.40091
1.40166
1.40041
1.4006
1.40097
1.40026
1.40056
1.40028
1.4022
1.40024
1.40013
1.4205
1.41703
1.41857
1.41151
1.41607
1.41304
1.41416
1.41383
1.40564
1.40199
1.40286
1.41096
1.40535
1.39587
1.39808
1.40032
1.40571
1.4057
1.40431
1.40754
1.40943
1.40546
1.40219
1.40248
1.40237
1.40263
1.40033
1.40069
1.40014
1.40007
1.40004
1.41059
1.4032
1.41055
1.40866
1.41394
1.40329
1.40409
1.40573
1.404
1.40599
1.40857
1.40291
1.39913
1.4049
1.41232
1.4134
1.41062
1.4166
1.39915
1.40173
1.40839
1.40297
1.40689
1.39943
1.40141
1.39344
1.40409
1.40557
1.3982
1.39638
1.4057
1.4003
1.39752
1.40432
1.40722
1.39942
1.41352
1.41564
1.41285
1.41022
1.40977
1.41484
1.41235
1.41205
1.39846
1.4028
1.40927
1.40004
1.40009
1.40005
1.40006
1.40003
1.40002
1.40003
1.40002
1.40003
1.40003
1.39438
1.40074
1.40516
1.40417
1.40461
1.40846
1.40367
1.4029
1.40767
1.39693
1.40116
1.39503
1.40002
1.39537
1.39429
1.40328
1.40299
1.40128
1.40166
1.40178
1.40294
1.40319
1.4059
1.40787
1.39776
1.40162
1.41645
1.41676
1.41551
1.41102
1.41003
1.40935
1.40944
1.40883
1.40779
1.39734
1.40157
1.39854
1.40859
1.41101
1.39381
1.39661
1.41672
1.41299
1.40469
1.40796
1.40916
1.40904
1.41159
1.41217
1.39546
1.39495
1.4013
1.40106
1.40283
1.40385
1.40183
1.40472
1.40892
1.40641
1.41294
1.40911
1.4129
1.40229
1.39794
1.41039
1.40047
1.39831
1.40766
1.40056
1.40034
1.40078
1.40042
1.40016
1.40008
1.40018
1.3974
1.39928
1.40735
1.39643
1.40113
1.41413
1.40243
1.3925
1.39927
1.39988
1.39487
1.40026
1.39309
1.39984
1.40027
1.39579
1.39375
1.39998
1.40942
1.39244
1.39313
1.40015
1.40007
1.40014
1.40008
1.40005
1.40014
1.40008
1.40002
1.40002
1.40002
1.40003
1.40002
1.40032
1.40015
1.4003
1.40004
1.40143
1.40033
1.40101
1.40123
1.40039
1.39824
1.39921
1.40833
1.39695
1.39685
1.40369
1.4016
1.39459
1.41632
1.41441
1.41004
1.41471
1.40791
1.40534
1.40372
1.40538
1.40315
1.41023
1.41326
1.40808
1.41652
1.41308
1.40897
1.4089
1.40999
1.40483
1.40877
1.40675
1.40719
1.4
1.40001
1.40002
1.40001
1.4
1.40001
1.4
1.4
1.4
1.40018
1.40015
1.4001
1.40032
1.40021
1.40036
1.41701
1.41226
1.41212
1.41034
1.40972
1.41394
1.41621
1.4085
1.40864
1.40597
1.41517
1.40018
1.40015
1.4003
1.40045
1.40032
1.40154
1.4004
1.4013
1.40078
1.40094
1.40056
1.3932
1.39505
1.405
1.39549
1.40169
1.39009
1.41366
1.41616
1.40623
1.40785
1.40748
1.41176
1.41032
1.40007
1.40007
1.40016
1.40003
1.40002
1.40002
1.40005
1.40003
1.40002
1.4113
1.41225
1.41441
1.41313
1.40531
1.40081
1.38833
1.39016
1.3939
1.40209
1.40199
1.40697
1.40653
1.40005
1.40008
1.40019
1.40042
1.40023
1.40009
1.40016
1.40014
1.40008
1.40029
1.40004
1.40018
1.40007
1.40215
1.39199
1.39172
1.39691
1.40041
1.40098
1.40015
1.40029
1.40013
1.4005
1.4003
1.41162
1.41133
1.40882
1.40669
1.40567
1.4071
1.40591
1.4003
1.40039
1.3883
1.40194
1.40638
1.40418
1.40418
1.40351
1.4056
1.40465
1.38699
1.38733
1.40062
1.4012
1.40158
1.40092
1.40229
1.40406
1.40496
1.40433
1.40255
1.40286
1.40253
1.4033
1.40257
1.4027
1.40767
1.38735
1.39078
1.4
1.4
1.4
1.40001
1.4
1.4
1.4
1.4
1.4
1.4
1.41013
1.41306
1.40654
1.40694
1.41222
1.40947
1.40003
1.40005
1.40005
1.40557
1.40775
1.40475
1.40896
1.40004
1.40001
1.40003
1.40002
1.40001
1.40001
1.40001
1.40501
1.40779
1.40829
1.40501
1.40885
1.40396
1.40236
1.40428
1.40309
1.40335
1.41204
1.40694
1.40818
1.40991
1.4088
1.40802
1.38928
1.38906
1.39842
1.41046
1.40445
1.40544
1.41302
1.41196
1.40811
1.41019
1.40701
1.40705
1.40472
1.40331
1.40304
1.40214
1.40248
1.40345
1.38851
1.40145
1.39046
1.40015
1.40029
1.40063
1.40006
1.40009
1.40023
1.40031
1.40829
1.41079
1.40677
1.41124
1.4105
1.40906
1.4001
1.40004
1.40003
1.40005
1.4
1.4
1.4
1.4
1.4
1.4
1.4004
1.40018
1.40015
1.4004
1.40033
1.40087
1.40885
1.40976
1.40061
1.39925
1.39878
1.38994
1.40432
1.3829
1.38531
1.40108
1.40188
1.4007
1.40098
1.40045
1.40123
1.40062
1.41253
1.4133
1.40767
1.41247
1.41127
1.40991
1.4072
1.40781
1.40597
1.41312
1.40812
1.40555
1.40928
1.40027
1.40025
1.4003
1.40056
1.40093
1.40106
1.40119
1.40029
1.40179
1.40033
1.40146
1.4004
1.40063
1.40012
1.40015
1.40041
1.40017
1.40091
1.40013
1.40012
1.40017
1.40008
1.40041
1.40021
1.4147
1.41099
1.40782
1.40851
1.40759
1.40414
1.39823
1.3992
1.4025
1.40557
1.40645
1.41033
1.40652
1.40185
1.40592
1.40161
1.40622
1.40003
1.40005
1.40003
1.40008
1.40005
1.40074
1.40151
1.40058
1.40045
1.40144
1.40071
1.41125
1.40775
1.40286
1.4069
1.40211
1.40511
1.40202
1.40602
1.40068
1.40041
1.4053
1.40863
1.40426
1.40001
1.40001
1.4
1.4
1.40001
1.41276
1.4083
1.40842
1.4109
1.40673
1.40736
1.40661
1.40701
1.40477
1.41222
1.40868
1.40789
1.4041
1.40393
1.40455
1.38336
1.39493
1.38596
1.40003
1.40018
1.40008
1.40007
1.40009
1.40407
1.39809
1.40289
1.39686
1.4001
1.40322
1.38137
1.38453
1.41058
1.41128
1.40657
1.40586
1.40429
1.40354
1.40929
1.39731
1.40304
1.40878
1.40342
1.39673
1.40003
1.40007
1.40004
1.40008
1.40002
1.40002
1.40004
1.40002
1.40003
1.38307
1.38401
1.38945
1.39753
1.40174
1.40611
1.40803
1.40417
1.40541
1.40602
1.40516
1.4044
1.40238
1.40573
1.40625
1.4039
1.40823
1.40737
1.40638
1.40649
1.40729
1.40236
1.40088
1.40157
1.4014
1.40078
1.40048
1.40112
1.40065
1.39724
1.40331
1.4009
1.40789
1.40632
1.41196
1.40697
1.40745
1.40691
1.40525
1.40657
1.40451
1.40929
1.40467
1.40675
1.39895
1.39989
1.40452
1.40026
1.40027
1.40037
1.40074
1.40087
1.40542
1.40202
1.40172
1.40881
1.39112
1.38513
1.3848
1.39611
1.40021
1.40005
1.40011
1.40002
1.40006
1.40007
1.40004
1.39911
1.3954
1.39667
1.40063
1.41
1.41168
1.40362
1.38461
1.38527
1.39664
1.38887
1.38996
1.39956
1.4
1.4
1.4
1.4
1.4
1.4
1.4
1.4
1.4
1.39341
1.39763
1.39978
1.40483
1.40344
1.4002
1.40009
1.40003
1.40002
1.40004
1.40005
1.40002
1.40004
1.40002
1.40124
1.4007
1.40041
1.40037
1.40001
1.40001
1.4
1.4
1.4
1.40085
1.39762
1.39314
1.39631
1.39084
1.40142
1.39656
1.40014
1.40002
1.40002
1.40005
1.40067
1.40026
1.40019
1.40009
1.40014
1.40007
1.40056
1.40084
1.40121
1.40111
1.40336
1.40362
1.40439
1.40619
1.40696
1.39726
1.39763
1.40349
1.39944
1.40245
1.41094
1.40022
1.4007
1.40054
1.40121
1.40007
1.40019
1.40024
1.4
1.4
1.4
1.4
1.4
1.4
1.39597
1.40057
1.38347
1.38486
1.39108
1.40003
1.40006
1.4001
1.41064
1.41196
1.41253
1.41037
1.40498
1.40649
1.40936
1.40314
1.40739
1.40009
1.40018
1.40017
1.39864
1.39606
1.40566
1.40293
1.39745
1.39625
1.39879
1.40574
1.41111
1.40003
1.40012
1.40005
1.40008
1.4001
1.40005
1.40016
1.4001
1.40002
1.40003
1.40835
1.39702
1.39717
1.40257
1.402
1.40547
1.40072
1.3895
1.39435
1.40575
1.40398
1.40263
1.40163
1.4019
1.40002
1.40006
1.40002
1.40003
1.4001
1.40007
1.40035
1.40015
1.40554
1.40695
1.40852
1.40546
1.40168
1.40039
1.39904
1.39998
1.40062
1.40014
1.40022
1.4029
1.40443
1.40296
1.40183
1.4043
1.40135
1.40035
1.40021
1.40039
1.40073
1.40066
1.40453
1.40346
1.40238
1.40156
1.40108
1.40077
1.40122
1.40174
1.40232
1.4022
1.39846
1.40031
1.40143
1.40175
1.39392
1.39223
1.40016
1.39732
1.40123
1.4061
1.40376
1.40464
1.40359
1.40076
1.4016
1.40644
1.40908
1.40478
1.40508
1.40682
1.40403
1.40699
1.39958
1.40042
1.40099
1.40116
1.40079
1.38099
1.38184
1.38842
1.40608
1.40308
1.40457
1.40281
1.40377
1.40002
1.39999
1.40007
1.39495
1.39866
1.39281
1.40107
1.39728
1.3977
1.38178
1.38874
1.39142
1.39155
1.39627
1.40059
1.40064
1.40037
1.40016
1.40008
1.40001
1.40001
1.40002
1.40001
1.40001
1.40002
1.4
1.40001
1.4
1.4
1.40001
1.40002
1.40005
1.40002
1.40001
1.38308
1.38561
1.39781
1.38313
1.39092
1.40094
1.40717
1.4017
1.39175
1.39345
1.40435
1.39871
1.40297
1.40013
1.40007
1.40009
1.40007
1.38283
1.39314
1.39383
1.40142
1.3885
1.39256
1.39488
1.40051
1.40478
1.4029
1.4014
1.40114
1.40059
1.40083
1.40167
1.40253
1.4005
1.39566
1.39207
1.39442
1.40504
1.39794
1.40422
1.40343
1.4021
1.40307
1.4018
1.40149
1.401
1.40154
1.4012
1.40104
1.40002
1.40004
1.40002
1.40001
1.40001
1.40003
1.40002
1.40001
1.39726
1.39591
1.39737
1.40259
1.40413
1.40752
1.38282
1.39331
1.38033
1.39101
1.37914
1.40392
1.40239
1.4037
1.40334
1.37849
1.38202
1.40938
1.40461
1.4054
1.40522
1.404
1.39955
1.39101
1.39481
1.39835
1.40033
1.39607
1.39836
1.39894
1.38768
1.39222
1.38956
1.39421
1.39292
1.39833
1.39294
1.39648
1.38753
1.3955
1.39309
1.39768
1.38722
1.38371
1.39177
1.38265
1.39158
1.38068
1.39379
1.39113
1.39352
1.38358
1.39021
1.39979
1.39964
1.4
1.4
1.4
1.40001
1.4
1.40001
1.4
1.4
1.4
1.38993
1.38993
1.39609
1.40137
1.40275
1.40263
1.4021
1.40139
1.40123
1.40123
1.40079
1.40085
1.38109
1.3812
1.40003
1.40004
1.38561
1.38252
1.39232
1.40013
1.40023
1.40051
1.40094
1.40005
1.40005
1.40007
1.40038
1.40129
1.40592
1.40173
1.40034
1.40057
1.40044
1.40032
1.40026
1.40103
1.40078
1.40043
1.38329
1.3863
1.39135
1.40079
1.40081
1.40043
1.40011
1.40041
1.4003
1.40172
1.4013
1.40227
1.39947
1.39989
1.40026
1.40088
1.40082
1.39984
1.3999
1.39963
1.40032
1.40127
1.40113
1.39932
1.39975
1.39942
1.39488
1.39739
1.39388
1.38043
1.38585
1.38769
1.38811
1.38241
1.39005
1.40026
1.40019
1.40011
1.40002
1.40004
1.40006
1.40012
1.40003
1.40005
1.40002
1.40003
1.40001
1.40003
1.40001
1.40001
1.40003
1.40006
1.40004
1.40007
1.38085
1.38317
1.39454
1.40006
1.39998
1.39995
1.39996
1.40032
1.3912
1.3914
1.37737
1.38419
1.38312
1.38488
1.3974
1.39192
1.3869
1.37849
1.37743
1.38719
1.40005
1.40003
1.40001
1.40002
1.40003
1.40002
1.40147
1.40424
1.40559
1.40366
1.40043
1.40187
1.40568
1.40518
1.40329
1.40205
1.40275
1.40153
1.4014
1.38707
1.38873
1.38685
1.39569
1.38442
1.37782
1.4
1.4
1.4
1.39851
1.39083
1.38866
1.39073
1.39328
1.40001
1.38287
1.3919
1.4
1.4
1.4
1.4
1.4
1.40004
1.40007
1.40001
1.40002
1.40001
1.40002
1.40465
1.39336
1.39573
1.38354
1.38635
1.40246
1.3996
1.39753
1.39954
1.40627
1.40414
1.39306
1.38816
1.39507
1.40126
1.39509
1.39852
1.40157
1.39991
1.40383
1.40243
1.40095
1.40108
1.40111
1.40197
1.40091
1.40079
1.37402
1.38384
1.37687
1.37837
1.38816
1.40318
1.39852
1.40075
1.38118
1.37909
1.38141
1.38925
1.39355
1.39734
1.38788
1.3933
1.39858
1.38688
1.39156
1.39504
1.40366
1.402
1.40223
1.40325
1.40255
1.40229
1.40138
1.4019
1.39005
1.39126
1.39694
1.39317
1.39856
1.40001
1.40001
1.40001
1.4043
1.40251
1.40467
1.40571
1.39836
1.3984
1.39985
1.37386
1.37524
1.4014
1.40479
1.40635
1.39772
1.40035
1.40104
1.40291
1.40017
1.40008
1.40015
1.39996
1.40001
1.4
1.40002
1.39994
1.40273
1.40363
1.40423
1.37873
1.4003
1.40032
1.40033
1.40132
1.37848
1.3782
1.38721
1.37971
1.37567
1.4
1.40001
1.40002
1.40001
1.4
1.4
1.37505
1.38542
1.39318
1.38796
1.37877
1.3734
1.37862
1.38629
1.37589
1.38021
1.40006
1.40012
1.40025
1.40007
1.40011
1.37677
1.3778
1.38672
1.38551
1.37491
1.37517
1.37647
1.3815
1.38552
1.37453
1.37757
1.38576
1.37437
1.40001
1.4
1.4
1.38411
1.37609
1.38499
1.38495
1.39127
1.39153
1.39597
1.40013
1.40568
1.39261
1.39998
1.39211
1.40046
1.39988
1.39586
1.40087
1.40023
1.39951
1.39971
1.3997
1.39932
1.39861
1.3959
1.39045
1.39545
1.38411
1.39072
1.39517
1.38446
1.39089
1.39502
1.39081
1.37861
1.40457
1.40271
1.40481
1.40196
1.38361
1.38606
1.38871
1.39481
1.39914
1.40136
1.4
1.4
1.4
1.4
1.4
1.37272
1.38847
1.38142
1.37977
1.37967
1.37252
1.4
1.4
1.4
1.4
1.4
1.4
1.4
1.40003
1.40001
1.4
1.4
1.4
1.4
1.38344
1.38603
1.39207
1.39197
1.40002
1.40001
1.4
1.4
1.40001
1.40001
1.38766
1.37044
1.37086
1.40679
1.40653
1.40282
1.40383
1.40536
1.40265
1.38406
1.38758
1.38768
1.39287
1.39232
1.4
1.39999
1.4
1.4
1.39997
1.40166
1.40288
1.40426
1.40205
1.38797
1.37142
1.37269
1.40258
1.39916
1.40189
1.4005
1.39487
1.39839
1.4008
1.39263
1.40418
1.39922
1.39727
1.38416
1.38819
1.38757
1.38983
1.39907
1.39056
1.40509
1.40409
1.4026
1.40157
1.40231
1.40104
1.39972
1.40174
1.39865
1.40377
1.37056
1.39997
1.39989
1.39974
1.39993
1.39956
1.38786
1.38913
1.37935
1.3808
1.38785
1.38459
1.38961
1.40159
1.40224
1.40172
1.40078
1.40069
1.40075
1.40084
1.40001
1.4
1.4
1.40001
1.4
1.4
1.37181
1.37349
1.38156
1.40132
1.4028
1.39828
1.39642
1.37074
1.39982
1.39993
1.4
1.40007
1.39999
1.39977
1.40001
1.4
1.4
1.40001
1.40001
1.40001
1.40001
1.39999
1.39998
1.4
1.40001
1.39999
1.40052
1.40017
1.40029
1.40024
1.4004
1.40053
1.39883
1.3978
1.37613
1.40036
1.39585
1.38795
1.37046
1.37368
1.37844
1.37656
1.39898
1.38868
1.40022
1.4
1.4
1.4
1.4
1.4
1.4
1.37033
1.37081
1.38157
1.37396
1.37072
1.37963
1.39146
1.39761
1.39979
1.3998
1.39797
1.39537
1.39647
1.398
1.39889
1.39928
1.39487
1.39641
1.4
1.4
1.4
1.4
1.4
1.4
1.40002
1.4
1.40001
1.40001
1.4
1.38823
1.39767
1.374
1.38015
1.38536
1.38477
1.3898
1.39727
1.39937
1.39786
1.40066
1.40025
1.40021
1.40061
1.40038
1.40013
1.40002
1.4
1.4
1.40001
1.39999
1.40076
1.39991
1.37291
1.38975
1.40007
1.40054
1.3992
1.37235
1.38824
1.39986
1.39996
1.39997
1.39996
1.4
1.40001
1.37132
1.37029
1.37842
1.36872
1.37637
1.36837
1.37582
1.36812
1.4
1.4
1.4
1.38093
1.3672
1.36802
1.36821
1.38029
1.36865
1.40004
1.40008
1.4001
1.40004
1.40008
1.40013
1.40004
1.40002
1.4001
1.40006
1.40003
1.38138
1.39602
1.38066
1.38648
1.38829
1.39175
1.37879
1.39119
1.37958
1.38469
1.38565
1.39368
1.39256
1.40002
1.40001
1.40001
1.40001
1.40001
1.40001
1.4
1.4
1.4
1.4
1.4
1.4
1.38129
1.3816
1.36502
1.37188
1.36589
1.39997
1.40038
1.39999
1.40053
1.40014
1.395
1.39439
1.39231
1.39748
1.39767
1.40243
1.38693
1.38635
1.38926
1.39631
1.371
1.379
1.38402
1.38671
1.38783
1.3777
1.37964
1.40022
1.40051
1.38707
1.39187
1.36578
1.37915
1.36986
1.39985
1.38307
1.38905
1.38881
1.39227
1.37908
1.37628
1.39678
1.40216
1.39879
1.40217
1.39472
1.40014
1.40015
1.40019
1.40008
1.4001
1.4
1.39999
1.39999
1.39998
1.39999
1.39999
1.37136
1.40013
1.40039
1.40014
1.40017
1.4001
1.40001
1.4
1.40001
1.4
1.40032
1.40017
1.40022
1.40014
1.40012
1.40008
1.39525
1.38275
1.39009
1.39136
1.39963
1.39878
1.39862
1.39985
1.40102
1.39892
1.37116
1.3697
1.37734
1.36685
1.36762
1.39867
1.39956
1.40153
1.39657
1.40246
1.40038
1.40283
1.40373
1.40177
1.40021
1.40094
1.40204
1.38431
1.39221
1.37667
1.38174
1.38565
1.38798
1.37982
1.37501
1.39393
1.3937
1.39929
1.4007
1.40017
1.40138
1.40118
1.39707
1.39895
1.36599
1.3766
1.39998
1.39994
1.3999
1.39979
1.39992
1.3777
1.38258
1.39019
1.39564
1.38667
1.37809
1.39051
1.38635
1.40248
1.39958
1.39698
1.39618
1.39387
1.39456
1.39501
1.4001
1.40006
1.40009
1.40004
1.40002
1.40002
1.37551
1.38249
1.38937
1.37542
1.38142
1.38443
1.38836
1.36363
1.36695
1.37373
1.39968
1.39928
1.39923
1.39982
1.39997
1.39984
1.39964
1.39963
1.40015
1.40003
1.40008
1.40006
1.4
1.4
1.4
1.4
1.4
1.4
1.4003
1.39979
1.39981
1.39963
1.40092
1.40202
1.40109
1.39726
1.39896
1.40032
1.40068
1.40016
1.40025
1.37688
1.38547
1.37906
1.37872
1.3642
1.36324
1.36989
1.37805
1.38222
1.38514
1.38748
1.38252
1.38595
1.39512
1.39095
1.3881
1.4022
1.40086
1.39862
1.39725
1.3986
1.39756
1.40097
1.37597
1.38054
1.37523
1.38936
1.38495
1.39986
1.40045
1.37812
1.37964
1.38589
1.38297
1.38654
1.39644
1.39627
1.39141
1.40007
1.39975
1.39979
1.39985
1.39887
1.39814
1.39888
1.39896
1.39943
1.39905
1.39948
1.38548
1.37535
1.37686
1.37769
1.3783
1.38305
1.39087
1.38163
1.38988
1.3972
1.39998
1.39999
1.39996
1.39998
1.39996
1.39996
1.39992
1.39987
1.3755
1.38239
1.39029
1.37639
1.38524
1.40028
1.40084
1.40072
1.40089
1.40042
1.40017
1.40034
1.37773
1.37624
1.38747
1.38619
1.37446
1.39986
1.40006
1.39995
1.39997
1.39993
1.39986
1.39987
1.39306
1.37361
1.37903
1.37697
1.38466
1.38598
1.36408
1.35993
1.36171
1.40082
1.40031
1.40019
1.40038
1.4001
1.40008
1.38766
1.38709
1.39778
1.38732
1.39148
1.39557
1.38639
1.39338
1.37933
1.37635
1.38752
1.38696
1.37691
1.40002
1.39999
1.40063
1.40064
1.40053
1.36305
1.36054
1.37195
1.4
1.4
1.4
1.4
1.4
1.4
1.4
1.4
1.4
1.40001
1.39011
1.3984
1.39472
1.39997
1.39996
1.40016
1.40002
1.40004
1.40002
1.40001
1.40001
1.4
1.39926
1.39955
1.39974
1.3991
1.39957
1.37638
1.37635
1.38288
1.39081
1.39095
1.37737
1.37389
1.38325
1.38395
1.37458
1.40097
1.40136
1.36192
1.3633
1.35963
1.36455
1.38505
1.39381
1.38632
1.39072
1.39544
1.38194
1.38301
1.38882
1.39048
1.39265
1.39558
1.3615
1.36463
1.36286
1.37347
1.38878
1.36361
1.36655
1.38703
1.38945
1.3967
1.38768
1.39279
1.40065
1.39631
1.40224
1.40204
1.39822
1.39566
1.39944
1.39585
1.39727
1.39473
1.39658
1.39317
1.38785
1.36215
1.3636
1.3758
1.37636
1.36172
1.3723
1.37563
1.38211
1.38008
1.36667
1.37157
1.4
1.39995
1.39985
1.3996
1.39982
1.39992
1.39983
1.3999
1.40019
1.39995
1.40002
1.40006
1.39998
1.38714
1.38635
1.39373
1.38644
1.38245
1.38164
1.38463
1.3885
1.39016
1.37522
1.38169
1.37557
1.38837
1.4
1.39998
1.39998
1.39998
1.39999
1.39999
1.39697
1.39001
1.39771
1.40084
1.40017
1.40017
1.40012
1.40036
1.35861
1.39479
1.35957
1.37125
1.37458
1.38015
1.37978
1.36673
1.37122
1.4
1.4
1.4
1.4
1.4
1.4
1.4
1.36023
1.35759
1.36799
1.36202
1.3639
1.38661
1.37828
1.39126
1.38271
1.38892
1.36487
1.37416
1.36041
1.36389
1.36409
1.37047
1.35813
1.39978
1.40028
1.40074
1.40142
1.40102
1.40022
1.3989
1.39899
1.39885
1.39996
1.39984
1.35768
1.36281
1.36316
1.37292
1.37099
1.35841
1.35944
1.37045
1.37053
1.37503
1.37234
1.36178
1.36092
1.4
1.39999
1.39999
1.4
1.4
1.40001
1.39999
1.39996
1.39999
1.39996
1.39993
1.39983
1.39985
1.39973
1.40001
1.4
1.4
1.4
1.4
1.4
1.4
1.4
1.39076
1.39613
1.39252
1.39197
1.39998
1.39995
1.39983
1.39988
1.39996
1.39993
1.37556
1.37876
1.38411
1.39105
1.39321
1.38721
1.39385
1.39835
1.3986
1.39264
1.395
1.39573
1.3987
1.39901
1.35965
1.3603
1.37407
1.37236
1.37549
1.36055
1.35893
1.36675
1.39641
1.39571
1.38611
1.39201
1.39293
1.37391
1.38221
1.38472
1.38917
1.36697
1.37459
1.35958
1.35812
1.36616
1.39997
1.39993
1.39996
1.39997
1.39995
1.3999
1.40005
1.40003
1.40002
1.40001
1.39997
1.39998
1.39999
1.4
1.35755
1.36799
1.3675
1.37295
1.38362
1.38003
1.36095
1.36113
1.37048
1.38649
1.38519
1.38437
1.38926
1.39473
1.39074
1.39531
1.37219
1.36104
1.37925
1.38367
1.37372
1.37087
1.38805
1.39004
1.37003
1.35534
1.35823
1.39999
1.39999
1.39998
1.39999
1.4
1.4
1.4
1.4
1.4
1.4
1.4
1.37929
1.3847
1.39075
1.38578
1.39999
1.39998
1.39998
1.4
1.39999
1.39996
1.39997
1.39998
1.39998
1.39997
1.39964
1.39719
1.39875
1.3999
1.39991
1.39995
1.39996
1.39981
1.38247
1.38266
1.3828
1.39102
1.39542
1.38155
1.39133
1.36133
1.38508
1.38135
1.38344
1.38237
1.38336
1.38876
1.39526
1.39538
1.4
1.4
1.4
1.4
1.4
1.4
1.39407
1.38713
1.38706
1.38458
1.38734
1.39069
1.39219
1.40001
1.39971
1.39949
1.39914
1.39975
1.39935
1.40159
1.40064
1.40083
1.40002
1.40057
1.4005
1.40001
1.40037
1.39486
1.39052
1.38657
1.38676
1.38422
1.3924
1.39094
1.40168
1.39903
1.3997
1.3988
1.40073
1.40012
1.39997
1.39997
1.39863
1.39914
1.39466
1.39889
1.39636
1.37128
1.37982
1.37147
1.37614
1.36692
1.3748
1.3797
1.35723
1.37536
1.3647
1.3686
1.35706
1.36732
1.38997
1.39251
1.39558
1.39994
1.39974
1.39989
1.39994
1.39991
1.35954
1.36618
1.3535
1.35957
1.35371
1.35897
1.3668
1.3908
1.38747
1.36427
1.37154
1.37906
1.37261
1.40006
1.39991
1.39988
1.3999
1.39988
1.39989
1.39996
1.40015
1.40007
1.36637
1.35585
1.35877
1.38894
1.38368
1.38405
1.39029
1.3946
1.39598
1.36593
1.35583
1.35912
1.35984
1.35432
1.3596
1.40091
1.40049
1.39913
1.39853
1.39949
1.40024
1.36634
1.35527
1.36659
1.3557
1.35731
1.39576
1.38802
1.39198
1.39538
1.39844
1.39625
1.39878
1.39755
1.39921
1.39925
1.39733
1.39931
1.3988
1.40032
1.36601
1.35574
1.35809
1.39997
1.36383
1.36909
1.36551
1.37877
1.37513
1.38065
1.3845
1.39229
1.38127
1.38972
1.39443
1.39703
1.38766
1.3835
1.38746
1.38965
1.37858
1.3795
1.38142
1.3788
1.3814
1.3888
1.35201
1.35409
1.36533
1.36376
1.36395
1.37288
1.37691
1.36439
1.37072
1.39166
1.36575
1.37024
1.36995
1.37934
1.37885
1.38027
1.39474
1.38768
1.37717
1.37918
1.39041
1.38836
1.39479
1.4
1.4
1.4
1.36623
1.3701
1.37186
1.37863
1.37974
1.3848
1.36592
1.35638
1.39832
1.39947
1.39822
1.39987
1.36954
1.36656
1.35555
1.35739
1.38637
1.39105
1.39494
1.38048
1.38885
1.37815
1.38854
1.38446
1.39013
1.38132
1.39838
1.39885
1.3966
1.39412
1.39303
1.3666
1.35354
1.35415
1.37999
1.364
1.36485
1.37488
1.36516
1.38276
1.3735
1.40086
1.40088
1.40041
1.40023
1.40049
1.4003
1.39974
1.39987
1.3999
1.39983
1.39962
1.37362
1.38022
1.388
1.37403
1.37563
1.38368
1.39322
1.39376
1.38436
1.37764
1.36341
1.35163
1.3534
1.36876
1.36953
1.37067
1.37726
1.37741
1.38124
1.39995
1.39893
1.39927
1.39966
1.39954
1.39911
1.40004
1.40011
1.36282
1.37082
1.36835
1.37544
1.37397
1.40001
1.40003
1.40016
1.40002
1.35205
1.35233
1.35547
1.4
1.40001
1.40001
1.4
1.36705
1.37074
1.37176
1.37668
1.3834
1.38142
1.3719
1.36368
1.36411
1.37028
1.37638
1.37177
1.37633
1.39407
1.38693
1.38538
1.39057
1.39118
1.37888
1.3843
1.4
1.4
1.4
1.4
1.40001
1.4
1.4
1.4
1.40001
1.38068
1.3826
1.37803
1.38926
1.39351
1.37808
1.37985
1.38882
1.40094
1.40136
1.4
1.39613
1.39291
1.39519
1.39557
1.39842
1.39889
1.39961
1.39953
1.37308
1.36242
1.3612
1.35385
1.36927
1.36843
1.35321
1.40029
1.40028
1.40018
1.40036
1.40054
1.40008
1.40009
1.40025
1.39995
1.39992
1.39999
1.37818
1.3831
1.38913
1.37198
1.38349
1.37283
1.36868
1.37634
1.37211
1.38286
1.37746
1.38417
1.39841
1.39795
1.39636
1.39775
1.39934
1.39823
1.39866
1.39936
1.3994
1.39804
1.39764
1.35154
1.3532
1.39998
1.39987
1.39993
1.39989
1.39972
1.39982
1.39983
1.40079
1.4007
1.4008
1.40057
1.38846
1.39372
1.37818
1.38605
1.4
1.4
1.4
1.4
1.4
1.36881
1.36255
1.36012
1.36347
1.36188
1.40114
1.40086
1.40049
1.40045
1.40028
1.40012
1.40019
1.40009
1.36646
1.36445
1.37078
1.37724
1.35231
1.35147
1.35811
1.36517
1.36689
1.35013
1.35008
1.40041
1.39998
1.40014
1.40016
1.40005
1.39991
1.39995
1.40006
1.40008
1.40001
1.4
1.4
1.4
1.4
1.4
1.39998
1.39997
1.39991
1.39995
1.39995
1.3999
1.39984
1.36387
1.36724
1.37695
1.37444
1.36339
1.36621
1.36694
1.37443
1.38114
1.37649
1.36264
1.36501
1.36786
1.37896
1.37454
1.38301
1.36495
1.34653
1.34761
1.39827
1.39961
1.39814
1.39887
1.39782
1.39949
1.39908
1.3998
1.39997
1.40003
1.3996
1.39997
1.39995
1.39942
1.39986
1.39991
1.39979
1.39959
1.34803
1.35049
1.35809
1.35061
1.36055
1.36411
1.37268
1.37082
1.35676
1.36097
1.39999
1.35485
1.39107
1.37366
1.40011
1.39864
1.35122
1.35276
1.39836
1.37424
1.40079
1.35073
1.34851
1.35789
1.36013
1.35976
1.36221
1.36832
1.36749
1.39999
1.39999
1.39998
1.39999
1.39999
1.39462
1.39324
1.39528
1.39708
1.39783
1.34866
1.34954
1.36387
1.39847
1.40086
1.39622
1.39533
1.39401
1.39654
1.39614
1.39944
1.39888
1.4005
1.39955
1.39984
1.39924
1.39915
1.39945
1.35416
1.37656
1.38216
1.38905
1.36533
1.37056
1.36066
1.37003
1.37974
1.37999
1.40001
1.40001
1.40001
1.40001
1.40001
1.37888
1.37664
1.38063
1.36347
1.34775
1.34736
1.34795
1.34796
1.39279
1.39642
1.38892
1.39369
1.38493
1.39345
1.38996
1.36296
1.37053
1.36275
1.36804
1.37427
1.37029
1.37564
1.37825
1.39023
1.39997
1.39997
1.39999
1.39998
1.39996
1.34956
1.35155
1.36002
1.40043
1.39783
1.39847
1.39818
1.3994
1.39957
1.39989
1.39952
1.39891
1.39974
1.40029
1.39959
1.39986
1.39969
1.39888
1.39949
1.39974
1.3989
1.37762
1.38062
1.37788
1.37669
1.38688
1.39929
1.39645
1.39783
1.39894
1.39944
1.4006
1.39397
1.35622
1.37551
1.39924
1.40045
1.39456
1.36185
1.3514
1.35085
1.36492
1.36122
1.36873
1.36621
1.39993
1.39993
1.39994
1.39995
1.39994
1.39994
1.36348
1.34832
1.34726
1.36052
1.36657
1.3608
1.36824
1.37573
1.38704
1.37839
1.37758
1.38398
1.37538
1.38464
1.35933
1.36534
1.35841
1.36311
1.36633
1.36963
1.36497
1.36329
1.36774
1.37899
1.39068
1.36735
1.37133
1.38583
1.38159
1.38274
1.38759
1.38705
1.38997
1.39531
1.36355
1.36104
1.36221
1.36157
1.37039
1.36932
1.36418
1.3733
1.3555
1.36298
1.36869
1.37558
1.39994
1.39993
1.39999
1.39999
1.39996
1.39998
1.38492
1.38264
1.38187
1.39862
1.3877
1.39163
1.38563
1.34908
1.35434
1.34487
1.34697
1.357
1.34435
1.3466
1.34902
1.35751
1.39681
1.3902
1.39362
1.39633
1.39506
1.39814
1.39865
1.3904
1.39056
1.36102
1.35794
1.3596
1.36343
1.36863
1.37184
1.38095
1.38878
1.39331
1.39348
1.39625
1.39995
1.39995
1.39996
1.39996
1.39996
1.3999
1.39994
1.36568
1.363
1.37317
1.36671
1.37373
1.34615
1.34786
1.35415
1.35767
1.36367
1.37444
1.35836
1.36368
1.37044
1.37516
1.4
1.4
1.4
1.4
1.4
1.3638
1.37191
1.35598
1.36641
1.35754
1.38392
1.38638
1.38183
1.38985
1.39096
1.39519
1.373
1.37468
1.37303
1.38083
1.39173
1.38179
1.39128
1.3971
1.39509
1.39656
1.38994
1.39095
1.39403
1.35502
1.3629
1.35613
1.3637
1.36829
1.37543
1.3593
1.36018
1.35795
1.36871
1.36742
1.39782
1.39779
1.40031
1.40015
1.39874
1.39959
1.35828
1.35745
1.36457
1.3423
1.34755
1.39709
1.39911
1.39963
1.39977
1.39919
1.39767
1.39985
1.34829
1.34928
1.34317
1.35107
1.35624
1.39935
1.39866
1.3982
1.39911
1.39968
1.35624
1.36338
1.35676
1.37083
1.36564
1.37441
1.39976
1.39961
1.3998
1.39977
1.39989
1.39996
1.39986
1.39997
1.39995
1.39901
1.39961
1.39969
1.39978
1.39939
1.34384
1.34606
1.39987
1.39971
1.39993
1.39975
1.39989
1.3926
1.39374
1.40009
1.39008
1.39349
1.39224
1.39677
1.39596
1.38864
1.38555
1.38318
1.38982
1.39212
1.3874
1.38303
1.3908
1.38982
1.35723
1.35823
1.3648
1.37642
1.37335
1.38581
1.38658
1.39466
1.38501
1.38801
1.35779
1.3634
1.35901
1.36652
1.37123
1.36292
1.36032
1.37285
1.3684
1.37568
1.40012
1.40003
1.40007
1.40012
1.40005
1.37364
1.34485
1.34568
1.35724
1.35248
1.35789
1.35817
1.36665
1.36582
1.40021
1.40037
1.39996
1.37082
1.37668
1.34334
1.34968
1.35615
1.35528
1.37423
1.37097
1.37725
1.38691
1.38455
1.39056
1.37402
1.37138
1.4
1.4
1.39999
1.39999
1.39999
1.4
1.40001
1.4
1.39999
1.34562
1.33926
1.3444
1.39988
1.39928
1.39977
1.39954
1.39993
1.39989
1.39984
1.39967
1.34257
1.34172
1.34728
1.39978
1.39936
1.39373
1.39662
1.39666
1.39279
1.34325
1.3467
1.3532
1.35572
1.35594
1.36358
1.37298
1.35403
1.34278
1.35291
1.34199
1.34522
1.39919
1.39928
1.3994
1.39796
1.39885
1.39779
1.35094
1.34204
1.34327
1.39947
1.39959
1.39979
1.39946
1.39983
1.39993
1.39968
1.39989
1.38133
1.39596
1.38633
1.3966
1.39226
1.36337
1.36589
1.36971
1.37295
1.3531
1.35718
1.38902
1.39234
1.39613
1.39804
1.38974
1.39191
1.39106
1.39339
1.39512
1.39633
1.39722
1.38875
1.39378
1.39391
1.39743
1.3959
1.39644
1.34222
1.34517
1.35492
1.3526
1.35926
1.35436
1.36435
1.3666
1.39988
1.3999
1.39934
1.39976
1.39955
1.39962
1.39978
1.40002
1.40002
1.40001
1.40001
1.4
1.40001
1.40001
1.35239
1.34766
1.34003
1.33975
1.39997
1.39998
1.39994
1.39996
1.37603
1.38235
1.37664
1.3863
1.38898
1.35346
1.33894
1.34068
1.34964
1.35557
1.35297
1.36196
1.36457
1.35975
1.34382
1.34666
1.35738
1.35276
1.35647
1.37024
1.36693
1.35755
1.37252
1.36954
1.38197
1.40011
1.39975
1.39989
1.39967
1.39925
1.39974
1.39963
1.35192
1.35773
1.35978
1.36684
1.36623
1.37346
1.37472
1.37134
1.3702
1.37544
1.37877
1.3812
1.39999
1.39996
1.39998
1.39998
1.35894
1.36626
1.36588
1.34257
1.34318
1.40039
1.39981
1.39885
1.39984
1.3999
1.39973
1.3913
1.39454
1.39822
1.399
1.39043
1.39596
1.39153
1.36345
1.34877
1.35368
1.36021
1.36163
1.36632
1.3712
1.35461
1.35368
1.33983
1.34039
1.39995
1.40001
1.4
1.4
1.4
1.4
1.39999
1.4
1.40001
1.40001
1.4
1.33965
1.33893
1.34573
1.35227
1.34274
1.35301
1.34213
1.3401
1.35048
1.35106
1.35953
1.35991
1.34489
1.34968
1.34457
1.34488
1.39996
1.39995
1.39986
1.39998
1.39988
1.39995
1.35829
1.36976
1.36882
1.35837
1.39993
1.3998
1.39995
1.39992
1.39995
1.3999
1.39997
1.39995
1.33772
1.33783
1.34334
1.36819
1.37097
1.37068
1.38153
1.38057
1.38634
1.40001
1.40001
1.34072
1.33718
1.34023
1.34705
1.33921
1.34223
1.39914
1.39988
1.39969
1.40021
1.40003
1.39938
1.39954
1.34978
1.35636
1.35159
1.36122
1.39997
1.4
1.4
1.39997
1.39997
1.39999
1.40001
1.40001
1.34897
1.33798
1.34105
1.33726
1.33617
1.34273
1.34456
1.3494
1.33822
1.34066
1.33789
1.34293
1.34266
1.34721
1.35438
1.39159
1.39512
1.37958
1.39597
1.38525
1.39158
1.40005
1.40003
1.40003
1.40001
1.40002
1.35339
1.37442
1.36573
1.34634
1.3373
1.3403
1.3918
1.39407
1.39688
1.38985
1.379
1.36977
1.38186
1.37973
1.3742
1.34844
1.33858
1.34074
1.39878
1.39872
1.39655
1.39818
1.39715
1.39579
1.36397
1.36331
1.38719
1.36737
1.38225
1.37319
1.37915
1.38305
1.36767
1.36954
1.35372
1.34731
1.33658
1.3378
1.35111
1.35248
1.35889
1.35957
1.36235
1.34773
1.33856
1.34095
1.37361
1.36258
1.36565
1.35255
1.34926
1.3501
1.34042
1.39994
1.39994
1.39991
1.39792
1.39905
1.39932
1.39991
1.39939
1.39703
1.3987
1.39959
1.39903
1.39888
1.39578
1.3977
1.3963
1.39862
1.39819
1.39954
1.39916
1.3999
1.39993
1.39995
1.39995
1.39992
1.33714
1.33979
1.35137
1.35388
1.34812
1.36376
1.37074
1.36337
1.35354
1.34844
1.3372
1.33878
1.37663
1.36436
1.3715
1.36405
1.36986
1.37085
1.37959
1.38049
1.39
1.3975
1.3987
1.39728
1.39829
1.399
1.39971
1.3999
1.3995
1.39964
1.39932
1.33944
1.34466
1.35415
1.3539
1.36163
1.35291
1.39996
1.39998
1.39993
1.3998
1.39989
1.39956
1.39971
1.39982
1.4
1.4
1.4
1.4
1.35617
1.35134
1.3532
1.36291
1.36204
1.38037
1.38082
1.38663
1.38504
1.39015
1.39084
1.3956
1.39619
1.39838
1.3523
1.35127
1.36389
1.35271
1.36081
1.35171
1.36498
1.37328
1.35835
1.36632
1.39866
1.39988
1.39836
1.39894
1.39889
1.3978
1.39765
1.39982
1.39992
1.39974
1.39934
1.39938
1.34975
1.33827
1.34978
1.33883
1.39922
1.39908
1.3998
1.39946
1.35398
1.34047
1.34117
1.36381
1.36557
1.35439
1.35686
1.37103
1.37442
1.38403
1.38349
1.39973
1.39994
1.39976
1.39997
1.39982
1.39993
1.39982
1.39995
1.39999
1.39998
1.39988
1.39985
1.36848
1.3736
1.38083
1.37803
1.36963
1.37017
1.37966
1.33653
1.33857
1.39998
1.39998
1.39995
1.39998
1.39997
1.39999
1.39998
1.39996
1.39998
1.38732
1.38793
1.3903
1.393
1.3939
1.39965
1.39992
1.4
1.4
1.4
1.4
1.4
1.4
1.4
1.4
1.34429
1.34616
1.35093
1.35829
1.36114
1.38892
1.38384
1.39066
1.39301
1.38819
1.38448
1.39241
1.39526
1.39712
1.39956
1.39585
1.39594
1.3976
1.39758
1.39933
1.39933
1.40002
1.40042
1.40038
1.4
1.4
1.4
1.4
1.4
1.4
1.37823
1.38259
1.3908
1.3949
1.3991
1.39442
1.39881
1.39767
1.39638
1.36679
1.37002
1.38342
1.36461
1.37869
1.40001
1.4
1.4
1.4
1.4
1.4
1.35081
1.35574
1.35637
1.36706
1.34615
1.33729
1.3384
1.35131
1.36156
1.3694
1.34706
1.34773
1.35226
1.3648
1.36034
1.39989
1.39993
1.39997
1.39973
1.39975
1.39963
1.39966
1.39998
1.39985
1.39989
1.39983
1.39961
1.39965
1.37853
1.36732
1.38382
1.38632
1.3704
1.38296
1.36723
1.36387
1.37544
1.37674
1.34421
1.35677
1.34492
1.35009
1.35351
1.35722
1.36214
1.34697
1.34587
1.3498
1.35294
1.36438
1.35641
1.37785
1.38213
1.37609
1.3786
1.388
1.39246
1.39108
1.38368
1.35126
1.3589
1.34824
1.35967
1.35469
1.36425
1.34558
1.35069
1.34669
1.3553
1.3659
1.34881
1.36015
1.40018
1.40025
1.40009
1.40008
1.3455
1.35587
1.36622
1.34738
1.35208
1.36515
1.36041
1.35372
1.33486
1.33718
1.40007
1.40003
1.40001
1.4
1.4
1.40001
1.39927
1.3991
1.3995
1.39905
1.39789
1.34557
1.35194
1.35202
1.36263
1.4
1.4
1.4
1.4
1.4
1.4
1.39986
1.39982
1.39968
1.40059
1.35811
1.3434
1.34728
1.358
1.36635
1.35635
1.36643
1.37171
1.37997
1.37146
1.38356
1.39413
1.38935
1.39788
1.39758
1.38308
1.37766
1.3874
1.3932
1.38283
1.37925
1.39048
1.40002
1.39999
1.4
1.39999
1.4
1.4
1.4
1.4
1.38353
1.38264
1.3796
1.38895
1.37521
1.38055
1.3778
1.38085
1.38124
1.3863
1.38761
1.39026
1.39897
1.39974
1.3999
1.39945
1.35102
1.35048
1.33638
1.33943
1.39989
1.39991
1.39977
1.39922
1.39936
1.39998
1.39998
1.39999
1.40014
1.40008
1.40028
1.40013
1.39808
1.39535
1.3964
1.32923
1.33232
1.33303
1.33507
1.39989
1.39982
1.39993
1.39951
1.39971
1.39933
1.39959
1.40001
1.40001
1.4
1.4
1.4
1.39943
1.39987
1.40002
1.39998
1.39942
1.39973
1.39942
1.39988
1.39985
1.3971
1.3994
1.3997
1.3982
1.39551
1.39712
1.39968
1.39854
1.39913
1.39894
1.39812
1.34387
1.34548
1.35924
1.36631
1.34201
1.3342
1.34776
1.35875
1.3544
1.34369
1.34024
1.34937
1.35983
1.36997
1.34327
1.34517
1.35085
1.36308
1.36015
1.35779
1.37163
1.36434
1.35992
1.36365
1.36528
1.4
1.4
1.4
1.4
1.4
1.4
1.40001
1.39984
1.39975
1.39994
1.35528
1.3675
1.36109
1.33678
1.35
1.33457
1.33409
1.33925
1.35032
1.33584
1.32943
1.33176
1.34928
1.34654
1.34734
1.35557
1.35556
1.38333
1.36681
1.37105
1.3777
1.38768
1.36789
1.37663
1.372
1.38695
1.38266
1.34414
1.34461
1.33388
1.33335
1.37157
1.37123
1.3829
1.36997
1.3761
1.38383
1.34364
1.34705
1.34995
1.35727
1.35774
1.36408
1.37143
1.32749
1.33045
1.33733
1.32974
1.3316
1.33738
1.34644
1.35566
1.36731
1.34399
1.3441
1.35834
1.36222
1.38685
1.36006
1.36412
1.36798
1.37883
1.37562
1.34322
1.33123
1.33317
1.34237
1.34758
1.35831
1.34237
1.34614
1.35266
1.34931
1.36006
1.34315
1.34372
1.36121
1.34215
1.34743
1.3561
1.36852
1.39402
1.38882
1.38564
1.3932
1.38851
1.39578
1.39333
1.39995
1.39987
1.39978
1.39958
1.39985
1.37176
1.37135
1.36949
1.37694
1.38809
1.38966
1.38093
1.34787
1.3506
1.35893
1.36795
1.38135
1.3748
1.38368
1.40001
1.4
1.4
1.40001
1.4
1.34278
1.37052
1.3986
1.39983
1.39865
1.3945
1.39566
1.33195
1.3317
1.34158
1.39974
1.39875
1.40028
1.3986
1.39339
1.39542
1.3356
1.34307
1.33155
1.4
1.39998
1.4
1.39999
1.39999
1.4
1.4
1.4
1.34504
1.35524
1.33937
1.34061
1.34582
1.35293
1.35534
1.34836
1.34422
1.34306
1.35274
1.35669
1.36506
1.32794
1.34148
1.32919
1.39805
1.39961
1.39981
1.39851
1.39818
1.39735
1.39679
1.39995
1.39992
1.39991
1.39993
1.39985
1.39993
1.39991
1.33996
1.34101
1.3463
1.35317
1.35732
1.34578
1.34472
1.3664
1.34504
1.35452
1.35616
1.34451
1.3402
1.34631
1.35596
1.34181
1.34587
1.35232
1.35632
1.39984
1.32596
1.32743
1.33383
1.33935
1.33122
1.34198
1.34177
1.33996
1.34951
1.34671
1.34547
1.32795
1.32903
1.39999
1.4
1.4
1.39999
1.34332
1.35512
1.35493
1.34275
1.3381
1.38663
1.38549
1.38886
1.39013
1.39137
1.39637
1.39823
1.337
1.37171
1.40225
1.40298
1.39544
1.33756
1.35981
1.34012
1.33988
1.3462
1.34905
1.35401
1.36043
1.39996
1.39997
1.39995
1.39998
1.39997
1.32945
1.33151
1.33964
1.34403
1.35276
1.35525
1.36194
1.34279
1.34181
1.34005
1.34166
1.3516
1.36054
1.39013
1.38739
1.38487
1.39135
1.38941
1.39526
1.39448
1.39723
1.39161
1.39493
1.39753
1.38845
1.39617
1.39311
1.39641
1.39555
1.40003
1.40003
1.40001
1.4
1.40003
1.39994
1.39996
1.39997
1.39996
1.39998
1.39998
1.39997
1.39998
1.33072
1.32862
1.33775
1.33898
1.34023
1.34951
1.3602
1.32745
1.3276
1.33829
1.39973
1.39973
1.3994
1.39959
1.39984
1.39994
1.39991
1.39986
1.3999
1.39989
1.39989
1.3999
1.39991
1.32992
1.32743
1.33628
1.3789
1.3594
1.35515
1.37525
1.36213
1.37216
1.39996
1.39999
1.40002
1.40002
1.39977
1.39995
1.39989
1.39991
1.3993
1.39931
1.39836
1.40011
1.39763
1.39358
1.34021
1.36713
1.34177
1.3451
1.35855
1.35766
1.32232
1.32954
1.34494
1.35549
1.34319
1.33753
1.35743
1.39627
1.39358
1.39533
1.39708
1.39755
1.4
1.4
1.4
1.4
1.4
1.4
1.33097
1.32466
1.33037
1.33758
1.33972
1.34565
1.34961
1.39549
1.39151
1.38405
1.38883
1.39222
1.38995
1.34073
1.34093
1.34709
1.35566
1.35242
1.36095
1.4
1.39999
1.4
1.4
1.4
1.40001
1.4
1.4
1.34517
1.34357
1.3322
1.33326
1.39975
1.39985
1.3363
1.32708
1.32904
1.33591
1.37322
1.35348
1.35855
1.36886
1.33719
1.32741
1.33044
1.34067
1.33401
1.32281
1.32492
1.38827
1.3871
1.39251
1.38642
1.39095
1.3941
1.39501
1.39683
1.38432
1.37542
1.36052
1.36678
1.36208
1.3638
1.37575
1.37211
1.37754
1.3936
1.37734
1.38083
1.38237
1.38957
1.38868
1.34131
1.35205
1.36108
1.39934
1.39987
1.39968
1.3998
1.3999
1.3998
1.39982
1.39998
1.4
1.39991
1.39999
1.39998
1.39996
1.33669
1.33187
1.32481
1.32696
1.35892
1.36628
1.38309
1.36824
1.37039
1.4
1.4
1.39999
1.4
1.4
1.39663
1.38546
1.39049
1.38979
1.38003
1.38434
1.34273
1.35579
1.33664
1.34238
1.36137
1.36824
1.35188
1.36135
1.39983
1.39956
1.39973
1.39992
1.39989
1.38775
1.39343
1.38839
1.3863
1.39307
1.39563
1.34592
1.36209
1.36068
1.32996
1.3384
1.34727
1.34004
1.34649
1.33433
1.34437
1.4
1.4
1.39991
1.39986
1.39993
1.33716
1.32385
1.32835
1.32449
1.32737
1.33616
1.32697
1.32934
1.39709
1.39907
1.39867
1.3972
1.34132
1.34218
1.35182
1.35216
1.32946
1.32966
1.35468
1.36274
1.37952
1.35948
1.36556
1.34593
1.35314
1.37337
1.35376
1.35656
1.36543
1.37782
1.40003
1.40005
1.40003
1.39971
1.39958
1.39981
1.39952
1.39908
1.3985
1.3981
1.39942
1.39887
1.36108
1.38323
1.36087
1.36291
1.36573
1.37431
1.37652
1.4
1.4
1.4
1.4
1.4
1.4
1.4
1.39983
1.32558
1.397
1.39494
1.39667
1.3967
1.39851
1.39856
1.39973
1.3994
1.39985
1.39922
1.39966
1.37826
1.35678
1.34984
1.36362
1.37841
1.35969
1.35521
1.37335
1.38396
1.39432
1.38789
1.39855
1.3958
1.39019
1.39132
1.39516
1.39572
1.39364
1.39749
1.39887
1.39788
1.39805
1.39901
1.39946
1.39796
1.39896
1.39814
1.39921
1.39942
1.33978
1.3455
1.33927
1.35296
1.35005
1.3611
1.33769
1.3474
1.35873
1.33383
1.35082
1.38063
1.38119
1.38474
1.39206
1.33231
1.33717
1.35046
1.33723
1.35126
1.34864
1.3374
1.33746
1.37394
1.35661
1.37084
1.37435
1.3704
1.36344
1.35682
1.35914
1.34043
1.34393
1.34162
1.35541
1.35564
1.32841
1.33226
1.32352
1.32583
1.3401
1.32201
1.32731
1.32219
1.32614
1.33061
1.32343
1.32507
1.35683
1.37396
1.32715
1.32204
1.32737
1.36731
1.39275
1.38141
1.39602
1.39886
1.39799
1.39579
1.39857
1.39754
1.39623
1.3775
1.3765
1.38501
1.39095
1.3802
1.3894
1.38669
1.33273
1.32259
1.32623
1.33265
1.32303
1.32663
1.33401
1.33181
1.32473
1.32732
1.33873
1.34136
1.34692
1.35392
1.35808
1.36024
1.36519
1.36363
1.36372
1.35928
1.37452
1.37425
1.38321
1.38449
1.38817
1.3322
1.3234
1.32416
1.39973
1.39661
1.39792
1.39928
1.3985
1.36313
1.36839
1.37585
1.38238
1.32067
1.32341
1.33099
1.35104
1.36094
1.35053
1.35392
1.3604
1.37296
1.35994
1.36145
1.36347
1.37283
1.37282
1.33532
1.33694
1.3211
1.32215
1.37489
1.36142
1.35325
1.35314
1.37267
1.33471
1.32217
1.3258
1.4
1.39999
1.39995
1.39999
1.39995
1.39997
1.39998
1.4
1.39998
1.4
1.39995
1.3998
1.39995
1.39974
1.39987
1.39993
1.4
1.39998
1.39981
1.39975
1.3999
1.3999
1.34362
1.33416
1.33849
1.3481
1.35139
1.33994
1.35395
1.35227
1.33838
1.39961
1.39865
1.39896
1.39912
1.39937
1.39945
1.3339
1.32337
1.32576
1.39999
1.39988
1.39995
1.39988
1.39997
1.39999
1.39996
1.39997
1.40005
1.40002
1.4
1.40001
1.39999
1.4
1.4
1.39998
1.39996
1.39775
1.39723
1.3991
1.39953
1.39897
1.39806
1.35976
1.35618
1.37875
1.36882
1.37106
1.33536
1.33435
1.33953
1.3457
1.34874
1.33188
1.32134
1.32231
1.39892
1.39831
1.39937
1.3984
1.39903
1.39985
1.3999
1.39991
1.39987
1.40001
1.4
1.4
1.40001
1.39842
1.39849
1.39788
1.39912
1.39893
1.40028
1.39949
1.33748
1.33633
1.32445
1.32465
1.32281
1.32503
1.32937
1.333
1.32101
1.32257
1.32842
1.33335
1.34126
1.39355
1.38415
1.38906
1.3799
1.39969
1.39965
1.39983
1.33568
1.34223
1.34507
1.34918
1.35765
1.34261
1.33252
1.32285
1.33824
1.35107
1.34906
1.33565
1.33214
1.33107
1.32222
1.32495
1.35374
1.36688
1.37007
1.3544
1.35827
1.35094
1.35621
1.36826
1.36531
1.37474
1.38502
1.39151
1.39343
1.39509
1.33282
1.33498
1.34816
1.34845
1.33326
1.39747
1.39407
1.39525
1.3969
1.39791
1.39865
1.33139
1.33468
1.32158
1.32261
1.3996
1.39898
1.39969
1.39266
1.39495
1.39582
1.38933
1.38409
1.37842
1.3999
1.39967
1.39995
1.39995
1.39986
1.39992
1.3999
1.39979
1.39989
1.39988
1.39986
1.39992
1.39992
1.39622
1.39579
1.39946
1.39928
1.39832
1.39995
1.39999
1.39998
1.39997
1.32099
1.33288
1.39987
1.39969
1.39943
1.39958
1.36238
1.37389
1.37339
1.38139
1.3613
1.35698
1.33877
1.34658
1.34764
1.33447
1.33259
1.3303
1.32161
1.3999
1.39973
1.39995
1.39975
1.3999
1.35261
1.35053
1.35183
1.35478
1.35768
1.35666
1.37925
1.37808
1.36964
1.36841
1.33607
1.34678
1.3343
1.3999
1.39994
1.3999
1.39993
1.3999
1.39983
1.39383
1.39609
1.39848
1.33661
1.35679
1.33235
1.33299
1.33825
1.34867
1.35369
1.36932
1.3686
1.39459
1.39206
1.3966
1.39834
1.39511
1.33438
1.36127
1.33397
1.33379
1.34784
1.34674
1.39994
1.39998
1.39998
1.39987
1.39993
1.32916
1.31806
1.32077
1.40002
1.39989
1.39983
1.39997
1.39993
1.4
1.38813
1.36704
1.37302
1.3874
1.39121
1.39417
1.32439
1.32769
1.33471
1.32389
1.32027
1.33374
1.39989
1.39996
1.39987
1.39998
1.39995
1.32516
1.34866
1.33757
1.33942
1.35516
1.35497
1.33927
1.33368
1.33393
1.31865
1.31899
1.39997
1.39994
1.39999
1.39997
1.39999
1.34026
1.32142
1.32418
1.32998
1.32961
1.34105
1.32939
1.3965
1.39542
1.39871
1.39783
1.39605
1.39834
1.39734
1.32128
1.32676
1.33632
1.36484
1.35573
1.36272
1.3752
1.38716
1.39098
1.36186
1.36712
1.3798
1.3836
1.37428
1.32247
1.4
1.4
1.37839
1.39509
1.38149
1.39604
1.39537
1.39714
1.39498
1.3887
1.39937
1.39979
1.39982
1.39959
1.39929
1.39954
1.32754
1.33486
1.35185
1.33246
1.34734
1.33348
1.33132
1.34331
1.3421
1.35274
1.36986
1.4
1.4
1.4
1.4
1.4
1.33246
1.31973
1.32123
1.3997
1.39986
1.39972
1.39932
1.39987
1.34159
1.33646
1.34776
1.31911
1.3301
1.33176
1.32636
1.3321
1.35203
1.34501
1.34274
1.33239
1.33071
1.33556
1.33949
1.34345
1.35112
1.3592
1.36282
1.40003
1.39997
1.4
1.40005
1.40006
1.40008
1.40007
1.39951
1.39982
1.39944
1.39969
1.39922
1.39832
1.39859
1.39913
1.33958
1.35367
1.33772
1.34868
1.35296
1.32918
1.33407
1.32056
1.33064
1.34914
1.35997
1.3611
1.34117
1.34025
1.32962
1.33571
1.33473
1.3354
1.32935
1.33148
1.33556
1.34283
1.34535
1.38175
1.38378
1.3951
1.39065
1.3942
1.39917
1.3996
1.39955
1.39881
1.39827
1.39768
1.39977
1.39963
1.39986
1.39873
1.39938
1.39992
1.3999
1.39932
1.34685
1.34651
1.35665
1.37125
1.37056
1.33002
1.33232
1.35358
1.36339
1.39998
1.39993
1.39994
1.33434
1.32119
1.3323
1.3313
1.31799
1.31933
1.36138
1.36467
1.37828
1.37152
1.38985
1.37319
1.38195
1.36101
1.34402
1.34337
1.36962
1.38147
1.37485
1.38189
1.38131
1.35957
1.36925
1.39567
1.39736
1.39023
1.39443
1.39679
1.39895
1.39885
1.39986
1.39962
1.39994
1.39992
1.39955
1.39973
1.32562
1.33319
1.3445
1.32624
1.3309
1.3442
1.33869
1.33143
1.32646
1.32988
1.33354
1.34077
1.34416
1.35276
1.32426
1.33065
1.32901
1.33984
1.33867
1.39762
1.39726
1.39432
1.33121
1.31534
1.32023
1.32634
1.33256
1.32733
1.32951
1.33971
1.34215
1.39209
1.39364
1.39261
1.39353
1.39419
1.39634
1.39729
1.398
1.32727
1.32813
1.3323
1.34194
1.34648
1.32739
1.32859
1.34246
1.35232
1.3526
1.33222
1.34723
1.34774
1.3582
1.32729
1.33265
1.32627
1.33299
1.34151
1.34317
1.34953
1.3963
1.39943
1.399
1.39969
1.39965
1.39834
1.39917
1.39915
1.39753
1.39859
1.3256
1.3139
1.31604
1.39998
1.39999
1.39997
1.39999
1.32876
1.32896
1.34034
1.35437
1.38765
1.38672
1.3898
1.39194
1.39077
1.37165
1.37211
1.37401
1.38688
1.3877
1.37995
1.34278
1.33989
1.35333
1.36493
1.3463
1.36081
1.32142
1.31778
1.32943
1.3805
1.38266
1.38789
1.39225
1.4
1.4
1.4
1.4
1.39977
1.39968
1.39833
1.39912
1.39904
1.39947
1.39957
1.39988
1.39995
1.39997
1.39994
1.39986
1.33058
1.341
1.32396
1.32477
1.33041
1.33747
1.34112
1.34905
1.33135
1.34524
1.3535
1.32527
1.32819
1.34152
1.39987
1.39987
1.39979
1.32398
1.32573
1.33019
1.3387
1.34135
1.38145
1.38499
1.38456
1.39135
1.3913
1.39442
1.32402
1.32542
1.33039
1.3393
1.34277
1.36671
1.38915
1.37578
1.37985
1.39229
1.37313
1.37732
1.37656
1.38634
1.38527
1.33061
1.3235
1.3291
1.33986
1.34069
1.35434
1.33022
1.32567
1.32956
1.33247
1.34301
1.34604
1.35498
1.31735
1.3159
1.32435
1.39865
1.39696
1.39931
1.39943
1.39737
1.39859
1.31546
1.3142
1.32115
1.3231
1.33315
1.34247
1.34946
1.32437
1.33019
1.33788
1.34298
1.4
1.4
1.4
1.4
1.4
1.4
1.31871
1.31613
1.32426
1.39999
1.4
1.4
1.40001
1.31448
1.3154
1.32096
1.39988
1.39997
1.39991
1.4
1.39999
1.39998
1.39996
1.39999
1.39999
1.39999
1.3297
1.32057
1.31892
1.39988
1.39953
1.39975
1.39937
1.39967
1.39646
1.39625
1.39741
1.39857
1.39871
1.39932
1.31197
1.31762
1.32321
1.32384
1.32399
1.33027
1.34338
1.36405
1.33686
1.36142
1.3253
1.32973
1.33418
1.34028
1.35011
1.35381
1.3291
1.32809
1.31426
1.31562
1.32533
1.33174
1.31337
1.3153
1.32211
1.32496
1.32677
1.31521
1.31485
1.34941
1.35822
1.38672
1.36895
1.34963
1.35597
1.35082
1.35729
1.36698
1.37365
1.38573
1.38396
1.35545
1.36522
1.37639
1.37639
1.38112
1.4
1.4
1.4
1.4
1.4
1.4
1.4
1.40152
1.39457
1.32975
1.36797
1.37597
1.31421
1.31235
1.32233
1.40398
1.39068
1.32875
1.35537
1.3998
1.39987
1.39963
1.39988
1.39963
1.39979
1.34427
1.34765
1.35394
1.36089
1.36492
1.37084
1.32721
1.338
1.34116
1.32823
1.35749
1.33202
1.34273
1.34127
1.33053
1.32642
1.32535
1.32532
1.33118
1.33483
1.33856
1.34737
1.37661
1.38405
1.37999
1.37898
1.38745
1.38697
1.35636
1.36951
1.34992
1.36511
1.32484
1.31235
1.31439
1.33883
1.34997
1.35138
1.35708
1.3584
1.37421
1.31332
1.31573
1.3237
1.4
1.4
1.4
1.4
1.4
1.4
1.4
1.32627
1.32993
1.34039
1.31233
1.32095
1.32422
1.32481
1.33395
1.34777
1.30935
1.31466
1.31501
1.32025
1.31189
1.31511
1.31137
1.31543
1.32487
1.32745
1.33317
1.33837
1.34146
1.39986
1.39958
1.3997
1.39933
1.3996
1.39978
1.39984
1.39997
1.39951
1.3999
1.39984
1.39971
1.35133
1.35003
1.35289
1.36622
1.3786
1.3867
1.38747
1.36349
1.37182
1.37638
1.37959
1.39999
1.40001
1.4
1.4
1.4
1.33387
1.33163
1.3514
1.39883
1.39924
1.39922
1.3984
1.39548
1.39638
1.39679
1.3942
1.39004
1.39398
1.39702
1.39519
1.37901
1.3784
1.37559
1.38125
1.38632
1.38557
1.32807
1.31478
1.31506
1.32566
1.31496
1.32269
1.31328
1.39922
1.39971
1.39901
1.39936
1.3998
1.39994
1.31876
1.30968
1.31294
1.39995
1.39997
1.39993
1.39997
1.39998
1.32216
1.3127
1.31541
1.31931
1.30926
1.3124
1.32386
1.32563
1.32796
1.33927
1.34284
1.3883
1.39047
1.39046
1.39633
1.39176
1.39539
1.39341
1.39275
1.39476
1.39744
1.39418
1.39871
1.39756
1.39844
1.3996
1.3997
1.39873
1.39943
1.4008
1.32824
1.36458
1.39698
1.40317
1.39986
1.32695
1.39465
1.36553
1.39984
1.39976
1.35969
1.36916
1.34731
1.35412
1.36333
1.36047
1.3999
1.39937
1.3997
1.39898
1.39978
1.39952
1.3999
1.39994
1.39996
1.39995
1.39992
1.34787
1.3505
1.36738
1.3469
1.35431
1.36901
1.37605
1.32566
1.32679
1.342
1.35457
1.32478
1.31258
1.31952
1.39954
1.39977
1.3985
1.39918
1.39961
1.39909
1.39975
1.32192
1.32123
1.32423
1.333
1.33515
1.3994
1.39977
1.39884
1.39912
1.3427
1.33419
1.36789
1.36453
1.3486
1.34566
1.34806
1.36323
1.32605
1.33222
1.33178
1.34352
1.34327
1.32509
1.31559
1.3143
1.32466
1.3963
1.39624
1.39825
1.39924
1.39887
1.39793
1.39818
1.39928
1.39824
1.3991
1.39961
1.39924
1.39801
1.39827
1.39945
1.3996
1.31393
1.32108
1.31425
1.32075
1.31092
1.31496
1.30963
1.31398
1.32382
1.3372
1.34011
1.31961
1.32527
1.31984
1.30645
1.30964
1.39837
1.39909
1.39207
1.39323
1.39706
1.39869
1.3191
1.30996
1.3134
1.34079
1.33531
1.35697
1.34462
1.35261
1.34136
1.36841
1.37409
1.3587
1.32452
1.31181
1.31048
1.32322
1.31326
1.31699
1.31102
1.31256
1.35523
1.3674
1.37513
1.3685
1.3104
1.3116
1.31035
1.3119
1.31736
1.3113
1.31332
1.31642
1.30568
1.30916
1.32833
1.3413
1.32081
1.32431
1.3376
1.35079
1.39134
1.37214
1.393
1.38694
1.39289
1.38244
1.4
1.4
1.4
1.4
1.4
1.35736
1.36114
1.37341
1.36634
1.37847
1.39988
1.39983
1.39988
1.3999
1.3999
1.39982
1.3999
1.39987
1.39976
1.3996
1.39956
1.399
1.39946
1.3997
1.39286
1.38209
1.38703
1.38938
1.3737
1.37659
1.3163
1.30879
1.31212
1.31695
1.30801
1.31056
1.32838
1.33969
1.3494
1.3528
1.36573
1.36736
1.3078
1.30888
1.32076
1.3118
1.30873
1.31227
1.34448
1.34549
1.34794
1.36104
1.36988
1.36211
1.31746
1.31028
1.31064
1.31954
1.31239
1.3285
1.39994
1.39999
1.39997
1.39999
1.4
1.4
1.39998
1.39999
1.32136
1.32297
1.31738
1.33127
1.33261
1.34409
1.32935
1.33977
1.3179
1.32208
1.32282
1.33327
1.33182
1.4
1.4
1.4
1.34486
1.35738
1.35266
1.37155
1.37335
1.31869
1.32401
1.32393
1.33446
1.33557
1.39893
1.39884
1.39789
1.3964
1.39734
1.39993
1.33849
1.3464
1.3648
1.34465
1.34977
1.37068
1.37336
1.38973
1.38917
1.39208
1.37921
1.37999
1.38791
1.3159
1.30847
1.31692
1.31062
1.32011
1.31882
1.3107
1.32135
1.32029
1.3164
1.33006
1.33021
1.36968
1.37124
1.37689
1.37869
1.38661
1.38802
1.30876
1.31025
1.31514
1.39995
1.39991
1.39987
1.39993
1.39995
1.39996
1.39998
1.39996
1.31851
1.30908
1.39977
1.39991
1.39994
1.39988
1.39995
1.39986
1.32645
1.32567
1.32689
1.3411
1.34093
1.36105
1.31977
1.30749
1.31257
1.39952
1.39976
1.39956
1.39992
1.3999
1.39996
1.32021
1.30647
1.30907
1.3221
1.32545
1.33365
1.34473
1.39247
1.39183
1.39299
1.39506
1.39577
1.39825
1.39968
1.3993
1.39984
1.39955
1.39929
1.39979
1.39981
1.39968
1.39139
1.37709
1.37782
1.38694
1.38756
1.3335
1.33963
1.34248
1.32336
1.3206
1.32315
1.32567
1.33619
1.35121
1.33879
1.35481
1.39172
1.39365
1.39602
1.39838
1.32869
1.34162
1.3192
1.32584
1.34713
1.35535
1.39996
1.39995
1.39998
1.39997
1.39998
1.39995
1.39997
1.39997
1.39997
1.39995
1.33317
1.33724
1.31487
1.31022
1.32516
1.38397
1.37928
1.39211
1.3927
1.39958
1.39907
1.39949
1.39969
1.39984
1.3995
1.39984
1.39972
1.34212
1.34532
1.36081
1.36982
1.35528
1.3683
1.36431
1.35078
1.35198
1.4
1.4
1.4
1.4
1.4
1.4
1.4
1.30897
1.31416
1.30967
1.30289
1.30701
1.3122
1.34134
1.35697
1.35396
1.36525
1.35854
1.3588
1.37029
1.38185
1.37144
1.37927
1.38217
1.38613
1.39939
1.39883
1.39964
1.39924
1.39958
1.39982
1.3998
1.39956
1.38403
1.37565
1.37288
1.38248
1.37941
1.38581
1.31955
1.32034
1.30698
1.30807
1.3761
1.33885
1.34859
1.34769
1.34359
1.34913
1.36313
1.36478
1.32145
1.30638
1.30866
1.31361
1.31745
1.32854
1.38614
1.36578
1.37172
1.39491
1.38883
1.39536
1.38541
1.38999
1.36105
1.3606
1.36489
1.37489
1.39931
1.39677
1.3979
1.39757
1.39632
1.39986
1.3999
1.39978
1.39989
1.30643
1.30678
1.319
1.31204
1.31932
1.31726
1.33134
1.34235
1.34722
1.39976
1.39952
1.39944
1.39833
1.39877
1.32539
1.33801
1.31559
1.31938
1.3219
1.33573
1.33114
1.39951
1.39891
1.39931
1.31049
1.30873
1.31688
1.34202
1.34925
1.35076
1.36539
1.35953
1.37016
1.39079
1.39139
1.38886
1.39666
1.38981
1.39104
1.39665
1.39803
1.39402
1.39427
1.39694
1.4
1.4
1.4
1.4
1.4
1.4
1.4
1.4
1.32042
1.3353
1.31909
1.33196
1.33522
1.31475
1.31816
1.37815
1.38358
1.38347
1.37827
1.37203
1.38104
1.32073
1.32139
1.32968
1.33133
1.34259
1.37575
1.3796
1.39259
1.38612
1.38804
1.39631
1.39254
1.39543
1.39608
1.34193
1.35016
1.36615
1.3455
1.3634
1.39975
1.39988
1.39995
1.39986
1.3202
1.3337
1.31412
1.32421
1.33742
1.33207
1.34317
1.3193
1.30782
1.31395
1.30729
1.30341
1.30082
1.30888
1.39927
1.39925
1.39977
1.39955
1.39964
1.39893
1.39901
1.3998
1.39987
1.39942
1.39953
1.39979
1.39942
1.39987
1.39975
1.302
1.30374
1.31517
1.39893
1.39832
1.39738
1.39608
1.39427
1.38696
1.39038
1.36269
1.39238
1.36749
1.38436
1.31309
1.31661
1.32031
1.32938
1.33228
1.3144
1.34593
1.31713
1.33197
1.31904
1.32232
1.33523
1.34706
1.34632
1.36525
1.36432
1.32503
1.31588
1.31783
1.33541
1.34391
1.39281
1.37487
1.39091
1.39074
1.38417
1.37805
1.36309
1.32685
1.33704
1.35293
1.31993
1.32698
1.34981
1.31839
1.31581
1.31742
1.32114
1.33518
1.33053
1.33269
1.3404
1.31394
1.31677
1.30432
1.30383
1.39442
1.398
1.37325
1.38864
1.38718
1.37029
1.3794
1.37771
1.3999
1.39996
1.39896
1.39851
1.39943
1.39933
1.3946
1.39491
1.31114
1.31683
1.32698
1.39715
1.3944
1.39852
1.39868
1.3944
1.39706
1.31602
1.32978
1.31453
1.31157
1.32407
1.33438
1.3141
1.32189
1.31795
1.32242
1.34253
1.34629
1.3479
1.3194
1.30231
1.31324
1.30381
1.31691
1.32504
1.32068
1.34415
1.34212
1.35394
1.39902
1.39462
1.38998
1.39611
1.39319
1.39815
1.39321
1.3962
1.39788
1.39494
1.398
1.33335
1.31479
1.31939
1.32313
1.33056
1.3134
1.31946
1.33241
1.34038
1.36079
1.39911
1.39981
1.39949
1.39879
1.39979
1.39808
1.39835
1.39913
1.32106
1.31919
1.30574
1.30644
1.39998
1.39999
1.4
1.39999
1.39998
1.31824
1.31986
1.33016
1.35006
1.3188
1.31206
1.31547
1.31652
1.32894
1.33135
1.39962
1.3995
1.39994
1.39997
1.39998
1.39997
1.39998
1.39998
1.39999
1.32642
1.32665
1.33828
1.33979
1.31569
1.31508
1.33436
1.33857
1.31638
1.30547
1.32516
1.32676
1.31226
1.32405
1.31895
1.32264
1.32473
1.33585
1.38576
1.37795
1.36486
1.37648
1.36502
1.3042
1.29631
1.31113
1.39981
1.39992
1.39981
1.39993
1.39996
1.39996
1.39989
1.39998
1.39995
1.39998
1.33253
1.34801
1.3789
1.3535
1.37004
1.37755
1.36737
1.3511
1.34093
1.35226
1.35203
1.36748
1.36911
1.37697
1.3929
1.3939
1.3789
1.38116
1.38698
1.38802
1.39984
1.39928
1.39965
1.39978
1.31675
1.32814
1.32924
1.31204
1.31468
1.34026
1.34825
1.34677
1.36424
1.362
1.37185
1.3999
1.39995
1.39992
1.3201
1.31115
1.31665
1.33181
1.31521
1.31696
1.31634
1.32871
1.32839
1.30063
1.30097
1.30979
1.35753
1.34414
1.35706
1.36106
1.33582
1.31502
1.32066
1.31425
1.31487
1.3276
1.32831
1.34083
1.34033
1.31226
1.3168
1.31686
1.33169
1.33266
1.31331
1.3049
1.31672
1.31501
1.33944
1.35599
1.31814
1.33487
1.3472
1.3118
1.33262
1.31646
1.39983
1.39995
1.40003
1.40002
1.40005
1.3946
1.39965
1.39985
1.3999
1.39983
1.39991
1.31484
1.30193
1.30312
1.34038
1.34152
1.36347
1.35805
1.36939
1.37055
1.38273
1.38383
1.29713
1.39967
1.3998
1.3996
1.39982
1.3998
1.39976
1.39988
1.30375
1.30176
1.31308
1.31113
1.30755
1.31072
1.30125
1.32754
1.34257
1.39977
1.39983
1.39981
1.31055
1.31479
1.33149
1.39862
1.39985
1.39922
1.39839
1.39932
1.39897
1.39942
1.39955
1.34227
1.34714
1.36435
1.36728
1.33931
1.34813
1.31803
1.33067
1.31271
1.31752
1.32949
1.34024
1.31195
1.31579
1.31923
1.33312
1.33586
1.39929
1.39921
1.39978
1.39961
1.3872
1.38912
1.38948
1.3939
1.39128
1.39664
1.39582
1.39737
1.39412
1.39487
1.30276
1.30176
1.3098
1.33278
1.33284
1.36291
1.34654
1.36433
1.37559
1.38207
1.39415
1.39497
1.38752
1.38526
1.39111
1.32078
1.33417
1.33679
1.34926
1.31337
1.31219
1.31105
1.30442
1.39793
1.39852
1.39775
1.35374
1.34627
1.36246
1.37471
1.39857
1.3964
1.39286
1.38965
1.391
1.39484
1.39531
1.3877
1.39005
1.37176
1.33739
1.33966
1.34628
1.35776
1.3548
1.3104
1.31208
1.31522
1.32638
1.32705
1.3039
1.30854
1.30269
1.31437
1.30972
1.31512
1.31515
1.3279
1.32685
1.33766
1.30316
1.31026
1.29885
1.34489
1.31038
1.31541
1.31916
1.33354
1.33127
1.29517
1.30016
1.3965
1.39554
1.39643
1.39832
1.39818
1.39904
1.39657
1.31344
1.31962
1.33567
1.34916
1.36652
1.30361
1.29694
1.3228
1.34322
1.31452
1.32861
1.34034
1.35146
1.34711
1.30511
1.31015
1.29958
1.30164
1.30181
1.39981
1.39992
1.39994
1.39992
1.36058
1.36483
1.37499
1.38405
1.38431
1.3785
1.37523
1.29966
1.30828
1.30164
1.30513
1.30963
1.29887
1.30139
1.3078
1.29699
1.30171
1.34483
1.36284
1.33297
1.34032
1.35991
1.37061
1.37328
1.31492
1.30155
1.31041
1.30806
1.31124
1.32683
1.33028
1.34161
1.29726
1.39977
1.39948
1.39987
1.39976
1.39989
1.35924
1.3599
1.33631
1.34641
1.35537
1.39989
1.39981
1.39971
1.29842
1.30165
1.30696
1.4
1.4
1.4
1.4
1.4
1.4
1.4
1.4
1.33209
1.33867
1.37321
1.34525
1.35834
1.3612
1.3406
1.33606
1.3988
1.39981
1.39957
1.39915
1.30723
1.29685
1.29975
1.31395
1.32884
1.32911
1.30687
1.31418
1.30819
1.29534
1.29942
1.31071
1.32099
1.3213
1.31095
1.30774
1.39869
1.39779
1.39649
1.3951
1.39711
1.39093
1.3067
1.29912
1.29931
1.30496
1.33559
1.35016
1.36589
1.33398
1.3445
1.3425
1.35836
1.35953
1.30987
1.30042
1.30238
1.31287
1.31944
1.31057
1.31373
1.32321
1.32616
1.39893
1.39947
1.39938
1.30281
1.30164
1.31115
1.31198
1.31365
1.29833
1.3008
1.31692
1.32638
1.3148
1.31004
1.33035
1.33843
1.3457
1.35853
1.36025
1.39963
1.39941
1.40035
1.4
1.4
1.4
1.4
1.4
1.3119
1.30212
1.30242
1.3971
1.33224
1.36177
1.31364
1.3872
1.35959
1.39851
1.31321
1.29992
1.30086
1.32341
1.34088
1.40362
1.39304
1.30972
1.3442
1.29954
1.31086
1.36504
1.34774
1.3414
1.34864
1.35027
1.36446
1.36536
1.37285
1.37364
1.33373
1.3489
1.36344
1.31815
1.30709
1.31128
1.33706
1.3998
1.39964
1.39919
1.39832
1.39887
1.3423
1.33055
1.3403
1.33993
1.35422
1.35324
1.36665
1.38563
1.37936
1.39185
1.3883
1.39299
1.39964
1.39947
1.39879
1.39817
1.39925
1.32462
1.33323
1.29936
1.30544
1.30728
1.30978
1.39903
1.39931
1.39855
1.39753
1.33568
1.34106
1.35718
1.36787
1.39988
1.39986
1.39988
1.39938
1.39954
1.39992
1.39963
1.39954
1.39968
1.3996
1.39987
1.39981
1.3999
1.39992
1.29988
1.30817
1.29815
1.30298
1.29538
1.2999
1.30865
1.29894
1.29988
1.30122
1.30756
1.30279
1.35845
1.36832
1.37216
1.38779
1.37709
1.38938
1.38372
1.30581
1.29399
1.29626
1.29902
1.30656
1.30891
1.31455
1.39663
1.39719
1.39955
1.39782
1.39974
1.39902
1.39956
1.39895
1.39842
1.30892
1.30047
1.30367
1.3983
1.3993
1.3987
1.39934
1.39832
1.3996
1.39923
1.30054
1.2982
1.30414
1.30853
1.4
1.4
1.4
1.4
1.4
1.4
1.30631
1.29591
1.29882
1.30075
1.3252
1.33619
1.33739
1.35097
1.36215
1.33507
1.33931
1.36875
1.39907
1.39961
1.39959
1.39984
1.39974
1.39993
1.39991
1.29991
1.30783
1.3149
1.32566
1.30819
1.31149
1.32878
1.33799
1.36814
1.38845
1.37218
1.3752
1.37832
1.38519
1.38619
1.39954
1.39903
1.39793
1.39969
1.30909
1.29805
1.30128
1.31516
1.31466
1.32856
1.32565
1.33901
1.3977
1.39802
1.39811
1.39893
1.30306
1.31191
1.31155
1.32731
1.3256
1.30702
1.29348
1.29571
1.39669
1.3937
1.39831
1.39521
1.3976
1.30838
1.33499
1.40389
1.38415
1.39526
1.37156
1.31047
1.36223
1.39866
1.35824
1.33631
1.34165
1.35391
1.36278
1.35511
1.39984
1.39977
1.39993
1.32567
1.35688
1.3313
1.355
1.36819
1.29814
1.34079
1.34286
1.34045
1.35854
1.35842
1.37211
1.38572
1.37507
1.37188
1.37194
1.38012
1.38078
1.3893
1.39211
1.3871
1.31051
1.31379
1.31912
1.33939
1.33571
1.35032
1.29467
1.3086
1.30578
1.29789
1.31299
1.32648
1.31237
1.32398
1.33682
1.34452
1.35459
1.37464
1.36999
1.39992
1.39821
1.39871
1.39909
1.39928
1.3835
1.39116
1.39219
1.39622
1.39018
1.3924
1.39596
1.30716
1.2945
1.29362
1.29638
1.30093
1.30863
1.31364
1.32456
1.32146
1.34055
1.33844
1.35558
1.29774
1.30334
1.39141
1.39501
1.3952
1.39717
1.29668
1.30344
1.30494
1.30797
1.29924
1.30141
1.39846
1.39876
1.39918
1.39322
1.39754
1.39458
1.4
1.4
1.4
1.39999
1.4
1.4
1.4
1.4
1.4
1.31193
1.31119
1.32865
1.32298
1.33529
1.30443
1.30516
1.3152
1.39129
1.38799
1.38604
1.39505
1.39045
1.39173
1.39458
1.39552
1.39301
1.39162
1.39193
1.39014
1.38382
1.38546
1.3936
1.39127
1.37194
1.381
1.38548
1.37582
1.38917
1.30541
1.31018
1.32197
1.33342
1.32231
1.29494
1.29289
1.30868
1.39999
1.40001
1.39994
1.39995
1.39997
1.39997
1.39997
1.39999
1.39998
1.35379
1.31977
1.34739
1.33635
1.36596
1.32963
1.35456
1.35167
1.39585
1.38811
1.39156
1.34361
1.36389
1.36758
1.35911
1.35463
1.37779
1.38273
1.37468
1.29848
1.30544
1.29889
1.39968
1.39944
1.3753
1.3776
1.3966
1.37887
1.37696
1.38775
1.38732
1.39164
1.31009
1.31045
1.32522
1.36887
1.37143
1.36729
1.3841
1.39997
1.39998
1.4
1.4
1.39999
1.39999
1.4
1.4
1.4
1.31538
1.32511
1.32288
1.31126
1.30795
1.37897
1.38261
1.39384
1.3898
1.39456
1.30792
1.32236
1.3211
1.29231
1.29342
1.3013
1.32378
1.33941
1.30955
1.31187
1.34405
1.32825
1.37174
1.37156
1.3826
1.38291
1.36476
1.37354
1.2913
1.29106
1.3
1.31177
1.31551
1.32325
1.34035
1.32903
1.34674
1.33624
1.33879
1.35653
1.33117
1.33794
1.35599
1.39994
1.39997
1.3999
1.39996
1.39997
1.39916
1.39966
1.3998
1.39961
1.39924
1.39949
1.39936
1.39978
1.39989
1.39966
1.39966
1.39981
1.3999
1.33743
1.34268
1.35912
1.36296
1.33843
1.34832
1.36116
1.38965
1.37068
1.38173
1.36872
1.37474
1.38058
1.387
1.39836
1.39836
1.39584
1.39878
1.39252
1.39841
1.3991
1.39856
1.39688
1.39554
1.30234
1.30735
1.30813
1.32403
1.32203
1.4
1.40001
1.40002
1.40001
1.4
1.4
1.4
1.39995
1.39989
1.39987
1.39997
1.39998
1.39992
1.39999
1.39997
1.39997
1.3999
1.39977
1.39984
1.39993
1.39994
1.39996
1.29667
1.30012
1.39992
1.39995
1.39989
1.39997
1.39995
1.40001
1.4
1.39457
1.39123
1.39692
1.39448
1.3972
1.30571
1.31286
1.32321
1.33765
1.31089
1.31211
1.32932
1.32678
1.38085
1.38503
1.3843
1.39105
1.31037
1.29475
1.30059
1.39988
1.39985
1.39981
1.39991
1.39989
1.31278
1.32881
1.3032
1.31162
1.32755
1.34009
1.39774
1.39963
1.39911
1.39931
1.39989
1.39996
1.39991
1.39942
1.39969
1.39954
1.39971
1.30941
1.32257
1.3029
1.30833
1.32409
1.31779
1.30574
1.39994
1.39938
1.3997
1.39952
1.39975
1.39985
1.39967
1.39978
1.39981
1.39975
1.39971
1.39955
1.39736
1.39459
1.39246
1.39551
1.39749
1.30952
1.31836
1.30312
1.31957
1.3174
1.30642
1.30492
1.31148
1.33027
1.30281
1.30881
1.31263
1.32477
1.3271
1.4
1.4
1.39999
1.39999
1.39999
1.39999
1.39999
1.39996
1.3522
1.35437
1.36668
1.36825
1.37587
1.29212
1.29214
1.29961
1.39957
1.399
1.3996
1.39647
1.39837
1.39625
1.397
1.39937
1.39864
1.39888
1.39856
1.39734
1.39832
1.30926
1.30491
1.3315
1.30142
1.30427
1.305
1.32777
1.32542
1.30722
1.3044
1.29544
1.29653
1.30021
1.30694
1.32412
1.30669
1.3125
1.32239
1.32662
1.4
1.4
1.4
1.3024
1.3008
1.31458
1.30654
1.30295
1.29395
1.29524
1.30495
1.30957
1.31355
1.31958
1.33893
1.34487
1.39995
1.3998
1.39996
1.39983
1.39992
1.39969
1.39994
1.39987
1.31897
1.31967
1.30218
1.30699
1.32512
1.30748
1.30996
1.3225
1.32569
1.34934
1.33872
1.34568
1.36562
1.37313
1.36381
1.30505
1.30658
1.32328
1.33734
1.39861
1.39893
1.39834
1.39915
1.39477
1.39859
1.39896
1.39868
1.3988
1.3994
1.39975
1.39944
1.39984
1.39967
1.30098
1.31036
1.32335
1.30491
1.30996
1.32044
1.32414
1.33164
1.33165
1.33651
1.34124
1.35556
1.35926
1.30679
1.31016
1.31482
1.33256
1.32895
1.33718
1.34291
1.39257
1.37402
1.38529
1.37019
1.38908
1.37757
1.3868
1.35989
1.32186
1.32505
1.34037
1.35672
1.35403
1.2959
1.29713
1.29858
1.30601
1.30016
1.30882
1.30312
1.31599
1.32006
1.31969
1.30593
1.33644
1.30943
1.31064
1.32469
1.3208
1.30839
1.32144
1.32405
1.3009
1.3046
1.33914
1.32073
1.3052
1.29987
1.30106
1.29114
1.31103
1.35785
1.30831
1.34214
1.31392
1.31502
1.3323
1.33054
1.30269
1.2882
1.29212
1.29249
1.30953
1.30122
1.33237
1.31553
1.3097
1.30552
1.33722
1.33254
1.30905
1.30704
1.30932
1.31154
1.3262
1.32201
1.32371
1.33318
1.35664
1.38421
1.39062
1.39268
1.38844
1.38843
1.39163
1.39615
1.39539
1.30422
1.30478
1.31798
1.33077
1.33033
1.33111
1.33617
1.34106
1.35533
1.34829
1.36049
1.36476
1.29579
1.30245
1.29742
1.39945
1.39922
1.39972
1.39992
1.39992
1.39981
1.39974
1.3993
1.39959
1.39967
1.39986
1.39981
1.39977
1.39988
1.39977
1.39977
1.39988
1.39989
1.39994
1.39994
1.39999
1.4
1.4
1.4
1.4
1.4
1.4
1.4
1.4
1.39748
1.39551
1.39183
1.39392
1.3966
1.39466
1.39365
1.39828
1.39623
1.39751
1.3988
1.29803
1.29869
1.30708
1.3012
1.30868
1.32406
1.30703
1.32222
1.39652
1.3974
1.39731
1.39888
1.39824
1.39897
1.39899
1.39954
1.39952
1.39797
1.39898
1.39784
1.3985
1.37136
1.39461
1.39543
1.39354
1.38594
1.37912
1.29497
1.30613
1.29456
1.2941
1.39223
1.39571
1.39797
1.3991
1.3994
1.39545
1.39769
1.3966
1.3987
1.39885
1.31139
1.30125
1.31069
1.32805
1.32778
1.34321
1.33942
1.30085
1.30658
1.30529
1.31879
1.31831
1.33208
1.39969
1.39942
1.39967
1.3989
1.39945
1.39888
1.37175
1.36238
1.38373
1.36839
1.36705
1.37902
1.37959
1.3869
1.39983
1.3996
1.39932
1.39927
1.39984
1.39965
1.31367
1.32325
1.32176
1.30402
1.30796
1.38602
1.38506
1.38994
1.37205
1.37002
1.38801
1.37803
1.37451
1.387
1.3784
1.37346
1.30019
1.30214
1.30618
1.32129
1.31723
1.33008
1.29868
1.3156
1.30318
1.39984
1.39971
1.39992
1.39996
1.39981
1.39995
1.39985
1.2932
1.29992
1.28917
1.2995
1.30738
1.30169
1.31342
1.31795
1.33048
1.36127
1.35791
1.37193
1.37356
1.38136
1.36796
1.36585
1.38547
1.38862
1.39113
1.30458
1.30499
1.30335
1.32105
1.32053
1.34062
1.35343
1.29949
1.30577
1.30521
1.31613
1.32086
1.35737
1.39547
1.39581
1.38968
1.39181
1.39397
1.38359
1.37176
1.29706
1.29273
1.30666
1.30034
1.30386
1.30738
1.32084
1.30367
1.28847
1.29316
1.39958
1.39983
1.39934
1.3999
1.39995
1.39971
1.4
1.4
1.4
1.4
1.4
1.3051
1.29148
1.31268
1.38478
1.30183
1.30427
1.3199
1.33256
1.33435
1.3551
1.35271
1.28873
1.28554
1.29482
1.29191
1.30245
1.28763
1.29131
1.39
1.38489
1.39627
1.39201
1.39773
1.39295
1.39625
1.38919
1.39648
1.39272
1.39279
1.3969
1.39176
1.39615
1.39379
1.39795
1.39459
1.39838
1.39901
1.31958
1.33263
1.34326
1.33456
1.32824
1.33536
1.33889
1.35549
1.35831
1.39558
1.39859
1.39758
1.39641
1.39871
1.39773
1.39817
1.39888
1.30204
1.28322
1.28972
1.39975
1.39968
1.4
1.39999
1.4
1.4
1.39842
1.3991
1.39887
1.39943
1.39974
1.3999
1.39958
1.3998
1.30471
1.31117
1.33279
1.34764
1.34647
1.35506
1.39744
1.39852
1.39793
1.3988
1.36207
1.36906
1.37467
1.36812
1.37173
1.38098
1.38323
1.38673
1.38908
1.39111
1.39791
1.39909
1.39941
1.39417
1.39688
1.39854
1.30543
1.29632
1.29276
1.30149
1.29325
1.28798
1.29075
1.29706
1.29178
1.29106
1.29237
1.29667
1.2878
1.29096
1.33455
1.30465
1.30239
1.30044
1.32376
1.32534
1.29773
1.29145
1.2923
1.28851
1.29225
1.30137
1.30624
1.30233
1.30297
1.32652
1.32546
1.33849
1.28678
1.29229
1.39973
1.39978
1.39979
1.39984
1.39989
1.32777
1.33802
1.33231
1.3362
1.3416
1.35685
1.35406
1.36451
1.35361
1.29737
1.28642
1.28865
1.37622
1.37675
1.38931
1.28778
1.2939
1.30158
1.39748
1.39787
1.39024
1.39657
1.39264
1.39776
1.39292
1.39589
1.28968
1.2908
1.29976
1.30437
1.29882
1.30215
1.30529
1.31758
1.29779
1.28848
1.29398
1.4
1.4
1.4
1.39981
1.39992
1.39962
1.39991
1.39979
1.29776
1.28731
1.28993
1.3223
1.30301
1.29769
1.3226
1.30368
1.30941
1.33983
1.32778
1.32859
1.30852
1.30591
1.39976
1.3998
1.39962
1.39978
1.39916
1.39981
1.39968
1.39937
1.34521
1.34477
1.36999
1.38012
1.35645
1.35686
1.37042
1.37431
1.3799
1.39989
1.39969
1.39966
1.33008
1.36226
1.35072
1.3483
1.36391
1.33756
1.32204
1.32241
1.36156
1.29049
1.29962
1.28735
1.39295
1.39324
1.38709
1.30061
1.30511
1.31836
1.30272
1.3053
1.3188
1.31566
1.32811
1.28783
1.29362
1.3505
1.36749
1.39971
1.30991
1.31639
1.32587
1.3311
1.29221
1.29983
1.30324
1.30505
1.39995
1.39958
1.39963
1.39964
1.3998
1.39978
1.39978
1.39984
1.39992
1.32597
1.33235
1.3382
1.35067
1.35535
1.36269
1.37787
1.39996
1.3999
1.39998
1.39995
1.39999
1.39997
1.39999
1.3009
1.28307
1.28874
1.33739
1.34315
1.32929
1.30457
1.31885
1.3004
1.2967
1.29891
1.28955
1.31825
1.32957
1.34764
1.35065
1.30108
1.28768
1.3023
1.30942
1.32654
1.32561
1.30339
1.29794
1.29901
1.28942
1.28463
1.28866
1.29186
1.39954
1.39885
1.39888
1.39758
1.39862
1.39909
1.33086
1.30282
1.31846
1.31859
1.30178
1.2954
1.30565
1.32253
1.30309
1.29719
1.3339
1.3406
1.32133
1.30343
1.30613
1.322
1.31938
1.30564
1.31457
1.29427
1.29845
1.28962
1.29553
1.39986
1.39992
1.39974
1.39995
1.39986
1.39993
1.39987
1.39992
1.298
1.30238
1.30731
1.31952
1.325
1.33406
1.32006
1.32062
1.34807
1.34068
1.3681
1.36876
1.2884
1.2862
1.28988
1.29447
1.29532
1.28671
1.28979
1.31616
1.32459
1.34602
1.36287
1.33522
1.34889
1.32775
1.3463
1.29763
1.28698
1.29185
1.37587
1.37639
1.38438
1.38123
1.38964
1.39208
1.3876
1.2877
1.29096
1.29538
1.32464
1.33371
1.35439
1.33469
1.3505
1.36137
1.36307
1.36968
1.30082
1.28927
1.29331
1.3298
1.34321
1.36278
1.36552
1.34262
1.28969
1.29367
1.28698
1.29011
1.28791
1.29923
1.28835
1.29036
1.29082
1.29818
1.28657
1.29013
1.39855
1.39911
1.39953
1.39916
1.3997
1.39987
1.39956
1.39984
1.30116
1.29057
1.29041
1.35334
1.31001
1.35083
1.32499
1.31148
1.28948
1.28744
1.29789
1.30303
1.31748
1.29947
1.31739
1.31672
1.29026
1.28751
1.29845
1.39995
1.39996
1.39995
1.39997
1.39995
1.2969
1.2895
1.33504
1.34491
1.37004
1.35238
1.35481
1.39838
1.39898
1.39959
1.3988
1.39953
1.39949
1.40141
1.3992
1.39825
1.39844
1.39895
1.3094
1.30053
1.32301
1.3345
1.32338
1.32224
1.30613
1.30535
1.39978
1.399
1.39745
1.39923
1.39959
1.39859
1.399
1.39952
1.39998
1.39999
1.39995
1.39997
1.39998
1.3988
1.30334
1.38795
1.34843
1.40139
1.39904
1.29675
1.29368
1.28299
1.2872
1.36351
1.30245
1.40261
1.39358
1.29818
1.35417
1.32782
1.31381
1.31487
1.28775
1.29249
1.2878
1.29872
1.28735
1.29277
1.29668
1.29333
1.3999
1.39986
1.39993
1.39991
1.36477
1.36909
1.37552
1.37903
1.38239
1.38654
1.33073
1.33435
1.33955
1.34958
1.3617
1.36556
1.33662
1.3728
1.34269
1.34112
1.36016
1.36137
1.29538
1.28311
1.28743
1.29365
1.31597
1.34481
1.33162
1.36178
1.36909
1.33605
1.35302
1.32913
1.33907
1.35539
1.3305
1.30365
1.29787
1.3165
1.31555
1.3892
1.38782
1.39398
1.39656
1.32468
1.33503
1.33405
1.35581
1.39722
1.39633
1.39792
1.39434
1.3968
1.3982
1.39142
1.39448
1.39489
1.39642
1.28702
1.39937
1.39963
1.39932
1.3987
1.39883
1.33919
1.33331
1.37381
1.36456
1.37757
1.37055
1.34547
1.36683
1.32638
1.36184
1.33304
1.32766
1.34515
1.34608
1.28677
1.3006
1.28999
1.39994
1.39993
1.39984
1.39993
1.39987
1.39997
1.39995
1.39997
1.34824
1.3606
1.34588
1.3679
1.38435
1.37355
1.30305
1.30601
1.30762
1.32662
1.32933
1.33848
1.39974
1.39989
1.28692
1.28646
1.29183
1.29278
1.29938
1.29732
1.3374
1.35325
1.29911
1.30339
1.31219
1.31427
1.28351
1.29425
1.28798
1.35021
1.36232
1.38033
1.364
1.36877
1.37211
1.38395
1.4
1.4
1.4
1.4
1.4
1.4
1.4
1.2929
1.29807
1.30192
1.31358
1.4
1.4
1.4
1.28634
1.28949
1.29436
1.39855
1.39406
1.39894
1.39401
1.29159
1.29715
1.29575
1.31274
1.31274
1.39845
1.39954
1.39956
1.3991
1.39971
1.39952
1.30247
1.29753
1.32367
1.33725
1.3077
1.32387
1.30259
1.31395
1.306
1.33109
1.33688
1.32014
1.36353
1.29511
1.38992
1.34298
1.36725
1.39814
1.39584
1.40093
1.39938
1.29901
1.35235
1.28237
1.28668
1.39688
1.39832
1.39419
1.38833
1.37155
1.34195
1.34449
1.36342
1.37409
1.3672
1.4
1.4
1.4
1.28833
1.29766
1.28881
1.39688
1.39959
1.39796
1.3955
1.39842
1.39714
1.39701
1.39814
1.39879
1.37198
1.37479
1.37307
1.38361
1.39001
1.39353
1.38268
1.38782
1.39057
1.39229
1.3839
1.3815
1.38812
1.39683
1.38848
1.38585
1.39347
1.39644
1.39725
1.39607
1.38754
1.38295
1.39122
1.39094
1.39801
1.3987
1.39944
1.29547
1.28428
1.28669
1.30152
1.29355
1.2842
1.28716
1.29566
1.30557
1.29097
1.29507
1.30025
1.30541
1.32282
1.3208
1.33624
1.29991
1.29957
1.36129
1.36657
1.38305
1.37763
1.38603
1.4
1.4
1.4
1.4
1.4
1.39869
1.39871
1.39728
1.29872
1.30297
1.31232
1.31487
1.32368
1.2982
1.29784
1.29393
1.28199
1.28735
1.29321
1.3328
1.30134
1.32027
1.36285
1.36793
1.3708
1.33803
1.34507
1.35393
1.36817
1.3376
1.35624
1.3581
1.32127
1.33226
1.33313
1.34689
1.32896
1.33461
1.36748
1.35176
1.36917
1.39408
1.39907
1.39466
1.39759
1.39987
1.39999
1.39996
1.39999
1.39115
1.39653
1.39787
1.35444
1.32607
1.33117
1.33824
1.33609
1.35459
1.36779
1.37741
1.36753
1.38533
1.38112
1.30605
1.31823
1.31966
1.32629
1.30366
1.29865
1.39976
1.39979
1.39963
1.39968
1.39975
1.34074
1.34426
1.34584
1.36527
1.36107
1.3678
1.37468
1.38284
1.37876
1.29082
1.29741
1.30922
1.29375
1.29829
1.3056
1.31041
1.335
1.34094
1.33372
1.3401
1.37
1.362
1.36072
1.37117
1.37646
1.29111
1.29883
1.29701
1.31661
1.31493
1.30018
1.30278
1.30434
1.32446
1.33579
1.3998
1.39795
1.39956
1.3986
1.30166
1.30374
1.31441
1.32132
1.39948
1.39919
1.40054
1.38547
1.38972
1.39232
1.39538
1.38293
1.38937
1.388
1.39369
1.39337
1.29604
1.31657
1.32674
1.33544
1.28362
1.29331
1.28327
1.2815
1.28904
1.27916
1.2814
1.28636
1.29567
1.30176
1.30243
1.32145
1.31992
1.29124
1.29941
1.31674
1.29899
1.30244
1.31857
1.31458
1.39919
1.39802
1.39806
1.39914
1.39307
1.39588
1.38944
1.39702
1.39407
1.38181
1.36748
1.37566
1.38913
1.38693
1.39998
1.39991
1.39994
1.39997
1.39999
1.4
1.4
1.39995
1.39998
1.39998
1.39999
1.39999
1.29944
1.28033
1.28754
1.39999
1.39995
1.39991
1.39998
1.39996
1.39999
1.29276
1.30122
1.29584
1.30145
1.31531
1.32133
1.31882
1.36895
1.39095
1.37693
1.38693
1.38486
1.37278
1.3422
1.32659
1.34482
1.32904
1.2907
1.2916
1.29755
1.30726
1.31175
1.32216
1.31381
1.33153
1.3189
1.33741
1.30352
1.30028
1.3302
1.33948
1.3405
1.35974
1.35624
1.36894
1.39265
1.33293
1.37266
1.32968
1.32721
1.33812
1.36076
1.39314
1.39553
1.39601
1.39773
1.39795
1.39874
1.374
1.37019
1.39118
1.38356
1.37591
1.39998
1.39999
1.39999
1.39997
1.4
1.39999
1.4
1.39812
1.39886
1.39901
1.3988
1.39913
1.39965
1.39981
1.39955
1.39977
1.29215
1.29762
1.29744
1.30435
1.32244
1.34459
1.33426
1.34416
1.4
1.4
1.4
1.4
1.4
1.4
1.4
1.4
1.4
1.4
1.36171
1.33092
1.34024
1.3411
1.36054
1.3025
1.29611
1.2997
1.32108
1.32471
1.29442
1.30242
1.30068
1.31077
1.32648
1.31882
1.33386
1.39896
1.39945
1.39967
1.39977
1.35315
1.36103
1.36588
1.37812
1.38622
1.30108
1.30361
1.32241
1.33294
1.33903
1.34595
1.39944
1.39879
1.39936
1.2968
1.27583
1.27826
1.27852
1.28249
1.28843
1.39845
1.39916
1.39933
1.39964
1.29078
1.29692
1.31296
1.2957
1.29994
1.31247
1.31461
1.29076
1.29576
1.30244
1.32558
1.31135
1.32979
1.29444
1.30779
1.30787
1.27778
1.28607
1.27902
1.29789
1.31224
1.29056
1.29474
1.29681
1.31323
1.30906
1.29357
1.29632
1.31782
1.33258
1.39919
1.39897
1.39967
1.39947
1.39939
1.4
1.4
1.4
1.4
1.4
1.4
1.4
1.3358
1.31525
1.29967
1.29328
1.29083
1.30661
1.29216
1.30022
1.31583
1.29717
1.29957
1.31592
1.31294
1.29065
1.29341
1.29705
1.28073
1.28156
1.28765
1.29511
1.29982
1.30667
1.32933
1.32374
1.32629
1.28943
1.30896
1.29353
1.3716
1.38752
1.3802
1.3955
1.38941
1.30199
1.30809
1.2854
1.2972
1.28013
1.28494
1.31757
1.30039
1.29413
1.28394
1.31408
1.29852
1.31197
1.29794
1.29333
1.33536
1.29642
1.30212
1.30367
1.33111
1.33169
1.39959
1.39972
1.39877
1.39922
1.39915
1.39951
1.39969
1.39992
1.39992
1.39976
1.39987
1.39994
1.39995
1.3999
1.39991
1.28558
1.29069
1.29871
1.28127
1.27487
1.29122
1.29505
1.29677
1.29695
1.31626
1.31563
1.33318
1.28831
1.30216
1.31053
1.29518
1.29991
1.31187
1.30736
1.34454
1.35986
1.34671
1.36724
1.37999
1.38835
1.39114
1.36206
1.36932
1.3586
1.38374
1.37028
1.38424
1.29813
1.29327
1.29867
1.31915
1.32755
1.39987
1.39983
1.39991
1.39967
1.35662
1.36987
1.3673
1.37624
1.39977
1.39983
1.3995
1.39968
1.39955
1.3993
1.2933
1.29689
1.34045
1.31567
1.32767
1.34712
1.34067
1.39798
1.39941
1.39964
1.39927
1.39874
1.29554
1.28015
1.28451
1.30483
1.34493
1.32315
1.34378
1.35496
1.34528
1.28893
1.27599
1.28131
1.29387
1.29704
1.29864
1.31321
1.31512
1.32157
1.39981
1.39997
1.39987
1.39995
1.3998
1.38404
1.39025
1.3856
1.38766
1.39046
1.39137
1.39319
1.29482
1.27864
1.28224
1.28376
1.2771
1.28931
1.36294
1.36937
1.36461
1.38172
1.32347
1.31209
1.31382
1.33556
1.3251
1.35346
1.36843
1.3429
1.34502
1.36316
1.30995
1.31362
1.34588
1.31744
1.29241
1.29633
1.32015
1.33238
1.29383
1.29179
1.31253
1.30717
1.3543
1.30781
1.31161
1.34366
1.32855
1.35023
1.3692
1.4
1.4
1.4
1.4
1.4
1.4
1.4
1.4
1.36821
1.37341
1.38656
1.32029
1.28118
1.29037
1.28922
1.29463
1.29662
1.31403
1.30929
1.32453
1.32864
1.34954
1.3496
1.31771
1.32773
1.30079
1.3017
1.29841
1.39977
1.39981
1.39973
1.39977
1.3998
1.39985
1.39987
1.29311
1.32365
1.33697
1.29386
1.29771
1.31152
1.30763
1.31986
1.28758
1.29797
1.29765
1.31862
1.32013
1.29103
1.29074
1.29469
1.29633
1.31141
1.30908
1.31878
1.28722
1.29792
1.29381
1.30937
1.30827
1.39399
1.3938
1.39827
1.39626
1.3989
1.39785
1.39578
1.27495
1.28409
1.27687
1.28093
1.27526
1.28395
1.29847
1.31379
1.29577
1.29079
1.31568
1.32721
1.28333
1.28127
1.28227
1.28719
1.28177
1.28004
1.27726
1.27878
1.28655
1.28098
1.27716
1.28888
1.27633
1.28009
1.28635
1.28438
1.27819
1.27987
1.27966
1.27938
1.2872
1.3929
1.39388
1.36481
1.39443
1.36921
1.38329
1.3994
1.39985
1.39941
1.39868
1.39916
1.39958
1.39968
1.29214
1.29591
1.31279
1.32908
1.29803
1.28572
1.28525
1.28771
1.27277
1.31467
1.34196
1.34508
1.38556
1.38947
1.36493
1.35828
1.39119
1.37861
1.33233
1.35869
1.32989
1.3405
1.33117
1.34233
1.34671
1.36416
1.36801
1.28477
1.2849
1.29039
1.28256
1.27598
1.29263
1.32863
1.31197
1.32641
1.33552
1.32678
1.33489
1.35463
1.35629
1.34074
1.36114
1.36234
1.37048
1.27442
1.27948
1.39117
1.39475
1.39239
1.39159
1.39533
1.39546
1.39097
1.39715
1.39295
1.39635
1.39255
1.39581
1.29035
1.29271
1.30712
1.33066
1.32511
1.35078
1.35395
1.35988
1.27344
1.28042
1.28736
1.2754
1.28076
1.27513
1.29016
1.27598
1.29212
1.30278
1.29619
1.3023
1.31725
1.31985
1.3658
1.34992
1.29156
1.2822
1.30084
1.29298
1.27573
1.2782
1.34646
1.32183
1.31633
1.34321
1.27804
1.2824
1.37274
1.39474
1.37337
1.38538
1.28974
1.2888
1.29571
1.29445
1.31277
1.39812
1.3978
1.39238
1.39323
1.39708
1.2809
1.2779
1.28654
1.39244
1.39312
1.38392
1.37006
1.39852
1.39582
1.39969
1.39894
1.3996
1.39865
1.39933
1.39722
1.39933
1.39844
1.29294
1.29461
1.31243
1.37683
1.38979
1.38671
1.30909
1.31222
1.29421
1.29609
1.32181
1.33169
1.32752
1.27493
1.28607
1.39945
1.39873
1.39975
1.3989
1.39952
1.35741
1.37062
1.37929
1.2763
1.28273
1.2861
1.36125
1.35963
1.35985
1.383
1.36993
1.37546
1.38771
1.38492
1.37295
1.38302
1.36817
1.37651
1.39965
1.39943
1.39931
1.28945
1.29777
1.30474
1.39781
1.39582
1.39261
1.39749
1.39398
1.3947
1.39694
1.39845
1.33545
1.35691
1.3284
1.3587
1.31019
1.31274
1.33283
1.34647
1.30669
1.325
1.35274
1.34549
1.35169
1.37777
1.38118
1.37114
1.37312
1.38119
1.38756
1.38409
1.4
1.4
1.4
1.39999
1.4
1.39999
1.39999
1.4
1.4
1.28773
1.30267
1.32862
1.29099
1.32197
1.33099
1.27655
1.29079
1.39982
1.39976
1.39948
1.39982
1.39971
1.39986
1.39992
1.39987
1.33336
1.29075
1.29831
1.32073
1.28024
1.27626
1.28179
1.27457
1.29522
1.31822
1.28673
1.31714
1.31833
1.30002
1.28978
1.29415
1.28043
1.27638
1.28603
1.28818
1.27724
1.28001
1.29436
1.30746
1.31002
1.27937
1.28727
1.28666
1.29064
1.30159
1.32177
1.31579
1.33243
1.28876
1.29647
1.28797
1.27814
1.28155
1.27954
1.28708
1.27706
1.28174
1.27665
1.27955
1.28858
1.27388
1.27915
1.288
1.29369
1.2991
1.31705
1.31419
1.28305
1.27374
1.2774
1.27894
1.27375
1.28566
1.2905
1.27618
1.28761
1.27707
1.28041
1.39916
1.3998
1.39992
1.39946
1.39988
1.39968
1.31273
1.31464
1.33267
1.34444
1.27784
1.2871
1.27747
1.28711
1.27368
1.27481
1.32451
1.27678
1.28543
1.31269
1.28742
1.29102
1.31167
1.30765
1.34334
1.30607
1.30611
1.32341
1.35733
1.32771
1.31641
1.31769
1.33874
1.34222
1.3669
1.3783
1.38743
1.38934
1.36955
1.3788
1.38055
1.39937
1.39971
1.39984
1.39947
1.39941
1.39993
1.39997
1.39998
1.39973
1.3999
1.39971
1.39995
1.39981
1.39993
1.29227
1.2907
1.28622
1.32022
1.30486
1.28455
1.30446
1.35517
1.30884
1.31702
1.32713
1.32922
1.28528
1.26938
1.27373
1.27319
1.2769
1.28507
1.39963
1.39971
1.39963
1.28616
1.2773
1.32937
1.33863
1.36053
1.396
1.39552
1.39759
1.39795
1.39838
1.39974
1.39931
1.39974
1.3994
1.3988
1.39767
1.3998
1.39949
1.39903
1.28658
1.29393
1.27081
1.2746
1.28161
1.39999
1.39999
1.4
1.4
1.39999
1.39999
1.38921
1.39626
1.39755
1.39451
1.39582
1.39887
1.3958
1.39784
1.39785
1.39656
1.32851
1.33186
1.34068
1.35732
1.3611
1.37053
1.37212
1.31019
1.28515
1.3072
1.39998
1.39999
1.39896
1.39945
1.39969
1.39974
1.39956
1.39901
1.39635
1.39718
1.39742
1.39836
1.39851
1.29292
1.29191
1.28471
1.31446
1.3147
1.27391
1.28828
1.27678
1.27443
1.28906
1.39582
1.39853
1.39913
1.39849
1.39727
1.39592
1.39818
1.3997
1.39945
1.39897
1.39902
1.4
1.4
1.4
1.4
1.39999
1.4
1.4
1.2755
1.28687
1.28017
1.27942
1.29096
1.33534
1.33262
1.35115
1.35572
1.36348
1.3671
1.3723
1.27348
1.27489
1.28196
1.28929
1.26935
1.27284
1.3996
1.39982
1.39991
1.39985
1.39966
1.29677
1.31653
1.31802
1.28761
1.2963
1.39357
1.39715
1.39418
1.39636
1.39852
1.39832
1.34894
1.4012
1.39181
1.29461
1.33534
1.2862
1.27533
1.28435
1.27776
1.28629
1.36236
1.40047
1.39623
1.3966
1.34002
1.34029
1.3751
1.3819
1.34713
1.34679
1.36454
1.36604
1.36004
1.37701
1.36961
1.37865
1.39665
1.39542
1.3971
1.39846
1.39902
1.39834
1.39592
1.39644
1.39182
1.39199
1.39577
1.29417
1.27093
1.2715
1.27669
1.33521
1.347
1.35243
1.36924
1.37411
1.3598
1.28442
1.28927
1.28845
1.30426
1.30227
1.30617
1.31633
1.3482
1.35822
1.32379
1.32688
1.34374
1.27458
1.27336
1.28618
1.28334
1.29359
1.29356
1.28884
1.29827
1.29834
1.31919
1.31936
1.39938
1.39863
1.39981
1.39922
1.39969
1.39955
1.38721
1.3968
1.38466
1.38766
1.38891
1.39282
1.39368
1.28497
1.28992
1.29238
1.30366
1.30991
1.32474
1.34724
1.27567
1.29337
1.28955
1.29264
1.27419
1.27486
1.37526
1.38459
1.38069
1.37556
1.38328
1.38636
1.38925
1.39277
1.39396
1.2927
1.28921
1.28537
1.31712
1.28561
1.29263
1.31118
1.3123
1.29432
1.2704
1.26713
1.28257
1.4
1.4
1.4
1.4
1.4
1.39953
1.3993
1.39981
1.3996
1.28171
1.28943
1.28936
1.31882
1.3405
1.32269
1.31457
1.32798
1.34574
1.34912
1.35818
1.36493
1.35539
1.3885
1.39057
1.30987
1.32899
1.35382
1.32462
1.33571
1.34084
1.35581
1.32332
1.34667
1.32528
1.33062
1.34321
1.34595
1.35667
1.3571
1.36618
1.28179
1.28809
1.2915
1.30839
1.31319
1.33687
1.28972
1.27451
1.28085
1.29052
1.27132
1.27464
1.28305
1.28968
1.30949
1.28849
1.29241
1.30677
1.31331
1.37943
1.36503
1.36786
1.37963
1.37729
1.38472
1.39926
1.39964
1.39958
1.39919
1.39974
1.39807
1.39865
1.39592
1.39534
1.39106
1.39044
1.39268
1.30729
1.32618
1.32234
1.33531
1.34743
1.3618
1.35593
1.39942
1.39881
1.39957
1.28926
1.29988
1.31975
1.29146
1.32454
1.3125
1.27582
1.27744
1.28826
1.33917
1.28918
1.32857
1.32324
1.4
1.4
1.4
1.4
1.4
1.28055
1.28919
1.31132
1.2871
1.29283
1.31278
1.30866
1.28935
1.30244
1.29823
1.28541
1.2799
1.39585
1.39622
1.39758
1.39765
1.39945
1.39968
1.3994
1.3986
1.39862
1.4
1.4
1.4
1.4
1.4
1.4
1.4
1.4
1.29239
1.31516
1.31575
1.29303
1.39634
1.28782
1.36521
1.33966
1.39944
1.28818
1.33635
1.40399
1.28633
1.29867
1.32039
1.29407
1.29596
1.31425
1.31437
1.29469
1.28495
1.29407
1.29184
1.31498
1.31447
1.3999
1.39993
1.39982
1.3998
1.39987
1.39956
1.39978
1.29711
1.31955
1.29206
1.2815
1.28747
1.31154
1.31097
1.32774
1.32518
1.33729
1.3867
1.39467
1.39451
1.39085
1.39061
1.34289
1.27379
1.26736
1.28341
1.27582
1.27572
1.28166
1.28851
1.32884
1.28455
1.29278
1.29175
1.31309
1.31315
1.30284
1.29485
1.34279
1.33401
1.28218
1.29122
1.31286
1.29098
1.31069
1.37002
1.38561
1.37594
1.39269
1.38884
1.38284
1.3902
1.39262
1.28211
1.3266
1.28633
1.31116
1.39989
1.3999
1.39994
1.32833
1.28233
1.29108
1.2902
1.31246
1.31217
1.26706
1.2731
1.3173
1.32093
1.31305
1.31079
1.34403
1.36278
1.35292
1.33789
1.32371
1.34663
1.39983
1.39949
1.39984
1.39953
1.39979
1.39968
1.39978
1.4
1.4
1.4
1.4
1.4
1.4
1.29372
1.29831
1.31768
1.31841
1.33868
1.34321
1.27005
1.28291
1.26975
1.29043
1.29504
1.30679
1.31091
1.33003
1.34474
1.3998
1.39993
1.3999
1.39996
1.39994
1.39995
1.30218
1.34935
1.32878
1.35889
1.31783
1.34775
1.32877
1.34478
1.31443
1.32398
1.36552
1.36513
1.36976
1.38431
1.3823
1.38897
1.38882
1.39977
1.39991
1.39996
1.39998
1.39998
1.39992
1.39984
1.39995
1.39992
1.3998
1.27923
1.28656
1.28686
1.31101
1.31129
1.32661
1.2803
1.28701
1.28545
1.29152
1.30245
1.30402
1.27864
1.28684
1.30164
1.29881
1.35825
1.34397
1.37822
1.36283
1.36285
1.37683
1.37773
1.38393
1.39997
1.39997
1.39998
1.39998
1.28147
1.28864
1.28852
1.30892
1.31214
1.39865
1.39822
1.39778
1.3974
1.39633
1.39667
1.39169
1.37826
1.38736
1.39123
1.28506
1.2893
1.31096
1.32564
1.32608
1.33608
1.28625
1.29133
1.30896
1.33864
1.30907
1.33324
1.339
1.34159
1.35251
1.38224
1.36895
1.35704
1.3627
1.36922
1.38178
1.3792
1.39526
1.39688
1.39782
1.39881
1.39588
1.39667
1.39743
1.39764
1.2867
1.26066
1.2689
1.27733
1.27428
1.27461
1.27914
1.27502
1.28301
1.27251
1.2696
1.26297
1.2818
1.38783
1.38504
1.38897
1.39363
1.29038
1.31121
1.28402
1.29027
1.29046
1.30521
1.307
1.39852
1.39777
1.39859
1.39943
1.39978
1.39942
1.34502
1.36321
1.33932
1.3572
1.37015
1.34397
1.36439
1.39871
1.39906
1.39962
1.39948
1.39974
1.31209
1.37112
1.33837
1.3657
1.33242
1.35479
1.35524
1.32565
1.33857
1.30102
1.27838
1.28817
1.30246
1.29634
1.38202
1.38906
1.39111
1.39403
1.39682
1.3944
1.39731
1.3973
1.39853
1.39524
1.3947
1.39743
1.39864
1.39887
1.28479
1.28821
1.30856
1.3265
1.32389
1.34474
1.29202
1.30305
1.29682
1.32596
1.34449
1.36616
1.37147
1.38108
1.36893
1.39122
1.39037
1.33373
1.33973
1.36126
1.28014
1.2838
1.30153
1.32016
1.2814
1.29012
1.3097
1.28594
1.30638
1.32073
1.31771
1.39921
1.39962
1.3997
1.39957
1.39935
1.28348
1.31821
1.28877
1.29009
1.30107
1.30273
1.35031
1.35407
1.34998
1.3662
1.37597
1.37742
1.36263
1.35571
1.39985
1.39966
1.39889
1.3995
1.39931
1.28482
1.29538
1.29382
1.30946
1.28587
1.27876
1.26584
1.27297
1.27987
1.36726
1.38892
1.35537
1.37312
1.31903
1.3128
1.32559
1.32855
1.34842
1.35014
1.37068
1.38629
1.39281
1.38106
1.38609
1.39287
1.39872
1.39947
1.39972
1.3999
1.39988
1.39974
1.39879
1.39948
1.39887
1.39971
1.39946
1.29203
1.28003
1.28693
1.30357
1.30094
1.4
1.4
1.4
1.4
1.4
1.4
1.4
1.4
1.4
1.26951
1.26916
1.27825
1.29973
1.26803
1.26922
1.27688
1.28384
1.28761
1.30964
1.32418
1.34311
1.39667
1.38912
1.39359
1.39089
1.39614
1.39942
1.39897
1.39688
1.39927
1.39797
1.39933
1.37216
1.38403
1.38713
1.33803
1.35198
1.33382
1.36401
1.35156
1.36807
1.38472
1.26524
1.26709
1.27754
1.39204
1.39423
1.39537
1.39704
1.39731
1.4
1.4
1.4
1.4
1.4
1.4
1.39965
1.39973
1.39977
1.37315
1.29203
1.33096
1.35166
1.39469
1.39529
1.39472
1.3902
1.38537
1.26695
1.26577
1.27863
1.39009
1.38437
1.39399
1.39779
1.39573
1.39921
1.39865
1.39116
1.39439
1.39124
1.39725
1.28303
1.29129
1.28766
1.315
1.30493
1.32178
1.39993
1.3999
1.39994
1.39994
1.30074
1.299
1.31577
1.2818
1.28006
1.29434
1.39981
1.39806
1.39568
1.39857
1.3994
1.39751
1.27398
1.27529
1.28382
1.329
1.33432
1.32452
1.35591
1.35186
1.36715
1.2727
1.28108
1.28767
1.30655
1.28104
1.28587
1.28593
1.30071
1.30261
1.26993
1.28295
1.29306
1.31301
1.28699
1.29084
1.32516
1.33529
1.36652
1.35883
1.38935
1.28051
1.26359
1.29043
1.30599
1.27211
1.2815
1.28186
1.31279
1.31686
1.30061
1.29959
1.27569
1.27281
1.2788
1.27049
1.27942
1.26781
1.27146
1.26845
1.27262
1.27906
1.27187
1.2786
1.27385
1.26544
1.27285
1.27955
1.27337
1.2677
1.39982
1.39976
1.39993
1.3999
1.39996
1.27092
1.26941
1.27874
1.28085
1.29052
1.28108
1.26761
1.27195
1.39999
1.39997
1.39999
1.39998
1.39998
1.39999
1.4
1.26237
1.27635
1.28395
1.26774
1.2683
1.28015
1.35956
1.36803
1.26924
1.27027
1.27591
1.27721
1.28332
1.39389
1.39593
1.39841
1.39846
1.39786
1.3663
1.37859
1.37914
1.36602
1.35852
1.26983
1.27205
1.39996
1.39982
1.39992
1.39995
1.2755
1.28164
1.26851
1.26691
1.27588
1.27809
1.26817
1.28745
1.30437
1.30366
1.3158
1.2823
1.27935
1.30267
1.28854
1.29185
1.31372
1.32938
1.3227
1.33187
1.28785
1.26955
1.27905
1.39891
1.39905
1.3962
1.39819
1.39647
1.39802
1.32346
1.31693
1.30781
1.34003
1.32947
1.31672
1.34242
1.3704
1.36543
1.36012
1.35086
1.26729
1.26931
1.28027
1.26477
1.26433
1.27892
1.29394
1.30747
1.31336
1.28985
1.28431
1.28486
1.27371
1.27721
1.28471
1.30942
1.30467
1.33226
1.35158
1.34669
1.26719
1.26657
1.28125
1.26602
1.26695
1.28097
1.39963
1.39977
1.39991
1.32516
1.3377
1.3572
1.35403
1.35428
1.33627
1.33401
1.2847
1.30869
1.25892
1.26854
1.2792
1.27807
1.26299
1.25904
1.39983
1.39956
1.39989
1.39985
1.3999
1.39962
1.2771
1.26976
1.27042
1.38278
1.38381
1.37706
1.38582
1.39107
1.39514
1.38845
1.39465
1.26846
1.2789
1.30072
1.2816
1.28583
1.36165
1.3844
1.37886
1.37321
1.30477
1.3212
1.33108
1.35319
1.3524
1.32143
1.3307
1.38253
1.36979
1.36441
1.37221
1.38158
1.38429
1.38876
1.39983
1.39991
1.3999
1.39987
1.39993
1.39993
1.28524
1.31091
1.31166
1.27703
1.28254
1.39974
1.39919
1.39888
1.35174
1.36528
1.34899
1.34775
1.36162
1.37696
1.36024
1.36779
1.37465
1.38107
1.38493
1.39997
1.39999
1.39999
1.28662
1.26215
1.26756
1.33181
1.34319
1.30649
1.32015
1.3259
1.32954
1.35492
1.36113
1.34134
1.31614
1.31879
1.34127
1.39913
1.39732
1.39946
1.39762
1.39882
1.39618
1.39819
1.3153
1.32331
1.33029
1.33645
1.35156
1.34848
1.27743
1.28384
1.28992
1.30814
1.28325
1.28796
1.29284
1.30386
1.30946
1.33185
1.33854
1.31714
1.32744
1.35003
1.2619
1.26851
1.27729
1.32756
1.28382
1.31014
1.31002
1.27775
1.28496
1.26631
1.27148
1.27651
1.26947
1.27307
1.27804
1.26873
1.27187
1.39664
1.39204
1.3855
1.27997
1.26898
1.27285
1.31413
1.33289
1.3245
1.32395
1.3318
1.34861
1.33248
1.32664
1.35164
1.35098
1.36065
1.37349
1.33389
1.33672
1.36191
1.28889
1.28233
1.27931
1.27919
1.26949
1.30503
1.27335
1.27031
1.26799
1.26432
1.27973
1.26979
1.29607
1.26895
1.26683
1.2779
1.27353
1.28162
1.26934
1.27208
1.27811
1.2658
1.26898
1.27706
1.28225
1.28446
1.30015
1.30048
1.31302
1.28759
1.27928
1.28781
1.30881
1.3085
1.32642
1.31743
1.29533
1.29613
1.3254
1.32766
1.31338
1.31312
1.26624
1.4
1.4
1.4
1.4
1.4
1.27945
1.26238
1.28045
1.27451
1.29282
1.39982
1.39986
1.39993
1.39992
1.39996
1.39999
1.39996
1.27964
1.26884
1.29008
1.27333
1.28494
1.27799
1.2856
1.28969
1.30609
1.2679
1.27063
1.27805
1.28294
1.30189
1.30159
1.31401
1.3636
1.35654
1.3729
1.36762
1.38563
1.39193
1.37315
1.38625
1.28373
1.28373
1.31727
1.31495
1.28628
1.26874
1.27904
1.27695
1.28168
1.30042
1.3056
1.27015
1.26706
1.27672
1.39557
1.3866
1.39071
1.39067
1.37088
1.4
1.4
1.4
1.4
1.4
1.4
1.27354
1.28199
1.2811
1.35931
1.33565
1.3301
1.33847
1.35919
1.36402
1.33221
1.35068
1.36792
1.38295
1.36061
1.39999
1.39999
1.39999
1.39999
1.31637
1.32837
1.34154
1.34937
1.35814
1.32084
1.32291
1.32551
1.34788
1.34576
1.36085
1.35868
1.36752
1.26992
1.3991
1.39976
1.39978
1.39951
1.39928
1.39964
1.39934
1.39831
1.39824
1.31991
1.33535
1.3417
1.28543
1.30249
1.29927
1.27739
1.28342
1.31011
1.32562
1.32381
1.35536
1.34619
1.36274
1.2994
1.32056
1.27894
1.28871
1.30351
1.2982
1.38832
1.3575
1.35831
1.34257
1.34727
1.36196
1.37278
1.38437
1.37395
1.38354
1.39998
1.39998
1.4
1.4
1.4
1.4
1.4
1.4
1.4
1.39363
1.38941
1.38623
1.38782
1.39246
1.30592
1.3502
1.30213
1.32189
1.2659
1.26394
1.27528
1.28175
1.29075
1.26964
1.26
1.27599
1.28019
1.30719
1.32097
1.39829
1.39183
1.39419
1.39766
1.39845
1.39765
1.39728
1.26142
1.26663
1.30444
1.32112
1.39915
1.39901
1.3995
1.39802
1.39878
1.39929
1.39562
1.39931
1.39911
1.39826
1.39747
1.27197
1.26693
1.27925
1.26383
1.26728
1.39976
1.39966
1.39957
1.39983
1.39972
1.39979
1.39995
1.39997
1.39993
1.39999
1.4
1.39997
1.39999
1.36539
1.33206
1.35112
1.37421
1.3877
1.37122
1.34001
1.35409
1.36054
1.36477
1.37597
1.37768
1.32895
1.3445
1.36076
1.36894
1.35093
1.36249
1.307
1.30968
1.31536
1.3385
1.34032
1.35594
1.39947
1.39949
1.3994
1.27774
1.28829
1.28225
1.30625
1.31225
1.32257
1.26461
1.26342
1.27796
1.33712
1.33913
1.34086
1.35211
1.3586
1.36794
1.39992
1.39996
1.39997
1.3999
1.39984
1.39993
1.39993
1.39996
1.28645
1.30705
1.27605
1.28488
1.30815
1.32248
1.3998
1.39931
1.39945
1.26499
1.27453
1.26193
1.39927
1.39952
1.39821
1.39881
1.39947
1.29065
1.25837
1.26783
1.27937
1.27855
1.3136
1.39957
1.39985
1.39978
1.39938
1.39909
1.39849
1.4
1.4
1.4
1.4
1.4
1.4
1.4
1.4
1.34134
1.35177
1.36194
1.37646
1.37577
1.36225
1.4
1.4
1.4
1.4
1.4
1.4
1.4
1.26719
1.26612
1.2779
1.26597
1.26815
1.27467
1.38648
1.38739
1.39097
1.39528
1.39153
1.39983
1.39994
1.39948
1.39972
1.3995
1.39981
1.3997
1.39992
1.39988
1.39995
1.29794
1.32568
1.30007
1.32355
1.3473
1.35049
1.27471
1.25717
1.3031
1.27965
1.29835
1.39657
1.39598
1.39766
1.39812
1.39873
1.40177
1.39649
1.28197
1.33181
1.27663
1.26241
1.26507
1.30286
1.28474
1.35711
1.40166
1.39293
1.3967
1.38775
1.38947
1.38423
1.39587
1.39206
1.39078
1.39764
1.39551
1.39766
1.35231
1.28734
1.27987
1.30129
1.30871
1.32591
1.39355
1.39914
1.39807
1.39851
1.39595
1.31529
1.27668
1.28007
1.28261
1.30264
1.30129
1.31531
1.28397
1.28029
1.27317
1.2794
1.2997
1.30146
1.33443
1.32059
1.32967
1.35394
1.35291
1.36813
1.36486
1.37894
1.3774
1.29815
1.27534
1.29484
1.26769
1.26605
1.27862
1.27624
1.28726
1.27512
1.28044
1.28248
1.29998
1.29881
1.39968
1.39981
1.2767
1.28024
1.27918
1.30133
1.30328
1.32796
1.31937
1.32811
1.34623
1.36003
1.37264
1.34873
1.35923
1.37224
1.26531
1.27731
1.26753
1.39295
1.38538
1.39594
1.39343
1.38955
1.39416
1.26468
1.27318
1.26063
1.36954
1.38848
1.38064
1.38847
1.39251
1.38801
1.38947
1.37713
1.38421
1.39976
1.3995
1.39932
1.39968
1.39981
1.39973
1.31789
1.27616
1.28185
1.28645
1.29455
1.29909
1.27083
1.28106
1.28519
1.29818
1.30239
1.30472
1.28823
1.27652
1.28066
1.29912
1.31639
1.3236
1.37309
1.39139
1.37877
1.37839
1.38581
1.39418
1.38933
1.39317
1.27579
1.28119
1.28436
1.30289
1.30533
1.31917
1.39628
1.39919
1.39812
1.28272
1.30523
1.27481
1.28251
1.32386
1.32281
1.3092
1.39814
1.39886
1.39965
1.39952
1.39976
1.39943
1.39923
1.39964
1.39985
1.27504
1.28292
1.29445
1.29322
1.26068
1.2641
1.39956
1.39931
1.39839
1.39911
1.3995
1.39711
1.39477
1.39064
1.39603
1.39233
1.2764
1.28336
1.30324
1.28099
1.28348
1.30166
1.30658
1.39949
1.39768
1.39932
1.39947
1.3988
1.39854
1.39785
1.35987
1.36872
1.37704
1.3859
1.39992
1.39966
1.39994
1.39953
1.39983
1.39985
1.3997
1.32106
1.30566
1.30899
1.28914
1.27471
1.29022
1.30862
1.30931
1.28168
1.27455
1.32829
1.35257
1.33206
1.32425
1.34644
1.35085
1.36003
1.34844
1.27813
1.28584
1.30579
1.32116
1.28491
1.28487
1.3067
1.30262
1.39995
1.39998
1.28151
1.29615
1.27336
1.27883
1.2805
1.29587
1.29217
1.2986
1.31523
1.26221
1.2722
1.27479
1.27693
1.26412
1.2667
1.27472
1.27531
1.314
1.28251
1.28471
1.3041
1.3014
1.26459
1.26534
1.27413
1.30294
1.30024
1.31868
1.36758
1.32897
1.31656
1.35779
1.26982
1.27886
1.30288
1.27934
1.30022
1.39985
1.39963
1.39977
1.39987
1.39995
1.39997
1.35916
1.3491
1.3579
1.37249
1.38423
1.36671
1.36902
1.38071
1.38773
1.30449
1.27844
1.27056
1.27489
1.28341
1.28562
1.27579
1.28105
1.26496
1.26432
1.40076
1.39935
1.3996
1.28288
1.27507
1.26292
1.26524
1.40188
1.279
1.34199
1.38553
1.38862
1.36961
1.4003
1.39085
1.28557
1.35868
1.27355
1.27657
1.29906
1.30834
1.27746
1.28467
1.26821
1.2774
1.26283
1.2667
1.27793
1.26547
1.39975
1.39975
1.39987
1.39997
1.27143
1.28069
1.27896
1.30175
1.30061
1.3173
1.32866
1.30861
1.31373
1.33718
1.34009
1.3098
1.31274
1.34873
1.33587
1.33371
1.33846
1.33154
1.34472
1.36159
1.34187
1.34784
1.36973
1.36351
1.38692
1.27608
1.2871
1.30811
1.32376
1.28486
1.28675
1.30936
1.30503
1.27401
1.28125
1.27825
1.28204
1.3007
1.29753
1.3006
1.31392
1.25995
1.25707
1.27115
1.32591
1.30601
1.32328
1.33357
1.35507
1.35517
1.36606
1.32345
1.33311
1.27186
1.27888
1.29483
1.34369
1.27998
1.29709
1.31777
1.27005
1.27212
1.27728
1.28956
1.29387
1.26597
1.25854
1.27364
1.28115
1.29953
1.31885
1.28135
1.28188
1.307
1.30806
1.4
1.4
1.4
1.4
1.4
1.28195
1.30393
1.29666
1.31152
1.27456
1.28257
1.36579
1.36395
1.37144
1.37881
1.38234
1.39019
1.39221
1.37455
1.39404
1.38615
1.30951
1.31999
1.25775
1.27148
1.27562
1.27795
1.27732
1.28075
1.30073
1.3174
1.28306
1.29915
1.2738
1.29414
1.29377
1.2566
1.26289
1.27065
1.29555
1.31174
1.27781
1.29613
1.27237
1.27704
1.39983
1.39977
1.39968
1.39986
1.39987
1.39984
1.39993
1.39992
1.39966
1.39818
1.39752
1.3988
1.39956
1.39893
1.39921
1.26577
1.26322
1.27756
1.26959
1.28067
1.30158
1.31459
1.29818
1.27694
1.2743
1.28234
1.28571
1.29554
1.30212
1.29702
1.29608
1.28197
1.28021
1.34972
1.39286
1.38507
1.39422
1.37147
1.26264
1.26263
1.2724
1.29738
1.29296
1.30793
1.26641
1.27132
1.27407
1.27501
1.26038
1.27178
1.26129
1.28058
1.29336
1.28394
1.32003
1.30627
1.32861
1.26514
1.27046
1.25626
1.26123
1.26041
1.26156
1.26716
1.26742
1.27592
1.26679
1.27215
1.2631
1.25941
1.2616
1.26728
1.26675
1.27433
1.26341
1.26611
1.2721
1.26594
1.25999
1.26376
1.2622
1.26808
1.27258
1.25937
1.2616
1.26573
1.27326
1.26591
1.3161
1.37174
1.3644
1.3156
1.32454
1.35196
1.32863
1.3473
1.36224
1.39272
1.38724
1.39549
1.38985
1.38941
1.39425
1.39468
1.4
1.4
1.4
1.4
1.4
1.4
1.4
1.4
1.29508
1.33038
1.32499
1.30706
1.34488
1.33603
1.3462
1.39818
1.39201
1.39767
1.39345
1.39637
1.39471
1.25931
1.26121
1.26255
1.34605
1.35577
1.37903
1.36535
1.36188
1.35767
1.37632
1.37755
1.38415
1.38825
1.38426
1.29857
1.27742
1.25785
1.26394
1.39965
1.39848
1.39853
1.3993
1.39918
1.39964
1.39985
1.39982
1.39952
1.25666
1.2633
1.26847
1.39986
1.39992
1.39984
1.39997
1.39992
1.39997
1.37158
1.39765
1.397
1.39794
1.3967
1.39269
1.39386
1.37911
1.35367
1.36173
1.36681
1.36022
1.37716
1.37314
1.38085
1.38186
1.38104
1.38236
1.38479
1.38735
1.38872
1.39382
1.39294
1.39034
1.39433
1.39904
1.39777
1.3993
1.28035
1.29882
1.27633
1.25965
1.26322
1.39962
1.39957
1.39938
1.39613
1.39779
1.39855
1.39797
1.39557
1.3999
1.3999
1.39995
1.39993
1.39997
1.39998
1.39868
1.39834
1.39625
1.38937
1.39611
1.39454
1.3916
1.32237
1.34793
1.30649
1.32103
1.31867
1.34175
1.34275
1.35493
1.27669
1.27737
1.30075
1.27898
1.3006
1.31581
1.39116
1.3895
1.37885
1.38177
1.38634
1.38811
1.39116
1.39517
1.3951
1.39633
1.39972
1.39983
1.39993
1.39998
1.39985
1.39995
1.39997
1.39802
1.39916
1.39953
1.30317
1.26657
1.29557
1.39997
1.39999
1.39999
1.39998
1.39998
1.39997
1.27158
1.26826
1.27627
1.27537
1.2956
1.29174
1.4
1.4
1.4
1.4
1.4
1.4
1.2837
1.27921
1.27343
1.3082
1.30662
1.32469
1.39841
1.39931
1.39928
1.37716
1.35052
1.34856
1.37621
1.36633
1.36028
1.26012
1.25908
1.2701
1.27567
1.28401
1.30784
1.32374
1.33885
1.33538
1.30381
1.32135
1.32779
1.28254
1.30581
1.28626
1.39981
1.39985
1.39978
1.39961
1.39923
1.39946
1.39897
1.39905
1.39823
1.39953
1.39922
1.33604
1.32177
1.32883
1.35581
1.36193
1.26095
1.26911
1.26121
1.38837
1.39694
1.39684
1.3913
1.39504
1.39322
1.39588
1.25836
1.26865
1.25947
1.3282
1.34553
1.35231
1.27223
1.26999
1.2855
1.28311
1.30896
1.31149
1.26045
1.26331
1.29029
1.32919
1.31785
1.31078
1.27451
1.26328
1.27993
1.2951
1.29455
1.27918
1.27273
1.28509
1.30904
1.27353
1.282
1.39871
1.39957
1.39927
1.39913
1.39946
1.39382
1.39624
1.39889
1.39783
1.39631
1.39862
1.26334
1.26861
1.2574
1.25923
1.25799
1.26652
1.25648
1.26317
1.26839
1.39971
1.39951
1.39939
1.39862
1.39893
1.272
1.26065
1.26403
1.38957
1.3886
1.39152
1.3953
1.38911
1.39217
1.39676
1.39539
1.27371
1.26029
1.26529
1.27046
1.25311
1.27085
1.272
1.25948
1.26185
1.26943
1.28905
1.27977
1.26506
1.26648
1.26201
1.2615
1.26717
1.29606
1.25979
1.261
1.27196
1.39705
1.39169
1.25983
1.26117
1.27224
1.271
1.26226
1.26424
1.27508
1.36657
1.38203
1.38009
1.38116
1.37054
1.36034
1.36754
1.39888
1.39873
1.39954
1.3994
1.39967
1.2618
1.26528
1.27381
1.27022
1.26077
1.26278
1.39908
1.39764
1.39571
1.39841
1.39923
1.39774
1.34363
1.37439
1.36588
1.38116
1.38502
1.36162
1.36262
1.37836
1.37719
1.35669
1.36674
1.26116
1.25873
1.27426
1.32416
1.3179
1.35845
1.36295
1.29276
1.31207
1.30535
1.31693
1.32537
1.33735
1.3431
1.27226
1.29327
1.2946
1.29631
1.39913
1.39905
1.39961
1.39956
1.39991
1.39976
1.39622
1.39835
1.39886
1.39743
1.39552
1.39606
1.3593
1.36545
1.36955
1.38149
1.3798
1.38496
1.38887
1.38511
1.26013
1.26249
1.27309
1.26313
1.33466
1.32446
1.33587
1.27067
1.27947
1.2867
1.31086
1.31274
1.26086
1.25692
1.27153
1.3285
1.29516
1.3165
1.32074
1.33308
1.33174
1.3544
1.36062
1.36886
1.28159
1.30307
1.31512
1.29132
1.27045
1.2762
1.2562
1.27024
1.39951
1.39961
1.39981
1.39983
1.39988
1.39989
1.31309
1.30744
1.32029
1.34182
1.39924
1.39961
1.30945
1.29637
1.26871
1.27513
1.25918
1.2706
1.39518
1.39079
1.394
1.39622
1.39746
1.39877
1.39864
1.39677
1.39751
1.36094
1.36688
1.38396
1.37942
1.31774
1.34645
1.3599
1.33495
1.35527
1.33113
1.34528
1.28059
1.27331
1.28051
1.30388
1.3016
1.31916
1.3935
1.38754
1.38881
1.39966
1.39981
1.39936
1.39852
1.39966
1.39883
1.39946
1.32285
1.32508
1.33123
1.33341
1.3525
1.36478
1.35684
1.36543
1.37274
1.33289
1.35125
1.35386
1.32715
1.31739
1.28176
1.30211
1.30087
1.31798
1.27007
1.27665
1.26397
1.2716
1.25947
1.25911
1.30399
1.36377
1.35451
1.30859
1.31579
1.36558
1.38623
1.3743
1.38936
1.27753
1.29817
1.27915
1.27378
1.32973
1.29884
1.32806
1.26786
1.27396
1.27614
1.29404
1.29415
1.26536
1.26344
1.25562
1.26022
1.30007
1.27137
1.2804
1.31926
1.36066
1.31391
1.3424
1.35106
1.32912
1.33635
1.35226
1.32594
1.34988
1.39978
1.39982
1.39991
1.39991
1.27412
1.27721
1.27244
1.29758
1.3302
1.26076
1.39412
1.39299
1.39279
1.39577
1.38763
1.35285
1.3657
1.35961
1.32113
1.31085
1.39554
1.37857
1.3846
1.38618
1.38798
1.39319
1.30952
1.2765
1.26282
1.28416
1.39578
1.39715
1.39504
1.39641
1.39658
1.39829
1.39782
1.3982
1.39937
1.39919
1.39876
1.33364
1.29437
1.29826
1.32449
1.32862
1.28599
1.27847
1.27407
1.2807
1.2755
1.3008
1.30032
1.31613
1.2602
1.2577
1.26574
1.37496
1.37043
1.37935
1.38761
1.37244
1.365
1.36804
1.38724
1.38921
1.39415
1.34452
1.36537
1.38115
1.35766
1.36548
1.37801
1.38659
1.27252
1.27771
1.27722
1.30475
1.29955
1.31669
1.39974
1.39965
1.39922
1.39987
1.39835
1.39948
1.39976
1.39896
1.39978
1.3995
1.37117
1.33725
1.36774
1.35361
1.32752
1.35996
1.27406
1.2792
1.30457
1.2733
1.27639
1.29161
1.29201
1.30764
1.30742
1.31811
1.31597
1.32067
1.3208
1.34166
1.34215
1.35403
1.4
1.4
1.4
1.38431
1.38882
1.39258
1.38818
1.38967
1.39428
1.3956
1.39566
1.39239
1.39663
1.39806
1.39396
1.39702
1.39713
1.39883
1.3986
1.39927
1.39749
1.39623
1.30643
1.3211
1.34708
1.26797
1.26977
1.27558
1.29524
1.2932
1.27312
1.267
1.27814
1.27341
1.30145
1.29936
1.26642
1.2751
1.2767
1.29842
1.39952
1.39967
1.39901
1.39951
1.39916
1.39956
1.29423
1.34113
1.35386
1.30668
1.31569
1.33755
1.3365
1.3103
1.31667
1.37414
1.37928
1.38619
1.38171
1.38331
1.38968
1.39169
1.39462
1.39319
1.31694
1.34089
1.31442
1.32461
1.33599
1.34567
1.35369
1.27496
1.25973
1.26002
1.34357
1.35027
1.30829
1.33278
1.31842
1.25526
1.26118
1.25526
1.25744
1.26584
1.39961
1.39991
1.39968
1.39937
1.39989
1.39994
1.39989
1.39975
1.39961
1.39972
1.39629
1.39599
1.39777
1.29231
1.3111
1.30834
1.32465
1.34557
1.3182
1.33813
1.34078
1.31077
1.32138
1.39898
1.39936
1.39981
1.39949
1.39991
1.39965
1.39986
1.25947
1.27249
1.25383
1.39218
1.39577
1.39402
1.39597
1.39352
1.39767
1.3965
1.39173
1.38207
1.39198
1.38823
1.39797
1.39605
1.39717
1.32263
1.32496
1.32909
1.3529
1.27138
1.28162
1.28272
1.30828
1.27987
1.30151
1.30204
1.27112
1.27726
1.29945
1.31961
1.3139
1.3407
1.35727
1.36934
1.32637
1.34759
1.34731
1.35954
1.3198
1.32709
1.25702
1.25451
1.26881
1.27894
1.29538
1.31398
1.27349
1.27567
1.29644
1.30093
1.27772
1.39985
1.39997
1.39995
1.4
1.4
1.4
1.4
1.4
1.4
1.4
1.39932
1.39933
1.39938
1.27747
1.29348
1.26704
1.29149
1.27526
1.27743
1.30174
1.28167
1.2795
1.30609
1.30945
1.32267
1.34934
1.31803
1.32704
1.32984
1.35151
1.34954
1.32275
1.33005
1.35184
1.36427
1.4
1.4
1.4
1.4
1.4
1.4
1.36919
1.37284
1.37883
1.38664
1.38506
1.3912
1.38975
1.39895
1.39565
1.39787
1.39711
1.39909
1.39754
1.39791
1.39959
1.3986
1.39925
1.39825
1.39766
1.39844
1.39919
1.28361
1.30654
1.3077
1.27385
1.2819
1.37225
1.37334
1.3811
1.36199
1.36945
1.38638
1.382
1.39322
1.39395
1.39028
1.31104
1.30305
1.34507
1.35986
1.32326
1.3229
1.29062
1.29333
1.33692
1.36453
1.3862
1.37109
1.37183
1.37988
1.3809
1.27038
1.26841
1.27732
1.27459
1.29691
1.39918
1.3998
1.39964
1.39974
1.39965
1.39955
1.39922
1.3955
1.38871
1.39727
1.39736
1.39155
1.39564
1.27153
1.27893
1.27845
1.30587
1.3885
1.37094
1.38363
1.38413
1.27241
1.29614
1.25425
1.25417
1.25841
1.25912
1.26908
1.25814
1.26028
1.4
1.4
1.4
1.4
1.4
1.4
1.39999
1.4
1.39999
1.4
1.4
1.4
1.4
1.4
1.4
1.4
1.39646
1.39056
1.3945
1.39444
1.38921
1.36585
1.3741
1.38917
1.3779
1.37947
1.27672
1.37082
1.3366
1.39972
1.25663
1.26173
1.3938
1.27279
1.35598
1.39727
1.26282
1.27103
1.25185
1.24583
1.25981
1.39896
1.39695
1.39757
1.3991
1.39806
1.39961
1.39879
1.39943
1.39634
1.39817
1.39764
1.39892
1.39872
1.39912
1.4
1.4
1.4
1.4
1.4
1.4
1.4
1.4
1.4
1.4
1.26247
1.26239
1.27228
1.27493
1.28253
1.2702
1.2787
1.25701
1.25505
1.27145
1.29075
1.26316
1.27704
1.29707
1.29132
1.27319
1.27005
1.29455
1.29689
1.31816
1.36357
1.31224
1.32528
1.33016
1.35506
1.35107
1.4
1.4
1.4
1.4
1.4
1.4
1.31612
1.35824
1.32058
1.34141
1.30689
1.30556
1.33183
1.2931
1.27711
1.29877
1.26577
1.27186
1.25462
1.26621
1.39795
1.39609
1.39727
1.3936
1.27285
1.27127
1.29985
1.27312
1.32028
1.30911
1.33539
1.3035
1.3012
1.26775
1.26567
1.25433
1.25521
1.38591
1.37877
1.38305
1.38603
1.38742
1.384
1.39273
1.393
1.39538
1.26721
1.2729
1.29333
1.27218
1.27578
1.29119
1.2967
1.27729
1.30821
1.32377
1.30521
1.27818
1.26892
1.27552
1.29149
1.26488
1.2699
1.27115
1.28979
1.2857
1.27387
1.28816
1.26621
1.28581
1.27022
1.31628
1.27155
1.2788
1.30172
1.27566
1.27122
1.27651
1.30173
1.30522
1.36067
1.31017
1.32739
1.32268
1.34779
1.34197
1.39898
1.3988
1.27875
1.2546
1.26667
1.27036
1.2735
1.30524
1.31533
1.34153
1.27249
1.28109
1.28049
1.3046
1.30493
1.33535
1.2651
1.27435
1.29409
1.27154
1.27382
1.2925
1.29024
1.27037
1.29825
1.31802
1.32631
1.3148
1.34914
1.36114
1.39391
1.37529
1.39572
1.378
1.38958
1.37642
1.38397
1.39202
1.39544
1.39686
1.39651
1.39836
1.39804
1.39885
1.39991
1.39991
1.39995
1.39993
1.39991
1.39995
1.3999
1.39996
1.39995
1.25591
1.26491
1.2655
1.2659
1.2876
1.30745
1.33437
1.39639
1.3978
1.39662
1.29426
1.32996
1.3512
1.35572
1.31916
1.33086
1.253
1.26332
1.29083
1.27306
1.27656
1.29571
1.28893
1.27252
1.26668
1.35836
1.38469
1.36312
1.35921
1.37336
1.37307
1.32759
1.31762
1.32846
1.35135
1.35185
1.36468
1.39973
1.39944
1.39964
1.39906
1.3994
1.39508
1.39725
1.39752
1.26508
1.27163
1.25315
1.26706
1.29878
1.26785
1.27178
1.2783
1.29197
1.29848
1.30882
1.39877
1.39891
1.3995
1.39952
1.27318
1.28207
1.28147
1.30156
1.30388
1.25225
1.25519
1.27541
1.28058
1.26516
1.26692
1.27271
1.26972
1.28835
1.29128
1.31547
1.39999
1.39997
1.39993
1.39996
1.39994
1.39998
1.39997
1.26868
1.25509
1.25906
1.34055
1.29669
1.31235
1.33667
1.3285
1.32878
1.34359
1.35097
1.35742
1.36009
1.37504
1.3714
1.26366
1.26996
1.27693
1.2906
1.25694
1.25148
1.27007
1.4
1.39998
1.39999
1.39999
1.39998
1.27581
1.26378
1.27037
1.30056
1.29475
1.32985
1.39154
1.38688
1.37228
1.36959
1.25093
1.25716
1.26465
1.26626
1.39657
1.39887
1.39858
1.39935
1.31262
1.35931
1.32523
1.32396
1.34709
1.34625
1.39764
1.26761
1.34895
1.40354
1.29755
1.3999
1.39611
1.27716
1.36427
1.26733
1.27209
1.2957
1.30477
1.27748
1.30068
1.26029
1.26949
1.28649
1.29574
1.30528
1.31164
1.27346
1.27583
1.26604
1.26809
1.27379
1.28692
1.29379
1.30551
1.32426
1.33069
1.26577
1.25679
1.3947
1.39419
1.26767
1.27209
1.29269
1.30879
1.30769
1.4
1.4
1.4
1.4
1.4
1.4
1.4
1.25815
1.25254
1.26781
1.34975
1.36313
1.37534
1.39988
1.39962
1.39981
1.39954
1.39923
1.39969
1.39959
1.36072
1.37883
1.3647
1.3767
1.36076
1.37489
1.36135
1.36822
1.38149
1.37102
1.38267
1.3687
1.26771
1.27168
1.30468
1.31871
1.32455
1.25464
1.25427
1.25777
1.27041
1.26935
1.26495
1.31398
1.27548
1.29409
1.29362
1.27254
1.4
1.39999
1.4
1.4
1.4
1.25901
1.25522
1.25708
1.26515
1.26535
1.27424
1.25378
1.25928
1.26002
1.26162
1.25687
1.26261
1.26958
1.27571
1.25952
1.27364
1.25945
1.25596
1.26153
1.26943
1.25752
1.26689
1.2578
1.25488
1.25928
1.26675
1.25489
1.25504
1.2535
1.26325
1.25191
1.26102
1.3444
1.35727
1.35757
1.37469
1.37466
1.38204
1.31054
1.30515
1.3141
1.30057
1.34307
1.3534
1.25097
1.26058
1.39864
1.3974
1.39708
1.39923
1.39913
1.39824
1.25505
1.25908
1.25091
1.24811
1.2682
1.27374
1.29975
1.31655
1.266
1.25071
1.24989
1.25746
1.39999
1.39999
1.39999
1.39999
1.4
1.4
1.4
1.4
1.27112
1.27814
1.29569
1.27628
1.27331
1.29377
1.29164
1.30553
1.27235
1.30138
1.31951
1.4
1.4
1.4
1.4
1.34931
1.36353
1.35158
1.3646
1.36995
1.37971
1.39138
1.38892
1.37501
1.3849
1.39659
1.39728
1.39845
1.39934
1.39891
1.26566
1.2489
1.25532
1.3118
1.30388
1.33455
1.34684
1.36019
1.35133
1.39944
1.25804
1.26663
1.25109
1.38415
1.38769
1.38994
1.38783
1.38939
1.39421
1.39412
1.36299
1.36261
1.35328
1.37749
1.4
1.4
1.4
1.4
1.4
1.39617
1.39837
1.39927
1.39769
1.27139
1.28319
1.27605
1.29695
1.31011
1.32092
1.39999
1.39999
1.4
1.4
1.4
1.24766
1.26789
1.39946
1.39978
1.39903
1.39805
1.39948
1.39832
1.39921
1.31508
1.31862
1.34246
1.34347
1.30393
1.31821
1.36159
1.32031
1.34498
1.31064
1.32192
1.34401
1.39744
1.39661
1.39965
1.39824
1.39805
1.39913
1.39855
1.39957
1.39935
1.25699
1.25551
1.26253
1.25426
1.25982
1.39964
1.39926
1.3998
1.39967
1.39965
1.2532
1.25661
1.26338
1.24948
1.25429
1.2629
1.25248
1.25562
1.30792
1.30823
1.32319
1.3222
1.3194
1.34347
1.34848
1.34983
1.35827
1.2695
1.26546
1.2523
1.25353
1.39995
1.39999
1.4
1.4
1.39999
1.39998
1.24885
1.25361
1.25815
1.25455
1.25797
1.26174
1.26208
1.24959
1.25453
1.25337
1.25397
1.26215
1.26109
1.24962
1.25321
1.25173
1.25497
1.26087
1.26517
1.27447
1.27072
1.29131
1.29045
1.25345
1.26152
1.26737
1.25609
1.24964
1.26463
1.30682
1.31174
1.31473
1.32549
1.31501
1.29534
1.4
1.4
1.4
1.4
1.4
1.4
1.32423
1.2794
1.30202
1.3033
1.26873
1.27703
1.27337
1.26298
1.26797
1.29951
1.32269
1.30949
1.2836
1.26069
1.25177
1.26599
1.25369
1.33617
1.38544
1.38553
1.36475
1.35642
1.38206
1.36446
1.38194
1.39965
1.39981
1.39956
1.39908
1.39904
1.39854
1.39807
1.24993
1.2579
1.39344
1.39916
1.39798
1.39883
1.2619
1.26586
1.25062
1.25319
1.25229
1.24837
1.2645
1.27904
1.29164
1.28351
1.27574
1.29918
1.3138
1.29604
1.2741
1.26583
1.2756
1.29281
1.27301
1.26722
1.32465
1.291
1.32161
1.24939
1.25351
1.2607
1.26831
1.27317
1.27612
1.30151
1.27364
1.2772
1.29481
1.31201
1.39966
1.39985
1.39987
1.26557
1.28945
1.2918
1.25967
1.26814
1.3986
1.39827
1.39778
1.39938
1.39976
1.39952
1.39882
1.39952
1.25439
1.25498
1.26446
1.4
1.4
1.4
1.4
1.4
1.29188
1.27443
1.28582
1.26844
1.2825
1.39888
1.39925
1.39882
1.40002
1.33312
1.3303
1.27175
1.29107
1.26687
1.26252
1.27554
1.26883
1.2554
1.25462
1.26315
1.38829
1.39807
1.39434
1.39623
1.39327
1.36349
1.38822
1.38251
1.37099
1.39607
1.39191
1.39294
1.39604
1.24752
1.26944
1.27365
1.28964
1.29349
1.26938
1.26365
1.34077
1.34299
1.30695
1.37799
1.37854
1.36063
1.36446
1.3244
1.34744
1.35811
1.39999
1.4
1.4
1.39999
1.39999
1.4
1.4
1.27606
1.2971
1.26741
1.27596
1.26133
1.26464
1.25346
1.24625
1.25503
1.27085
1.26744
1.26583
1.25314
1.29458
1.3112
1.30901
1.25482
1.2699
1.2772
1.28863
1.30164
1.30975
1.39995
1.39998
1.39998
1.39997
1.39998
1.27139
1.28785
1.29533
1.30769
1.29389
1.3042
1.35711
1.32221
1.3517
1.36365
1.32394
1.31171
1.31606
1.34608
1.35086
1.39858
1.39953
1.39794
1.39851
1.39768
1.3861
1.38666
1.39118
1.39551
1.39285
1.39992
1.39981
1.39991
1.39978
1.39961
1.39969
1.39925
1.2923
1.30951
1.32589
1.34995
1.35014
1.31325
1.32305
1.26802
1.24879
1.37256
1.3698
1.38256
1.38938
1.3857
1.36776
1.38075
1.35852
1.36578
1.37972
1.38687
1.38486
1.25391
1.4
1.4
1.4
1.4
1.4
1.36226
1.39348
1.39213
1.38141
1.37332
1.35934
1.37421
1.38361
1.39912
1.39927
1.39944
1.39937
1.39895
1.39865
1.39381
1.39573
1.37655
1.3947
1.38069
1.38757
1.26544
1.25281
1.25795
1.39984
1.39978
1.39967
1.39991
1.39984
1.28598
1.28985
1.34307
1.39996
1.39993
1.39996
1.39996
1.39992
1.39997
1.39997
1.39998
1.33024
1.33711
1.37073
1.38042
1.35379
1.37675
1.34738
1.35987
1.31984
1.34185
1.31975
1.32816
1.34019
1.35268
1.36047
1.36017
1.39966
1.39983
1.39959
1.3999
1.39982
1.26956
1.30197
1.27167
1.29412
1.30143
1.31536
1.26886
1.39712
1.39326
1.39939
1.39847
1.39965
1.39933
1.4
1.4
1.4
1.4
1.4
1.39988
1.39981
1.3998
1.39989
1.39991
1.39987
1.3999
1.39989
1.39992
1.2517
1.25724
1.33925
1.33585
1.35779
1.37166
1.38238
1.36274
1.35418
1.37261
1.37463
1.39996
1.39997
1.39996
1.39999
1.39997
1.39998
1.39998
1.3983
1.39775
1.39902
1.39546
1.39857
1.39668
1.31885
1.275
1.29453
1.30024
1.31311
1.26487
1.25968
1.26954
1.26952
1.28738
1.28652
1.26154
1.26963
1.27267
1.26818
1.29216
1.28867
1.26463
1.26284
1.25105
1.25087
1.27585
1.30062
1.27177
1.27909
1.29864
1.3104
1.31569
1.37837
1.36849
1.33552
1.33552
1.26271
1.27419
1.26834
1.28501
1.33074
1.32243
1.33881
1.36285
1.35748
1.25406
1.26545
1.37204
1.34639
1.34485
1.36403
1.37591
1.37028
1.39967
1.39854
1.39745
1.39929
1.39859
1.39932
1.39852
1.39936
1.39968
1.39925
1.39962
1.39982
1.2479
1.252
1.25969
1.24906
1.26383
1.28841
1.27231
1.30134
1.3098
1.31152
1.32633
1.32168
1.35133
1.34906
1.28568
1.31078
1.33959
1.30442
1.35157
1.33994
1.33584
1.39876
1.39915
1.39975
1.39961
1.3995
1.39923
1.39925
1.39853
1.39966
1.39882
1.39896
1.39921
1.39924
1.39922
1.39902
1.27367
1.26305
1.27921
1.39992
1.39995
1.39979
1.39982
1.25371
1.24942
1.26105
1.39984
1.39934
1.39972
1.39979
1.32981
1.33164
1.34714
1.36115
1.36937
1.37272
1.3576
1.35247
1.35617
1.34824
1.31051
1.32424
1.30929
1.3219
1.34428
1.25669
1.26683
1.25059
1.31558
1.33195
1.32397
1.34648
1.35408
1.36952
1.25966
1.2636
1.26741
1.30251
1.32064
1.30775
1.31069
1.32707
1.34433
1.3265
1.34294
1.3168
1.33874
1.26565
1.27635
1.27279
1.30379
1.29942
1.32068
1.26864
1.26281
1.24721
1.24838
1.37801
1.37287
1.38728
1.38466
1.39119
1.38825
1.35627
1.36539
1.38055
1.38642
1.26341
1.27492
1.29724
1.27106
1.28806
1.27013
1.29887
1.30985
1.31352
1.25068
1.2475
1.26634
1.26196
1.27163
1.30022
1.26948
1.2747
1.29656
1.30076
1.39996
1.39992
1.39984
1.39992
1.25374
1.25228
1.26375
1.30391
1.31796
1.33843
1.3561
1.32998
1.33143
1.37656
1.37812
1.37091
1.38725
1.39094
1.39982
1.39988
1.39977
1.39995
1.39996
1.3998
1.39991
1.3992
1.39905
1.39933
1.37356
1.334
1.37787
1.36212
1.33362
1.35292
1.30452
1.31529
1.31576
1.34118
1.34002
1.26119
1.26605
1.26834
1.3041
1.29324
1.30848
1.31842
1.32882
1.25531
1.2455
1.26409
1.26393
1.26581
1.26614
1.29225
1.29101
1.30883
1.26173
1.27148
1.27528
1.29526
1.29318
1.28634
1.31027
1.32714
1.32246
1.28756
1.28849
1.27016
1.28563
1.26248
1.28068
1.26113
1.26268
1.27209
1.30135
1.31177
1.39865
1.39786
1.39909
1.39652
1.39846
1.39669
1.2673
1.27933
1.27103
1.30078
1.30158
1.31942
1.27083
1.28483
1.2587
1.26677
1.28611
1.28071
1.26494
1.39981
1.39929
1.39969
1.39982
1.3997
1.31052
1.31982
1.32457
1.34754
1.34487
1.35807
1.26726
1.28742
1.30172
1.26069
1.26692
1.28209
1.35516
1.36559
1.36564
1.37549
1.37876
1.38412
1.4
1.4
1.4
1.4
1.4
1.4
1.4
1.25965
1.26445
1.26438
1.28598
1.28841
1.39845
1.3966
1.39733
1.39742
1.3987
1.39914
1.39965
1.37175
1.37939
1.36911
1.36106
1.37268
1.2538
1.26392
1.30368
1.32029
1.26894
1.29073
1.26118
1.2678
1.26828
1.28966
1.29231
1.39542
1.39877
1.39936
1.39878
1.39661
1.39647
1.39779
1.39781
1.26323
1.27173
1.30018
1.26863
1.29653
1.31497
1.25858
1.26492
1.28653
1.30137
1.30802
1.31383
1.29822
1.33271
1.35371
1.3269
1.32998
1.35333
1.3706
1.3351
1.26285
1.27619
1.30406
1.27445
1.27682
1.29885
1.30199
1.38134
1.38779
1.39404
1.38938
1.39004
1.39551
1.39696
1.39829
1.39997
1.39999
1.39998
1.39996
1.39999
1.39998
1.39999
1.39999
1.36101
1.38488
1.37879
1.37465
1.24863
1.25299
1.26258
1.24347
1.25141
1.31114
1.32165
1.34477
1.35648
1.31384
1.31854
1.33788
1.37393
1.38744
1.38313
1.25962
1.26668
1.28597
1.2629
1.26343
1.28346
1.28757
1.25929
1.24825
1.24459
1.25787
1.38825
1.35502
1.36069
1.38023
1.38173
1.36927
1.39984
1.39982
1.39987
1.39998
1.39998
1.39999
1.39992
1.39993
1.25431
1.26528
1.28781
1.28523
1.26332
1.25978
1.27068
1.26323
1.28999
1.28777
1.30968
1.25722
1.26832
1.26983
1.29216
1.29268
1.39013
1.38713
1.39594
1.39254
1.39645
1.39357
1.3183
1.3481
1.36173
1.30768
1.24947
1.25209
1.39875
1.39364
1.367
1.31621
1.27607
1.2626
1.24579
1.25077
1.34525
1.40311
1.39097
1.25852
1.32646
1.2636
1.27024
1.25065
1.24131
1.25821
1.2642
1.26692
1.28921
1.29587
1.30855
1.39476
1.39549
1.39652
1.3972
1.39767
1.39731
1.39823
1.39905
1.39847
1.39863
1.39895
1.39938
1.3992
1.26541
1.27436
1.30856
1.29413
1.28876
1.24849
1.26293
1.26441
1.26919
1.29376
1.31472
1.31029
1.32475
1.26791
1.28614
1.28547
1.29747
1.24822
1.25605
1.26209
1.2642
1.24787
1.25895
1.26754
1.28338
1.29287
1.30458
1.26057
1.26415
1.25823
1.27198
1.26478
1.29694
1.28719
1.31123
1.38363
1.37341
1.38886
1.39351
1.36711
1.36472
1.37712
1.39239
1.39473
1.37907
1.38731
1.38151
1.38969
1.36186
1.35947
1.37569
1.3711
1.28977
1.26895
1.26089
1.2659
1.29591
1.31167
1.31833
1.35791
1.34596
1.3516
1.39904
1.39934
1.39954
1.39965
1.35746
1.36414
1.37653
1.38168
1.27701
1.29279
1.30438
1.31628
1.34667
1.3086
1.32321
1.35948
1.34323
1.24683
1.26225
1.26804
1.27088
1.30008
1.31739
1.3068
1.26349
1.25343
1.26027
1.24994
1.24777
1.36344
1.39134
1.38106
1.39381
1.38877
1.32821
1.35026
1.35527
1.36508
1.32075
1.32927
1.25142
1.24342
1.25926
1.23972
1.25555
1.26454
1.26438
1.28013
1.27777
1.39426
1.39662
1.398
1.39788
1.39669
1.38944
1.39452
1.38369
1.39389
1.38834
1.33891
1.37512
1.35995
1.36845
1.38096
1.35942
1.36531
1.37798
1.38462
1.37854
1.36628
1.35753
1.25834
1.26336
1.28795
1.30859
1.2435
1.24628
1.25888
1.24876
1.25648
1.23812
1.26646
1.26007
1.26933
1.28866
1.2919
1.30656
1.2408
1.24295
1.25613
1.26706
1.28829
1.28902
1.2572
1.2699
1.24651
1.2489
1.26078
1.2577
1.26979
1.24406
1.25541
1.25301
1.2636
1.26285
1.27234
1.24992
1.24926
1.26362
1.24699
1.24465
1.24927
1.25909
1.26104
1.27119
1.24751
1.25799
1.2601
1.27396
1.24476
1.25103
1.25997
1.24396
1.24596
1.25299
1.24197
1.24802
1.24423
1.24688
1.25588
1.25929
1.2465
1.36157
1.37027
1.38158
1.39842
1.39688
1.39345
1.39237
1.39844
1.39786
1.4
1.4
1.4
1.4
1.39039
1.39424
1.39435
1.39616
1.38639
1.39024
1.39476
1.3992
1.39805
1.39693
1.39447
1.39694
1.39472
1.24204
1.24944
1.39675
1.39196
1.39571
1.39664
1.24317
1.26641
1.39893
1.39951
1.39974
1.39931
1.39935
1.3996
1.39964
1.3993
1.25066
1.24829
1.2577
1.39893
1.3995
1.3994
1.39933
1.39937
1.3996
1.39966
1.39972
1.39983
1.39996
1.39989
1.39995
1.39987
1.39997
1.39994
1.25866
1.26555
1.24942
1.25666
1.24963
1.30567
1.2595
1.247
1.26423
1.2869
1.28688
1.2637
1.25719
1.3955
1.39072
1.39751
1.39817
1.39591
1.39602
1.26045
1.24387
1.24903
1.30186
1.31264
1.3419
1.30024
1.31178
1.34146
1.30465
1.24552
1.25776
1.28408
1.25711
1.26238
1.30895
1.35367
1.33993
1.3019
1.31619
1.34033
1.31615
1.34136
1.39648
1.39861
1.39947
1.39785
1.24541
1.25611
1.26237
1.26845
1.27532
1.29786
1.29812
1.31547
1.30724
1.31125
1.32403
1.33764
1.3549
1.34304
1.31856
1.30573
1.34353
1.34587
1.24349
1.25278
1.24857
1.26159
1.39923
1.39941
1.39848
1.39877
1.39704
1.39803
1.26817
1.28009
1.29065
1.29914
1.29884
1.26996
1.29202
1.29395
1.31008
1.32032
1.34445
1.34758
1.35846
1.26347
1.33336
1.40109
1.40131
1.39221
1.25515
1.32953
1.39881
1.39922
1.39887
1.3986
1.39808
1.39968
1.39501
1.39788
1.39663
1.39802
1.39906
1.39691
1.24906
1.25297
1.26222
1.38624
1.38803
1.39384
1.39314
1.39398
1.3957
1.35843
1.35202
1.376
1.28498
1.30835
1.31689
1.30321
1.31694
1.34539
1.34369
1.39948
1.39985
1.39991
1.39994
1.39979
1.39959
1.39982
1.39988
1.29901
1.36083
1.29944
1.31095
1.31588
1.34284
1.34313
1.29342
1.29149
1.2672
1.25682
1.26259
1.28486
1.24702
1.24
1.25275
1.26176
1.2476
1.25088
1.2459
1.2508
1.25542
1.24501
1.24445
1.25281
1.23832
1.39999
1.39999
1.39999
1.4
1.4
1.31018
1.26956
1.27361
1.2857
1.26049
1.25739
1.29711
1.31392
1.31224
1.31897
1.3209
1.34153
1.34603
1.35828
1.3766
1.39415
1.39181
1.26694
1.28943
1.31291
1.24959
1.25755
1.24707
1.25389
1.26031
1.24401
1.3989
1.39922
1.3984
1.24629
1.25155
1.25744
1.2463
1.25049
1.25858
1.24552
1.25099
1.25668
1.25265
1.2597
1.24671
1.2469
1.39576
1.39201
1.39779
1.39384
1.39834
1.39629
1.26201
1.24732
1.24745
1.27384
1.2839
1.28858
1.26746
1.26102
1.24518
1.24867
1.25593
1.26009
1.27223
1.29088
1.303
1.26453
1.26651
1.2838
1.28395
1.3988
1.3991
1.39961
1.24568
1.39639
1.39833
1.39827
1.399
1.39873
1.39577
1.39734
1.39675
1.39792
1.39785
1.39871
1.39794
1.24895
1.24751
1.26355
1.24177
1.248
1.26462
1.25107
1.26193
1.2451
1.39929
1.39945
1.39943
1.3997
1.39986
1.3999
1.39974
1.26176
1.28036
1.31753
1.31546
1.25918
1.2658
1.28008
1.26797
1.29015
1.30126
1.31072
1.24803
1.24577
1.25881
1.26166
1.27208
1.2938
1.26746
1.28956
1.29256
1.39841
1.39417
1.39652
1.39681
1.39825
1.39964
1.39793
1.39853
1.39815
1.39906
1.39935
1.39955
1.39546
1.39327
1.38403
1.39317
1.3842
1.3886
1.39158
1.32761
1.37481
1.30593
1.35477
1.33141
1.34186
1.36727
1.36247
1.35738
1.37651
1.37889
1.38557
1.38883
1.38331
1.38674
1.39043
1.38404
1.38252
1.39428
1.39705
1.39594
1.39204
1.31205
1.32882
1.34219
1.34812
1.32979
1.34666
1.34429
1.28045
1.29486
1.30479
1.31567
1.26638
1.26855
1.25583
1.2434
1.24223
1.39966
1.39972
1.39982
1.39993
1.25906
1.24599
1.24537
1.38301
1.36633
1.36693
1.35612
1.36698
1.38017
1.38628
1.38979
1.38651
1.37966
1.39372
1.39299
1.39662
1.39614
1.27023
1.25825
1.24612
1.24445
1.25803
1.3319
1.30225
1.28515
1.3171
1.3117
1.3586
1.34425
1.33971
1.34986
1.36622
1.37455
1.34258
1.36265
1.32076
1.32318
1.34282
1.36375
1.23971
1.28017
1.28796
1.26346
1.25986
1.30481
1.28283
1.3597
1.36234
1.38737
1.36499
1.36594
1.37902
1.38056
1.26607
1.29644
1.31115
1.3726
1.3847
1.38983
1.36121
1.26832
1.29262
1.29618
1.31231
1.28337
1.30734
1.30261
1.35442
1.33438
1.30279
1.31411
1.34091
1.24356
1.25317
1.2462
1.3999
1.39995
1.39985
1.39992
1.39996
1.39995
1.39997
1.39912
1.3984
1.3991
1.30242
1.28673
1.30248
1.31579
1.3419
1.35598
1.31847
1.3384
1.30429
1.31242
1.34092
1.25599
1.26434
1.26555
1.29101
1.30842
1.28976
1.37956
1.38503
1.38594
1.39097
1.39036
1.25794
1.2617
1.28877
1.30633
1.24596
1.24207
1.25715
1.25682
1.2548
1.26367
1.26323
1.28368
1.28601
1.3958
1.38574
1.3926
1.38361
1.38772
1.39208
1.25726
1.26327
1.26639
1.29221
1.25696
1.266
1.28739
1.29118
1.26113
1.26681
1.26161
1.25603
1.27182
1.24206
1.24215
1.26578
1.29698
1.31561
1.31508
1.33994
1.3406
1.24499
1.24785
1.31296
1.33608
1.3558
1.39952
1.39972
1.3995
1.3998
1.39954
1.39991
1.39974
1.3999
1.39982
1.39996
1.39992
1.32288
1.27392
1.29917
1.29989
1.26729
1.27397
1.25765
1.26196
1.25717
1.29134
1.25939
1.24639
1.2477
1.25393
1.39871
1.39972
1.39986
1.3998
1.3996
1.39964
1.3991
1.24909
1.26161
1.27111
1.36982
1.34297
1.30446
1.3189
1.32744
1.30021
1.33147
1.32487
1.33873
1.34374
1.31986
1.38627
1.39693
1.39485
1.39419
1.39082
1.39005
1.38682
1.34465
1.30248
1.33632
1.33773
1.28364
1.27837
1.36981
1.33996
1.3785
1.35295
1.37259
1.37742
1.26983
1.29047
1.271
1.26239
1.29458
1.30958
1.32354
1.30849
1.39919
1.39949
1.39976
1.26309
1.25396
1.26079
1.28702
1.28592
1.39062
1.38616
1.38506
1.3488
1.36006
1.37323
1.35886
1.36536
1.37171
1.37623
1.39314
1.39293
1.39069
1.3861
1.3717
1.26677
1.28515
1.25911
1.25505
1.39395
1.39453
1.39705
1.39887
1.39764
1.39806
1.39905
1.39904
1.30949
1.28296
1.29522
1.30261
1.34059
1.32952
1.3531
1.33629
1.31745
1.34537
1.35555
1.39896
1.3984
1.39905
1.39908
1.3989
1.37067
1.38441
1.3955
1.39896
1.39895
1.39803
1.39514
1.3974
1.28168
1.30003
1.30964
1.33578
1.30239
1.2936
1.2985
1.32628
1.33703
1.35124
1.34952
1.36068
1.28759
1.26064
1.27271
1.27093
1.26946
1.30055
1.30311
1.31426
1.23993
1.24561
1.39434
1.39479
1.38576
1.39019
1.39057
1.39371
1.39888
1.39701
1.3975
1.38586
1.39376
1.38307
1.38836
1.39363
1.4
1.4
1.4
1.4
1.4
1.4
1.4
1.4
1.4
1.26472
1.28503
1.28736
1.30371
1.25534
1.26243
1.30639
1.35135
1.32439
1.39298
1.34854
1.37798
1.25362
1.25479
1.24346
1.2444
1.36116
1.27967
1.28375
1.30435
1.3354
1.32836
1.36541
1.35396
1.30904
1.31813
1.31706
1.35435
1.33544
1.36515
1.35464
1.33667
1.3566
1.25595
1.26547
1.26241
1.29046
1.28643
1.3992
1.39962
1.39982
1.39954
1.39899
1.39978
1.39926
1.39969
1.39953
1.39931
1.39884
1.25469
1.23968
1.24341
1.39576
1.39728
1.39537
1.39874
1.39919
1.39974
1.3999
1.39969
1.39984
1.25309
1.26393
1.2889
1.26276
1.26664
1.28427
1.29366
1.28807
1.289
1.29646
1.32327
1.31912
1.34073
1.25048
1.26153
1.25981
1.28293
1.28176
1.27158
1.25735
1.26824
1.2924
1.30196
1.27808
1.24056
1.24689
1.39997
1.39994
1.39988
1.39975
1.39988
1.30582
1.29775
1.31113
1.33632
1.31246
1.3431
1.25615
1.26479
1.29969
1.26777
1.30125
1.31515
1.31952
1.3336
1.25747
1.2381
1.2389
1.36752
1.36067
1.38302
1.36331
1.36466
1.37622
1.37575
1.38608
1.25978
1.2542
1.26525
1.30981
1.32733
1.35227
1.30755
1.32137
1.35132
1.25032
1.30362
1.25916
1.26523
1.28789
1.29071
1.39999
1.4
1.4
1.39999
1.4
1.4
1.4
1.25242
1.24207
1.24281
1.25874
1.28439
1.30306
1.25628
1.26414
1.27169
1.39997
1.39998
1.39994
1.39998
1.39997
1.4
1.4
1.4
1.4
1.4
1.4
1.4
1.31108
1.25213
1.26147
1.28626
1.28307
1.25723
1.27009
1.29021
1.26635
1.28732
1.30455
1.39977
1.39936
1.39969
1.39934
1.39982
1.39968
1.25154
1.26047
1.28943
1.26706
1.27731
1.29233
1.30019
1.24717
1.23894
1.25767
1.29064
1.25988
1.26617
1.25472
1.26248
1.2639
1.28957
1.30795
1.30528
1.28887
1.33893
1.33879
1.34084
1.35258
1.35259
1.35844
1.37647
1.38001
1.38396
1.25948
1.26926
1.29507
1.31666
1.37481
1.38346
1.38494
1.38112
1.38542
1.39421
1.39006
1.39628
1.39148
1.39474
1.39554
1.39371
1.37525
1.38302
1.39285
1.38397
1.38668
1.38683
1.39318
1.31909
1.27528
1.28173
1.39835
1.39918
1.39969
1.39973
1.39944
1.34456
1.356
1.35613
1.37422
1.38201
1.38497
1.37248
1.3717
1.38117
1.39817
1.39749
1.39831
1.39926
1.39808
1.399
1.38992
1.39308
1.39322
1.39693
1.26452
1.25272
1.2606
1.26003
1.28673
1.28575
1.24411
1.2399
1.25242
1.39979
1.39984
1.39994
1.39986
1.39994
1.30323
1.31398
1.30505
1.31356
1.33407
1.3965
1.39855
1.3959
1.39921
1.39758
1.39807
1.39908
1.39895
1.39852
1.33516
1.34021
1.35371
1.36019
1.2513
1.2605
1.25916
1.28856
1.29095
1.25286
1.26481
1.26102
1.28356
1.2837
1.34598
1.34944
1.32595
1.35952
1.35274
1.38093
1.36733
1.3861
1.3754
1.23402
1.24379
1.25332
1.25531
1.2582
1.26123
1.28346
1.28764
1.39942
1.39923
1.4
1.24518
1.25781
1.2389
1.39997
1.39998
1.39999
1.4
1.39999
1.39235
1.39237
1.39686
1.39702
1.39867
1.39617
1.39909
1.39799
1.25278
1.25619
1.28209
1.30293
1.2559
1.26694
1.26224
1.26005
1.28477
1.28374
1.25421
1.26141
1.26218
1.28187
1.29446
1.26759
1.25215
1.26302
1.28733
1.39155
1.39582
1.39415
1.39654
1.25606
1.26243
1.26588
1.28713
1.2909
1.39891
1.39868
1.39798
1.39831
1.39656
1.37784
1.36559
1.35635
1.38208
1.39077
1.36282
1.37431
1.39999
1.39995
1.39997
1.39997
1.39999
1.4
1.39999
1.39998
1.39999
1.29491
1.25698
1.26538
1.27794
1.39277
1.38427
1.37504
1.34651
1.34999
1.38615
1.32777
1.31638
1.33348
1.3541
1.33182
1.3653
1.35113
1.35341
1.23584
1.24983
1.25438
1.2591
1.28527
1.30312
1.25501
1.2318
1.23762
1.36646
1.38154
1.35864
1.36853
1.38053
1.38759
1.39954
1.39895
1.39951
1.4
1.4
1.4
1.4
1.4
1.4
1.4
1.4
1.37686
1.3771
1.38254
1.38799
1.38377
1.38574
1.39294
1.39504
1.3969
1.39153
1.39473
1.3966
1.39529
1.30608
1.32306
1.31964
1.34756
1.34416
1.36245
1.2442
1.24459
1.25541
1.25454
1.24066
1.2434
1.30735
1.32087
1.33915
1.34042
1.35449
1.31739
1.34246
1.31372
1.30148
1.39976
1.39961
1.39989
1.39995
1.39988
1.32153
1.3191
1.348
1.35811
1.3614
1.37631
1.37417
1.30479
1.31705
1.3181
1.34241
1.34296
1.2379
1.22798
1.24114
1.24253
1.23892
1.25102
1.24988
1.26297
1.399
1.39954
1.26202
1.28096
1.24043
1.24763
1.25002
1.26717
1.26926
1.25408
1.24006
1.37828
1.38388
1.39226
1.38553
1.39328
1.35643
1.36304
1.30126
1.31606
1.31322
1.33576
1.33681
1.3512
1.25794
1.25683
1.2678
1.26524
1.28852
1.28849
1.38976
1.38192
1.39497
1.38843
1.3947
1.39922
1.39945
1.3997
1.39981
1.39983
1.39956
1.2753
1.29647
1.28955
1.30545
1.32643
1.3195
1.2373
1.24066
1.2513
1.25087
1.26145
1.26089
1.2788
1.26258
1.29867
1.28315
1.30191
1.35635
1.33421
1.30412
1.31547
1.339
1.33495
1.25429
1.26351
1.23996
1.24148
1.25259
1.23054
1.24201
1.23613
1.24942
1.23846
1.2405
1.2515
1.25145
1.26276
1.23542
1.23911
1.24964
1.25136
1.26175
1.24428
1.23636
1.2394
1.25092
1.25519
1.26546
1.23881
1.24808
1.24839
1.25921
1.24287
1.23967
1.2579
1.25113
1.23652
1.23731
1.24133
1.24181
1.25271
1.24035
1.24467
1.25118
1.23452
1.24933
1.23414
1.24121
1.23561
1.24854
1.28569
1.32021
1.28433
1.34237
1.30828
1.33811
1.24176
1.24317
1.25326
1.25688
1.27072
1.27181
1.31492
1.29685
1.29957
1.24784
1.23995
1.25225
1.34143
1.37768
1.35789
1.36216
1.3776
1.36599
1.36787
1.37211
1.37672
1.38524
1.38407
1.39866
1.38294
1.26882
1.32612
1.25326
1.23759
1.24338
1.40167
1.39398
1.26184
1.35092
1.26376
1.28317
1.28319
1.25167
1.25879
1.24229
1.25474
1.25167
1.23804
1.24343
1.35278
1.36044
1.3794
1.38521
1.36949
1.38416
1.37465
1.39001
1.38554
1.33101
1.24936
1.25761
1.27609
1.30015
1.26174
1.25905
1.28196
1.27978
1.39599
1.38874
1.38962
1.39262
1.39355
1.39218
1.3899
1.39783
1.39546
1.39731
1.39461
1.26588
1.28537
1.25662
1.26073
1.2807
1.26329
1.26781
1.2545
1.25971
1.28091
1.30194
1.2884
1.33175
1.28303
1.30452
1.30226
1.31862
1.3308
1.34154
1.39959
1.39994
1.39971
1.39979
1.39997
1.27446
1.29599
1.31113
1.33508
1.33452
1.29285
1.30528
1.23585
1.23787
1.2539
1.24056
1.24284
1.23491
1.23503
1.25114
1.25183
1.26021
1.29994
1.321
1.39953
1.39952
1.39975
1.39989
1.39976
1.39991
1.4
1.4
1.4
1.4
1.4
1.4
1.39815
1.39791
1.39445
1.39552
1.39886
1.39827
1.25638
1.25457
1.28045
1.27906
1.3999
1.39996
1.39972
1.39994
1.39849
1.39688
1.39922
1.399
1.39769
1.39834
1.3991
1.39091
1.39236
1.3934
1.3977
1.39507
1.39396
1.39997
1.39998
1.39999
1.39999
1.39998
1.39999
1.25683
1.29093
1.28848
1.30997
1.24305
1.23266
1.24046
1.39662
1.39733
1.39857
1.39811
1.3942
1.23146
1.25144
1.25245
1.23597
1.23809
1.24933
1.23384
1.23518
1.24274
1.25082
1.23758
1.24089
1.26077
1.2806
1.2803
1.25046
1.25834
1.30087
1.24765
1.25512
1.25686
1.27814
1.2775
1.2645
1.28432
1.29306
1.30538
1.26536
1.25462
1.23691
1.24018
1.39784
1.39618
1.39951
1.39909
1.24296
1.23577
1.23979
1.39869
1.39853
1.39932
1.25045
1.24036
1.24217
1.24974
1.25112
1.23837
1.24379
1.23923
1.24408
1.24955
1.24154
1.23725
1.26489
1.27279
1.29961
1.3256
1.32477
1.2432
1.23661
1.25579
1.30515
1.31716
1.34436
1.35792
1.25298
1.24126
1.23492
1.22471
1.25679
1.30746
1.27013
1.29395
1.29006
1.25509
1.26102
1.23825
1.25378
1.25546
1.24792
1.2329
1.23762
1.28507
1.25759
1.2815
1.28851
1.35802
1.36607
1.37779
1.36482
1.37683
1.39889
1.39908
1.36121
1.34829
1.35554
1.37245
1.37453
1.38115
1.38131
1.3858
1.39357
1.3895
1.3871
1.38915
1.38736
1.39307
1.39275
1.39527
1.39593
1.24577
1.23909
1.253
1.39621
1.3914
1.39762
1.39188
1.39559
1.26394
1.29734
1.31362
1.31195
1.39993
1.39967
1.39933
1.39984
1.39942
1.39973
1.23796
1.24317
1.25203
1.24955
1.26609
1.27067
1.33922
1.29881
1.36797
1.37598
1.34469
1.32479
1.35536
1.36664
1.37162
1.33639
1.34438
1.24094
1.2458
1.24982
1.25229
1.23852
1.23014
1.25347
1.3012
1.35423
1.30615
1.31161
1.32222
1.33878
1.34393
1.356
1.36245
1.36788
1.35469
1.30309
1.30803
1.32241
1.3367
1.34448
1.39636
1.39796
1.39722
1.39776
1.39704
1.39822
1.3987
1.39886
1.39897
1.39919
1.39938
1.3995
1.3999
1.39996
1.39992
1.39997
1.39996
1.38623
1.38859
1.39367
1.39028
1.39432
1.39023
1.39434
1.25278
1.25485
1.27176
1.28843
1.32019
1.31079
1.32387
1.3168
1.34676
1.33504
1.3602
1.36707
1.38147
1.3893
1.38732
1.35346
1.36992
1.35429
1.37526
1.37965
1.3475
1.32268
1.33967
1.35476
1.367
1.35116
1.2588
1.28202
1.28689
1.30135
1.39899
1.39922
1.39876
1.39935
1.39959
1.39965
1.34796
1.38011
1.25191
1.32968
1.40145
1.40087
1.39731
1.38287
1.26743
1.33092
1.253
1.26366
1.26333
1.28798
1.2948
1.30957
1.28868
1.25799
1.28368
1.30362
1.24535
1.24342
1.25744
1.34346
1.35611
1.36499
1.36034
1.36334
1.23255
1.23814
1.24536
1.25576
1.27916
1.28254
1.30085
1.25087
1.25657
1.25953
1.28074
1.25159
1.25864
1.28141
1.29661
1.39872
1.39929
1.39898
1.39814
1.39987
1.39951
1.39981
1.39967
1.39984
1.30709
1.29617
1.31524
1.31061
1.31491
1.34317
1.33988
1.354
1.3635
1.34414
1.35528
1.23825
1.24524
1.38364
1.38796
1.39132
1.39416
1.39293
1.39544
1.25682
1.28629
1.2799
1.29864
1.26003
1.27654
1.26431
1.29865
1.29294
1.24704
1.25264
1.30565
1.32152
1.25878
1.28921
1.30242
1.39601
1.38989
1.38135
1.39361
1.38768
1.39298
1.38034
1.36263
1.35487
1.3781
1.38576
1.32053
1.30674
1.31845
1.34141
1.34677
1.35842
1.3641
1.35679
1.23954
1.25289
1.23311
1.37455
1.37699
1.384
1.38026
1.39085
1.39395
1.38634
1.38021
1.38504
1.38632
1.3887
1.3916
1.39271
1.33825
1.31307
1.25419
1.23236
1.2394
1.39823
1.39829
1.39916
1.39921
1.39951
1.39985
1.39975
1.39972
1.39997
1.39996
1.39999
1.39999
1.4
1.4
1.2623
1.28116
1.28534
1.30285
1.26135
1.25141
1.39989
1.39976
1.39988
1.39993
1.39986
1.39993
1.36964
1.37737
1.3573
1.36248
1.25383
1.23817
1.23298
1.25235
1.29804
1.29313
1.30734
1.30564
1.33543
1.35235
1.33595
1.39859
1.39915
1.39771
1.39958
1.3988
1.39952
1.39865
1.33453
1.34891
1.36605
1.37718
1.35551
1.36377
1.37625
1.38076
1.352
1.36915
1.39901
1.39925
1.39866
1.39952
1.39929
1.39999
1.39991
1.39995
1.26002
1.2812
1.29041
1.30274
1.25483
1.25806
1.30533
1.3395
1.39134
1.39068
1.39358
1.39377
1.39678
1.3972
1.27815
1.27169
1.28495
1.25717
1.25713
1.30588
1.33765
1.31424
1.35439
1.33675
1.24068
1.23833
1.25145
1.39995
1.39998
1.39975
1.39989
1.39977
1.39993
1.39988
1.24581
1.25122
1.28579
1.25294
1.268
1.2538
1.24731
1.28122
1.29574
1.24459
1.25305
1.2525
1.27897
1.28277
1.26538
1.29392
1.25325
1.25953
1.28707
1.31014
1.36108
1.3662
1.38013
1.38486
1.30564
1.30847
1.31943
1.33919
1.35667
1.34577
1.3994
1.39952
1.39988
1.3996
1.39986
1.39978
1.39988
1.39978
1.39994
1.39991
1.39988
1.39974
1.39979
1.3997
1.39992
1.39995
1.39985
1.39994
1.24
1.25138
1.23826
1.29871
1.30904
1.33912
1.3467
1.36121
1.35618
1.39828
1.39899
1.39422
1.33877
1.3579
1.3768
1.3647
1.35376
1.36253
1.37674
1.38146
1.39901
1.39845
1.39882
1.25405
1.23741
1.24361
1.38759
1.39002
1.39459
1.39567
1.39633
1.2882
1.30108
1.31129
1.32107
1.32784
1.39999
1.39998
1.39998
1.39999
1.39998
1.4
1.39999
1.39999
1.39999
1.25921
1.27967
1.27691
1.25666
1.24848
1.33118
1.3388
1.38481
1.34819
1.35453
1.37833
1.3758
1.35887
1.30958
1.33189
1.35158
1.33518
1.35608
1.33881
1.34
1.3758
1.37994
1.38386
1.36477
1.35566
1.3575
1.27336
1.36216
1.34869
1.28465
1.33719
1.34699
1.30397
1.3147
1.33348
1.33308
1.31294
1.30875
1.25881
1.28385
1.28239
1.2502
1.25647
1.31813
1.31567
1.30066
1.34843
1.25396
1.24953
1.26855
1.39927
1.39886
1.3979
1.39776
1.39844
1.39728
1.39589
1.39439
1.38663
1.39353
1.39454
1.37767
1.35001
1.36587
1.33736
1.3513
1.35414
1.36902
1.37058
1.24793
1.24758
1.23607
1.23549
1.25853
1.27465
1.27801
1.25204
1.37836
1.35588
1.36391
1.36188
1.37723
1.38331
1.24674
1.25387
1.25386
1.27479
1.28562
1.29871
1.3991
1.39884
1.39949
1.39966
1.39977
1.3999
1.36873
1.38042
1.38559
1.38654
1.31418
1.32554
1.31881
1.35054
1.23832
1.22983
1.24441
1.36545
1.37984
1.39822
1.39863
1.39724
1.24333
1.257
1.39324
1.39816
1.39496
1.39719
1.397
1.39383
1.39529
1.39999
1.4
1.4
1.26149
1.28464
1.31026
1.25008
1.25637
1.2563
1.27794
1.28516
1.3012
1.2592
1.25147
1.28683
1.30419
1.30506
1.31901
1.32713
1.37802
1.34699
1.38439
1.3514
1.38779
1.37379
1.23398
1.23873
1.24911
1.28109
1.29974
1.30177
1.31598
1.29768
1.31149
1.30311
1.30717
1.3414
1.33656
1.33851
1.35454
1.35199
1.34221
1.34109
1.35521
1.36355
1.3822
1.36911
1.37129
1.38421
1.37396
1.39075
1.38382
1.39215
1.24465
1.25444
1.28219
1.4
1.4
1.4
1.24771
1.26256
1.26231
1.29655
1.30789
1.28752
1.25669
1.27946
1.30173
1.28124
1.23529
1.24632
1.25054
1.25303
1.2575
1.25035
1.25831
1.27809
1.27986
1.24615
1.25767
1.29033
1.30915
1.25313
1.25607
1.28214
1.27981
1.31055
1.33454
1.34353
1.34109
1.31329
1.25699
1.28705
1.28781
1.25335
1.24813
1.26887
1.25558
1.26091
1.30004
1.29099
1.31704
1.3474
1.25135
1.23323
1.24108
1.39984
1.39969
1.39911
1.39966
1.39965
1.24834
1.25444
1.2571
1.28113
1.27822
1.29849
1.39607
1.39801
1.39592
1.39886
1.39803
1.33254
1.37424
1.3571
1.34347
1.37365
1.35641
1.36648
1.35282
1.35714
1.23669
1.23459
1.25048
1.25101
1.26112
1.31154
1.27838
1.33689
1.32197
1.28576
1.34012
1.31273
1.25084
1.25649
1.255
1.27873
1.2832
1.30231
1.39989
1.39987
1.39994
1.39997
1.39995
1.39997
1.39997
1.25168
1.30273
1.31954
1.30732
1.2597
1.25753
1.28492
1.2832
1.39689
1.39934
1.39861
1.39725
1.39789
1.39902
1.39953
1.39981
1.39641
1.39661
1.39599
1.39125
1.38766
1.28606
1.30727
1.25293
1.26165
1.25846
1.29098
1.28966
1.25024
1.259
1.25977
1.28564
1.2861
1.30586
1.3996
1.39992
1.39992
1.39996
1.39985
1.3998
1.23443
1.2367
1.34805
1.35838
1.25021
1.23615
1.23337
1.28274
1.25217
1.25937
1.27615
1.296
1.27946
1.2508
1.25602
1.27068
1.2766
1.2897
1.28758
1.30467
1.39651
1.39601
1.3979
1.38614
1.39546
1.38816
1.24411
1.25255
1.27431
1.25247
1.27487
1.34621
1.3176
1.34154
1.26068
1.24381
1.24935
1.27381
1.28503
1.29135
1.25953
1.28016
1.29964
1.26367
1.29059
1.2838
1.23156
1.24752
1.25471
1.25983
1.39649
1.39715
1.39841
1.39934
1.39836
1.39925
1.24711
1.26785
1.29127
1.26237
1.28026
1.38626
1.39201
1.39505
1.33896
1.2974
1.30705
1.34301
1.29727
1.31457
1.24939
1.26213
1.2912
1.30174
1.27524
1.27471
1.30791
1.34058
1.33593
1.22885
1.23525
1.35706
1.36621
1.37382
1.3796
1.2499
1.23652
1.24136
1.24995
1.25686
1.39042
1.39546
1.38819
1.39223
1.39616
1.27746
1.24484
1.25275
1.23296
1.2477
1.39869
1.39729
1.39683
1.4
1.4
1.4
1.4
1.4
1.4
1.4
1.4
1.4
1.4
1.4
1.4
1.4
1.4
1.30861
1.25081
1.26322
1.28788
1.30855
1.2368
1.23159
1.25105
1.25196
1.24492
1.26331
1.3985
1.39791
1.39912
1.39952
1.39929
1.39973
1.38282
1.3931
1.39629
1.38893
1.3867
1.39526
1.39337
1.28312
1.25646
1.24859
1.24757
1.22966
1.38215
1.37874
1.381
1.39355
1.38624
1.38763
1.3968
1.39554
1.39334
1.38725
1.39245
1.39508
1.38837
1.38461
1.39865
1.39781
1.39873
1.39889
1.39957
1.39864
1.39799
1.39772
1.22836
1.24674
1.22995
1.32066
1.29405
1.31676
1.23743
1.24677
1.23561
1.36729
1.36682
1.38061
1.38235
1.38811
1.39355
1.34034
1.30992
1.23134
1.25183
1.28481
1.25428
1.26456
1.27966
1.24841
1.23522
1.22853
1.38246
1.38653
1.39293
1.38765
1.39402
1.39059
1.26042
1.29122
1.30431
1.25795
1.2787
1.27979
1.25655
1.24808
1.2495
1.23147
1.22497
1.23532
1.24161
1.24794
1.27105
1.27433
1.2968
1.30796
1.29633
1.30788
1.33624
1.39826
1.39907
1.39862
1.39907
1.39866
1.39863
1.28757
1.32751
1.28141
1.30701
1.24598
1.25394
1.26307
1.28164
1.23854
1.2316
1.25273
1.22581
1.23504
1.24562
1.2322
1.24711
1.24855
1.25488
1.39388
1.39665
1.39048
1.39711
1.39523
1.3002
1.31279
1.31104
1.34019
1.33545
1.35388
1.24042
1.23713
1.25257
1.22898
1.22994
1.24038
1.23581
1.24912
1.39992
1.39998
1.39996
1.39995
1.39993
1.39996
1.35102
1.32555
1.2915
1.29566
1.31904
1.39969
1.39989
1.39973
1.39995
1.39989
1.39999
1.39999
1.39997
1.39999
1.4
1.4
1.23901
1.23441
1.24394
1.2311
1.24508
1.2369
1.25272
1.26493
1.29025
1.26043
1.25813
1.27943
1.27993
1.23037
1.2377
1.24493
1.24597
1.25697
1.22842
1.22903
1.23514
1.24542
1.24432
1.25641
1.23137
1.23576
1.24381
1.24188
1.25379
1.23541
1.24066
1.24346
1.25225
1.25008
1.25778
1.27372
1.25715
1.28429
1.29574
1.30498
1.23886
1.31303
1.33911
1.35551
1.23773
1.23442
1.23819
1.24637
1.23252
1.24017
1.34953
1.3607
1.36208
1.37712
1.37572
1.38467
1.3569
1.36444
1.36612
1.37994
1.38117
1.38816
1.38781
1.24996
1.24393
1.25344
1.28304
1.27622
1.29784
1.39938
1.3991
1.39963
1.39968
1.39978
1.39983
1.39969
1.39966
1.24966
1.26062
1.28988
1.31013
1.23627
1.23497
1.25178
1.27577
1.22906
1.2365
1.24628
1.2928
1.25471
1.26902
1.26931
1.25497
1.39927
1.39884
1.39911
1.39952
1.39956
1.39972
1.39981
1.39979
1.39986
1.4
1.4
1.4
1.4
1.4
1.4
1.4
1.39678
1.39544
1.36385
1.38755
1.37036
1.35829
1.37215
1.36429
1.35883
1.35228
1.33877
1.38074
1.3838
1.33864
1.32218
1.33773
1.22708
1.39572
1.39818
1.39658
1.397
1.39647
1.39818
1.39873
1.3979
1.39853
1.39909
1.23366
1.23856
1.39872
1.39926
1.39933
1.39972
1.39649
1.3981
1.39812
1.39486
1.24672
1.25467
1.2585
1.28226
1.29862
1.28192
1.31771
1.31908
1.36547
1.34264
1.27113
1.25925
1.26362
1.27519
1.30796
1.28044
1.32601
1.33556
1.39997
1.39999
1.39999
1.4
1.4
1.39998
1.39999
1.39999
1.4
1.3005
1.31965
1.34103
1.31767
1.33733
1.24594
1.2417
1.23276
1.23252
1.24963
1.23621
1.23531
1.23768
1.22938
1.24531
1.22228
1.29836
1.35377
1.34242
1.31738
1.31315
1.33675
1.30303
1.33328
1.39997
1.3997
1.39987
1.39982
1.39992
1.3999
1.24722
1.22894
1.23343
1.24336
1.23132
1.23665
1.2444
1.23628
1.23812
1.22432
1.24298
1.23369
1.23145
1.24445
1.22733
1.23484
1.22999
1.24468
1.22486
1.22813
1.24645
1.39943
1.39854
1.39931
1.39957
1.39976
1.3996
1.39896
1.39927
1.39957
1.39799
1.39874
1.39712
1.39933
1.39837
1.39918
1.22681
1.23715
1.2416
1.23837
1.24505
1.23047
1.23429
1.23164
1.23962
1.24259
1.23137
1.23852
1.2444
1.23323
1.24008
1.24556
1.22991
1.23322
1.35677
1.33569
1.23563
1.24637
1.25215
1.25258
1.25697
1.28783
1.30337
1.39647
1.3981
1.39868
1.3979
1.39937
1.39681
1.39833
1.39767
1.39727
1.396
1.39691
1.39831
1.39828
1.3987
1.39912
1.3889
1.3892
1.38443
1.36841
1.35942
1.35245
1.24193
1.22627
1.23384
1.39875
1.23117
1.2326
1.285
1.30393
1.2968
1.3274
1.32339
1.34506
1.34289
1.35666
1.40068
1.38492
1.25731
1.32466
1.27959
1.3203
1.24452
1.23191
1.23941
1.395
1.36372
1.25496
1.34957
1.40013
1.39269
1.39688
1.39325
1.38978
1.39339
1.39666
1.39582
1.39777
1.39851
1.39783
1.27484
1.25273
1.27953
1.29591
1.27387
1.39825
1.39642
1.39435
1.39566
1.39877
1.39909
1.39862
1.39726
1.39767
1.36108
1.37765
1.34363
1.24853
1.2704
1.27343
1.24649
1.25897
1.28383
1.30311
1.25476
1.25608
1.281
1.2856
1.29769
1.3115
1.34273
1.35235
1.33469
1.30754
1.24948
1.24894
1.27376
1.27276
1.25737
1.27666
1.27723
1.25386
1.3915
1.38279
1.39207
1.3297
1.33974
1.32595
1.34979
1.36464
1.3776
1.35998
1.37841
1.4
1.4
1.4
1.4
1.4
1.26118
1.2522
1.28226
1.30498
1.29088
1.2915
1.27213
1.31472
1.2976
1.34368
1.33916
1.3343
1.4
1.4
1.4
1.4
1.4
1.4
1.27972
1.34223
1.3028
1.33826
1.34646
1.35654
1.36262
1.36116
1.36562
1.24842
1.22726
1.23587
1.33371
1.30924
1.33419
1.3502
1.3015
1.33469
1.39874
1.39835
1.39802
1.39652
1.39739
1.3948
1.29433
1.25389
1.28155
1.27827
1.29116
1.30647
1.29438
1.30525
1.3135
1.33014
1.32987
1.37287
1.38461
1.37916
1.36534
1.36717
1.37267
1.38207
1.38858
1.38995
1.34037
1.30494
1.31577
1.35649
1.39974
1.39992
1.39982
1.39988
1.39985
1.39995
1.39992
1.39997
1.36674
1.3598
1.37918
1.38959
1.37812
1.38697
1.39164
1.22692
1.24346
1.39999
1.4
1.25807
1.28364
1.25673
1.24706
1.28528
1.30447
1.31102
1.33815
1.29527
1.28525
1.30563
1.31636
1.30943
1.30647
1.33888
1.33499
1.35459
1.38818
1.38341
1.38762
1.39331
1.39544
1.3942
1.39616
1.39577
1.24847
1.28206
1.28238
1.30132
1.25414
1.24971
1.28249
1.29565
1.39883
1.39586
1.39077
1.39768
1.39747
1.3939
1.30024
1.31874
1.24623
1.30114
1.25545
1.27764
1.27646
1.25372
1.24094
1.24746
1.25223
1.27089
1.27295
1.22583
1.24545
1.23467
1.24671
1.27107
1.26737
1.25417
1.27241
1.25196
1.2446
1.28273
1.29513
1.30158
1.31063
1.36943
1.37208
1.37722
1.39071
1.39211
1.39379
1.38594
1.38411
1.38142
1.36108
1.37492
1.35156
1.35921
1.3766
1.38358
1.36545
1.38491
1.37926
1.354
1.36399
1.3772
1.36247
1.29046
1.29961
1.36056
1.34612
1.24673
1.22332
1.22909
1.4
1.4
1.4
1.4
1.4
1.39936
1.39469
1.39708
1.39558
1.29759
1.33247
1.33685
1.35448
1.35251
1.26819
1.40467
1.27464
1.3995
1.3869
1.25443
1.34529
1.38264
1.38732
1.38605
1.38362
1.39211
1.39279
1.39259
1.39402
1.3961
1.3981
1.39795
1.39608
1.22737
1.23335
1.24745
1.25819
1.26149
1.28753
1.28662
1.30815
1.25419
1.28249
1.29572
1.27258
1.25167
1.24331
1.39949
1.39759
1.39585
1.39779
1.39549
1.39856
1.39573
1.39122
1.39816
1.39227
1.39082
1.39574
1.39827
1.39505
1.24966
1.26357
1.28867
1.25819
1.26042
1.291
1.29223
1.30992
1.32304
1.3094
1.24628
1.23197
1.24063
1.28889
1.25428
1.27486
1.36089
1.36026
1.37597
1.38182
1.35676
1.36903
1.35367
1.36797
1.4
1.4
1.4
1.4
1.4
1.39998
1.39998
1.39999
1.4
1.39999
1.39999
1.38923
1.39837
1.39737
1.39469
1.24932
1.24924
1.23222
1.23129
1.38245
1.39373
1.3966
1.38745
1.4
1.4
1.4
1.4
1.4
1.4
1.4
1.4
1.4
1.4
1.39475
1.39745
1.39773
1.38543
1.39076
1.38862
1.39396
1.39482
1.25257
1.24151
1.2339
1.23436
1.39999
1.4
1.4
1.4
1.4
1.4
1.4
1.4
1.23052
1.23379
1.2446
1.24952
1.25877
1.2683
1.27523
1.25975
1.25667
1.24557
1.26877
1.28225
1.29388
1.29462
1.25767
1.27994
1.2819
1.29969
1.38782
1.38647
1.39084
1.38715
1.3894
1.3949
1.3948
1.39697
1.29437
1.3096
1.34079
1.3468
1.31623
1.32361
1.34943
1.34917
1.36205
1.24746
1.26558
1.26841
1.28707
1.2881
1.30407
1.3272
1.32542
1.33252
1.34139
1.30361
1.31123
1.30859
1.3424
1.3004
1.31152
1.3436
1.37025
1.35995
1.3658
1.39975
1.39988
1.39994
1.39983
1.39992
1.24493
1.25644
1.27638
1.26412
1.39988
1.39976
1.39989
1.39967
1.39995
1.39981
1.39994
1.25186
1.25403
1.2433
1.28723
1.30266
1.30112
1.31608
1.34552
1.29963
1.3155
1.31449
1.34141
1.3425
1.35684
1.24122
1.22912
1.23193
1.32555
1.34414
1.35793
1.29404
1.31273
1.33224
1.30429
1.33731
1.2364
1.25147
1.23233
1.23445
1.2783
1.25374
1.24268
1.25353
1.2511
1.27643
1.27811
1.32683
1.35942
1.37378
1.34752
1.36034
1.37405
1.37135
1.34575
1.35754
1.33695
1.30774
1.29031
1.3324
1.3088
1.28903
1.29884
1.29799
1.32467
1.32421
1.34306
1.26478
1.24389
1.26642
1.2537
1.23328
1.24266
1.22756
1.38417
1.38633
1.38391
1.38779
1.39287
1.39522
1.39369
1.39573
1.39528
1.39863
1.39743
1.39854
1.39937
1.39957
1.39913
1.23487
1.23028
1.24793
1.31305
1.34304
1.39526
1.39862
1.39764
1.3981
1.2458
1.25345
1.2736
1.2929
1.2512
1.24922
1.27423
1.27817
1.4
1.4
1.4
1.4
1.4
1.4
1.4
1.38252
1.38728
1.38302
1.37129
1.25064
1.2664
1.25686
1.29248
1.27877
1.30249
1.39983
1.39993
1.39994
1.39999
1.39998
1.39996
1.39994
1.39997
1.39989
1.3999
1.39967
1.39902
1.39978
1.39916
1.39954
1.39956
1.32592
1.30395
1.33537
1.2972
1.31478
1.35097
1.32943
1.33436
1.39919
1.39903
1.39958
1.39959
1.39928
1.37253
1.36754
1.38407
1.3903
1.33255
1.26997
1.28552
1.27169
1.29741
1.32829
1.30676
1.29368
1.29372
1.30128
1.33235
1.34689
1.34736
1.35799
1.38826
1.37251
1.38592
1.39169
1.33903
1.35643
1.30811
1.31692
1.34332
1.24375
1.24397
1.253
1.25461
1.28284
1.33463
1.32822
1.38478
1.35213
1.3631
1.37694
1.36282
1.36577
1.37585
1.37814
1.39326
1.39329
1.39657
1.39829
1.39896
1.39552
1.39728
1.39705
1.39843
1.39829
1.24294
1.23997
1.25748
1.24489
1.22429
1.22855
1.28841
1.29292
1.30422
1.30605
1.33571
1.34788
1.27518
1.29896
1.28361
1.31011
1.26362
1.26348
1.24157
1.2312
1.23247
1.25383
1.27977
1.2431
1.25215
1.25284
1.29121
1.27385
1.30656
1.23831
1.24998
1.25461
1.279
1.28227
1.23464
1.22645
1.2448
1.31148
1.29935
1.31968
1.32965
1.34704
1.35328
1.39914
1.39937
1.39961
1.39947
1.39966
1.39984
1.39993
1.3999
1.39995
1.39966
1.39983
1.39973
1.39985
1.25503
1.27838
1.28027
1.25205
1.24399
1.25058
1.27473
1.23966
1.26933
1.25111
1.27799
1.28227
1.25718
1.24183
1.27051
1.23935
1.24842
1.25201
1.27354
1.27904
1.37853
1.34664
1.38422
1.35314
1.38777
1.37162
1.39984
1.39992
1.39996
1.39993
1.39695
1.38969
1.39319
1.39611
1.39646
1.24255
1.25436
1.254
1.28959
1.28857
1.24577
1.25189
1.27111
1.24688
1.25451
1.26201
1.26939
1.28002
1.24038
1.29271
1.25219
1.2545
1.28204
1.27588
1.3996
1.39931
1.39931
1.39955
1.39956
1.39897
1.39916
1.3999
1.3999
1.39996
1.39995
1.39998
1.28401
1.2888
1.3013
1.31421
1.25842
1.26061
1.33742
1.35741
1.3683
1.35821
1.36638
1.37866
1.38034
1.3996
1.39916
1.39962
1.39925
1.39707
1.39688
1.39853
1.39759
1.39737
1.2638
1.24748
1.26744
1.25812
1.27781
1.244
1.25474
1.28507
1.29842
1.35997
1.39387
1.38909
1.38145
1.37377
1.3885
1.27549
1.31239
1.33177
1.29772
1.29571
1.30713
1.34267
1.35544
1.35497
1.36784
1.3698
1.4
1.4
1.4
1.4
1.4
1.24012
1.22822
1.22149
1.23765
1.25604
1.28273
1.27853
1.29503
1.22563
1.24155
1.24314
1.24842
1.25872
1.24996
1.2555
1.28279
1.29669
1.23971
1.25588
1.26997
1.29284
1.25144
1.27755
1.24587
1.22526
1.21702
1.23838
1.23927
1.24862
1.24967
1.27133
1.27074
1.31357
1.34032
1.34028
1.29954
1.31321
1.30287
1.3157
1.34654
1.35979
1.34515
1.31651
1.24454
1.25819
1.27897
1.25525
1.25719
1.2756
1.28263
1.30859
1.34313
1.33554
1.35181
1.31766
1.32423
1.35307
1.36459
1.29471
1.22613
1.2405
1.25091
1.27635
1.27294
1.24045
1.24706
1.30686
1.30727
1.31738
1.34809
1.36042
1.39776
1.39489
1.38699
1.38828
1.37416
1.3603
1.34902
1.24082
1.22277
1.22882
1.23809
1.39957
1.39962
1.39971
1.39981
1.3997
1.26064
1.27891
1.28652
1.24397
1.24948
1.22696
1.24398
1.25497
1.25278
1.2429
1.24925
1.28707
1.27981
1.28236
1.30269
1.2401
1.22155
1.21979
1.39621
1.39802
1.3928
1.39383
1.39716
1.39997
1.39995
1.39999
1.39998
1.39999
1.39998
1.23691
1.24768
1.286
1.24232
1.24981
1.27892
1.30344
1.24896
1.2607
1.29898
1.31365
1.39973
1.39973
1.39939
1.39843
1.39906
1.39852
1.39933
1.39956
1.39948
1.39901
1.36293
1.3776
1.35779
1.37411
1.37481
1.38195
1.34923
1.39995
1.39981
1.39988
1.39986
1.39992
1.39964
1.35998
1.36493
1.36863
1.38315
1.28287
1.24134
1.23259
1.24702
1.26257
1.26616
1.2451
1.24024
1.38401
1.35695
1.37391
1.37448
1.3602
1.36284
1.34992
1.37585
1.37611
1.38425
1.23119
1.2235
1.24141
1.35574
1.37064
1.36535
1.35334
1.37895
1.38312
1.35065
1.34196
1.35281
1.35822
1.36667
1.37824
1.36413
1.3679
1.37837
1.37917
1.38401
1.24113
1.25431
1.25449
1.28268
1.29295
1.27004
1.39419
1.39774
1.39658
1.39651
1.39784
1.2982
1.32815
1.2525
1.27482
1.28018
1.23819
1.24696
1.22765
1.24104
1.22439
1.30646
1.32356
1.31929
1.35064
1.34876
1.29637
1.27703
1.30001
1.3059
1.29407
1.30539
1.33546
1.33391
1.34908
1.22
1.22539
1.39993
1.39996
1.39995
1.39997
1.22681
1.24088
1.2649
1.28662
1.2506
1.24339
1.22702
1.22567
1.24233
1.35812
1.36461
1.37707
1.21775
1.22449
1.23933
1.39972
1.39992
1.39978
1.23672
1.22252
1.23518
1.24779
1.24222
1.25691
1.22614
1.23214
1.2448
1.24393
1.25636
1.22622
1.24498
1.21988
1.26764
1.23164
1.24176
1.22157
1.2248
1.22394
1.23115
1.2413
1.24052
1.25271
1.22559
1.23076
1.24131
1.23903
1.25164
1.22858
1.23658
1.23674
1.24714
1.24411
1.23076
1.22894
1.23929
1.22654
1.23134
1.22354
1.24752
1.25212
1.28421
1.30685
1.30254
1.33469
1.33242
1.23166
1.24184
1.22435
1.22498
1.23356
1.24356
1.22612
1.2449
1.25072
1.26673
1.33268
1.30926
1.31746
1.3372
1.39791
1.39644
1.39719
1.39842
1.39897
1.39837
1.39576
1.39719
1.3949
1.39883
1.39808
1.3973
1.39917
1.39873
1.39788
1.39911
1.39758
1.39903
1.39562
1.28134
1.23931
1.2477
1.23069
1.22189
1.24253
1.24268
1.30398
1.25164
1.25244
1.28067
1.27397
1.28968
1.29996
1.306
1.32659
1.33632
1.34486
1.23294
1.2536
1.23438
1.24554
1.26174
1.25354
1.39524
1.39264
1.39528
1.39729
1.3974
1.39851
1.39851
1.39906
1.23546
1.21711
1.22452
1.39968
1.39952
1.39995
1.39983
1.3999
1.39992
1.39996
1.39996
1.39991
1.39812
1.39783
1.39856
1.39841
1.39765
1.39823
1.29253
1.30967
1.33908
1.35454
1.31231
1.33902
1.3099
1.34307
1.38137
1.38598
1.38853
1.39708
1.39524
1.39239
1.39373
1.39709
1.39525
1.38429
1.38818
1.39316
1.38978
1.39402
1.38884
1.22317
1.22432
1.24065
1.23777
1.22462
1.22948
1.39547
1.39893
1.39767
1.39682
1.38993
1.39011
1.36406
1.38321
1.37114
1.39368
1.39642
1.39567
1.39744
1.39891
1.39874
1.4
1.4
1.4
1.4
1.4
1.4
1.4
1.24265
1.22501
1.22952
1.23422
1.22814
1.24349
1.24168
1.25997
1.26157
1.39732
1.39764
1.39839
1.23607
1.23106
1.24638
1.39966
1.39647
1.39785
1.39888
1.39926
1.3987
1.39804
1.22837
1.22089
1.22861
1.2264
1.2225
1.22604
1.23963
1.22816
1.22116
1.23904
1.2326
1.23967
1.22348
1.22918
1.23196
1.2399
1.23756
1.23059
1.23194
1.24181
1.22685
1.23462
1.22925
1.22408
1.22662
1.22593
1.24211
1.22706
1.39864
1.39767
1.39838
1.24065
1.22098
1.22679
1.25134
1.27252
1.27793
1.2927
1.24193
1.2508
1.22409
1.22611
1.24223
1.4
1.4
1.29973
1.31487
1.24345
1.24924
1.25258
1.27915
1.27306
1.29442
1.27257
1.2463
1.26823
1.27638
1.39871
1.39803
1.39802
1.3987
1.39833
1.39875
1.34595
1.35978
1.36793
1.37991
1.38573
1.36774
1.37087
1.38055
1.38164
1.35628
1.36304
1.37533
1.37791
1.38269
1.23713
1.22179
1.24021
1.30597
1.33723
1.24562
1.25524
1.25661
1.28039
1.28173
1.32311
1.3419
1.35428
1.34476
1.37475
1.36567
1.3799
1.36591
1.38293
1.38769
1.24607
1.27074
1.22283
1.23802
1.26385
1.24
1.24667
1.39946
1.39972
1.39978
1.39982
1.28645
1.30497
1.32965
1.30621
1.2933
1.3509
1.34053
1.23974
1.21912
1.22398
1.22677
1.23156
1.2418
1.30655
1.32216
1.34548
1.34342
1.32069
1.29907
1.25235
1.28097
1.28307
1.38243
1.35721
1.36372
1.36689
1.37788
1.38009
1.39998
1.39998
1.39999
1.39999
1.4
1.32484
1.30623
1.28488
1.33838
1.36369
1.33265
1.36953
1.35365
1.29103
1.33844
1.29402
1.31136
1.29787
1.30335
1.32305
1.33359
1.34478
1.38282
1.3858
1.39289
1.39573
1.39857
1.39901
1.3995
1.3992
1.3995
1.28963
1.24714
1.26974
1.27797
1.27876
1.25424
1.27657
1.27641
1.24901
1.39985
1.39845
1.2976
1.31416
1.34191
1.31213
1.34335
1.35877
1.35783
1.29874
1.33682
1.29002
1.3065
1.30816
1.3363
1.33796
1.38167
1.37317
1.35719
1.34639
1.36049
1.3611
1.37313
1.37429
1.32783
1.33349
1.35246
1.33166
1.35783
1.37367
1.35681
1.34523
1.34633
1.37607
1.38368
1.30124
1.24618
1.25583
1.2911
1.28496
1.39946
1.39833
1.39925
1.39954
1.3991
1.3982
1.22704
1.22996
1.24191
1.23966
1.24376
1.26194
1.26318
1.2217
1.22672
1.23512
1.39866
1.39887
1.39842
1.39945
1.39924
1.39956
1.26021
1.28279
1.23495
1.2552
1.39995
1.39998
1.39998
1.39999
1.39999
1.38771
1.37599
1.39286
1.38212
1.38987
1.37949
1.39218
1.38665
1.39203
1.39547
1.39104
1.37916
1.38363
1.3806
1.36723
1.35674
1.25067
1.25318
1.27838
1.29392
1.27331
1.29826
1.29843
1.31237
1.22814
1.24164
1.22891
1.23635
1.24606
1.25764
1.26185
1.33948
1.34888
1.32268
1.28858
1.30896
1.32696
1.31813
1.30542
1.35441
1.31886
1.29923
1.34461
1.38022
1.38697
1.26823
1.30974
1.40144
1.3846
1.24971
1.31164
1.23886
1.24862
1.22429
1.22752
1.23807
1.35111
1.40172
1.39083
1.2404
1.33327
1.27288
1.28163
1.30077
1.31124
1.33936
1.35265
1.27466
1.27733
1.29551
1.315
1.316
1.35396
1.36775
1.37458
1.36783
1.24523
1.27912
1.27844
1.26947
1.29208
1.33686
1.33458
1.35566
1.35116
1.22716
1.25165
1.25226
1.28273
1.24408
1.25299
1.28643
1.30311
1.2506
1.24
1.25205
1.28276
1.31362
1.29875
1.30872
1.34377
1.24882
1.2376
1.25025
1.28538
1.27807
1.2974
1.3152
1.30197
1.39737
1.3989
1.39835
1.39915
1.39946
1.39995
1.4
1.39998
1.39997
1.39999
1.39999
1.39999
1.39511
1.39185
1.39805
1.39808
1.39541
1.39166
1.2712
1.29319
1.32095
1.31409
1.33574
1.3006
1.32898
1.39997
1.39991
1.39999
1.39997
1.39999
1.39998
1.39997
1.39893
1.39943
1.39822
1.39966
1.3992
1.39933
1.34042
1.33924
1.30805
1.2527
1.29126
1.312
1.36592
1.38004
1.36977
1.38065
1.38798
1.3839
1.24649
1.25634
1.25961
1.2886
1.28937
1.30782
1.39995
1.39998
1.39999
1.4
1.39999
1.39999
1.35612
1.34201
1.37864
1.36395
1.35666
1.36692
1.36168
1.37992
1.37789
1.39761
1.39884
1.39797
1.39716
1.39844
1.3994
1.39887
1.39966
1.39951
1.39924
1.25853
1.28596
1.25282
1.24651
1.30095
1.27668
1.39944
1.39973
1.39971
1.39908
1.3995
1.28828
1.30689
1.31
1.24196
1.25017
1.27536
1.39776
1.39867
1.39574
1.39922
1.39677
1.39851
1.39631
1.39632
1.39799
1.3978
1.39849
1.39901
1.39864
1.22946
1.22457
1.30299
1.30667
1.32424
1.34418
1.31409
1.34054
1.35327
1.35884
1.35351
1.35816
1.37383
1.38128
1.39981
1.39998
1.39985
1.39978
1.39995
1.39989
1.39995
1.281
1.24441
1.25338
1.25834
1.28167
1.28356
1.30342
1.25268
1.29717
1.30819
1.30479
1.33643
1.33306
1.23894
1.25465
1.28352
1.24288
1.39993
1.39971
1.39951
1.39987
1.39995
1.39996
1.39973
1.39986
1.39992
1.29895
1.35245
1.3135
1.3142
1.33883
1.33887
1.36528
1.3773
1.38143
1.3854
1.38641
1.39222
1.3909
1.25378
1.24531
1.25609
1.27831
1.28182
1.28868
1.25366
1.24112
1.2588
1.28194
1.39299
1.39414
1.38987
1.29325
1.31212
1.29469
1.35389
1.33706
1.30193
1.30738
1.32682
1.33754
1.34562
1.23619
1.24835
1.22097
1.22491
1.23665
1.35191
1.36165
1.35906
1.37444
1.37245
1.38247
1.39963
1.39955
1.39959
1.39973
1.39978
1.39987
1.4
1.4
1.4
1.4
1.4
1.4
1.23806
1.25049
1.24993
1.27938
1.29611
1.27357
1.38213
1.38653
1.3942
1.39089
1.38266
1.38669
1.38689
1.39246
1.39201
1.23198
1.38629
1.3568
1.36383
1.38017
1.38669
1.38633
1.37722
1.38239
1.38686
1.36422
1.36314
1.35598
1.39999
1.39999
1.4
1.4
1.39999
1.4
1.4
1.4
1.4
1.38261
1.3885
1.39379
1.38826
1.38946
1.39335
1.39365
1.39893
1.39901
1.39952
1.39969
1.39948
1.39986
1.29252
1.30564
1.31073
1.33696
1.35212
1.36275
1.34891
1.33708
1.23333
1.24233
1.22244
1.21966
1.24303
1.25405
1.2814
1.30136
1.28167
1.24155
1.25205
1.26867
1.40306
1.39343
1.24613
1.3233
1.40344
1.37862
1.25213
1.30861
1.39228
1.39782
1.39157
1.3925
1.39651
1.3969
1.39694
1.36026
1.29854
1.31942
1.34756
1.31535
1.34313
1.34586
1.31692
1.29243
1.31413
1.2515
1.27194
1.28482
1.29604
1.24167
1.24786
1.22942
1.22692
1.24751
1.38999
1.35053
1.36179
1.38382
1.35691
1.37083
1.37321
1.38482
1.39967
1.39981
1.39927
1.39965
1.39974
1.39905
1.39804
1.39868
1.39937
1.39972
1.39953
1.39985
1.39991
1.3998
1.38915
1.38605
1.38092
1.38608
1.39186
1.39143
1.39288
1.39564
1.30812
1.33586
1.33311
1.34157
1.32168
1.31533
1.30198
1.23674
1.21889
1.22308
1.22249
1.2247
1.35505
1.38578
1.37269
1.38951
1.38464
1.29074
1.3154
1.28541
1.34518
1.3566
1.31277
1.30837
1.34322
1.34272
1.38626
1.3928
1.36889
1.38021
1.38953
1.36632
1.37627
1.3878
1.39989
1.39997
1.39992
1.38076
1.37735
1.38876
1.38656
1.38516
1.39297
1.39543
1.39675
1.3957
1.39258
1.39283
1.24087
1.25144
1.25215
1.28362
1.28369
1.30351
1.28719
1.32248
1.32635
1.23584
1.25276
1.25091
1.27332
1.28577
1.29676
1.39515
1.39192
1.3956
1.39449
1.21954
1.22737
1.24108
1.4
1.4
1.4
1.4
1.4
1.4
1.4
1.39685
1.39326
1.39815
1.39254
1.39587
1.39619
1.31399
1.29826
1.33864
1.30964
1.34299
1.3444
1.35715
1.30715
1.31778
1.34419
1.30699
1.32363
1.33143
1.35004
1.35467
1.36166
1.36642
1.30127
1.31426
1.33991
1.34981
1.34011
1.35226
1.24467
1.24597
1.26892
1.27591
1.39972
1.39984
1.39953
1.39991
1.4
1.4
1.4
1.4
1.28075
1.29219
1.26217
1.39799
1.39922
1.39908
1.39925
1.39866
1.39962
1.39929
1.39961
1.39881
1.39774
1.3991
1.21875
1.23866
1.24815
1.25417
1.27632
1.27384
1.29259
1.39637
1.3986
1.39937
1.39971
1.3958
1.3994
1.39883
1.39725
1.24717
1.28154
1.23953
1.24827
1.2496
1.27743
1.2801
1.29922
1.27129
1.28567
1.29597
1.31083
1.25021
1.25634
1.24283
1.25652
1.25129
1.28209
1.28734
1.325
1.29828
1.32819
1.24462
1.27395
1.22904
1.23985
1.24307
1.26697
1.26881
1.36106
1.36439
1.35468
1.36541
1.37829
1.37762
1.38073
1.38554
1.38638
1.23895
1.24891
1.27662
1.29776
1.29351
1.31056
1.39971
1.39977
1.3999
1.39939
1.39936
1.28963
1.23573
1.24614
1.27073
1.29118
1.23081
1.24641
1.22295
1.23509
1.24538
1.245
1.27375
1.27247
1.4
1.4
1.4
1.4
1.39842
1.39918
1.39955
1.39869
1.39915
1.39969
1.39951
1.39984
1.39978
1.39984
1.29127
1.30632
1.33474
1.30791
1.31262
1.33415
1.33966
1.39729
1.39754
1.3986
1.39886
1.39921
1.39694
1.39952
1.39823
1.39844
1.39914
1.39928
1.34741
1.3572
1.37508
1.38465
1.35573
1.37278
1.3623
1.36473
1.3776
1.38179
1.38624
1.38745
1.24004
1.22108
1.2183
1.38063
1.38549
1.39178
1.3882
1.38564
1.39244
1.39217
1.24594
1.27617
1.29973
1.27874
1.23932
1.25006
1.35678
1.35779
1.33679
1.36907
1.29062
1.24381
1.26426
1.26527
1.24506
1.23204
1.31585
1.33924
1.34379
1.31221
1.2977
1.39831
1.39747
1.39767
1.23242
1.24539
1.27569
1.24488
1.24877
1.27243
1.27634
1.25336
1.27285
1.28272
1.29729
1.23882
1.24935
1.2248
1.22061
1.23748
1.2742
1.29298
1.21586
1.23402
1.23955
1.24674
1.39906
1.39809
1.39912
1.39851
1.39943
1.39876
1.39943
1.39972
1.39978
1.39416
1.39566
1.3965
1.39732
1.39774
1.24649
1.26892
1.28331
1.29687
1.23707
1.24474
1.35651
1.34319
1.35947
1.35662
1.36326
1.37859
1.3865
1.39986
1.39992
1.25597
1.2864
1.3008
1.30896
1.32615
1.33323
1.39918
1.39719
1.39861
1.39468
1.39672
1.39862
1.30276
1.2972
1.33008
1.33069
1.34876
1.23522
1.24728
1.28167
1.30725
1.38786
1.39375
1.3972
1.39685
1.3939
1.39597
1.39647
1.38919
1.39407
1.38428
1.38875
1.39392
1.30427
1.31268
1.34114
1.31618
1.36057
1.35908
1.36867
1.34429
1.28021
1.29668
1.32259
1.33897
1.31808
1.23732
1.23149
1.25683
1.38803
1.38974
1.39636
1.39628
1.39697
1.39415
1.39746
1.39842
1.32005
1.34391
1.36168
1.34895
1.31386
1.30523
1.39441
1.39669
1.39667
1.39695
1.39727
1.39857
1.39844
1.39908
1.39877
1.39928
1.23881
1.25417
1.24542
1.27549
1.27422
1.29483
1.30778
1.29386
1.3599
1.36891
1.33846
1.35799
1.315
1.34274
1.32605
1.36122
1.35179
1.39069
1.36846
1.38006
1.37408
1.38752
1.38333
1.3915
1.3951
1.39413
1.39651
1.38806
1.38988
1.21743
1.2246
1.23424
1.24595
1.2762
1.294
1.25049
1.26615
1.27318
1.21693
1.23339
1.23599
1.24224
1.23391
1.24818
1.25095
1.27674
1.28375
1.23299
1.24575
1.28073
1.29379
1.39892
1.39882
1.39946
1.39963
1.39938
1.39981
1.39968
1.39998
1.39997
1.39997
1.39998
1.39999
1.39999
1.23824
1.27643
1.24496
1.34374
1.27051
1.27626
1.30019
1.33419
1.32841
1.2241
1.21873
1.24019
1.22443
1.38438
1.39668
1.38196
1.39784
1.39723
1.39328
1.22064
1.2425
1.22318
1.22832
1.39459
1.396
1.39723
1.24848
1.27463
1.26884
1.24459
1.25889
1.24002
1.29245
1.24922
1.25168
1.2741
1.2763
1.22768
1.24809
1.26014
1.22526
1.22095
1.24263
1.39761
1.39856
1.39973
1.39944
1.2825
1.28838
1.3057
1.30099
1.32979
1.32745
1.39834
1.39812
1.39627
1.39696
1.39698
1.39715
1.39659
1.39359
1.39335
1.30822
1.25527
1.28792
1.28885
1.25398
1.24386
1.38578
1.32577
1.34007
1.36221
1.36762
1.37344
1.31375
1.34528
1.33999
1.21889
1.23514
1.24676
1.27186
1.27815
1.23482
1.24349
1.38934
1.38853
1.39244
1.39408
1.39543
1.24941
1.25887
1.26661
1.28343
1.29288
1.30852
1.3592
1.37038
1.38489
1.36977
1.38306
1.38952
1.31904
1.34277
1.34139
1.29612
1.30797
1.22514
1.21908
1.24298
1.29115
1.35373
1.31421
1.31542
1.34165
1.34115
1.4
1.39999
1.4
1.4
1.4
1.4
1.4
1.4
1.4
1.4
1.39999
1.4
1.39999
1.4
1.4
1.35385
1.33646
1.33842
1.30683
1.30717
1.22621
1.22023
1.24488
1.2171
1.21913
1.22194
1.23631
1.23695
1.25077
1.21826
1.2215
1.23573
1.2349
1.24921
1.2176
1.21797
1.22423
1.23558
1.23496
1.24745
1.22181
1.23267
1.23366
1.2449
1.22263
1.22551
1.23824
1.23865
1.2535
1.21852
1.22505
1.23578
1.23727
1.24916
1.21955
1.23292
1.21754
1.21518
1.22252
1.22254
1.23889
1.23548
1.25114
1.23134
1.2261
1.24022
1.24064
1.25411
1.21327
1.22405
1.23627
1.21455
1.23676
1.21453
1.22449
1.31854
1.3395
1.2918
1.30307
1.30934
1.33104
1.3433
1.3535
1.35595
1.39901
1.3996
1.39972
1.22365
1.23706
1.22367
1.21827
1.22131
1.2305
1.35794
1.36443
1.36644
1.37776
1.37938
1.38498
1.29888
1.23273
1.23616
1.21431
1.26033
1.26606
1.4
1.4
1.4
1.2211
1.21882
1.23145
1.38263
1.38592
1.39168
1.37622
1.39565
1.38732
1.39527
1.24581
1.21927
1.22531
1.3788
1.36905
1.35968
1.37199
1.37695
1.38137
1.38484
1.30349
1.32545
1.34494
1.31995
1.32293
1.34696
1.35107
1.36127
1.36327
1.39996
1.3999
1.39998
1.39995
1.39997
1.39999
1.39999
1.23462
1.21368
1.22145
1.39901
1.39974
1.39934
1.39929
1.39962
1.39961
1.39963
1.3998
1.33723
1.36118
1.35028
1.3243
1.32146
1.34515
1.33692
1.29918
1.30845
1.32175
1.2981
1.31297
1.33838
1.34531
1.35377
1.39648
1.3993
1.39803
1.39789
1.39886
1.3986
1.39909
1.21399
1.22042
1.39756
1.39426
1.39887
1.39661
1.39862
1.39955
1.39959
1.39984
1.39991
1.29489
1.23722
1.2217
1.24558
1.27156
1.26766
1.24691
1.23807
1.23452
1.23155
1.25327
1.23502
1.22002
1.22339
1.23924
1.21211
1.21783
1.36018
1.37659
1.38565
1.21976
1.22208
1.23357
1.24809
1.2374
1.22347
1.22292
1.23682
1.23729
1.21675
1.29612
1.27739
1.27688
1.24742
1.38572
1.38989
1.38755
1.37258
1.3614
1.22544
1.2144
1.21713
1.23396
1.21445
1.22072
1.21258
1.22561
1.23472
1.21882
1.22431
1.23859
1.22095
1.21891
1.22337
1.23595
1.22147
1.23366
1.22121
1.22237
1.22467
1.23294
1.24931
1.23743
1.22788
1.23334
1.21728
1.22073
1.23196
1.38502
1.38323
1.39635
1.3915
1.3981
1.39412
1.39144
1.39699
1.39304
1.39652
1.23269
1.22965
1.25494
1.2972
1.30805
1.25042
1.26576
1.27754
1.2866
1.2371
1.24505
1.26188
1.23899
1.21235
1.2202
1.21312
1.22298
1.23267
1.31857
1.33212
1.34519
1.35467
1.23785
1.22284
1.39973
1.39994
1.39981
1.39987
1.39992
1.3997
1.38551
1.39265
1.38568
1.38368
1.38655
1.39183
1.39217
1.4
1.4
1.4
1.4
1.4
1.27866
1.30485
1.31628
1.34289
1.345
1.30358
1.31873
1.27155
1.24365
1.26741
1.27346
1.24688
1.2754
1.28363
1.30221
1.23644
1.25043
1.36274
1.37124
1.38201
1.37039
1.38231
1.38697
1.21083
1.23456
1.37897
1.38448
1.38218
1.39029
1.37629
1.3908
1.39209
1.39388
1.22055
1.2439
1.39817
1.39712
1.39807
1.39784
1.39804
1.39831
1.39846
1.39775
1.4
1.4
1.4
1.4
1.4
1.4
1.4
1.4
1.35913
1.37433
1.34921
1.35447
1.37742
1.36379
1.4
1.4
1.4
1.4
1.4
1.21697
1.22658
1.23693
1.21526
1.2206
1.33628
1.38922
1.37083
1.38834
1.38354
1.35441
1.31577
1.33462
1.32497
1.35907
1.35207
1.36998
1.29679
1.27091
1.24632
1.27907
1.27376
1.29549
1.39522
1.39181
1.38904
1.39512
1.39284
1.38796
1.39257
1.29177
1.24339
1.27219
1.27588
1.30383
1.32286
1.32736
1.28448
1.29813
1.2608
1.28336
1.2878
1.33355
1.30518
1.34645
1.32252
1.21211
1.2227
1.21935
1.23362
1.23812
1.24891
1.39857
1.34229
1.315
1.29821
1.39953
1.39939
1.39968
1.3998
1.39985
1.39995
1.39994
1.39997
1.27672
1.25402
1.27156
1.28175
1.2603
1.24658
1.24055
1.4
1.4
1.4
1.4
1.39204
1.39537
1.39707
1.38927
1.39342
1.39545
1.39429
1.30549
1.3175
1.34745
1.36269
1.24655
1.26821
1.28303
1.2612
1.24349
1.2364
1.3033
1.31731
1.34381
1.35973
1.24763
1.2818
1.29907
1.27674
1.29886
1.24955
1.27878
1.28212
1.39992
1.39996
1.39995
1.29421
1.24734
1.27148
1.24692
1.23633
1.24696
1.24465
1.26798
1.26502
1.39983
1.39964
1.39993
1.39992
1.39306
1.39658
1.39474
1.39813
1.39712
1.39856
1.27671
1.29411
1.23949
1.27293
1.28677
1.2826
1.30041
1.30326
1.33152
1.33183
1.35237
1.35085
1.36176
1.30313
1.25476
1.28403
1.28626
1.25325
1.38326
1.38658
1.39283
1.39583
1.23178
1.22131
1.23054
1.23095
1.23911
1.2882
1.25445
1.25438
1.28397
1.27522
1.30429
1.39996
1.39993
1.39962
1.39968
1.39983
1.39981
1.39993
1.35849
1.35111
1.36361
1.38603
1.37552
1.38803
1.38269
1.37335
1.37534
1.4
1.4
1.4
1.4
1.38705
1.38545
1.39572
1.38997
1.39272
1.39122
1.39539
1.39192
1.39733
1.3957
1.21928
1.22493
1.23366
1.39529
1.38635
1.39156
1.38711
1.39308
1.3509
1.36128
1.35934
1.37689
1.3751
1.38328
1.38513
1.36132
1.32326
1.37379
1.34244
1.36787
1.39832
1.39315
1.39607
1.39346
1.38736
1.23518
1.25248
1.25337
1.28918
1.27832
1.30521
1.39733
1.39786
1.39886
1.39914
1.39875
1.39705
1.39579
1.39788
1.39698
1.39804
1.23738
1.25291
1.21892
1.22092
1.2384
1.37134
1.3746
1.36505
1.38425
1.39074
1.31249
1.34181
1.29908
1.31709
1.34287
1.31107
1.32095
1.33884
1.34355
1.35702
1.23458
1.24373
1.27159
1.24642
1.27384
1.29286
1.29743
1.32676
1.32825
1.20935
1.21723
1.28516
1.33603
1.29481
1.2809
1.29823
1.24017
1.26909
1.2621
1.28838
1.2804
1.31805
1.31512
1.2405
1.25133
1.25291
1.28522
1.24045
1.25087
1.29049
1.30682
1.39994
1.39985
1.39987
1.39993
1.39996
1.35046
1.35976
1.37772
1.36161
1.37501
1.38376
1.2294
1.24201
1.24202
1.26807
1.26869
1.28561
1.24521
1.26766
1.26381
1.28701
1.24123
1.22938
1.3929
1.39509
1.39659
1.39904
1.40157
1.29931
1.27787
1.24724
1.36679
1.36144
1.36227
1.37072
1.3831
1.3777
1.38619
1.29868
1.31674
1.31015
1.30931
1.34337
1.3423
1.39949
1.39936
1.39906
1.39945
1.39947
1.39901
1.31195
1.24113
1.25811
1.29017
1.29078
1.2534
1.38085
1.38588
1.39251
1.39542
1.3966
1.39526
1.22452
1.22242
1.2412
1.24219
1.27479
1.27193
1.28596
1.30844
1.29589
1.30071
1.24841
1.28517
1.27692
1.30193
1.24924
1.23885
1.21519
1.23818
1.21384
1.39997
1.39999
1.39999
1.34941
1.33854
1.35648
1.37085
1.36369
1.36306
1.25504
1.28624
1.31111
1.24031
1.33848
1.36384
1.35871
1.35113
1.36203
1.37508
1.37619
1.38355
1.34997
1.35545
1.35904
1.37106
1.37438
1.3811
1.4026
1.36174
1.25662
1.21519
1.22099
1.2323
1.34654
1.40057
1.38685
1.23426
1.33203
1.39777
1.39685
1.39837
1.39913
1.39832
1.39873
1.39912
1.39934
1.3132
1.24861
1.29662
1.28219
1.31003
1.36693
1.37903
1.38395
1.37307
1.35968
1.3494
1.37446
1.3577
1.34755
1.35654
1.37108
1.38097
1.29901
1.29321
1.31195
1.34215
1.39538
1.38847
1.39268
1.38425
1.39199
1.3056
1.24443
1.25556
1.28157
1.27881
1.24593
1.23903
1.24659
1.2731
1.29622
1.23306
1.38097
1.38584
1.36303
1.37684
1.37414
1.21694
1.23774
1.21688
1.39992
1.39991
1.4
1.4
1.4
1.4
1.30293
1.25386
1.28204
1.28685
1.24687
1.23693
1.3575
1.38352
1.35439
1.36705
1.36807
1.3795
1.38041
1.32774
1.29128
1.24514
1.23977
1.26113
1.26204
1.30961
1.33108
1.29474
1.30241
1.33799
1.35416
1.36219
1.3514
1.39931
1.39949
1.39912
1.39973
1.39962
1.3046
1.33184
1.29342
1.30896
1.30719
1.33134
1.32966
1.34527
1.31768
1.29436
1.31224
1.34499
1.34514
1.26616
1.26884
1.30127
1.32799
1.32091
1.29299
1.30492
1.31528
1.34354
1.33771
1.34004
1.26421
1.2883
1.30714
1.25743
1.29332
1.33819
1.28757
1.30329
1.26148
1.27251
1.24294
1.2503
1.28963
1.30083
1.31472
1.32121
1.39999
1.39999
1.39999
1.4
1.39999
1.36119
1.31822
1.3159
1.34852
1.34516
1.39378
1.3949
1.39731
1.3929
1.39611
1.39795
1.37353
1.37466
1.34534
1.36343
1.35511
1.33373
1.29496
1.33002
1.33493
1.39962
1.39867
1.39961
1.39919
1.30777
1.29004
1.2316
1.24169
1.24357
1.26626
1.2673
1.2845
1.39629
1.39183
1.39767
1.39214
1.39573
1.30351
1.27705
1.23782
1.25235
1.27715
1.29249
1.26671
1.39659
1.39081
1.39492
1.32137
1.34781
1.3625
1.37838
1.36448
1.35238
1.23382
1.22576
1.23986
1.24079
1.2658
1.26835
1.29185
1.2882
1.30534
1.3042
1.33563
1.3338
1.35018
1.36009
1.3443
1.29868
1.31577
1.34344
1.31693
1.3433
1.37223
1.37226
1.35654
1.35278
1.342
1.21509
1.21925
1.229
1.26848
1.28706
1.21339
1.23208
1.23348
1.23881
1.30872
1.31366
1.33625
1.28788
1.30177
1.32932
1.33293
1.3073
1.29016
1.30759
1.30375
1.33436
1.33218
1.3546
1.32396
1.34786
1.34303
1.36539
1.37658
1.36873
1.35574
1.34659
1.36616
1.22049
1.21986
1.23629
1.20933
1.22407
1.2078
1.37407
1.35911
1.35898
1.3632
1.37155
1.36307
1.38362
1.38747
1.37696
1.3926
1.3288
1.32864
1.30203
1.298
1.28114
1.39602
1.38997
1.39272
1.39619
1.39583
1.39724
1.39849
1.3996
1.39923
1.39859
1.3993
1.37488
1.36855
1.3562
1.36235
1.34788
1.23913
1.25297
1.24736
1.28247
1.27448
1.29656
1.4
1.4
1.4
1.4
1.4
1.4
1.33429
1.38422
1.24504
1.31678
1.35792
1.24284
1.28785
1.395
1.37975
1.3499
1.3466
1.37639
1.36126
1.37295
1.21976
1.21544
1.22799
1.2447
1.2738
1.23153
1.24549
1.24514
1.26831
1.27126
1.37401
1.38674
1.3922
1.38299
1.39514
1.38879
1.39328
1.39367
1.38459
1.38779
1.39583
1.38618
1.38002
1.39404
1.38926
1.386
1.28828
1.3014
1.33435
1.39733
1.3995
1.39884
1.39937
1.39799
1.39653
1.39865
1.39785
1.23248
1.29691
1.24632
1.27266
1.20963
1.21378
1.23386
1.30623
1.29078
1.30262
1.33583
1.33353
1.35482
1.2322
1.21466
1.21986
1.23097
1.23902
1.24174
1.26318
1.26454
1.28352
1.30961
1.34424
1.34449
1.384
1.38492
1.38799
1.39241
1.39336
1.39516
1.3963
1.39514
1.39178
1.39532
1.39227
1.38642
1.35296
1.30562
1.2906
1.30456
1.33866
1.33882
1.29558
1.23167
1.24376
1.24342
1.27534
1.27713
1.26476
1.2763
1.29124
1.30303
1.24677
1.23959
1.35161
1.35982
1.36028
1.37716
1.37854
1.25025
1.28228
1.23655
1.29083
1.2951
1.3108
1.26071
1.25836
1.23684
1.27017
1.26047
1.21035
1.21045
1.22905
1.29281
1.30551
1.34166
1.3541
1.21474
1.22271
1.23502
1.25029
1.23713
1.28509
1.29207
1.30372
1.24092
1.2648
1.24418
1.25717
1.26745
1.2134
1.2282
1.23223
1.23662
1.2915
1.30362
1.30568
1.33589
1.33071
1.35001
1.33391
1.3012
1.33478
1.30687
1.30241
1.32894
1.33463
1.34842
1.35163
1.36738
1.39934
1.3993
1.3997
1.39974
1.39966
1.39988
1.39992
1.39984
1.3815
1.39159
1.38188
1.39477
1.39678
1.39388
1.38843
1.39903
1.39662
1.39854
1.39897
1.30124
1.33728
1.30931
1.33128
1.29227
1.26241
1.26129
1.2699
1.28452
1.3807
1.35267
1.35608
1.36372
1.37651
1.37147
1.23372
1.21094
1.23788
1.26123
1.2396
1.22858
1.27056
1.2852
1.2413
1.21581
1.21735
1.39983
1.39985
1.39992
1.39989
1.39997
1.39995
1.24104
1.27058
1.23731
1.26295
1.26603
1.22834
1.23689
1.28544
1.21568
1.23709
1.26109
1.23012
1.24005
1.39373
1.374
1.37984
1.38866
1.39134
1.39267
1.23235
1.21195
1.20895
1.38095
1.38465
1.39237
1.3873
1.38878
1.3934
1.39525
1.39155
1.3953
1.39464
1.39651
1.3982
1.39827
1.39688
1.28615
1.30198
1.30349
1.31148
1.33169
1.33374
1.33671
1.39985
1.39985
1.39974
1.39992
1.39992
1.39996
1.29035
1.30296
1.30668
1.33368
1.33746
1.29396
1.24306
1.26756
1.27147
1.21471
1.23197
1.23263
1.23774
1.36505
1.36821
1.37708
1.37973
1.3976
1.39682
1.39669
1.2947
1.31425
1.34238
1.30597
1.33301
1.35165
1.31436
1.34075
1.31597
1.33946
1.26668
1.30148
1.28992
1.342
1.33411
1.32153
1.31221
1.26598
1.29941
1.27971
1.28684
1.29784
1.32643
1.39997
1.39997
1.39999
1.39999
1.39999
1.39999
1.4
1.4
1.23212
1.24721
1.24244
1.2782
1.29192
1.26364
1.21573
1.20822
1.23069
1.38624
1.39025
1.39322
1.39875
1.39722
1.39841
1.39541
1.39777
1.39572
1.39767
1.3965
1.39809
1.39866
1.39815
1.39979
1.39994
1.3999
1.39997
1.39998
1.39996
1.39989
1.21052
1.25186
1.23611
1.23685
1.26908
1.26896
1.24264
1.22928
1.21615
1.21282
1.23325
1.23129
1.25095
1.21793
1.23048
1.24196
1.26776
1.28692
1.39632
1.39794
1.39811
1.39875
1.39873
1.39698
1.39877
1.39567
1.39907
1.39801
1.3984
1.3993
1.39958
1.23994
1.26382
1.26966
1.28341
1.21112
1.22835
1.23006
1.23515
1.28834
1.20878
1.22581
1.26514
1.2261
1.23502
1.39702
1.39416
1.39874
1.21676
1.21252
1.24076
1.39979
1.3999
1.39995
1.36848
1.36929
1.38133
1.24899
1.29011
1.30697
1.20848
1.20887
1.21427
1.2278
1.228
1.24306
1.20983
1.216
1.22821
1.22849
1.24383
1.21066
1.21602
1.22893
1.22811
1.24265
1.21079
1.21603
1.23182
1.23097
1.2465
1.20978
1.2152
1.22989
1.23079
1.24628
1.2105
1.21439
1.22843
1.23139
1.24487
1.20777
1.21112
1.22825
1.22857
1.24576
1.22234
1.21697
1.23367
1.2341
1.25058
1.22773
1.2402
1.27473
1.26544
1.2898
1.24102
1.21723
1.21715
1.22016
1.23341
1.21497
1.21544
1.23396
1.2214
1.21642
1.27087
1.22191
1.23334
1.21846
1.21854
1.23111
1.23032
1.24353
1.35934
1.36515
1.3678
1.37723
1.38372
1.38579
1.20938
1.21584
1.21238
1.23907
1.39966
1.39994
1.39985
1.39978
1.3093
1.32533
1.34895
1.32312
1.32074
1.35178
1.35216
1.36433
1.21725
1.23896
1.26563
1.26077
1.2154
1.23168
1.25165
1.2379
1.38968
1.39433
1.39725
1.30184
1.31744
1.36314
1.34439
1.32155
1.34762
1.21869
1.20802
1.23316
1.23291
1.24765
1.27349
1.28796
1.21422
1.21705
1.23023
1.3997
1.39977
1.39974
1.39988
1.39954
1.39931
1.39963
1.39983
1.39977
1.39742
1.39624
1.3968
1.39544
1.3852
1.39181
1.38832
1.21541
1.22399
1.24002
1.22379
1.24145
1.24975
1.26281
1.26723
1.22025
1.20323
1.21218
1.22853
1.29072
1.30667
1.33319
1.30879
1.3133
1.3317
1.337
1.39722
1.39482
1.38865
1.39086
1.39718
1.39654
1.29041
1.32831
1.34078
1.29804
1.35066
1.32851
1.39802
1.3985
1.399
1.3991
1.39857
1.22103
1.22192
1.4
1.4
1.4
1.4
1.4
1.4
1.25941
1.24457
1.27799
1.29135
1.23383
1.261
1.26737
1.28593
1.29038
1.2986
1.33069
1.34819
1.2074
1.21805
1.23023
1.22034
1.21383
1.23318
1.23438
1.25051
1.21069
1.21619
1.23272
1.23467
1.24849
1.20967
1.21285
1.22929
1.24499
1.22956
1.22601
1.21152
1.21286
1.21314
1.2129
1.21568
1.2311
1.30127
1.3296
1.32899
1.3555
1.35206
1.36687
1.21177
1.21312
1.20883
1.21325
1.21102
1.22803
1.21674
1.22435
1.20598
1.2134
1.21111
1.21324
1.22864
1.24499
1.23026
1.2127
1.22978
1.21287
1.21489
1.2148
1.22815
1.22797
1.24061
1.22058
1.36452
1.37755
1.34532
1.35717
1.37181
1.36872
1.39844
1.39928
1.39972
1.39947
1.39924
1.39975
1.39969
1.39612
1.38562
1.39483
1.39597
1.39182
1.29697
1.3213
1.34753
1.31425
1.31281
1.34363
1.34354
1.22885
1.21578
1.20638
1.39704
1.39515
1.39285
1.39462
1.23722
1.29677
1.24703
1.25112
1.27542
1.27541
1.28655
1.22891
1.2458
1.26406
1.27087
1.23631
1.39063
1.39727
1.39631
1.39678
1.39426
1.39829
1.39875
1.39844
1.39949
1.39906
1.39954
1.29021
1.30685
1.33185
1.35419
1.30811
1.33454
1.35435
1.35381
1.37383
1.37431
1.31405
1.29673
1.31073
1.34007
1.34407
1.35373
1.31372
1.32187
1.33693
1.34736
1.3545
1.39614
1.39837
1.39923
1.39846
1.3992
1.22807
1.21419
1.39942
1.39911
1.39977
1.39992
1.39996
1.35655
1.37229
1.36707
1.36126
1.28659
1.26201
1.26684
1.23723
1.31014
1.33725
1.33644
1.35568
1.23788
1.26527
1.26741
1.32045
1.29399
1.32605
1.36317
1.3774
1.38392
1.35892
1.37664
1.33788
1.34159
1.35628
1.37254
1.34714
1.35836
1.3558
1.34446
1.37383
1.37445
1.38098
1.21123
1.23042
1.21425
1.28855
1.26287
1.26765
1.23754
1.39742
1.39613
1.39862
1.39835
1.39334
1.39748
1.37545
1.38751
1.37836
1.39152
1.38579
1.23799
1.26903
1.27088
1.2936
1.31858
1.31155
1.34529
1.3385
1.39935
1.39953
1.39975
1.39985
1.22807
1.2256
1.38215
1.38796
1.38243
1.39094
1.3944
1.39142
1.39498
1.3962
1.38852
1.39714
1.39895
1.39779
1.39875
1.39921
1.39834
1.39999
1.4
1.39999
1.4
1.39999
1.4
1.4
1.4
1.33999
1.34566
1.29674
1.28361
1.35613
1.37719
1.36993
1.37912
1.39619
1.38088
1.38708
1.38745
1.39552
1.39507
1.39153
1.2982
1.31469
1.31783
1.34473
1.34266
1.358
1.296
1.31083
1.27201
1.29134
1.24273
1.27272
1.27416
1.23278
1.22394
1.25142
1.20449
1.39767
1.39695
1.39855
1.39828
1.39893
1.35694
1.30065
1.31151
1.34102
1.3027
1.32256
1.32489
1.35083
1.35397
1.36633
1.39776
1.39793
1.39907
1.39986
1.39993
1.39983
1.39997
1.39994
1.39997
1.28571
1.24041
1.26849
1.28805
1.2613
1.23007
1.28756
1.26273
1.26075
1.36211
1.37124
1.36981
1.36696
1.38084
1.38182
1.32205
1.30663
1.25094
1.28593
1.25103
1.28449
1.3049
1.34589
1.35882
1.36276
1.35268
1.30803
1.33661
1.33916
1.3036
1.28566
1.29933
1.30989
1.3332
1.31954
1.31046
1.3482
1.34329
1.35435
1.36047
1.21293
1.22873
1.21551
1.28601
1.24101
1.26966
1.27494
1.36122
1.36391
1.37902
1.29232
1.2401
1.27155
1.27499
1.26604
1.28602
1.23707
1.26829
1.28504
1.39912
1.39924
1.39959
1.39974
1.39969
1.39978
1.2822
1.30047
1.30323
1.32519
1.35787
1.33707
1.36255
1.37621
1.38915
1.37917
1.39326
1.37071
1.38484
1.4
1.39999
1.4
1.4
1.4
1.3919
1.3978
1.39564
1.39813
1.39716
1.39852
1.29577
1.24203
1.27139
1.27326
1.27877
1.30193
1.25006
1.28094
1.28668
1.24938
1.32332
1.35143
1.34804
1.3011
1.27728
1.32693
1.31022
1.26018
1.2089
1.20846
1.2287
1.29385
1.24401
1.27379
1.27603
1.4
1.4
1.4
1.4
1.4
1.4
1.36149
1.37183
1.38202
1.38126
1.36406
1.37128
1.37584
1.38504
1.39146
1.37399
1.38749
1.39415
1.39744
1.39635
1.39652
1.39578
1.39748
1.39702
1.24409
1.27439
1.29376
1.26069
1.24299
1.23492
1.33564
1.38712
1.34917
1.37188
1.37548
1.38316
1.21755
1.20604
1.2278
1.28132
1.22393
1.23498
1.23276
1.25674
1.25895
1.28219
1.24803
1.2368
1.29245
1.30831
1.31041
1.39996
1.39997
1.39999
1.39998
1.39999
1.39999
1.39999
1.4
1.39986
1.39986
1.39989
1.39995
1.39992
1.39997
1.39995
1.39996
1.3047
1.33213
1.33573
1.34869
1.29014
1.30284
1.31657
1.34055
1.305
1.31461
1.34681
1.35902
1.24034
1.26072
1.23901
1.23216
1.27253
1.28731
1.30488
1.33168
1.35099
1.36364
1.35558
1.38144
1.38221
1.37097
1.36182
1.37054
1.28851
1.22816
1.23628
1.26579
1.26793
1.22355
1.23484
1.2487
1.2754
1.2865
1.29842
1.23615
1.24823
1.31879
1.3517
1.35292
1.36614
1.35004
1.27998
1.29496
1.29751
1.3205
1.32624
1.28849
1.23044
1.24012
1.23938
1.26084
1.26231
1.3005
1.33978
1.30051
1.30818
1.35492
1.35174
1.36197
1.33194
1.33704
1.35094
1.36201
1.36014
1.37382
1.37449
1.24177
1.27478
1.27444
1.29398
1.29496
1.36499
1.39671
1.39651
1.3913
1.38878
1.39224
1.38529
1.37324
1.27548
1.30025
1.23037
1.23973
1.24008
1.27812
1.28257
1.25661
1.25246
1.27488
1.23071
1.25541
1.25407
1.29644
1.26844
1.22368
1.23422
1.29451
1.29938
1.32793
1.3428
1.32644
1.23078
1.20899
1.21583
1.25462
1.27507
1.28928
1.26412
1.24568
1.22866
1.25823
1.21958
1.22072
1.2276
1.24882
1.27791
1.3042
1.23542
1.30769
1.3171
1.34288
1.35162
1.32882
1.36915
1.35834
1.36575
1.39994
1.39996
1.39998
1.39998
1.39993
1.39996
1.22802
1.24491
1.24355
1.28082
1.27174
1.29946
1.24694
1.26773
1.24648
1.23583
1.27724
1.29388
1.22217
1.2666
1.28254
1.23837
1.25252
1.29879
1.25014
1.28042
1.27941
1.24739
1.39298
1.38771
1.39169
1.38702
1.21251
1.20196
1.22731
1.35301
1.30755
1.29996
1.33801
1.33352
1.24526
1.26649
1.29228
1.23475
1.36171
1.38006
1.37705
1.38568
1.29548
1.32354
1.34332
1.34328
1.37748
1.35848
1.37288
1.34843
1.35812
1.38019
1.38591
1.3724
1.38323
1.30516
1.33062
1.33078
1.34193
1.2951
1.30395
1.39959
1.39974
1.39967
1.39984
1.39982
1.39959
1.23712
1.21763
1.20512
1.23036
1.29204
1.30137
1.32457
1.35049
1.33754
1.30796
1.35983
1.38547
1.37465
1.35828
1.37392
1.38481
1.38243
1.36942
1.3998
1.39974
1.39985
1.3998
1.39991
1.3999
1.3999
1.39995
1.39997
1.39994
1.35972
1.37464
1.38301
1.38588
1.38084
1.39997
1.39997
1.39991
1.39998
1.39996
1.39998
1.39996
1.39999
1.39998
1.38576
1.36129
1.37312
1.37676
1.21266
1.21554
1.23228
1.37377
1.26283
1.27306
1.28781
1.25702
1.2545
1.23687
1.23733
1.27398
1.27909
1.31723
1.33996
1.29001
1.33615
1.3106
1.37491
1.3854
1.38182
1.39193
1.3952
1.39001
1.39269
1.3935
1.38517
1.38731
1.39693
1.39258
1.39849
1.39872
1.39434
1.39713
1.39555
1.39549
1.39628
1.39844
1.39802
1.3586
1.31614
1.32226
1.34034
1.35236
1.36011
1.23835
1.21776
1.22969
1.21219
1.33565
1.24752
1.40329
1.2082
1.21645
1.23234
1.23069
1.24403
1.40202
1.37548
1.23361
1.29346
1.38993
1.39461
1.39601
1.39629
1.39779
1.39771
1.24328
1.27243
1.24875
1.27484
1.2735
1.2948
1.39878
1.3995
1.39893
1.39911
1.39943
1.39967
1.39983
1.39986
1.39983
1.39975
1.39966
1.39955
1.39703
1.3979
1.39676
1.39898
1.39805
1.39892
1.3386
1.36187
1.35229
1.36403
1.36551
1.3803
1.38649
1.39824
1.39893
1.39928
1.39943
1.3996
1.39715
1.39784
1.3978
1.39896
1.39892
1.39672
1.39787
1.39878
1.39951
1.39482
1.37392
1.37002
1.37899
1.37523
1.38434
1.38656
1.39388
1.39303
1.38917
1.2791
1.30035
1.29908
1.33521
1.35155
1.33242
1.35618
1.35699
1.368
1.31279
1.34248
1.33829
1.30754
1.34188
1.30533
1.28337
1.29177
1.30605
1.32115
1.35116
1.3799
1.3859
1.38973
1.39325
1.38805
1.39117
1.38967
1.39526
1.39607
1.3945
1.39564
1.28515
1.30019
1.33015
1.29807
1.29767
1.33016
1.32961
1.34829
1.35856
1.37239
1.38907
1.3841
1.3849
1.39998
1.39999
1.4
1.39831
1.39914
1.39957
1.39934
1.3984
1.35249
1.35748
1.37659
1.37467
1.36275
1.36558
1.37124
1.37843
1.30413
1.25257
1.26733
1.22932
1.23971
1.27655
1.25034
1.22666
1.2383
1.24525
1.26872
1.27407
1.38771
1.38341
1.38625
1.3963
1.39266
1.39184
1.39518
1.39709
1.39656
1.34845
1.26328
1.30219
1.26522
1.32042
1.28935
1.31612
1.39646
1.39735
1.39935
1.39893
1.39972
1.39936
1.39977
1.39972
1.39976
1.39526
1.39658
1.39312
1.39432
1.39653
1.31436
1.23167
1.24156
1.25077
1.27065
1.27826
1.30112
1.31786
1.30964
1.34498
1.33734
1.35546
1.26427
1.2644
1.27869
1.2841
1.31133
1.3169
1.35763
1.36041
1.34974
1.37727
1.37343
1.38322
1.21502
1.21866
1.30867
1.33859
1.35213
1.33588
1.29312
1.30904
1.39061
1.39441
1.35772
1.379
1.37007
1.38022
1.39059
1.39173
1.23002
1.24996
1.2087
1.21061
1.23061
1.34323
1.34844
1.31853
1.29544
1.30918
1.39403
1.38768
1.3966
1.38913
1.39406
1.22257
1.20591
1.20367
1.27307
1.30493
1.33473
1.29926
1.33069
1.28057
1.30575
1.31061
1.33383
1.3342
1.26699
1.26843
1.20425
1.23166
1.21222
1.22631
1.22557
1.24566
1.3889
1.39283
1.33937
1.34028
1.36375
1.37772
1.39932
1.3997
1.39968
1.39896
1.3998
1.39954
1.39863
1.3993
1.2517
1.20761
1.22193
1.20945
1.36177
1.36025
1.37725
1.37756
1.38563
1.22898
1.23538
1.26547
1.22373
1.23641
1.26442
1.28916
1.39997
1.39997
1.39999
1.39999
1.4
1.4
1.4
1.39999
1.4
1.39999
1.4
1.39999
1.34966
1.36257
1.35883
1.38713
1.37686
1.37586
1.39276
1.34005
1.35851
1.38739
1.36259
1.37513
1.38024
1.38402
1.35521
1.36487
1.28664
1.26412
1.25303
1.30276
1.24291
1.284
1.27592
1.30229
1.25825
1.23362
1.24231
1.25305
1.27294
1.29276
1.30059
1.27825
1.32735
1.29816
1.30027
1.30777
1.33285
1.33295
1.34906
1.39998
1.39995
1.39998
1.39996
1.39999
1.39999
1.39998
1.39999
1.24624
1.26996
1.29112
1.20687
1.2294
1.26786
1.22899
1.2383
1.40351
1.38
1.30315
1.24398
1.39046
1.3524
1.39982
1.38908
1.33218
1.24653
1.2321
1.25662
1.2583
1.20189
1.21097
1.22583
1.28161
1.2091
1.24614
1.26964
1.28369
1.23111
1.24594
1.26003
1.2646
1.23046
1.24022
1.28728
1.26014
1.39996
1.39998
1.39999
1.39999
1.39999
1.39998
1.32938
1.31122
1.34292
1.35391
1.36066
1.39756
1.3971
1.39758
1.39749
1.39854
1.39862
1.24404
1.27744
1.29077
1.3975
1.39953
1.3995
1.39931
1.39864
1.39902
1.39945
1.39938
1.28827
1.30533
1.33678
1.33256
1.29532
1.26448
1.28003
1.25942
1.28558
1.28807
1.35552
1.36672
1.36371
1.28746
1.30027
1.32071
1.33531
1.34494
1.28085
1.37255
1.29096
1.29853
1.31019
1.32735
1.34314
1.35073
1.4
1.4
1.4
1.4
1.23661
1.28794
1.27073
1.20417
1.22385
1.25968
1.22762
1.23466
1.24437
1.26689
1.28809
1.22816
1.20681
1.23983
1.2672
1.26766
1.23791
1.22674
1.39189
1.38538
1.37986
1.38568
1.39209
1.39172
1.37933
1.38574
1.39938
1.39909
1.3996
1.39981
1.39992
1.37313
1.38198
1.39264
1.38471
1.38174
1.38579
1.39151
1.39248
1.39475
1.39354
1.39862
1.39506
1.39788
1.39563
1.39733
1.31572
1.32518
1.34212
1.4
1.4
1.4
1.4
1.4
1.4
1.4
1.4
1.4
1.4
1.4
1.39999
1.39998
1.39997
1.39997
1.39999
1.39999
1.19859
1.23128
1.21249
1.21287
1.22589
1.20245
1.28862
1.30843
1.34068
1.33653
1.30051
1.26664
1.28553
1.26249
1.29054
1.22265
1.24717
1.24374
1.27765
1.27495
1.29812
1.39999
1.39997
1.39998
1.39999
1.39999
1.39999
1.4
1.4
1.35104
1.30583
1.31496
1.33671
1.3384
1.30735
1.3337
1.34078
1.39912
1.3997
1.39963
1.39927
1.39862
1.37767
1.38064
1.38429
1.37626
1.36772
1.3885
1.37779
1.39327
1.38429
1.39207
1.20901
1.23039
1.20815
1.26465
1.26708
1.22883
1.25024
1.20813
1.22696
1.23029
1.20606
1.288
1.30891
1.31059
1.33159
1.33511
1.34691
1.27958
1.28249
1.2236
1.20543
1.23784
1.26143
1.26356
1.23124
1.22312
1.20073
1.20686
1.22457
1.22618
1.24416
1.20075
1.20872
1.2236
1.21875
1.24049
1.2376
1.20176
1.21121
1.22533
1.22588
1.24311
1.22659
1.19885
1.19488
1.20182
1.21048
1.22337
1.22392
1.24087
1.20448
1.21273
1.22606
1.22465
1.24109
1.20271
1.21239
1.2246
1.22632
1.24123
1.20211
1.21015
1.22395
1.22456
1.24189
1.20131
1.21254
1.2261
1.22658
1.24451
1.20402
1.23476
1.26216
1.22474
1.24091
1.25475
1.26391
1.2261
1.23532
1.35689
1.34976
1.36403
1.36745
1.3817
1.37061
1.35951
1.38705
1.38232
1.35656
1.39407
1.39511
1.22522
1.20264
1.20767
1.29565
1.28054
1.32376
1.34555
1.29161
1.32679
1.21759
1.20944
1.22255
1.22893
1.24208
1.21702
1.22958
1.2058
1.2087
1.21527
1.23027
1.21646
1.2325
1.22401
1.20244
1.22727
1.20956
1.20797
1.20634
1.22095
1.2448
1.2775
1.22393
1.24821
1.21359
1.2113
1.20664
1.22315
1.20841
1.22826
1.20825
1.22596
1.20345
1.24117
1.2378
1.22543
1.22644
1.20378
1.23854
1.23631
1.22348
1.39729
1.39846
1.39644
1.39742
1.39879
1.39878
1.39916
1.2931
1.31049
1.31506
1.32286
1.34479
1.34612
1.35983
1.34488
1.31742
1.33091
1.28477
1.30277
1.32115
1.20979
1.21161
1.30602
1.31097
1.33063
1.33385
1.34758
1.30903
1.33455
1.28556
1.25972
1.31309
1.33989
1.33848
1.31042
1.29723
1.39679
1.39721
1.39934
1.39975
1.39762
1.39808
1.39893
1.39937
1.39894
1.39968
1.39936
1.39977
1.39984
1.3801
1.38744
1.38788
1.38548
1.39019
1.39474
1.39387
1.27111
1.29566
1.20587
1.22392
1.24039
1.27427
1.24586
1.22819
1.39974
1.39915
1.39933
1.39971
1.39964
1.39982
1.39957
1.21388
1.21354
1.22944
1.22853
1.24874
1.25306
1.25534
1.26575
1.22592
1.24191
1.25432
1.35137
1.36234
1.36272
1.36051
1.37607
1.37775
1.37947
1.38621
1.38797
1.38365
1.21172
1.21234
1.3564
1.38691
1.37814
1.37383
1.33473
1.30653
1.32713
1.3532
1.35902
1.33492
1.22342
1.23821
1.23883
1.264
1.27096
1.28833
1.19907
1.20884
1.22548
1.20864
1.22649
1.24356
1.23635
1.20324
1.21076
1.33616
1.28585
1.30245
1.26112
1.29168
1.19946
1.20598
1.22114
1.22254
1.24073
1.20164
1.20764
1.22297
1.22208
1.24094
1.21082
1.22267
1.21479
1.21865
1.21534
1.21333
1.23022
1.22832
1.24716
1.24982
1.21121
1.2147
1.21293
1.207
1.20833
1.21434
1.20149
1.21282
1.22486
1.21605
1.21385
1.22801
1.20534
1.20953
1.22268
1.2246
1.23986
1.24476
1.2
1.22592
1.21597
1.22886
1.23166
1.24434
1.39782
1.39682
1.39721
1.39858
1.39897
1.39874
1.39918
1.39959
1.39972
1.39972
1.39986
1.39993
1.39996
1.3999
1.39984
1.39987
1.39994
1.39995
1.31259
1.34541
1.35949
1.29333
1.26153
1.34315
1.31386
1.29627
1.29792
1.28351
1.28835
1.24154
1.23064
1.26025
1.23725
1.26922
1.26409
1.28948
1.39976
1.39686
1.39813
1.39837
1.39919
1.39924
1.2954
1.31804
1.3261
1.35304
1.34707
1.36411
1.21509
1.20287
1.39986
1.39992
1.39988
1.39987
1.22527
1.20679
1.30117
1.32139
1.35307
1.32416
1.35364
1.37246
1.34938
1.35922
1.37952
1.37067
1.371
1.39783
1.3761
1.38692
1.37923
1.39671
1.39658
1.38657
1.38926
1.39572
1.31178
1.34236
1.29377
1.30972
1.26865
1.29695
1.35012
1.35312
1.36068
1.3758
1.38196
1.38559
1.38102
1.273
1.28291
1.30038
1.31997
1.30267
1.28638
1.30036
1.33597
1.33704
1.3542
1.32103
1.27668
1.2944
1.29774
1.29478
1.32878
1.3564
1.32855
1.34459
1.34325
1.22948
1.20209
1.2082
1.22206
1.2285
1.2428
1.29726
1.29857
1.31093
1.30771
1.33368
1.33996
1.35613
1.36472
1.35294
1.39854
1.39802
1.29495
1.309
1.32184
1.34814
1.35355
1.32477
1.30426
1.28391
1.34554
1.31515
1.26554
1.22777
1.24513
1.23352
1.31062
1.28939
1.31097
1.3383
1.33644
1.35389
1.29581
1.30938
1.33786
1.35101
1.39045
1.38234
1.35278
1.37187
1.38267
1.37688
1.30968
1.33885
1.26682
1.29215
1.30802
1.33752
1.33716
1.29109
1.30562
1.32314
1.32781
1.35015
1.39187
1.39194
1.39625
1.39607
1.39814
1.2388
1.26831
1.28
1.23887
1.27215
1.275
1.29414
1.39621
1.39118
1.39492
1.39329
1.3884
1.20803
1.20488
1.22496
1.26702
1.26861
1.28474
1.29621
1.31534
1.32688
1.23775
1.2652
1.26871
1.244
1.22328
1.21447
1.39117
1.38723
1.39299
1.39236
1.35524
1.33618
1.35403
1.36196
1.37523
1.37944
1.38441
1.36635
1.35743
1.4
1.4
1.4
1.4
1.4
1.4
1.23614
1.28142
1.23461
1.27285
1.23796
1.28269
1.26384
1.28904
1.23235
1.26794
1.35213
1.37881
1.38486
1.37251
1.37239
1.26579
1.28607
1.29461
1.30353
1.33718
1.35397
1.3541
1.35729
1.36788
1.38244
1.37555
1.37797
1.24138
1.27202
1.24186
1.23137
1.26486
1.26138
1.39971
1.39774
1.39933
1.39886
1.3988
1.39762
1.23518
1.26829
1.26201
1.28976
1.31916
1.29005
1.3145
1.29846
1.39466
1.38907
1.39227
1.39005
1.31265
1.34579
1.29346
1.30579
1.39641
1.38944
1.39288
1.38138
1.38577
1.34519
1.35656
1.37805
1.36494
1.3375
1.33881
1.39805
1.39873
1.39832
1.39928
1.39908
1.39941
1.39938
1.39957
1.24159
1.27555
1.27288
1.23611
1.38467
1.39641
1.39331
1.38744
1.39606
1.39579
1.39941
1.39582
1.29282
1.30891
1.33607
1.32915
1.28554
1.30431
1.236
1.27455
1.39788
1.39233
1.39572
1.39606
1.39829
1.39852
1.39915
1.32632
1.35069
1.35242
1.30297
1.32019
1.34709
1.38363
1.39293
1.39339
1.38687
1.38871
1.39979
1.39982
1.39991
1.39994
1.39986
1.39992
1.39995
1.39993
1.23405
1.2784
1.26784
1.29587
1.39611
1.39582
1.39769
1.39817
1.39881
1.24907
1.28902
1.30844
1.25651
1.28483
1.27983
1.24477
1.39604
1.39603
1.39787
1.39878
1.39921
1.39776
1.39857
1.39884
1.3992
1.39925
1.24789
1.23644
1.28864
1.31464
1.4
1.4
1.4
1.4
1.4
1.4
1.23577
1.27032
1.29141
1.28767
1.32761
1.4
1.39999
1.39998
1.39999
1.39998
1.39996
1.3997
1.39985
1.39959
1.39992
1.39974
1.39988
1.33865
1.29792
1.3316
1.38784
1.39016
1.39381
1.39199
1.39703
1.39651
1.39631
1.39532
1.29601
1.30533
1.3435
1.36034
1.34771
1.26993
1.22582
1.23892
1.23971
1.26269
1.27029
1.39891
1.3985
1.39874
1.39921
1.39912
1.39961
1.39944
1.39952
1.39959
1.39971
1.39974
1.39929
1.39924
1.39875
1.39936
1.39904
1.39963
1.39976
1.39958
1.38799
1.35967
1.3729
1.35673
1.38298
1.37285
1.34399
1.30789
1.33763
1.34218
1.3618
1.37665
1.36651
1.36934
1.39996
1.39996
1.39998
1.39999
1.4
1.39999
1.39869
1.39525
1.39674
1.395
1.39816
1.39757
1.37513
1.39248
1.38931
1.32246
1.30207
1.35128
1.35948
1.32106
1.34464
1.32224
1.35083
1.36619
1.36684
1.37488
1.37019
1.36279
1.35496
1.36255
1.37647
1.37727
1.38083
1.38768
1.38897
1.38437
1.39871
1.39778
1.39823
1.39895
1.39914
1.3253
1.36083
1.3513
1.34547
1.35745
1.37366
1.3755
1.37403
1.35675
1.37422
1.34492
1.35561
1.4
1.4
1.4
1.4
1.4
1.39999
1.39999
1.4
1.39999
1.4
1.4
1.24037
1.26659
1.23135
1.28089
1.25182
1.3954
1.39445
1.39481
1.3972
1.39491
1.3958
1.39726
1.39784
1.39706
1.23739
1.27129
1.26962
1.28622
1.26489
1.23665
1.24158
1.26599
1.29027
1.22811
1.38668
1.39466
1.39292
1.39647
1.39818
1.34688
1.33017
1.29895
1.30929
1.33288
1.24885
1.28481
1.30177
1.25703
1.28596
1.2412
1.28174
1.26302
1.29698
1.29954
1.27984
1.27752
1.38559
1.38031
1.39436
1.3889
1.38656
1.38913
1.39298
1.39564
1.2693
1.23571
1.2274
1.24303
1.23931
1.26497
1.27055
1.29987
1.23857
1.28091
1.29939
1.39311
1.39486
1.39282
1.39724
1.3955
1.3975
1.26388
1.28053
1.31385
1.36503
1.28416
1.31707
1.34018
1.39037
1.39573
1.39059
1.38816
1.39472
1.39702
1.35053
1.32011
1.29435
1.32666
1.33914
1.32322
1.31388
1.33812
1.2954
1.30765
1.31623
1.34422
1.35545
1.22346
1.23547
1.23166
1.26285
1.26222
1.28536
1.25426
1.20341
1.22485
1.20396
1.29211
1.23877
1.27785
1.29554
1.22916
1.24176
1.257
1.26873
1.28004
1.29378
1.30348
1.39928
1.39264
1.39584
1.39155
1.39734
1.39553
1.39875
1.39619
1.39833
1.39966
1.39989
1.39965
1.39981
1.39984
1.39992
1.25895
1.21391
1.23501
1.20967
1.37677
1.37892
1.38769
1.38529
1.39078
1.39407
1.39272
1.21126
1.26443
1.26531
1.28055
1.23855
1.21328
1.24414
1.301
1.2481
1.28709
1.30725
1.23431
1.39826
1.39947
1.39903
1.3987
1.39864
1.39935
1.22657
1.23605
1.24722
1.26559
1.27395
1.39126
1.38284
1.38618
1.39659
1.39546
1.39589
1.39491
1.39685
1.39234
1.23243
1.2238
1.26381
1.28926
1.19631
1.209
1.21966
1.30377
1.24175
1.29311
1.30776
1.22551
1.22495
1.23344
1.23516
1.26769
1.25634
1.27862
1.22369
1.22427
1.21475
1.24908
1.23776
1.2619
1.23583
1.29435
1.29428
1.27961
1.3264
1.34846
1.34543
1.36725
1.37925
1.36665
1.30366
1.316
1.33491
1.33892
1.35514
1.37204
1.34938
1.35994
1.37664
1.38257
1.27961
1.29887
1.3051
1.33853
1.33837
1.31589
1.30774
1.26364
1.21747
1.22903
1.22148
1.23079
1.25823
1.28153
1.39784
1.39795
1.39869
1.3993
1.39967
1.3989
1.39936
1.39962
1.39951
1.39972
1.30149
1.22184
1.23619
1.24352
1.2676
1.27398
1.36652
1.38667
1.37204
1.37087
1.38532
1.38296
1.38996
1.39632
1.39533
1.39557
1.39108
1.39544
1.39266
1.385
1.37513
1.38116
1.38951
1.39367
1.39163
1.3404
1.36355
1.31725
1.33365
1.34135
1.36499
1.38164
1.23604
1.19891
1.21657
1.20752
1.21782
1.39602
1.39697
1.39644
1.39797
1.39836
1.39733
1.38427
1.38692
1.38911
1.39239
1.39575
1.39044
1.39172
1.39497
1.3954
1.39693
1.33832
1.35258
1.36898
1.29828
1.27359
1.27201
1.24228
1.24699
1.39411
1.39091
1.39659
1.39752
1.39575
1.37749
1.37927
1.38359
1.37859
1.38123
1.38736
1.38685
1.3919
1.39097
1.39529
1.39452
1.39655
1.39974
1.39993
1.39989
1.26779
1.27876
1.31161
1.32479
1.29879
1.35745
1.36696
1.3813
1.3375
1.3318
1.35592
1.36661
1.37792
1.36627
1.34673
1.3619
1.37132
1.36728
1.2338
1.2696
1.28889
1.31659
1.21135
1.21481
1.3305
1.33448
1.35139
1.35157
1.37243
1.34136
1.35283
1.36521
1.37859
1.38151
1.38615
1.36053
1.36391
1.23243
1.22524
1.27777
1.297
1.29743
1.32729
1.32436
1.37741
1.38495
1.36198
1.36484
1.28583
1.30933
1.29916
1.33945
1.33456
1.38692
1.39608
1.39582
1.39377
1.39353
1.39656
1.395
1.39811
1.32391
1.38375
1.37772
1.38408
1.38782
1.37203
1.34918
1.38575
1.37497
1.36371
1.38389
1.37864
1.38658
1.28758
1.30721
1.33406
1.31479
1.35509
1.34261
1.28839
1.31015
1.33496
1.30781
1.31074
1.33235
1.33987
1.30949
1.29816
1.28228
1.2076
1.20828
1.22138
1.22745
1.24209
1.24157
1.39537
1.38623
1.39257
1.39554
1.19865
1.20923
1.22387
1.37901
1.3861
1.37579
1.39208
1.3892
1.39355
1.20504
1.20245
1.22241
1.22277
1.23673
1.37297
1.35912
1.36945
1.37045
1.38208
1.38249
1.39004
1.27326
1.27593
1.29576
1.39691
1.39536
1.39669
1.39504
1.39713
1.39791
1.39818
1.3026
1.27475
1.27037
1.24353
1.23338
1.24466
1.24291
1.21736
1.24391
1.23312
1.25901
1.23493
1.2648
1.27383
1.27924
1.36486
1.34222
1.3586
1.36147
1.3687
1.31105
1.3159
1.34795
1.39661
1.39803
1.39896
1.39815
1.3988
1.39926
1.3988
1.39922
1.33363
1.23743
1.27458
1.29714
1.22412
1.27223
1.26186
1.23866
1.23293
1.39643
1.39921
1.39939
1.39845
1.39805
1.28216
1.30076
1.28702
1.29886
1.27443
1.271
1.24339
1.23382
1.24479
1.38342
1.38229
1.38631
1.39189
1.39049
1.39388
1.35429
1.36163
1.38492
1.38855
1.37846
1.386
1.20908
1.20643
1.22332
1.23631
1.24235
1.25109
1.28148
1.30803
1.33724
1.30335
1.3008
1.33109
1.32843
1.29775
1.33151
1.32168
1.39922
1.39894
1.3996
1.39948
1.39974
1.39978
1.37162
1.34326
1.35431
1.36636
1.37904
1.39091
1.38194
1.36047
1.34367
1.29378
1.31575
1.34337
1.35828
1.36732
1.38474
1.24363
1.26028
1.22229
1.24029
1.24679
1.34241
1.36015
1.38553
1.39048
1.38958
1.39465
1.39382
1.39596
1.39734
1.39678
1.39873
1.39447
1.39723
1.39779
1.3964
1.34532
1.35503
1.36622
1.25119
1.28196
1.28622
1.22743
1.385
1.40566
1.23204
1.19448
1.19486
1.21345
1.24827
1.39859
1.38365
1.32705
1.23519
1.27991
1.24491
1.22956
1.24043
1.27656
1.28683
1.2254
1.39977
1.39963
1.39953
1.39958
1.39973
1.39977
1.31809
1.33753
1.33207
1.28333
1.30695
1.37846
1.38682
1.39397
1.3851
1.39212
1.39617
1.28813
1.31008
1.30148
1.3362
1.33432
1.35461
1.38302
1.38648
1.3937
1.38694
1.3959
1.39777
1.39177
1.39784
1.39322
1.39603
1.36817
1.33889
1.34312
1.36745
1.25496
1.32631
1.28251
1.29569
1.34697
1.34847
1.36514
1.36626
1.37796
1.37772
1.25554
1.2754
1.23019
1.30779
1.33824
1.3038
1.33377
1.28575
1.30871
1.34639
1.3009
1.30881
1.3395
1.34221
1.26529
1.29603
1.39928
1.39965
1.39987
1.39986
1.39945
1.39974
1.34014
1.36261
1.3295
1.32777
1.35598
1.35089
1.37514
1.3652
1.36841
1.39997
1.39996
1.39999
1.4
1.4
1.4
1.4
1.4
1.31266
1.32438
1.33778
1.34388
1.35435
1.39664
1.38718
1.39005
1.39403
1.39415
1.31521
1.30034
1.33082
1.34158
1.35751
1.33947
1.25256
1.28559
1.30298
1.31561
1.36913
1.36609
1.38073
1.32549
1.31589
1.345
1.35267
1.33519
1.37309
1.34749
1.35564
1.37282
1.37815
1.36741
1.39688
1.39876
1.29296
1.26335
1.26134
1.27483
1.24932
1.32117
1.27328
1.29912
1.29272
1.32733
1.34326
1.32
1.39994
1.39996
1.39999
1.39998
1.39993
1.39996
1.39995
1.39998
1.39998
1.3999
1.39986
1.39995
1.39998
1.39993
1.39997
1.39988
1.39481
1.397
1.39649
1.39847
1.39794
1.39878
1.39925
1.28958
1.29951
1.30433
1.33034
1.33087
1.30305
1.32438
1.34834
1.34944
1.32034
1.39983
1.39995
1.39991
1.39975
1.39987
1.39989
1.39975
1.31858
1.31004
1.33471
1.28551
1.321
1.2857
1.31231
1.29847
1.28594
1.30614
1.24894
1.29315
1.35479
1.35793
1.37477
1.37293
1.30718
1.31297
1.33826
1.34422
1.28699
1.31064
1.34183
1.31173
1.31804
1.3402
1.34451
1.24374
1.20142
1.22381
1.20384
1.21722
1.21559
1.23219
1.39245
1.3874
1.38354
1.38667
1.39333
1.39547
1.39574
1.39692
1.19581
1.19087
1.20261
1.21812
1.21675
1.23574
1.19758
1.20741
1.22041
1.23746
1.22288
1.19914
1.20517
1.23831
1.22054
1.22234
1.28887
1.31763
1.34385
1.31001
1.31523
1.34225
1.33756
1.19915
1.20615
1.23794
1.2219
1.22307
1.19927
1.19761
1.20292
1.23814
1.22145
1.2206
1.20261
1.23556
1.22018
1.22001
1.21035
1.20782
1.22502
1.24309
1.22524
1.20988
1.21006
1.20853
1.22928
1.22823
1.2467
1.20084
1.20196
1.22525
1.21621
1.24464
1.2563
1.20272
1.22658
1.22534
1.24615
1.20513
1.21653
1.19804
1.19232
1.20397
1.23461
1.21999
1.21746
1.19515
1.20898
1.22707
1.22282
1.24067
1.39596
1.39625
1.3861
1.38806
1.39345
1.39291
1.19999
1.20274
1.21846
1.23575
1.22084
1.19803
1.20707
1.22217
1.23955
1.2249
1.20702
1.20067
1.22006
1.2202
1.23818
1.2077
1.20722
1.22679
1.22337
1.24278
1.31026
1.29789
1.32722
1.2035
1.19654
1.21676
1.31632
1.33948
1.3159
1.33126
1.34144
1.27049
1.29016
1.29619
1.30489
1.1998
1.21143
1.22469
1.21965
1.23553
1.39942
1.39972
1.39981
1.3993
1.3996
1.39616
1.39372
1.39649
1.39643
1.39767
1.39768
1.39891
1.39772
1.39937
1.39898
1.37417
1.38251
1.38755
1.38231
1.38583
1.39196
1.39269
1.3948
1.39544
1.39639
1.38647
1.39763
1.39353
1.38742
1.39826
1.39682
1.39834
1.39857
1.39906
1.39922
1.39896
1.20329
1.22269
1.21207
1.33873
1.39872
1.37748
1.22312
1.26116
1.32757
1.40214
1.37146
1.29789
1.2266
1.20425
1.21018
1.22232
1.35353
1.29659
1.31269
1.33933
1.27736
1.27857
1.29988
1.21732
1.23158
1.23284
1.25338
1.25125
1.19224
1.22545
1.20151
1.26379
1.25112
1.20282
1.27072
1.22373
1.23561
1.26057
1.26072
1.22207
1.23217
1.31604
1.31563
1.3416
1.34378
1.29098
1.30518
1.26438
1.29163
1.39568
1.39815
1.39831
1.39746
1.39865
1.39813
1.39866
1.39859
1.39925
1.39925
1.39956
1.39967
1.39978
1.22637
1.20306
1.21443
1.23044
1.23146
1.26694
1.27195
1.28764
1.27879
1.25496
1.2439
1.39872
1.3992
1.39935
1.39907
1.20244
1.2091
1.22241
1.20508
1.22285
1.20728
1.20414
1.39361
1.39613
1.39824
1.39824
1.39714
1.39566
1.39698
1.19667
1.19874
1.20305
1.21364
1.19745
1.20278
1.21852
1.23412
1.21866
1.34521
1.26614
1.28408
1.29285
1.29909
1.20752
1.2052
1.22378
1.22358
1.23982
1.19533
1.20854
1.24108
1.22355
1.22419
1.20378
1.20356
1.22193
1.24371
1.22527
1.19633
1.20679
1.22008
1.23601
1.22392
1.20914
1.20759
1.22606
1.24284
1.22647
1.19693
1.20164
1.23584
1.2189
1.21891
1.19804
1.20424
1.22261
1.23775
1.21991
1.20658
1.2344
1.21941
1.22086
1.35441
1.3853
1.38034
1.36881
1.38223
1.36677
1.20257
1.20636
1.21985
1.23695
1.22546
1.20049
1.21468
1.20316
1.22339
1.24374
1.22123
1.19932
1.20868
1.23763
1.22333
1.22305
1.20851
1.20846
1.22496
1.2422
1.22711
1.19933
1.20511
1.22423
1.24117
1.22382
1.3999
1.39981
1.39995
1.39997
1.39998
1.39992
1.39997
1.39996
1.39991
1.39995
1.19893
1.20698
1.23649
1.22208
1.22227
1.19924
1.20311
1.23672
1.22103
1.22007
1.20406
1.23633
1.22119
1.22055
1.20427
1.22275
1.20102
1.21621
1.23568
1.3046
1.30995
1.3318
1.33883
1.39992
1.29212
1.30105
1.27328
1.2671
1.27344
1.23854
1.24364
1.20004
1.21994
1.20888
1.3955
1.39311
1.39663
1.39718
1.39752
1.39854
1.39827
1.39887
1.29477
1.312
1.32452
1.3525
1.3483
1.36034
1.36926
1.36771
1.3827
1.38804
1.38236
1.27961
1.29216
1.30354
1.26156
1.26544
1.23352
1.22821
1.28431
1.29915
1.25002
1.25927
1.27457
1.2339
1.25149
1.29687
1.26678
1.26423
1.23111
1.33576
1.36117
1.36728
1.38054
1.3581
1.36494
1.36398
1.3549
1.37808
1.37694
1.38551
1.26602
1.2614
1.26711
1.23349
1.30231
1.33701
1.27917
1.29695
1.20117
1.20344
1.21819
1.29041
1.28417
1.3059
1.23284
1.26318
1.26017
1.2023
1.2561
1.26053
1.23149
1.32536
1.35513
1.2938
1.26925
1.33313
1.30954
1.29564
1.32998
1.20622
1.19534
1.21721
1.29538
1.24266
1.26694
1.26616
1.22308
1.23411
1.29277
1.31208
1.28441
1.25834
1.26332
1.26903
1.23425
1.39881
1.39967
1.39936
1.399
1.39945
1.19767
1.21425
1.2047
1.22663
1.23013
1.24149
1.39996
1.39992
1.39982
1.39974
1.39975
1.39991
1.39995
1.3972
1.39028
1.39546
1.3944
1.39283
1.38935
1.30981
1.28634
1.26104
1.26677
1.23389
1.39916
1.39803
1.39917
1.39938
1.39974
1.39955
1.39982
1.3473
1.36886
1.35866
1.3743
1.37924
1.26951
1.29408
1.27447
1.23344
1.28804
1.27107
1.29016
1.23275
1.36064
1.3317
1.35291
1.33692
1.3775
1.37738
1.36294
1.35111
1.36367
1.33804
1.33635
1.30334
1.39956
1.39897
1.39951
1.39965
1.39947
1.29589
1.3091
1.34195
1.36007
1.35676
1.37827
1.37592
1.31283
1.31798
1.34782
1.35913
1.38935
1.39179
1.39724
1.39533
1.39298
1.38379
1.37904
1.34681
1.35017
1.3617
1.36246
1.37536
1.37598
1.39996
1.39998
1.39999
1.27061
1.23359
1.26721
1.26403
1.26734
1.28724
1.23548
1.30455
1.31849
1.34589
1.3629
1.36
1.26621
1.28855
1.26614
1.27045
1.23347
1.2735
1.23589
1.29
1.27961
1.26042
1.26595
1.23041
1.32627
1.31316
1.28233
1.30719
1.29472
1.34967
1.3426
1.36214
1.36934
1.33844
1.3578
1.37449
1.36902
1.23208
1.25263
1.2121
1.22368
1.2597
1.28106
1.28811
1.30956
1.33496
1.32496
1.3224
1.29044
1.24332
1.28458
1.27498
1.29254
1.28603
1.26287
1.26937
1.23583
1.31822
1.32239
1.34032
1.35088
1.37159
1.36628
1.35687
1.36584
1.38044
1.38637
1.39996
1.39997
1.39993
1.39998
1.39945
1.39971
1.39969
1.39985
1.2979
1.33403
1.32673
1.27383
1.29804
1.27432
1.2756
1.23787
1.23385
1.25917
1.2672
1.33419
1.28977
1.30625
1.32902
1.3314
1.34622
1.36631
1.39949
1.39959
1.39974
1.39961
1.39982
1.39976
1.39976
1.39975
1.39983
1.39989
1.39977
1.39974
1.39989
1.39979
1.39992
1.39987
1.39991
1.39995
1.35061
1.37251
1.35863
1.3649
1.37629
1.37307
1.38147
1.38629
1.38163
1.28443
1.29047
1.30571
1.27191
1.2927
1.26504
1.2335
1.29012
1.26673
1.23281
1.36575
1.38186
1.38068
1.34977
1.36153
1.36896
1.37064
1.30761
1.27699
1.23382
1.2673
1.29049
1.19585
1.19678
1.39999
1.39994
1.39997
1.39997
1.39998
1.21342
1.21798
1.38468
1.38502
1.3897
1.38634
1.39318
1.36012
1.32792
1.36891
1.346
1.36649
1.27078
1.29203
1.26717
1.26588
1.23478
1.22858
1.30651
1.27819
1.29043
1.32074
1.32889
1.34711
1.3714
1.26039
1.23205
1.25816
1.22252
1.22925
1.28684
1.27317
1.30058
1.28925
1.3997
1.39939
1.39962
1.39961
1.24686
1.22495
1.21972
1.32244
1.38294
1.35768
1.37031
1.24126
1.33754
1.2648
1.29421
1.29877
1.3233
1.32802
1.4
1.4
1.4
1.4
1.4
1.4
1.20317
1.21843
1.19569
1.26189
1.29084
1.2319
1.27458
1.29358
1.30548
1.36082
1.3458
1.27548
1.30271
1.34183
1.28813
1.30951
1.31098
1.39995
1.39996
1.39997
1.39997
1.39998
1.39998
1.39999
1.4
1.4
1.4
1.4
1.4
1.4
1.4
1.4
1.34472
1.34003
1.36625
1.37712
1.36764
1.37789
1.33158
1.28662
1.30691
1.32143
1.33058
1.29843
1.33183
1.35227
1.33672
1.39986
1.39991
1.39987
1.39995
1.39995
1.31406
1.31357
1.34543
1.34323
1.38901
1.38948
1.39505
1.39108
1.38592
1.38691
1.37915
1.39351
1.39621
1.39651
1.36597
1.37992
1.34686
1.3619
1.36103
1.3785
1.37824
1.38644
1.39888
1.39975
1.39937
1.39862
1.39947
1.39979
1.3999
1.31032
1.34489
1.39135
1.39977
1.39977
1.39996
1.3999
1.39988
1.39991
1.3999
1.39995
1.39995
1.38415
1.38515
1.3885
1.39332
1.39228
1.39255
1.3222
1.23013
1.2603
1.2627
1.28381
1.2283
1.21882
1.22269
1.22477
1.25738
1.26482
1.28435
1.38807
1.39306
1.39381
1.39593
1.39732
1.28468
1.26049
1.32299
1.28208
1.32031
1.39822
1.39583
1.39674
1.39895
1.39725
1.39744
1.39833
1.39855
1.38273
1.38874
1.39336
1.39514
1.39107
1.30967
1.31147
1.3469
1.3389
1.35999
1.33687
1.35067
1.36407
1.36387
1.34252
1.37702
1.36345
1.36885
1.39157
1.39582
1.39683
1.3975
1.39543
1.39088
1.39426
1.36107
1.34581
1.36577
1.3854
1.37559
1.36735
1.37341
1.3814
1.38317
1.38717
1.37055
1.38586
1.39058
1.39353
1.371
1.3827
1.38508
1.19975
1.19956
1.21601
1.29141
1.26626
1.2632
1.23267
1.21851
1.22971
1.39988
1.39995
1.39994
1.39998
1.39997
1.2928
1.23785
1.27143
1.27991
1.39732
1.39659
1.39695
1.39612
1.3947
1.28011
1.29845
1.23571
1.26253
1.36116
1.37794
1.38225
1.3738
1.38453
1.38769
1.30536
1.31386
1.36949
1.34678
1.36701
1.37387
1.3275
1.32807
1.35341
1.35341
1.37581
1.39516
1.39047
1.39313
1.39427
1.32415
1.28755
1.29035
1.32436
1.33084
1.34492
1.39645
1.38149
1.39471
1.39489
1.39631
1.39396
1.3893
1.30156
1.23411
1.27375
1.35593
1.35403
1.36643
1.36653
1.38134
1.37951
1.38399
1.38697
1.35394
1.31523
1.34473
1.33812
1.2983
1.3101
1.30868
1.31203
1.34092
1.35859
1.3663
1.34968
1.34107
1.33604
1.34267
1.30443
1.31596
1.19936
1.22044
1.18658
1.4
1.4
1.4
1.4
1.4
1.4
1.29286
1.32272
1.32211
1.2568
1.28069
1.28594
1.29525
1.26543
1.29123
1.34108
1.35524
1.29355
1.30704
1.3285
1.23431
1.27167
1.29008
1.39999
1.39998
1.39999
1.39999
1.3993
1.39953
1.39959
1.39897
1.3992
1.29828
1.23973
1.26814
1.27138
1.2707
1.29511
1.33792
1.29258
1.34865
1.32729
1.32404
1.39986
1.39992
1.39996
1.39998
1.2167
1.24116
1.24696
1.27651
1.39505
1.3949
1.39708
1.23201
1.27409
1.29116
1.2945
1.36476
1.3807
1.3852
1.38822
1.21413
1.29091
1.27161
1.22064
1.23041
1.22893
1.2499
1.24822
1.26788
1.33304
1.37315
1.36406
1.37912
1.32899
1.34647
1.3976
1.39857
1.39803
1.39923
1.39913
1.2339
1.22823
1.24082
1.26614
1.39952
1.39992
1.39973
1.39979
1.39987
1.39989
1.26625
1.29222
1.29797
1.23221
1.27489
1.21467
1.23009
1.24033
1.25924
1.26352
1.25185
1.27493
1.22505
1.28687
1.22924
1.25324
1.23307
1.25726
1.39958
1.39977
1.39956
1.35991
1.35558
1.38636
1.37476
1.34707
1.36065
1.36904
1.38208
1.38201
1.36369
1.37043
1.3092
1.31343
1.29062
1.34104
1.39757
1.39797
1.39877
1.39944
1.39888
1.39975
1.39955
1.3998
1.38965
1.39476
1.38841
1.39038
1.39505
1.39683
1.3961
1.28976
1.27355
1.29805
1.2236
1.22954
1.25457
1.26375
1.27441
1.29124
1.3278
1.33354
1.35161
1.35103
1.36261
1.34909
1.33593
1.36688
1.37718
1.36645
1.31498
1.33932
1.3669
1.39996
1.39999
1.39998
1.39999
1.4
1.4
1.39999
1.4
1.4
1.4
1.4
1.4
1.4
1.4
1.4
1.4
1.326
1.21849
1.22832
1.26571
1.29303
1.2184
1.35128
1.36015
1.36149
1.37436
1.37838
1.37894
1.38428
1.21656
1.25887
1.23244
1.23564
1.23808
1.2673
1.23075
1.27522
1.28698
1.22161
1.37003
1.38791
1.39229
1.39441
1.39595
1.38145
1.38457
1.37545
1.38455
1.37787
1.36194
1.36422
1.36806
1.37879
1.37856
1.24708
1.19457
1.20246
1.21099
1.21537
1.22825
1.20644
1.19583
1.22626
1.39079
1.39151
1.37814
1.38108
1.3888
1.23448
1.27822
1.29912
1.29696
1.30503
1.33767
1.34341
1.32229
1.30899
1.4
1.4
1.4
1.4
1.4
1.4
1.4
1.37628
1.35336
1.32295
1.33654
1.34432
1.35037
1.36713
1.36474
1.26982
1.275
1.29661
1.31257
1.34673
1.33165
1.36727
1.35916
1.28933
1.30268
1.32619
1.32369
1.39999
1.39999
1.4
1.4
1.4
1.4
1.4
1.4
1.39516
1.39676
1.39616
1.39832
1.39885
1.39814
1.19228
1.20314
1.34614
1.37919
1.3751
1.36709
1.23379
1.27344
1.2959
1.29191
1.23773
1.23511
1.19881
1.19177
1.37402
1.36291
1.38782
1.39968
1.39978
1.39975
1.39987
1.39989
1.39989
1.39994
1.39992
1.39986
1.39994
1.31387
1.29393
1.31621
1.30771
1.33319
1.26005
1.26857
1.1922
1.185
1.39143
1.39561
1.39219
1.3962
1.21275
1.23598
1.24843
1.27439
1.29862
1.29008
1.33295
1.32298
1.38972
1.3936
1.39338
1.38436
1.38878
1.3533
1.35146
1.36772
1.378
1.3727
1.19638
1.19603
1.39981
1.39986
1.39992
1.39996
1.39996
1.3999
1.39265
1.38301
1.38711
1.39261
1.39552
1.3998
1.39922
1.39919
1.39959
1.39956
1.35905
1.35843
1.30786
1.30782
1.34721
1.34464
1.4
1.4
1.4
1.4
1.4
1.21995
1.23559
1.22077
1.18949
1.19865
1.22309
1.21053
1.37773
1.38503
1.35405
1.35732
1.36437
1.39899
1.39926
1.39964
1.39979
1.30566
1.34495
1.36236
1.32725
1.35328
1.18882
1.19733
1.22481
1.21325
1.20988
1.39676
1.39361
1.39607
1.39793
1.3991
1.39779
1.39941
1.39868
1.36464
1.37993
1.35455
1.38645
1.36849
1.38072
1.37444
1.29115
1.30118
1.25513
1.25594
1.27234
1.2266
1.29335
1.33091
1.28011
1.32752
1.22884
1.23231
1.25994
1.26785
1.28173
1.19011
1.19411
1.21031
1.21721
1.22789
1.34291
1.3497
1.37146
1.37156
1.3803
1.35325
1.3965
1.39678
1.3991
1.39962
1.39802
1.39789
1.39899
1.39963
1.39915
1.39962
1.29856
1.23238
1.25316
1.28145
1.2336
1.26413
1.26435
1.3508
1.35544
1.36545
1.37105
1.37649
1.39185
1.35698
1.36453
1.37944
1.35057
1.36342
1.36316
1.37877
1.37498
1.38567
1.37772
1.35864
1.36783
1.37517
1.37794
1.39985
1.39994
1.39985
1.39993
1.39997
1.38704
1.38649
1.39587
1.39416
1.39449
1.38986
1.39027
1.31061
1.30129
1.24364
1.2802
1.25914
1.39902
1.39794
1.39867
1.39951
1.39932
1.39627
1.3965
1.39516
1.39713
1.3965
1.39781
1.30446
1.3338
1.33612
1.34733
1.39614
1.39488
1.39678
1.39827
1.398
1.39893
1.39915
1.36396
1.26705
1.31408
1.29025
1.3333
1.3177
1.22409
1.27122
1.25028
1.2756
1.28359
1.29927
1.24814
1.22462
1.23064
1.25194
1.26731
1.2923
1.29221
1.25903
1.26964
1.28184
1.30898
1.34416
1.30981
1.30815
1.34308
1.34307
1.28454
1.29815
1.33652
1.34777
1.32089
1.23376
1.24113
1.26741
1.30086
1.29194
1.34381
1.36066
1.37027
1.38279
1.38242
1.36032
1.36917
1.35473
1.33705
1.35476
1.35791
1.36429
1.36586
1.3796
1.38093
1.36255
1.37858
1.38732
1.35932
1.29297
1.32912
1.36227
1.30414
1.3107
1.34029
1.34072
1.36694
1.39823
1.39797
1.39512
1.3943
1.39697
1.39673
1.33289
1.34377
1.36909
1.3439
1.37745
1.36667
1.25943
1.26694
1.27022
1.23972
1.29785
1.2882
1.32442
1.33879
1.34776
1.30535
1.23661
1.2531
1.26684
1.27865
1.39938
1.39919
1.39975
1.3996
1.39979
1.39944
1.3997
1.34623
1.27251
1.28491
1.33006
1.32304
1.29966
1.29209
1.30434
1.28312
1.30204
1.30348
1.33408
1.3368
1.33695
1.39549
1.39736
1.39483
1.39821
1.39723
1.39913
1.19955
1.19749
1.28156
1.30346
1.33444
1.30396
1.30941
1.33547
1.34015
1.22889
1.28112
1.39111
1.38958
1.354
1.37066
1.38732
1.20753
1.21508
1.1943
1.39983
1.39031
1.34679
1.2436
1.39966
1.39993
1.39985
1.39985
1.39988
1.39987
1.39994
1.39993
1.39993
1.19694
1.21322
1.19108
1.31949
1.29667
1.31204
1.34011
1.33954
1.31265
1.29283
1.39241
1.39355
1.39593
1.39646
1.39712
1.39859
1.39678
1.39823
1.39778
1.39903
1.39899
1.39944
1.28548
1.31053
1.34387
1.3127
1.31563
1.34622
1.34253
1.28362
1.30008
1.32795
1.30438
1.30706
1.32867
1.33526
1.29009
1.31069
1.3209
1.34511
1.36049
1.39335
1.39923
1.39629
1.39785
1.39897
1.399
1.39784
1.25367
1.29494
1.27177
1.29616
1.33097
1.28102
1.28877
1.33057
1.32401
1.34606
1.18939
1.19328
1.21756
1.19592
1.19941
1.21544
1.23377
1.21553
1.19028
1.21568
1.1909
1.18846
1.1938
1.21188
1.22987
1.21129
1.19155
1.19166
1.20043
1.21723
1.23509
1.21804
1.19072
1.19885
1.2352
1.2166
1.21663
1.1888
1.19686
1.232
1.21319
1.2132
1.19636
1.23052
1.21242
1.21309
1.19008
1.19947
1.21653
1.21553
1.23411
1.1876
1.19052
1.19822
1.21539
1.23421
1.21566
1.189
1.19651
1.22949
1.21175
1.21342
1.19166
1.19813
1.21585
1.23232
1.21328
1.18629
1.19935
1.21563
1.21488
1.23236
1.18265
1.21506
1.18678
1.18916
1.198
1.21478
1.2152
1.23346
1.20199
1.20143
1.21749
1.21597
1.23319
1.19556
1.20155
1.21822
1.21739
1.23516
1.39163
1.38175
1.38694
1.38493
1.18144
1.2034
1.17978
1.2122
1.22399
1.29204
1.31396
1.30377
1.30408
1.35273
1.36856
1.33207
1.33412
1.35975
1.37072
1.21012
1.22429
1.19766
1.19182
1.19821
1.23058
1.21199
1.21245
1.29451
1.31508
1.35121
1.28898
1.30584
1.33929
1.3531
1.35603
1.36464
1.22166
1.20563
1.20287
1.38612
1.3919
1.37965
1.38138
1.39559
1.39314
1.39426
1.38936
1.24923
1.2675
1.22189
1.32315
1.27812
1.32175
1.39278
1.39486
1.39194
1.18618
1.19434
1.21167
1.2108
1.22856
1.30614
1.2775
1.22335
1.24411
1.3908
1.37042
1.38679
1.38334
1.39359
1.3919
1.3077
1.29329
1.30602
1.30875
1.34419
1.34205
1.34523
1.3607
1.36119
1.37088
1.38708
1.38159
1.39223
1.38673
1.39101
1.39481
1.39574
1.39223
1.19131
1.20175
1.21746
1.23407
1.21528
1.28049
1.29899
1.29674
1.30189
1.33957
1.35637
1.33524
1.35459
1.33401
1.29271
1.35639
1.31222
1.33681
1.18813
1.19401
1.21038
1.23147
1.2141
1.28153
1.29842
1.33221
1.3505
1.21626
1.20905
1.22841
1.25395
1.22967
1.2315
1.25038
1.25508
1.18976
1.19802
1.21612
1.23598
1.21637
1.19
1.19456
1.19825
1.23561
1.21944
1.21586
1.18769
1.1983
1.21337
1.21586
1.23318
1.18842
1.19574
1.23244
1.21285
1.2168
1.19176
1.20126
1.21495
1.23225
1.21559
1.19904
1.23106
1.21407
1.21435
1.20056
1.21263
1.20144
1.21363
1.37572
1.37553
1.38629
1.38538
1.38651
1.39601
1.39698
1.39526
1.39382
1.39292
1.38953
1.38116
1.3913
1.39375
1.39051
1.19088
1.20006
1.21718
1.23526
1.21683
1.18661
1.19297
1.19839
1.23332
1.21297
1.21738
1.18896
1.19769
1.21443
1.23342
1.21546
1.18934
1.19877
1.23317
1.21533
1.21599
1.18563
1.19032
1.21048
1.21069
1.22901
1.191
1.19458
1.21939
1.19021
1.19559
1.22993
1.21236
1.21206
1.19899
1.23132
1.21402
1.21387
1.19989
1.20328
1.21544
1.21403
1.31144
1.25786
1.2862
1.28236
1.29562
1.33205
1.34267
1.35116
1.37311
1.36788
1.33703
1.36552
1.19632
1.20541
1.39577
1.39117
1.39122
1.39746
1.39592
1.35782
1.359
1.3654
1.36788
1.3801
1.38009
1.38696
1.19034
1.19961
1.38258
1.39297
1.38729
1.39783
1.391
1.37111
1.37826
1.37711
1.39715
1.39457
1.38554
1.3915
1.38465
1.3961
1.39829
1.39872
1.28399
1.29797
1.33356
1.35453
1.28847
1.31932
1.26931
1.28267
1.33217
1.34826
1.34222
1.26587
1.28539
1.29579
1.29993
1.18212
1.26468
1.28824
1.26149
1.2662
1.23026
1.36541
1.35373
1.38036
1.37051
1.37482
1.39917
1.39964
1.39958
1.39958
1.37486
1.38396
1.38599
1.38908
1.39167
1.394
1.39507
1.3966
1.39725
1.39777
1.39876
1.3985
1.39924
1.39956
1.29085
1.33581
1.33439
1.35225
1.21764
1.23396
1.1974
1.21468
1.19516
1.21275
1.29371
1.31389
1.34457
1.36219
1.39989
1.39994
1.39996
1.39996
1.39998
1.39998
1.34593
1.3561
1.38131
1.36139
1.36709
1.36634
1.37852
1.38673
1.38809
1.38251
1.38786
1.39252
1.39493
1.3879
1.39329
1.39281
1.38234
1.38841
1.19948
1.21706
1.22473
1.19529
1.21395
1.21622
1.2362
1.2393
1.26075
1.26256
1.22458
1.38153
1.38593
1.39285
1.39405
1.39683
1.39409
1.38701
1.38952
1.18189
1.204
1.21185
1.18853
1.21492
1.26268
1.25342
1.26082
1.22664
1.26267
1.26604
1.22338
1.39981
1.39987
1.39973
1.39994
1.39989
1.35408
1.37096
1.37915
1.35876
1.36969
1.31181
1.33674
1.32744
1.35465
1.36169
1.4
1.4
1.4
1.4
1.4
1.4
1.28627
1.29098
1.31121
1.25359
1.28627
1.3486
1.35979
1.33847
1.31033
1.30622
1.3983
1.37536
1.30645
1.23205
1.40276
1.39666
1.32154
1.22022
1.25766
1.22716
1.34346
1.32222
1.32918
1.28935
1.26967
1.22977
1.28911
1.29885
1.33929
1.35475
1.36101
1.38765
1.39422
1.39449
1.39822
1.39342
1.39596
1.39726
1.39883
1.39838
1.3989
1.39739
1.39733
1.39874
1.39928
1.39874
1.39618
1.39416
1.397
1.39755
1.39895
1.39906
1.3981
1.37816
1.38839
1.36719
1.35194
1.26048
1.22478
1.25658
1.27925
1.30899
1.29433
1.23043
1.26803
1.27327
1.31101
1.34056
1.26628
1.29439
1.30934
1.33933
1.28766
1.30236
1.33968
1.35846
1.35636
1.2196
1.22794
1.2274
1.25175
1.26198
1.25391
1.20956
1.22459
1.2242
1.23898
1.2535
1.27238
1.26945
1.22953
1.26028
1.26801
1.31209
1.34126
1.33353
1.2916
1.30127
1.30684
1.34073
1.34185
1.35932
1.26678
1.28642
1.29693
1.30378
1.25738
1.24779
1.25613
1.22552
1.2829
1.30346
1.31729
1.33864
1.38745
1.39443
1.38928
1.38151
1.39431
1.25614
1.28084
1.22797
1.26204
1.37531
1.37759
1.34893
1.36022
1.22611
1.26767
1.2874
1.3996
1.39962
1.39977
1.39977
1.39967
1.25821
1.22892
1.25449
1.28205
1.29453
1.23181
1.27338
1.26833
1.39979
1.39995
1.39982
1.39987
1.25462
1.28506
1.3395
1.33716
1.30615
1.28521
1.30173
1.28057
1.25605
1.25936
1.22557
1.305
1.30583
1.33982
1.33426
1.35318
1.2621
1.22818
1.2664
1.28628
1.27547
1.25205
1.26086
1.22659
1.28952
1.26763
1.22787
1.4
1.39997
1.39999
1.39998
1.39999
1.4
1.39999
1.39999
1.28275
1.26063
1.26781
1.22951
1.37852
1.38735
1.23093
1.26145
1.22933
1.2663
1.28715
1.30785
1.28578
1.28955
1.25764
1.28335
1.26716
1.23347
1.26595
1.22934
1.39085
1.38144
1.38347
1.38453
1.38733
1.38838
1.3911
1.39341
1.39469
1.22375
1.24677
1.25192
1.21286
1.22355
1.39251
1.39297
1.39385
1.39658
1.22857
1.22258
1.23286
1.257
1.27102
1.24002
1.31027
1.30688
1.33691
1.3387
1.35916
1.28501
1.26748
1.27071
1.22765
1.39979
1.39986
1.39993
1.39988
1.39994
1.39991
1.39996
1.39997
1.22385
1.24226
1.25056
1.27094
1.22881
1.21216
1.2769
1.25546
1.25767
1.23005
1.22927
1.31028
1.33455
1.34263
1.28845
1.30358
1.29461
1.22994
1.27438
1.31079
1.29126
1.30333
1.34149
1.35788
1.31626
1.32327
1.33699
1.36234
1.35661
1.37534
1.27272
1.26952
1.22956
1.26565
1.29196
1.38004
1.38447
1.37507
1.3925
1.28754
1.26168
1.22845
1.33531
1.33575
1.34401
1.30903
1.3344
1.19755
1.19981
1.21259
1.21438
1.22545
1.39655
1.39902
1.39918
1.39856
1.39819
1.39891
1.22221
1.24899
1.22173
1.20832
1.24266
1.2649
1.29357
1.23565
1.27221
1.27309
1.23145
1.39924
1.39955
1.39959
1.39974
1.22387
1.19476
1.19739
1.23505
1.27047
1.23271
1.27624
1.29702
1.29587
1.31347
1.29385
1.32751
1.26821
1.27076
1.23856
1.23536
1.39231
1.3817
1.39604
1.39159
1.22285
1.26377
1.26596
1.28822
1.29234
1.23068
1.27237
1.21414
1.23374
1.23408
1.19698
1.18814
1.20956
1.31669
1.23343
1.25302
1.26806
1.27986
1.28401
1.29559
1.33467
1.27671
1.2319
1.25888
1.26098
1.28309
1.22746
1.26124
1.26811
1.28764
1.38243
1.38951
1.38162
1.20136
1.20554
1.18504
1.36012
1.37069
1.3693
1.38372
1.38248
1.39894
1.28654
1.29882
1.33262
1.34823
1.35549
1.28894
1.28864
1.22559
1.25967
1.26122
1.39999
1.39999
1.39999
1.39999
1.4
1.4
1.4
1.4
1.4
1.3895
1.39226
1.39062
1.39562
1.39615
1.39757
1.39714
1.29211
1.33712
1.33779
1.30301
1.3973
1.39868
1.39538
1.39994
1.39997
1.39999
1.39997
1.39999
1.39999
1.23039
1.27036
1.28941
1.28006
1.29477
1.29713
1.32402
1.33127
1.34468
1.22976
1.2232
1.26444
1.27281
1.29309
1.30236
1.39114
1.39581
1.39344
1.39181
1.39222
1.37489
1.39524
1.38344
1.39139
1.39558
1.39272
1.22266
1.26165
1.22026
1.21065
1.2873
1.32852
1.35714
1.38707
1.38046
1.3683
1.3841
1.19633
1.21472
1.19963
1.39958
1.39959
1.39978
1.39975
1.39984
1.39993
1.35695
1.38916
1.35681
1.36782
1.36661
1.38003
1.38192
1.22688
1.26032
1.26871
1.21971
1.25445
1.23962
1.20608
1.21703
1.23702
1.28072
1.32174
1.32561
1.26593
1.28134
1.2901
1.32614
1.38262
1.38689
1.39234
1.38407
1.38901
1.38957
1.39352
1.39327
1.36414
1.27798
1.28775
1.32027
1.33922
1.3193
1.39825
1.39917
1.39961
1.39819
1.39641
1.39928
1.39953
1.37147
1.37671
1.38464
1.35202
1.35558
1.34419
1.3736
1.35474
1.36579
1.37453
1.38084
1.38504
1.22797
1.2772
1.21394
1.25224
1.22171
1.21065
1.22585
1.23058
1.24778
1.25079
1.36012
1.34517
1.30726
1.18836
1.19842
1.20935
1.22684
1.21702
1.26814
1.28807
1.2837
1.30831
1.34621
1.39958
1.3999
1.39984
1.39974
1.3996
1.3998
1.39985
1.38792
1.39277
1.38197
1.38989
1.39386
1.38745
1.39332
1.39588
1.39553
1.29985
1.21678
1.28707
1.23711
1.24882
1.39849
1.39844
1.39914
1.39951
1.39856
1.39893
1.39917
1.39938
1.39949
1.35498
1.34309
1.35131
1.3841
1.37269
1.37111
1.31271
1.31499
1.23298
1.26417
1.28818
1.22098
1.3453
1.37757
1.35418
1.3707
1.3821
1.39903
1.39904
1.39941
1.39972
1.39959
1.23252
1.26467
1.2712
1.21024
1.23473
1.39609
1.39793
1.25504
1.27772
1.31375
1.33842
1.30684
1.35777
1.34284
1.36854
1.3814
1.35603
1.37273
1.37367
1.38254
1.38873
1.38456
1.37594
1.38132
1.38852
1.3929
1.32985
1.35066
1.32573
1.35251
1.29101
1.37401
1.36096
1.32167
1.2791
1.30054
1.33839
1.36049
1.34958
1.3514
1.32708
1.37092
1.3623
1.3491
1.3611
1.36262
1.37688
1.37617
1.33747
1.28101
1.31454
1.32029
1.28787
1.26702
1.28768
1.2169
1.22974
1.2606
1.2757
1.36142
1.36952
1.38267
1.38782
1.3668
1.3657
1.38014
1.37924
1.35007
1.30831
1.34859
1.33964
1.30319
1.28722
1.31146
1.31179
1.33425
1.3348
1.28561
1.33265
1.27834
1.2997
1.33452
1.30382
1.30837
1.34462
1.35753
1.34452
1.4
1.4
1.4
1.4
1.4
1.37039
1.3738
1.38619
1.39441
1.38186
1.38943
1.39329
1.39062
1.4
1.4
1.4
1.4
1.4
1.3997
1.39988
1.39986
1.39974
1.39988
1.39966
1.3994
1.3993
1.39821
1.39901
1.39787
1.39913
1.39845
1.39269
1.39088
1.39405
1.3922
1.38492
1.37373
1.38087
1.3857
1.26767
1.29661
1.33749
1.35547
1.28269
1.31428
1.26414
1.30156
1.35736
1.38673
1.35762
1.3665
1.37346
1.37729
1.39572
1.39676
1.39812
1.39661
1.39745
1.39693
1.39892
1.39854
1.3984
1.39934
1.3549
1.32719
1.32847
1.36028
1.3501
1.36529
1.3824
1.37942
1.39923
1.39957
1.39974
1.29209
1.30137
1.33694
1.34662
1.22309
1.29144
1.2665
1.39993
1.39992
1.39996
1.39996
1.39998
1.39998
1.39537
1.39909
1.39876
1.39941
1.39796
1.39795
1.39482
1.39052
1.39859
1.3932
1.39665
1.39867
1.39271
1.3964
1.39868
1.39638
1.39655
1.39765
1.39763
1.39874
1.39874
1.3992
1.3992
1.39944
1.39533
1.3879
1.38959
1.39128
1.39406
1.39373
1.39667
1.32755
1.36881
1.38446
1.34975
1.39994
1.39997
1.39998
1.39998
1.39999
1.39999
1.29884
1.32834
1.34738
1.28093
1.30274
1.30943
1.33873
1.33672
1.4
1.4
1.4
1.4
1.4
1.21605
1.19545
1.17958
1.20727
1.36527
1.37712
1.38588
1.3836
1.39176
1.3922
1.39932
1.39967
1.39949
1.39981
1.39973
1.39991
1.39988
1.39972
1.39818
1.39736
1.39917
1.3985
1.3993
1.39913
1.39954
1.33054
1.34183
1.32152
1.3989
1.39861
1.39947
1.39939
1.39999
1.39999
1.39999
1.4
1.4
1.4
1.39977
1.39941
1.39967
1.39982
1.39975
1.31291
1.34708
1.36379
1.34444
1.31178
1.2943
1.32179
1.289
1.30849
1.33534
1.32227
1.39739
1.39953
1.39768
1.39881
1.39759
1.39865
1.39913
1.39923
1.39943
1.39973
1.39953
1.3998
1.39988
1.33717
1.25407
1.2994
1.27191
1.3068
1.39999
1.39999
1.39999
1.4
1.39999
1.39999
1.4
1.39999
1.4
1.28091
1.30375
1.33541
1.30326
1.30607
1.33323
1.34042
1.39963
1.39982
1.3999
1.39997
1.18165
1.17736
1.33095
1.34676
1.34985
1.36196
1.37752
1.35846
1.37802
1.38581
1.26801
1.29584
1.30115
1.3256
1.39625
1.39694
1.39772
1.39872
1.39855
1.39932
1.39982
1.39988
1.3997
1.22463
1.19145
1.19978
1.31212
1.29253
1.34906
1.32412
1.32971
1.18718
1.19036
1.21358
1.348
1.36369
1.37837
1.37811
1.36341
1.31634
1.2651
1.2825
1.29308
1.32074
1.33697
1.32
1.21231
1.28339
1.27402
1.22116
1.25135
1.25248
1.21953
1.28042
1.30875
1.30162
1.33808
1.32942
1.35173
1.20407
1.19365
1.21398
1.33779
1.24208
1.259
1.32452
1.29468
1.32635
1.30662
1.34916
1.4
1.4
1.4
1.4
1.4
1.4
1.4
1.4
1.28094
1.3235
1.2572
1.25435
1.23912
1.28496
1.32654
1.4
1.4
1.20453
1.19387
1.35327
1.35658
1.38654
1.36663
1.3813
1.38139
1.3662
1.31923
1.28222
1.30778
1.31868
1.34713
1.33833
1.39665
1.389
1.39077
1.39389
1.39433
1.28991
1.30621
1.35669
1.34094
1.36721
1.35627
1.39357
1.39421
1.3981
1.39666
1.39877
1.39937
1.39768
1.39836
1.39817
1.39924
1.39911
1.36595
1.38149
1.38193
1.39174
1.39042
1.39401
1.35174
1.33116
1.34509
1.36627
1.37108
1.39961
1.39947
1.39498
1.39786
1.39659
1.39874
1.39816
1.39997
1.39995
1.39999
1.4
1.4
1.39999
1.4
1.20509
1.24553
1.23278
1.2594
1.39958
1.39989
1.39974
1.39986
1.39986
1.27495
1.31033
1.34442
1.31039
1.4
1.4
1.4
1.4
1.31297
1.34613
1.28642
1.30956
1.30836
1.338
1.33793
1.27519
1.29571
1.33122
1.30022
1.29827
1.3317
1.33414
1.39999
1.39999
1.4
1.4
1.38395
1.35461
1.38439
1.39008
1.39209
1.38198
1.37019
1.28887
1.31012
1.22741
1.23067
1.26645
1.27031
1.2932
1.39581
1.38493
1.38866
1.39023
1.39366
1.39439
1.34984
1.36149
1.36199
1.37735
1.37778
1.20868
1.26827
1.29123
1.21927
1.24634
1.24756
1.26273
1.22027
1.18294
1.18293
1.28217
1.30069
1.33374
1.30644
1.33801
1.35372
1.35689
1.30745
1.33255
1.33471
1.27889
1.25807
1.29644
1.28789
1.35384
1.38444
1.35166
1.37115
1.37184
1.38632
1.27829
1.30117
1.33407
1.34946
1.32975
1.36279
1.34742
1.35958
1.37754
1.35272
1.36027
1.37661
1.37787
1.38435
1.38505
1.38933
1.21492
1.19449
1.20992
1.19547
1.1926
1.32438
1.28112
1.29277
1.35005
1.35968
1.33363
1.3672
1.37903
1.38411
1.35805
1.37524
1.19338
1.2106
1.18792
1.18036
1.19501
1.19325
1.21335
1.18629
1.18718
1.18815
1.2115
1.22683
1.2101
1.19613
1.1898
1.20626
1.21326
1.23254
1.24022
1.18399
1.19163
1.21107
1.23274
1.21156
1.19296
1.19146
1.21158
1.22847
1.21012
1.17981
1.21188
1.19131
1.18457
1.19389
1.2063
1.22747
1.21069
1.18408
1.18505
1.19582
1.21245
1.23121
1.21401
1.18224
1.19246
1.20809
1.22856
1.21088
1.19246
1.2077
1.22736
1.20949
1.18287
1.19022
1.20798
1.21008
1.22839
1.18482
1.19687
1.2134
1.23236
1.21353
1.18184
1.19528
1.21355
1.2161
1.23626
1.20828
1.17985
1.18673
1.18274
1.18942
1.20286
1.20396
1.21944
1.1837
1.18991
1.20618
1.20628
1.22426
1.18363
1.19454
1.21103
1.21129
1.22883
1.1849
1.19255
1.21165
1.21101
1.23027
1.37384
1.35561
1.38059
1.38669
1.37525
1.19599
1.19404
1.2183
1.21875
1.23986
1.23975
1.20744
1.21647
1.19752
1.19388
1.21376
1.21528
1.23449
1.29001
1.3093
1.33891
1.3563
1.27586
1.2987
1.32722
1.31834
1.39967
1.39983
1.39991
1.39996
1.39997
1.39993
1.18246
1.21089
1.23037
1.39999
1.4
1.4
1.4
1.4
1.4
1.20217
1.19171
1.20853
1.20352
1.22119
1.18922
1.21131
1.20382
1.22581
1.28114
1.30064
1.33543
1.35056
1.39327
1.39748
1.39544
1.3944
1.39663
1.39655
1.39317
1.28617
1.26513
1.28477
1.25952
1.1795
1.1866
1.1907
1.21195
1.18676
1.19098
1.19682
1.2247
1.21068
1.20853
1.39916
1.2061
1.19311
1.2159
1.20802
1.23128
1.39228
1.38601
1.38728
1.39293
1.19043
1.20247
1.21673
1.23046
1.21652
1.18426
1.19156
1.20817
1.22436
1.20802
1.18092
1.18996
1.20502
1.2236
1.20618
1.183
1.19415
1.22806
1.2116
1.21108
1.18237
1.19076
1.20753
1.22749
1.20752
1.21626
1.2486
1.20394
1.2537
1.22293
1.24522
1.24984
1.26988
1.21713
1.1831
1.18989
1.20641
1.20687
1.22427
1.1819
1.1886
1.2258
1.207
1.20736
1.1839
1.19049
1.20778
1.20737
1.22463
1.18302
1.19168
1.22459
1.20711
1.20788
1.21094
1.18783
1.39051
1.39474
1.39575
1.39697
1.39844
1.39814
1.39622
1.18386
1.18938
1.20733
1.22648
1.20897
1.19148
1.2008
1.21787
1.21915
1.23349
1.38802
1.3882
1.39326
1.3942
1.3959
1.18353
1.19554
1.21393
1.22903
1.21148
1.18127
1.18769
1.20435
1.22284
1.20586
1.18381
1.19263
1.22818
1.20971
1.21008
1.17799
1.18893
1.20495
1.20536
1.22498
1.18261
1.18987
1.22307
1.20541
1.20627
1.19244
1.1926
1.21038
1.20703
1.22548
1.18309
1.18735
1.21039
1.19215
1.22261
1.20581
1.20644
1.38995
1.39308
1.39634
1.39532
1.39732
1.25308
1.3036
1.25963
1.26622
1.27894
1.23623
1.37237
1.38135
1.38996
1.39217
1.38671
1.38332
1.39502
1.39625
1.39784
1.25347
1.28526
1.26555
1.22241
1.38473
1.38641
1.39566
1.39204
1.39661
1.39216
1.39343
1.39687
1.3895
1.39326
1.38965
1.38689
1.39337
1.39265
1.39492
1.31878
1.32063
1.34825
1.37119
1.35232
1.37246
1.36466
1.38126
1.38626
1.37667
1.28621
1.27824
1.25353
1.20082
1.21333
1.21302
1.23647
1.24213
1.38757
1.39446
1.39458
1.38016
1.38671
1.32961
1.23003
1.18587
1.19207
1.3866
1.39948
1.37957
1.30637
1.30964
1.2635
1.22329
1.32454
1.35129
1.3605
1.37714
1.3861
1.34888
1.3609
1.35861
1.37817
1.38828
1.39714
1.3983
1.39748
1.39875
1.399
1.39939
1.25874
1.28492
1.2597
1.26552
1.22641
1.29719
1.27818
1.29624
1.33228
1.33287
1.34981
1.29571
1.31445
1.31777
1.3434
1.34848
1.36252
1.36132
1.27821
1.29886
1.29611
1.33569
1.34834
1.39999
1.39998
1.30711
1.3429
1.36811
1.37915
1.35271
1.36205
1.38658
1.37764
1.25951
1.28359
1.26062
1.26257
1.22588
1.39993
1.39944
1.39962
1.39981
1.39978
1.39756
1.39452
1.39602
1.3974
1.39528
1.39747
1.27852
1.29766
1.24072
1.26728
1.24755
1.25362
1.22103
1.30728
1.33596
1.28665
1.2586
1.31339
1.3328
1.339
1.35273
1.30475
1.28952
1.3999
1.39994
1.39957
1.39974
1.39968
1.3997
1.3998
1.39954
1.39985
1.39988
1.36559
1.38052
1.35274
1.33337
1.36648
1.37973
1.36244
1.35131
1.37846
1.3254
1.27153
1.28804
1.32017
1.3149
1.38753
1.39415
1.38897
1.39012
1.39401
1.3945
1.39623
1.38524
1.38629
1.3922
1.3954
1.38824
1.39316
1.38963
1.38546
1.38937
1.39341
1.39431
1.39585
1.21986
1.24814
1.25265
1.27241
1.21874
1.21119
1.31522
1.34327
1.34036
1.30755
1.28717
1.2915
1.25494
1.21993
1.25848
1.28004
1.30394
1.33946
1.25972
1.28054
1.28707
1.29497
1.32697
1.35117
1.29428
1.3534
1.33122
1.34711
1.30012
1.31465
1.33473
1.34629
1.35714
1.26228
1.25284
1.25808
1.22099
1.3391
1.35895
1.26413
1.30401
1.34209
1.28555
1.3092
1.39985
1.39975
1.39983
1.39989
1.39988
1.36257
1.33881
1.35639
1.37484
1.34359
1.35608
1.37104
1.36605
1.39396
1.39647
1.39812
1.39882
1.22426
1.25377
1.25234
1.2228
1.29436
1.32463
1.34797
1.35652
1.3299
1.33626
1.30721
1.35167
1.35437
1.36427
1.36398
1.3788
1.37999
1.38376
1.37167
1.37114
1.2892
1.31151
1.30862
1.33862
1.34101
1.36269
1.37771
1.35996
1.38639
1.3935
1.37567
1.39219
1.38653
1.28375
1.25504
1.22254
1.28817
1.30496
1.31175
1.33805
1.34272
1.25677
1.24855
1.25413
1.21857
1.38491
1.37129
1.38783
1.3843
1.37652
1.36959
1.36495
1.28033
1.30448
1.33184
1.34071
1.31453
1.3136
1.33995
1.35524
1.37285
1.37984
1.37055
1.20951
1.23178
1.25784
1.27041
1.2528
1.27157
1.22285
1.26446
1.29221
1.4
1.4
1.4
1.4
1.4
1.4
1.38217
1.38851
1.39702
1.3877
1.39252
1.39692
1.39252
1.39832
1.39682
1.25688
1.22019
1.25582
1.2555
1.30113
1.27819
1.27752
1.26813
1.22528
1.26238
1.28845
1.39568
1.39773
1.39873
1.39913
1.39876
1.39805
1.20433
1.22177
1.21999
1.25545
1.2544
1.35816
1.37005
1.36547
1.38318
1.3875
1.37741
1.4
1.4
1.4
1.4
1.4
1.4
1.4
1.4
1.4
1.31015
1.29142
1.30486
1.33472
1.35396
1.39612
1.38571
1.37766
1.39252
1.3845
1.39131
1.26817
1.26881
1.22886
1.22609
1.38468
1.39222
1.3826
1.38487
1.27962
1.25289
1.25972
1.22105
1.27338
1.2255
1.26628
1.25933
1.29019
1.25324
1.21716
1.24678
1.25447
1.274
1.25595
1.21985
1.25082
1.25159
1.27689
1.20951
1.21856
1.22582
1.25352
1.21395
1.2813
1.22611
1.25131
1.35863
1.37249
1.38106
1.38799
1.38572
1.38842
1.37504
1.3822
1.39086
1.37472
1.38146
1.37581
1.36219
1.35361
1.27164
1.25121
1.20604
1.22052
1.38559
1.3939
1.3811
1.34732
1.38518
1.35875
1.37825
1.22092
1.25513
1.27899
1.31763
1.28454
1.26003
1.26402
1.22456
1.292
1.22485
1.26611
1.35076
1.36912
1.37343
1.38134
1.35236
1.37066
1.37571
1.2825
1.29493
1.32637
1.30342
1.33064
1.33191
1.35211
1.37607
1.37853
1.3397
1.36037
1.28247
1.25593
1.25818
1.22243
1.21987
1.18897
1.2042
1.19382
1.21086
1.3997
1.39944
1.39933
1.39963
1.39979
1.39973
1.3579
1.32718
1.34845
1.34596
1.36761
1.37573
1.36986
1.38028
1.35078
1.38638
1.38306
1.37437
1.37353
1.38819
1.39568
1.39051
1.39394
1.39484
1.22023
1.25188
1.20926
1.22011
1.38462
1.37469
1.37137
1.35611
1.36719
1.36163
1.38186
1.38954
1.32907
1.27264
1.22727
1.26807
1.29541
1.2807
1.25431
1.25557
1.22118
1.21873
1.29097
1.33358
1.32468
1.35099
1.21932
1.25943
1.2613
1.28454
1.39002
1.39692
1.38992
1.39347
1.29876
1.33638
1.27496
1.2512
1.30249
1.34015
1.3348
1.29618
1.28284
1.39913
1.39926
1.39945
1.39953
1.39964
1.39968
1.28561
1.29913
1.33574
1.35455
1.35415
1.21699
1.25353
1.25595
1.38614
1.39199
1.39598
1.29515
1.32824
1.33279
1.3508
1.28312
1.30232
1.25638
1.26617
1.23192
1.28973
1.27227
1.28075
1.22282
1.25424
1.25511
1.21207
1.22042
1.32527
1.39947
1.38515
1.3079
1.21332
1.23399
1.33476
1.40211
1.3839
1.3051
1.21875
1.22035
1.25646
1.25939
1.27716
1.39942
1.39967
1.39982
1.22835
1.26766
1.39602
1.39728
1.3971
1.39853
1.39848
1.28539
1.22488
1.27243
1.39745
1.39868
1.39906
1.27524
1.29512
1.33624
1.35158
1.22531
1.26795
1.27201
1.29382
1.29649
1.31415
1.39983
1.39991
1.39993
1.39989
1.21855
1.25785
1.26352
1.28268
1.38853
1.34957
1.34465
1.35929
1.38708
1.38015
1.36635
1.37825
1.25506
1.2195
1.20837
1.25896
1.28152
1.28079
1.30362
1.21883
1.30007
1.28071
1.27641
1.25392
1.349
1.36736
1.38008
1.37169
1.37319
1.27902
1.21895
1.26155
1.28361
1.29201
1.32735
1.34883
1.34919
1.36896
1.38336
1.39975
1.39987
1.39972
1.39994
1.39987
1.39995
1.39885
1.39965
1.39943
1.39974
1.39874
1.39921
1.22423
1.26583
1.2907
1.28362
1.30695
1.22086
1.2678
1.28622
1.28707
1.22366
1.26618
1.27986
1.21145
1.35101
1.36309
1.36548
1.37899
1.38659
1.37902
1.38707
1.39855
1.39737
1.39625
1.397
1.39856
1.39917
1.399
1.22523
1.2564
1.26354
1.2797
1.22055
1.31134
1.3205
1.34371
1.36426
1.37339
1.34834
1.36788
1.32036
1.3362
1.34172
1.36043
1.36037
1.21806
1.20578
1.25861
1.28101
1.30235
1.28402
1.20587
1.22766
1.24728
1.25447
1.28119
1.28825
1.20331
1.18454
1.18028
1.3932
1.39111
1.39735
1.34539
1.38111
1.37047
1.3713
1.31266
1.31641
1.35011
1.32709
1.35109
1.34803
1.37657
1.36592
1.36824
1.37993
1.3712
1.38743
1.38304
1.32163
1.30247
1.39552
1.39645
1.39525
1.39621
1.39685
1.39759
1.39774
1.39841
1.39916
1.39821
1.39857
1.39881
1.39921
1.39928
1.35372
1.32911
1.33055
1.29878
1.397
1.39842
1.39904
1.39938
1.39766
1.3973
1.39862
1.39845
1.3988
1.3941
1.39755
1.39671
1.39827
1.39912
1.39872
1.38139
1.39356
1.39339
1.39239
1.38697
1.38004
1.37366
1.39323
1.38124
1.39149
1.28267
1.30102
1.32869
1.34697
1.30384
1.32797
1.32959
1.29197
1.33266
1.333
1.35673
1.37338
1.36671
1.34571
1.19889
1.19598
1.2553
1.30835
1.30328
1.33005
1.39133
1.39578
1.3975
1.35897
1.37816
1.38982
1.38416
1.38615
1.39059
1.39942
1.39968
1.39947
1.39919
1.39967
1.39971
1.39978
1.39984
1.39984
1.39979
1.37859
1.36771
1.31979
1.27962
1.30523
1.33434
1.31813
1.20766
1.2227
1.19353
1.20742
1.19399
1.36465
1.34839
1.38018
1.38826
1.25271
1.2193
1.22466
1.24746
1.20866
1.29304
1.3033
1.30413
1.33363
1.33414
1.35865
1.34071
1.30429
1.29697
1.20931
1.23511
1.25768
1.26724
1.29906
1.30158
1.39967
1.39847
1.39919
1.39894
1.39792
1.39686
1.20396
1.25633
1.22956
1.30723
1.30224
1.26621
1.2373
1.19392
1.18783
1.2169
1.25742
1.20367
1.22699
1.19843
1.20786
1.18697
1.18087
1.27343
1.29387
1.22896
1.23018
1.26257
1.26071
1.3993
1.3999
1.39964
1.39977
1.39961
1.35411
1.33301
1.29496
1.32717
1.34927
1.33026
1.22369
1.24634
1.26365
1.27999
1.26251
1.29179
1.309
1.33988
1.35333
1.35548
1.32779
1.33138
1.36698
1.3806
1.38554
1.34317
1.35745
1.36114
1.37408
1.37655
1.3406
1.29695
1.33325
1.32636
1.34911
1.27853
1.29336
1.35141
1.36504
1.37175
1.22423
1.26776
1.29673
1.29646
1.32103
1.39766
1.39139
1.39439
1.39013
1.39993
1.39997
1.39998
1.39996
1.39992
1.39995
1.39998
1.39997
1.39997
1.39999
1.39999
1.4
1.39999
1.4
1.39999
1.39999
1.39998
1.39999
1.24804
1.21761
1.2086
1.20074
1.19755
1.2119
1.18693
1.19968
1.19481
1.34284
1.38439
1.35696
1.37589
1.3731
1.3829
1.33229
1.33789
1.34644
1.38492
1.36784
1.38109
1.30904
1.30638
1.33567
1.35016
1.28673
1.31881
1.39748
1.39809
1.39862
1.39889
1.25623
1.21121
1.21943
1.24418
1.25311
1.26897
1.23045
1.22892
1.39605
1.39706
1.39847
1.39906
1.39832
1.39995
1.39995
1.39998
1.39999
1.39999
1.39997
1.39999
1.39707
1.39857
1.39778
1.39886
1.39765
1.39899
1.39941
1.38723
1.39357
1.39814
1.39709
1.39714
1.39341
1.2469
1.26899
1.28669
1.21616
1.2185
1.24572
1.23646
1.25736
1.35179
1.36162
1.36107
1.38522
1.38645
1.3922
1.3919
1.37875
1.37689
1.30849
1.34708
1.34046
1.36042
1.26215
1.27951
1.22462
1.20881
1.39942
1.39936
1.39972
1.39968
1.39986
1.39985
1.39992
1.4
1.39999
1.4
1.4
1.39999
1.38682
1.38338
1.39531
1.39123
1.39006
1.39415
1.39263
1.39636
1.27348
1.2982
1.32398
1.4
1.4
1.4
1.4
1.28122
1.32588
1.29516
1.34776
1.33092
1.37387
1.35583
1.38323
1.37619
1.37559
1.39998
1.39999
1.39998
1.39999
1.38714
1.38773
1.38334
1.39235
1.39255
1.3948
1.21168
1.27442
1.30881
1.28917
1.30545
1.31732
1.2185
1.21744
1.24409
1.2571
1.26828
1.39331
1.38698
1.38489
1.38679
1.3886
1.38987
1.3999
1.39992
1.39985
1.39995
1.39997
1.39998
1.39996
1.39999
1.39697
1.39872
1.39501
1.39453
1.39787
1.3973
1.39858
1.38137
1.36511
1.3554
1.4
1.4
1.4
1.4
1.4
1.4
1.36395
1.37898
1.38704
1.37801
1.38597
1.39124
1.38456
1.38967
1.36103
1.31364
1.25959
1.335
1.28609
1.32977
1.35573
1.36026
1.37618
1.37551
1.38218
1.38753
1.38425
1.30811
1.34057
1.30228
1.28854
1.35921
1.33664
1.37426
1.36579
1.39965
1.39866
1.39957
1.3995
1.2774
1.28076
1.30987
1.33297
1.31223
1.37792
1.28525
1.30141
1.30163
1.33812
1.33789
1.35837
1.39269
1.39623
1.398
1.39257
1.39731
1.39538
1.27716
1.29953
1.29568
1.33139
1.33178
1.19331
1.1843
1.192
1.39588
1.39373
1.39787
1.39569
1.39792
1.39807
1.39882
1.38839
1.38721
1.39387
1.39393
1.3962
1.397
1.39772
1.39599
1.39678
1.39448
1.39853
1.39921
1.38765
1.36081
1.37843
1.36234
1.35929
1.37526
1.38243
1.37599
1.39993
1.39995
1.39996
1.39998
1.39998
1.39524
1.38779
1.38733
1.38861
1.38841
1.29585
1.26755
1.3114
1.35013
1.34053
1.20631
1.1758
1.20474
1.19057
1.3999
1.39991
1.39997
1.39996
1.39998
1.32862
1.26245
1.27131
1.3102
1.29275
1.29851
1.31963
1.4
1.4
1.4
1.4
1.4
1.4
1.27692
1.29342
1.30128
1.32959
1.33071
1.35026
1.32056
1.37753
1.38384
1.38317
1.36118
1.34485
1.39379
1.39049
1.39491
1.397
1.38957
1.39999
1.4
1.39999
1.4
1.39999
1.4
1.4
1.35343
1.36431
1.3628
1.37835
1.37891
1.38662
1.27529
1.29284
1.33029
1.29828
1.30211
1.33248
1.33622
1.39952
1.39907
1.39926
1.39946
1.3996
1.3997
1.39978
1.27556
1.28876
1.29076
1.318
1.31997
1.34452
1.39957
1.3997
1.39946
1.39944
1.39969
1.3997
1.39988
1.39983
1.39991
1.39963
1.39975
1.30582
1.33426
1.28363
1.30547
1.33543
1.35356
1.39991
1.39996
1.39996
1.39998
1.2027
1.1754
1.18747
1.28475
1.30548
1.33888
1.35839
1.304
1.31062
1.33956
1.34539
1.39641
1.39695
1.39515
1.39838
1.39788
1.39876
1.39898
1.36947
1.3217
1.34601
1.34355
1.35548
1.3702
1.37296
1.38152
1.28297
1.35298
1.33196
1.30365
1.30534
1.33956
1.27225
1.28694
1.28962
1.31945
1.3216
1.34702
1.37038
1.2925
1.33135
1.32935
1.29267
1.26769
1.39953
1.3998
1.39989
1.39982
1.39991
1.39228
1.398
1.39693
1.39118
1.38845
1.39542
1.27789
1.2895
1.32664
1.29341
1.27114
1.21478
1.25196
1.27373
1.26938
1.29524
1.32691
1.30125
1.30571
1.33589
1.33123
1.17707
1.17444
1.17758
1.17715
1.17854
1.19473
1.19882
1.21522
1.4
1.4
1.4
1.4
1.4
1.17364
1.17271
1.18416
1.22252
1.20228
1.20187
1.18688
1.17914
1.20457
1.17998
1.17921
1.20115
1.19685
1.18594
1.20686
1.1814
1.17916
1.17361
1.18314
1.20076
1.20417
1.22211
1.17878
1.18019
1.20705
1.17892
1.18731
1.20616
1.2035
1.2236
1.17851
1.18716
1.20592
1.22452
1.20571
1.17918
1.18818
1.20605
1.22276
1.20536
1.18862
1.20606
1.22371
1.20603
1.17172
1.20421
1.21141
1.18905
1.18538
1.17447
1.18575
1.19867
1.2035
1.21695
1.1753
1.1818
1.19587
1.19272
1.21081
1.17774
1.18377
1.20206
1.19869
1.21991
1.1761
1.18566
1.20229
1.20367
1.22178
1.17499
1.18841
1.20643
1.20596
1.22627
1.39131
1.39489
1.39303
1.39469
1.39556
1.39729
1.39589
1.39708
1.28542
1.31596
1.32555
1.34501
1.17351
1.18224
1.20184
1.19865
1.22178
1.39988
1.39994
1.39991
1.39993
1.39995
1.39996
1.39995
1.18391
1.17802
1.20469
1.38534
1.37741
1.38616
1.28694
1.31156
1.32324
1.34001
1.34951
1.3992
1.39929
1.39957
1.39963
1.39973
1.18849
1.18652
1.20566
1.18104
1.18433
1.19978
1.20399
1.22036
1.3966
1.39825
1.39828
1.39899
1.39895
1.39931
1.23732
1.30521
1.26608
1.33671
1.29329
1.33713
1.28718
1.30436
1.35042
1.33903
1.35503
1.3701
1.36128
1.27108
1.28946
1.32214
1.34748
1.37097
1.17413
1.20524
1.17859
1.18599
1.20421
1.22275
1.20521
1.32168
1.34365
1.34357
1.36487
1.3678
1.17522
1.18643
1.22101
1.20417
1.20261
1.17549
1.18393
1.2166
1.19844
1.19972
1.17487
1.17402
1.18102
1.19628
1.19648
1.21452
1.20298
1.18619
1.1805
1.2046
1.18333
1.17736
1.18447
1.1995
1.2014
1.2189
1.17766
1.18341
1.20102
1.19948
1.21923
1.30974
1.30687
1.33752
1.34191
1.35672
1.3622
1.3756
1.37339
1.35157
1.36358
1.36993
1.3019
1.31972
1.3311
1.34398
1.35068
1.17058
1.1718
1.17831
1.19896
1.17728
1.17817
1.18424
1.20207
1.22066
1.20286
1.17448
1.18045
1.19749
1.19385
1.21457
1.17664
1.18619
1.21923
1.20161
1.20252
1.17475
1.18388
1.20046
1.1996
1.21785
1.17673
1.18488
1.21516
1.19804
1.19942
1.18363
1.18106
1.20206
1.20253
1.18006
1.17519
1.18056
1.19536
1.19937
1.21546
1.17914
1.18661
1.20479
1.20613
1.22502
1.17646
1.18626
1.20289
1.20522
1.2227
1.28558
1.30188
1.30475
1.33066
1.36492
1.33571
1.35301
1.37378
1.36686
1.18228
1.18661
1.20754
1.19132
1.18727
1.20671
1.1823
1.20653
1.1833
1.39991
1.39994
1.39993
1.39996
1.39995
1.19736
1.21615
1.19384
1.21193
1.21441
1.19229
1.21469
1.19498
1.21308
1.21256
1.20892
1.18817
1.19339
1.29188
1.32777
1.33697
1.35215
1.35844
1.21581
1.23265
1.22211
1.27823
1.23891
1.27522
1.21541
1.24899
1.26659
1.24535
1.19504
1.20705
1.22419
1.21912
1.2385
1.18779
1.20502
1.20789
1.22505
1.2716
1.28965
1.32061
1.35103
1.34628
1.35895
1.37489
1.34947
1.37036
1.24727
1.27487
1.21931
1.25136
1.25707
1.19104
1.20298
1.21251
1.22358
1.39575
1.39369
1.3942
1.39779
1.39642
1.39822
1.39672
1.39879
1.39822
1.33591
1.31682
1.31007
1.30316
1.27617
1.2544
1.2595
1.21976
1.39894
1.39868
1.39883
1.32596
1.29221
1.18333
1.20388
1.20306
1.23122
1.22592
1.39502
1.39572
1.39681
1.39667
1.3982
1.39832
1.27885
1.251
1.25336
1.22168
1.21721
1.39811
1.39955
1.39979
1.39923
1.39969
1.3102
1.3445
1.27828
1.29785
1.30788
1.33244
1.33807
1.4
1.4
1.4
1.18775
1.20671
1.22267
1.20381
1.39963
1.39981
1.3999
1.39982
1.39993
1.39994
1.39991
1.2901
1.32451
1.30692
1.31609
1.34053
1.33676
1.34895
1.35504
1.37349
1.37619
1.32773
1.35029
1.29554
1.26379
1.30879
1.32768
1.30055
1.2164
1.25436
1.26097
1.39017
1.39065
1.39566
1.39816
1.39991
1.39996
1.39993
1.39992
1.39995
1.24855
1.27113
1.24493
1.24445
1.21734
1.21448
1.36322
1.37837
1.35622
1.36412
1.37837
1.38385
1.38597
1.4
1.39999
1.4
1.4
1.39972
1.39956
1.39938
1.37568
1.33101
1.38317
1.34643
1.37055
1.31426
1.32599
1.34564
1.36504
1.37776
1.3856
1.37652
1.24981
1.24352
1.25275
1.21487
1.39857
1.3934
1.3887
1.39594
1.39425
1.38993
1.39277
1.25622
1.21797
1.24843
1.25843
1.36957
1.27684
1.30676
1.30422
1.33601
1.34081
1.36568
1.3674
1.29931
1.25122
1.27454
1.21273
1.2476
1.26798
1.24194
1.38757
1.39647
1.38956
1.38853
1.39433
1.39353
1.39598
1.24775
1.24168
1.25075
1.21368
1.26355
1.28198
1.24417
1.24641
1.21672
1.21387
1.39991
1.39994
1.39998
1.39995
1.39999
1.39998
1.35497
1.36796
1.3813
1.36204
1.36483
1.37689
1.38146
1.38585
1.29447
1.23337
1.2693
1.29461
1.2778
1.24706
1.26958
1.2096
1.2399
1.2427
1.29766
1.30874
1.3701
1.34176
1.3487
1.36883
1.37993
1.37197
1.31074
1.33532
1.28991
1.29745
1.32803
1.34879
1.37303
1.23636
1.39747
1.38403
1.308
1.21641
1.20559
1.18375
1.19908
1.18678
1.38518
1.39813
1.38559
1.2054
1.31355
1.26121
1.25532
1.27954
1.21816
1.28298
1.30324
1.27379
1.22197
1.25565
1.2602
1.22018
1.25198
1.2138
1.24399
1.20498
1.21224
1.33171
1.37586
1.35324
1.37243
1.29053
1.31477
1.3024
1.33012
1.33414
1.34841
1.34207
1.37107
1.38249
1.38724
1.38242
1.38754
1.39314
1.39553
1.39276
1.24216
1.21686
1.20836
1.21922
1.22244
1.23729
1.23885
1.25828
1.38113
1.38869
1.38406
1.25471
1.27731
1.21894
1.25684
1.2159
1.25193
1.28523
1.28807
1.29927
1.30722
1.33662
1.33861
1.3562
1.35582
1.37543
1.37687
1.29295
1.3295
1.24234
1.27263
1.30223
1.32923
1.33806
1.27396
1.29124
1.3506
1.34838
1.35131
1.37377
1.37349
1.2107
1.2524
1.25451
1.27963
1.30581
1.21308
1.24346
1.26308
1.19976
1.39264
1.39541
1.3942
1.39879
1.39856
1.39712
1.39755
1.39995
1.39992
1.39996
1.39995
1.39998
1.39997
1.28046
1.21796
1.25876
1.25218
1.28102
1.22201
1.3106
1.33925
1.35086
1.33159
1.29301
1.27879
1.27865
1.25041
1.26407
1.28756
1.22004
1.26292
1.25836
1.39995
1.39998
1.39999
1.39997
1.39999
1.39996
1.39999
1.39997
1.27789
1.253
1.25895
1.21603
1.28672
1.22668
1.26687
1.22339
1.27093
1.32733
1.32547
1.28855
1.4
1.4
1.4
1.4
1.28534
1.21969
1.26136
1.28283
1.35462
1.36648
1.37174
1.38313
1.38526
1.3858
1.39233
1.39221
1.37827
1.39314
1.38773
1.38869
1.39242
1.38713
1.38711
1.39285
1.39533
1.39208
1.25579
1.22749
1.22726
1.26592
1.25959
1.29086
1.36134
1.379
1.38832
1.3896
1.36879
1.37986
1.26332
1.22089
1.25538
1.28388
1.22102
1.20772
1.38252
1.38936
1.39356
1.39753
1.38057
1.38977
1.39306
1.27055
1.20856
1.24604
1.2529
1.33583
1.35324
1.37469
1.38177
1.23815
1.26547
1.25895
1.22691
1.23151
1.31525
1.26599
1.33409
1.28109
1.32262
1.37575
1.38801
1.38681
1.39493
1.39234
1.39203
1.2661
1.24213
1.24274
1.21359
1.21108
1.2763
1.29306
1.32043
1.3443
1.29184
1.28513
1.32594
1.32431
1.26662
1.24073
1.24191
1.21252
1.21104
1.21441
1.24986
1.27857
1.29781
1.27232
1.24924
1.28166
1.21363
1.25735
1.27709
1.20293
1.39862
1.39916
1.39861
1.39794
1.39884
1.39716
1.39652
1.25074
1.21538
1.23869
1.24207
1.20567
1.2149
1.34862
1.37143
1.32504
1.33006
1.34776
1.28493
1.38264
1.38901
1.38983
1.39408
1.39344
1.37718
1.37236
1.38768
1.38341
1.38949
1.37293
1.38337
1.38982
1.26446
1.286
1.22015
1.25851
1.25695
1.25638
1.21803
1.26363
1.21367
1.25907
1.28276
1.2832
1.30543
1.21936
1.26035
1.28621
1.28118
1.30624
1.39854
1.39932
1.39969
1.39983
1.39966
1.39916
1.27922
1.21837
1.2056
1.25198
1.21652
1.25882
1.28358
1.28196
1.30268
1.37293
1.38051
1.34681
1.3707
1.37014
1.21043
1.25324
1.27555
1.24757
1.198
1.20985
1.38246
1.39292
1.39489
1.36482
1.36263
1.37559
1.37671
1.38743
1.38607
1.34601
1.3496
1.36426
1.38003
1.28977
1.3255
1.32696
1.27023
1.29071
1.39984
1.39992
1.27263
1.21125
1.24614
1.2445
1.38582
1.38429
1.38962
1.38761
1.39397
1.39309
1.34696
1.32416
1.3214
1.3417
1.28951
1.28268
1.21224
1.24652
1.27212
1.33132
1.29868
1.31049
1.26244
1.35036
1.32452
1.28861
1.19606
1.21095
1.21034
1.24539
1.23737
1.26358
1.39872
1.39934
1.39858
1.39871
1.39988
1.39934
1.39975
1.39923
1.39952
1.39978
1.39979
1.39955
1.2964
1.23501
1.24708
1.27
1.26223
1.4
1.4
1.4
1.4
1.4
1.4
1.4
1.4
1.4
1.21761
1.25341
1.28388
1.39801
1.39826
1.39841
1.39875
1.39903
1.3995
1.39925
1.17664
1.18166
1.19534
1.19759
1.22007
1.27691
1.21715
1.26687
1.4
1.4
1.4
1.4
1.28395
1.22355
1.26313
1.22089
1.25771
1.35528
1.36617
1.34988
1.27885
1.21846
1.25283
1.20611
1.21675
1.25135
1.39874
1.39947
1.39874
1.39921
1.3996
1.3996
1.39974
1.35857
1.35259
1.33245
1.33254
1.37094
1.37432
1.38121
1.32344
1.34619
1.37027
1.3447
1.35632
1.37224
1.35074
1.3748
1.37677
1.21439
1.25318
1.20583
1.21744
1.24705
1.26932
1.2717
1.29249
1.39435
1.38794
1.38918
1.38676
1.39394
1.39339
1.39613
1.21927
1.24557
1.28408
1.20548
1.30045
1.33126
1.32378
1.34726
1.27756
1.29434
1.39647
1.39331
1.38894
1.3836
1.33086
1.35007
1.29785
1.32889
1.33815
1.34002
1.30877
1.29637
1.2088
1.21312
1.24309
1.25206
1.26839
1.35057
1.37972
1.3555
1.36568
1.36164
1.37743
1.38705
1.38286
1.39153
1.39348
1.35225
1.34237
1.36964
1.36294
1.35725
1.37821
1.37097
1.38425
1.21577
1.20597
1.25474
1.27823
1.28677
1.29247
1.32922
1.32994
1.30229
1.39967
1.39982
1.39994
1.39992
1.39998
1.39997
1.20143
1.29801
1.22177
1.27655
1.37104
1.39512
1.38737
1.39278
1.3929
1.38607
1.38052
1.4
1.4
1.4
1.4
1.4
1.4
1.4
1.32418
1.40041
1.38024
1.31378
1.20813
1.40176
1.37822
1.30237
1.21142
1.23281
1.30099
1.25708
1.38258
1.36792
1.38298
1.3892
1.21833
1.2555
1.20391
1.28913
1.37375
1.3733
1.38245
1.3915
1.39305
1.39322
1.39847
1.39902
1.39702
1.396
1.39715
1.39585
1.39848
1.39583
1.39526
1.39705
1.39852
1.32504
1.33257
1.3789
1.19792
1.21648
1.24031
1.26963
1.4
1.4
1.4
1.4
1.4
1.4
1.4
1.4
1.4
1.35159
1.34375
1.32514
1.3192
1.29875
1.29052
1.20116
1.21591
1.21695
1.25834
1.2575
1.34541
1.36484
1.36818
1.38052
1.37904
1.19811
1.21729
1.24242
1.26916
1.36715
1.38724
1.39216
1.39431
1.38752
1.37691
1.39485
1.38815
1.38989
1.38629
1.38979
1.39374
1.38948
1.39428
1.3966
1.396
1.39813
1.39782
1.26642
1.27624
1.32048
1.34161
1.34804
1.37493
1.38471
1.21847
1.28531
1.25678
1.20905
1.39972
1.39985
1.39981
1.39989
1.39989
1.39995
1.39998
1.39995
1.399
1.39929
1.39947
1.3997
1.4
1.4
1.4
1.4
1.35764
1.36726
1.36968
1.38077
1.38179
1.38511
1.3913
1.38836
1.35914
1.3632
1.3742
1.37575
1.38217
1.19874
1.21665
1.24363
1.28611
1.28981
1.38546
1.3892
1.38982
1.39369
1.39413
1.36356
1.37169
1.36972
1.38513
1.38634
1.35286
1.37232
1.4
1.4
1.39979
1.39989
1.39998
1.39999
1.39994
1.39989
1.39997
1.39995
1.39984
1.39993
1.35759
1.37542
1.37557
1.34225
1.35559
1.35398
1.38334
1.37377
1.37538
1.34099
1.34858
1.36375
1.34276
1.35655
1.32082
1.364
1.34478
1.31865
1.34061
1.33923
1.34907
1.38339
1.38187
1.37041
1.3466
1.35947
1.37725
1.36536
1.38067
1.39703
1.39511
1.39642
1.39013
1.38095
1.38538
1.39248
1.39534
1.39167
1.19415
1.20677
1.23909
1.39805
1.39964
1.39861
1.39897
1.39932
1.39973
1.39939
1.17851
1.17825
1.20024
1.4
1.4
1.4
1.4
1.4
1.31896
1.26567
1.28073
1.33808
1.29742
1.32965
1.32986
1.29239
1.39497
1.39008
1.39204
1.286
1.20166
1.21432
1.21955
1.23716
1.24886
1.3833
1.39175
1.36494
1.3489
1.35829
1.3761
1.37871
1.34753
1.36813
1.37479
1.3331
1.37922
1.34464
1.38287
1.36573
1.38522
1.38624
1.39065
1.38768
1.39489
1.39375
1.26425
1.28344
1.31732
1.32533
1.39832
1.39949
1.39905
1.39954
1.39976
1.37111
1.38511
1.39131
1.39149
1.39425
1.38116
1.3849
1.35753
1.35632
1.38134
1.3862
1.36594
1.37447
1.36134
1.36339
1.37531
1.38018
1.38598
1.39391
1.39583
1.39789
1.39646
1.39814
1.38128
1.38113
1.25778
1.29275
1.30489
1.27401
1.22077
1.23379
1.24853
1.25914
1.27491
1.21297
1.20926
1.1958
1.39846
1.39639
1.39552
1.39897
1.39929
1.39642
1.39787
1.39866
1.22585
1.32313
1.33312
1.2501
1.29374
1.4
1.4
1.4
1.4
1.4
1.4
1.4
1.31864
1.3506
1.32114
1.39978
1.39988
1.39934
1.3999
1.39989
1.3993
1.39961
1.39972
1.39951
1.4
1.4
1.4
1.4
1.37719
1.33676
1.38098
1.3551
1.37628
1.38773
1.3934
1.38433
1.38812
1.39339
1.39588
1.39613
1.39745
1.39379
1.38889
1.38603
1.39299
1.39173
1.39705
1.39476
1.39745
1.35814
1.30942
1.33979
1.34006
1.30281
1.34723
1.36019
1.35385
1.37652
1.37344
1.38203
1.38427
1.3481
1.32561
1.29477
1.29809
1.33735
1.34979
1.39998
1.39996
1.39999
1.39998
1.39998
1.39999
1.39322
1.39607
1.39894
1.39657
1.39518
1.39671
1.39827
1.39826
1.38195
1.38818
1.39556
1.39411
1.39698
1.30179
1.33549
1.30783
1.29627
1.33324
1.32855
1.34844
1.28215
1.26455
1.28847
1.21076
1.22228
1.38928
1.18558
1.19931
1.19136
1.18966
1.32685
1.34797
1.27531
1.29702
1.29756
1.33066
1.33139
1.2992
1.33013
1.3521
1.34493
1.3728
1.37296
1.36105
1.35661
1.37159
1.34643
1.35561
1.32469
1.34451
1.37478
1.37734
1.38287
1.34581
1.35698
1.37627
1.18464
1.20268
1.18551
1.1884
1.16718
1.1861
1.18007
1.1952
1.19644
1.21441
1.21766
1.32976
1.29271
1.28129
1.30001
1.3296
1.38568
1.38702
1.38498
1.39235
1.39204
1.39526
1.38457
1.38833
1.39451
1.38869
1.39498
1.39039
1.39489
1.4
1.4
1.4
1.4
1.4
1.4
1.20433
1.2334
1.17471
1.20787
1.20082
1.19712
1.1707
1.1925
1.19192
1.32112
1.30934
1.33732
1.399
1.39732
1.39663
1.39741
1.39853
1.39854
1.39905
1.39926
1.39942
1.39995
1.39999
1.39996
1.39998
1.39999
1.39997
1.39999
1.27953
1.33731
1.30988
1.29498
1.29539
1.32293
1.32567
1.34606
1.35813
1.28812
1.32861
1.26635
1.33733
1.30133
1.26914
1.28088
1.28684
1.32028
1.33274
1.34951
1.39908
1.3996
1.39951
1.39976
1.38356
1.38899
1.39428
1.3867
1.39362
1.39546
1.39815
1.34162
1.34695
1.35218
1.36879
1.37124
1.37955
1.26413
1.28481
1.28169
1.31832
1.34612
1.26962
1.29912
1.33839
1.35308
1.32833
1.29755
1.34785
1.27765
1.29417
1.32555
1.27557
1.39287
1.39696
1.39589
1.39731
1.39752
1.26825
1.29071
1.32397
1.29294
1.32368
1.3343
1.31042
1.39584
1.39769
1.39801
1.39897
1.39908
1.38281
1.39196
1.3817
1.38217
1.38585
1.38574
1.18601
1.17305
1.20456
1.34674
1.35668
1.35693
1.35903
1.37578
1.37406
1.37502
1.38263
1.25735
1.27867
1.32042
1.205
1.18895
1.18478
1.27197
1.29632
1.32963
1.29181
1.30125
1.32308
1.33319
1.21088
1.19349
1.16992
1.1785
1.18449
1.19458
1.39547
1.39613
1.2248
1.26956
1.28228
1.19764
1.20854
1.2154
1.24229
1.24707
1.3772
1.38462
1.37547
1.37282
1.35873
1.35279
1.29519
1.30156
1.33535
1.33612
1.35378
1.26653
1.29058
1.2929
1.33201
1.32514
1.35246
1.27967
1.30158
1.33618
1.30084
1.33318
1.26449
1.29545
1.25367
1.28669
1.22296
1.26355
1.28605
1.29139
1.3185
1.31861
1.39942
1.39971
1.39961
1.3999
1.39981
1.16471
1.18098
1.19978
1.39973
1.39981
1.39979
1.39264
1.39585
1.39646
1.395
1.3965
1.39803
1.39892
1.39921
1.39933
1.39789
1.39879
1.20114
1.165
1.17517
1.18032
1.19982
1.17615
1.39895
1.39789
1.39946
1.39971
1.16903
1.17999
1.2021
1.18164
1.16936
1.1991
1.39892
1.39844
1.3991
1.3994
1.39947
1.39973
1.39973
1.39985
1.17118
1.19624
1.17326
1.16578
1.1648
1.1913
1.16415
1.17728
1.20423
1.1777
1.17061
1.19877
1.18626
1.17811
1.20694
1.17004
1.17356
1.1993
1.17672
1.20502
1.18241
1.17124
1.17712
1.19616
1.19466
1.21418
1.1728
1.17785
1.1943
1.21429
1.19611
1.17443
1.17728
1.19452
1.21445
1.19802
1.18318
1.21695
1.20004
1.20017
1.19628
1.17803
1.17288
1.20015
1.16599
1.17366
1.18861
1.16556
1.16974
1.19222
1.16687
1.17536
1.19729
1.16566
1.17305
1.17172
1.17339
1.19392
1.19104
1.21102
1.16818
1.18014
1.19932
1.19639
1.2174
1.17547
1.19995
1.29841
1.27266
1.28961
1.32567
1.34846
1.33036
1.27827
1.29558
1.29555
1.32968
1.32738
1.34716
1.39012
1.39414
1.39649
1.39591
1.39823
1.39791
1.3994
1.39912
1.39944
1.39962
1.39954
1.26609
1.27636
1.33815
1.31503
1.31167
1.29864
1.33047
1.35698
1.28452
1.39277
1.39328
1.38228
1.38281
1.38407
1.38444
1.38681
1.32357
1.27459
1.34238
1.31616
1.37674
1.36659
1.3828
1.37842
1.39123
1.38693
1.39347
1.39999
1.39999
1.39998
1.39999
1.17055
1.18039
1.19479
1.19674
1.21382
1.18471
1.17717
1.19129
1.19741
1.21145
1.17176
1.17959
1.19502
1.21455
1.19785
1.26832
1.2918
1.28384
1.32252
1.31505
1.33843
1.17005
1.18
1.21066
1.19522
1.19287
1.19316
1.17749
1.17575
1.19934
1.18742
1.17973
1.16951
1.18066
1.19921
1.19371
1.21214
1.17045
1.17743
1.19028
1.19311
1.20817
1.16716
1.17557
1.19001
1.18954
1.20535
1.20136
1.1735
1.36864
1.38089
1.34734
1.37223
1.38401
1.38702
1.39246
1.38202
1.38703
1.3872
1.39342
1.39309
1.39568
1.16548
1.17758
1.17306
1.19465
1.1701
1.17337
1.1893
1.18784
1.20443
1.17152
1.17216
1.18092
1.20983
1.19476
1.19354
1.18709
1.18021
1.19988
1.19585
1.21393
1.19622
1.1769
1.17799
1.19987
1.17883
1.16885
1.17841
1.19162
1.21082
1.19568
1.16675
1.17639
1.19674
1.1714
1.17808
1.19367
1.1953
1.21205
1.17999
1.17674
1.19918
1.17086
1.17935
1.1964
1.1983
1.21581
1.17336
1.19539
1.27472
1.29184
1.29637
1.32675
1.33274
1.3516
1.37306
1.39788
1.39767
1.39877
1.39859
1.39934
1.39934
1.29415
1.26747
1.28894
1.2835
1.32668
1.31729
1.34026
1.39571
1.38826
1.39086
1.38959
1.39546
1.39724
1.39518
1.203
1.18064
1.17295
1.39999
1.39995
1.39997
1.39997
1.39998
1.39489
1.3906
1.39693
1.3956
1.39539
1.30297
1.21109
1.23744
1.24553
1.2647
1.19992
1.21116
1.39492
1.39793
1.39866
1.39717
1.397
1.39885
1.39809
1.27484
1.29602
1.32739
1.26586
1.28608
1.29315
1.32259
1.32596
1.39604
1.397
1.38907
1.39365
1.3944
1.38586
1.39012
1.38486
1.38757
1.39358
1.38234
1.35474
1.36436
1.36504
1.38142
1.38105
1.39778
1.39904
1.32895
1.3465
1.29252
1.30221
1.30285
1.32869
1.33392
1.36592
1.36807
1.33819
1.28059
1.31526
1.33894
1.26936
1.26948
1.29176
1.30491
1.32353
1.32828
1.38587
1.38556
1.39344
1.39659
1.24746
1.24754
1.26954
1.20607
1.4
1.39999
1.4
1.4
1.38254
1.38657
1.39318
1.3963
1.34456
1.27327
1.28925
1.32018
1.30927
1.30369
1.33635
1.33237
1.27695
1.29449
1.33037
1.3516
1.30321
1.2981
1.32414
1.2928
1.33214
1.24939
1.2522
1.34897
1.35754
1.37359
1.37053
1.37304
1.17713
1.1963
1.20504
1.21733
1.20394
1.21091
1.23535
1.20455
1.19846
1.23457
1.2478
1.24289
1.24853
1.26678
1.21235
1.4
1.4
1.4
1.4
1.4
1.4
1.39274
1.3956
1.37961
1.38623
1.38601
1.39258
1.34525
1.3131
1.25922
1.2541
1.35556
1.33565
1.34318
1.31885
1.30667
1.27535
1.39985
1.39992
1.39985
1.39981
1.39997
1.39992
1.39994
1.39995
1.39996
1.39997
1.34945
1.3295
1.2309
1.29779
1.34209
1.37307
1.37304
1.27614
1.28978
1.32284
1.348
1.39959
1.39954
1.3996
1.3997
1.39978
1.39984
1.27267
1.29826
1.3614
1.34441
1.35341
1.30261
1.28375
1.33446
1.35374
1.3432
1.36865
1.3589
1.37163
1.27001
1.26038
1.2825
1.28664
1.31765
1.31926
1.34109
1.34192
1.3862
1.38233
1.35599
1.35127
1.37343
1.37041
1.37966
1.35122
1.32575
1.27925
1.31204
1.34457
1.35156
1.36669
1.38084
1.36208
1.34313
1.37832
1.23554
1.20816
1.20884
1.22664
1.2316
1.25274
1.19406
1.20213
1.17975
1.19842
1.17363
1.25013
1.26838
1.24387
1.21216
1.27573
1.29568
1.32212
1.34301
1.34279
1.35823
1.36212
1.32223
1.37201
1.33326
1.37771
1.35729
1.18091
1.17581
1.18787
1.19237
1.20717
1.20342
1.38294
1.37035
1.38791
1.38331
1.38272
1.24153
1.20345
1.23626
1.23129
1.25985
1.37477
1.38203
1.38982
1.39159
1.3942
1.39569
1.39661
1.39661
1.3997
1.39799
1.39793
1.39937
1.39916
1.39927
1.39968
1.3996
1.39825
1.39897
1.39823
1.19837
1.203
1.21627
1.33967
1.27214
1.28842
1.29531
1.32034
1.3251
1.39985
1.39973
1.39977
1.39989
1.39997
1.39995
1.39993
1.39998
1.24769
1.26992
1.21445
1.24699
1.2434
1.21064
1.20324
1.2047
1.18606
1.20007
1.22648
1.21574
1.32369
1.33211
1.35641
1.38308
1.37574
1.34371
1.3561
1.36255
1.37402
1.37694
1.31425
1.32547
1.29975
1.26758
1.26589
1.2359
1.28098
1.26331
1.23344
1.26178
1.31757
1.32943
1.26643
1.28162
1.30214
1.2719
1.20737
1.23275
1.25845
1.21087
1.23915
1.24327
1.33402
1.35675
1.35229
1.3735
1.3736
1.20811
1.23287
1.24018
1.19515
1.20868
1.2435
1.19227
1.20847
1.20763
1.23498
1.23969
1.20751
1.30026
1.2835
1.33706
1.31114
1.31957
1.34062
1.34797
1.26791
1.20869
1.2398
1.24544
1.35573
1.38026
1.37389
1.38605
1.3817
1.39403
1.39316
1.25916
1.20446
1.23776
1.23278
1.24324
1.19461
1.20838
1.21209
1.23946
1.24704
1.21692
1.20644
1.24353
1.24548
1.20865
1.30761
1.25352
1.24802
1.26575
1.20433
1.22144
1.22994
1.19006
1.20232
1.24569
1.19795
1.21214
1.24266
1.24425
1.26312
1.21396
1.20805
1.2494
1.27469
1.21006
1.2545
1.24713
1.38352
1.38837
1.38757
1.39372
1.39416
1.39625
1.25055
1.2733
1.19571
1.2093
1.21259
1.25352
1.24576
1.26971
1.23642
1.20457
1.22973
1.23665
1.19266
1.20367
1.24612
1.24402
1.2099
1.20556
1.39156
1.39582
1.39797
1.39808
1.3956
1.395
1.34695
1.3658
1.37896
1.3161
1.25647
1.28873
1.28966
1.25394
1.2767
1.21061
1.24867
1.24506
1.38313
1.38122
1.38987
1.38896
1.39425
1.24698
1.27267
1.2096
1.37241
1.38349
1.37593
1.35673
1.33269
1.37181
1.35469
1.36636
1.24759
1.24269
1.2703
1.20795
1.21468
1.23668
1.2401
1.21002
1.20267
1.35812
1.32656
1.30094
1.28207
1.29678
1.34229
1.3547
1.29123
1.24665
1.20545
1.23454
1.25981
1.35171
1.24718
1.27345
1.27596
1.28832
1.32123
1.20625
1.24307
1.27359
1.24931
1.27417
1.24201
1.19672
1.21101
1.2108
1.23512
1.23994
1.20671
1.20942
1.25638
1.24604
1.27457
1.27094
1.29698
1.34117
1.35628
1.37292
1.35782
1.37506
1.31919
1.34249
1.3407
1.35431
1.35357
1.3734
1.37343
1.38225
1.38993
1.39368
1.39742
1.39188
1.39469
1.39675
1.39824
1.39587
1.39662
1.24659
1.21466
1.20131
1.24237
1.27116
1.20825
1.24731
1.269
1.39703
1.39827
1.39535
1.39649
1.39849
1.39901
1.39951
1.27926
1.21477
1.25769
1.21252
1.25129
1.23481
1.20555
1.20783
1.24184
1.23151
1.2611
1.19608
1.20698
1.29245
1.20919
1.23805
1.24996
1.21119
1.20996
1.24328
1.21093
1.24654
1.26587
1.2702
1.29025
1.26033
1.21375
1.23971
1.24306
1.21201
1.39685
1.3764
1.21546
1.29754
1.18488
1.19981
1.18439
1.23537
1.30531
1.2628
1.39903
1.38047
1.2153
1.29934
1.35282
1.36897
1.33674
1.35007
1.35516
1.37079
1.373
1.37876
1.38299
1.39106
1.35649
1.37297
1.36812
1.38353
1.38058
1.39471
1.39804
1.39858
1.39904
1.20408
1.19343
1.2393
1.25856
1.27119
1.28774
1.39843
1.39974
1.39927
1.39884
1.19258
1.20634
1.23168
1.26132
1.38641
1.3873
1.39258
1.39008
1.38933
1.39408
1.39419
1.32736
1.35202
1.31232
1.30316
1.32952
1.35586
1.37284
1.39999
1.39999
1.39999
1.4
1.4
1.25091
1.27531
1.22539
1.25721
1.27942
1.38932
1.38422
1.38924
1.39336
1.39183
1.27412
1.19752
1.21476
1.24808
1.39843
1.3994
1.39917
1.39955
1.39979
1.34981
1.36245
1.3778
1.34082
1.35809
1.3755
1.38169
1.36713
1.36655
1.3729
1.31763
1.34039
1.36928
1.35804
1.37856
1.26956
1.20161
1.21516
1.25077
1.26801
1.24355
1.194
1.20844
1.20912
1.2403
1.26109
1.39588
1.39701
1.39531
1.39709
1.39866
1.39841
1.39915
1.32883
1.3158
1.34361
1.23173
1.25597
1.20803
1.19043
1.20458
1.2383
1.20733
1.19385
1.23947
1.25998
1.26293
1.28224
1.3991
1.3997
1.39979
1.39939
1.3995
1.2043
1.21011
1.23534
1.23811
1.3978
1.39397
1.39555
1.39587
1.39912
1.39949
1.39731
1.39856
1.39923
1.3977
1.39888
1.4
1.4
1.4
1.4
1.4
1.4
1.4
1.39308
1.38288
1.38678
1.39053
1.38184
1.38522
1.39064
1.39226
1.38787
1.34136
1.36466
1.34686
1.37763
1.36943
1.34504
1.35774
1.37423
1.38495
1.35838
1.36756
1.38151
1.37844
1.34501
1.3615
1.37757
1.35827
1.36133
1.37637
1.37868
1.38443
1.21337
1.20124
1.23824
1.2618
1.26113
1.29418
1.29503
1.3817
1.3335
1.35035
1.34758
1.37021
1.37016
1.34538
1.37154
1.33843
1.3571
1.351
1.37318
1.37164
1.38236
1.3591
1.37781
1.36569
1.38808
1.38278
1.39315
1.39718
1.3964
1.39784
1.39611
1.39918
1.39961
1.19805
1.20986
1.24281
1.2678
1.26307
1.30663
1.31154
1.27863
1.20956
1.25534
1.27616
1.38017
1.39634
1.38586
1.39337
1.39274
1.38566
1.38873
1.19388
1.21266
1.24752
1.25021
1.212
1.19084
1.20801
1.23692
1.24139
1.2073
1.33755
1.30845
1.36645
1.3476
1.33312
1.35445
1.37031
1.39998
1.39999
1.39983
1.3998
1.39993
1.39992
1.37374
1.35453
1.35984
1.37187
1.37637
1.39676
1.3983
1.39906
1.39925
1.39626
1.39771
1.39875
1.39853
1.19427
1.21182
1.24605
1.24743
1.20989
1.21338
1.25048
1.26979
1.19596
1.39202
1.39564
1.39899
1.39715
1.39841
1.3988
1.39911
1.39559
1.39693
1.39703
1.39833
1.39838
1.39869
1.3991
1.39928
1.39951
1.39974
1.39964
1.34746
1.23849
1.32445
1.28989
1.26615
1.27281
1.28748
1.28763
1.31739
1.3188
1.17422
1.1769
1.19814
1.21294
1.24788
1.24815
1.27576
1.21535
1.20383
1.37376
1.38301
1.39438
1.39374
1.38686
1.38402
1.38047
1.37258
1.25578
1.27365
1.28086
1.3078
1.31182
1.33145
1.3493
1.38624
1.37734
1.39989
1.39975
1.3999
1.39982
1.39994
1.3999
1.33715
1.35034
1.36068
1.37201
1.37599
1.38188
1.38947
1.39117
1.22015
1.20683
1.24264
1.18743
1.20494
1.26462
1.24523
1.27211
1.30775
1.32431
1.28138
1.30674
1.32414
1.19934
1.21135
1.24873
1.26974
1.27048
1.30532
1.31038
1.37043
1.3905
1.31564
1.3992
1.37221
1.28579
1.19594
1.40211
1.36041
1.28938
1.20213
1.37959
1.38495
1.36213
1.3411
1.3567
1.35842
1.37385
1.37495
1.35181
1.30356
1.32003
1.3267
1.28227
1.28947
1.20983
1.2002
1.24107
1.26168
1.26461
1.29621
1.29831
1.32909
1.34936
1.37091
1.34965
1.35208
1.372
1.37298
1.38232
1.39967
1.39935
1.39894
1.39936
1.39929
1.39968
1.39963
1.3998
1.39978
1.39984
1.21064
1.20167
1.24531
1.26934
1.26839
1.29967
1.30017
1.33593
1.372
1.3522
1.34086
1.3492
1.34541
1.36218
1.32338
1.31836
1.28525
1.20821
1.19558
1.25735
1.28409
1.39987
1.39994
1.39985
1.39996
1.39992
1.35738
1.3751
1.35801
1.34662
1.37495
1.37766
1.38366
1.39014
1.36775
1.3577
1.37776
1.38349
1.3873
1.19728
1.20311
1.23601
1.26094
1.26104
1.28328
1.2372
1.20557
1.19611
1.2048
1.27546
1.2563
1.25316
1.22917
1.39814
1.39188
1.39546
1.39927
1.39962
1.38298
1.38778
1.38917
1.39273
1.39369
1.39567
1.39775
1.38658
1.37295
1.39292
1.38372
1.39304
1.386
1.39613
1.39379
1.32876
1.30838
1.36616
1.37447
1.34359
1.33334
1.35878
1.28363
1.33928
1.28862
1.31554
1.31861
1.31046
1.2769
1.28684
1.24285
1.22228
1.25143
1.32094
1.27633
1.31254
1.25809
1.2695
1.29876
1.31073
1.30155
1.33308
1.34831
1.32235
1.32197
1.28968
1.32024
1.34248
1.32035
1.27195
1.29119
1.38862
1.38931
1.39482
1.39394
1.39609
1.3005
1.25314
1.27347
1.29926
1.38986
1.34927
1.36356
1.38434
1.37724
1.35479
1.362
1.36134
1.37665
1.38399
1.37674
1.39977
1.39861
1.39933
1.3996
1.39981
1.39993
1.39988
1.39991
1.39996
1.28283
1.3235
1.34395
1.38016
1.38746
1.38256
1.39271
1.38998
1.39115
1.38283
1.3864
1.39382
1.39585
1.39214
1.39994
1.39987
1.39997
1.39999
1.39995
1.39991
1.39393
1.39651
1.39447
1.39776
1.39778
1.39664
1.39796
1.39883
1.39955
1.3997
1.39908
1.39953
1.39911
1.39945
1.24575
1.3139
1.27851
1.28114
1.25981
1.23234
1.36218
1.37746
1.38684
1.39402
1.36792
1.38796
1.38122
1.36107
1.37784
1.36643
1.33525
1.34177
1.39977
1.39984
1.39991
1.3999
1.39984
1.3504
1.36397
1.36528
1.38085
1.39138
1.38778
1.38731
1.38086
1.34075
1.36791
1.37851
1.37144
1.39835
1.39607
1.39647
1.39815
1.39904
1.39828
1.39998
1.39998
1.39999
1.39997
1.39999
1.39999
1.4
1.39999
1.4
1.39999
1.4
1.4
1.37738
1.33233
1.34174
1.36769
1.38804
1.3909
1.39594
1.39674
1.35552
1.33813
1.35627
1.35754
1.37566
1.37482
1.38619
1.38555
1.33254
1.31211
1.33404
1.27801
1.31025
1.3072
1.26455
1.27538
1.3735
1.32274
1.3299
1.34469
1.39897
1.39938
1.39639
1.39845
1.27917
1.30873
1.32864
1.25974
1.29969
1.39912
1.39935
1.39917
1.39966
1.39957
1.3998
1.39975
1.39982
1.3649
1.36995
1.37906
1.37719
1.3844
1.38425
1.39067
1.3912
1.39658
1.39004
1.39157
1.39511
1.39581
1.39953
1.39909
1.3998
1.39962
1.39984
1.32867
1.30134
1.25411
1.27447
1.26775
1.30929
1.32837
1.30255
1.25577
1.27356
1.37505
1.38552
1.37863
1.35045
1.35972
1.32865
1.34968
1.33863
1.30437
1.32167
1.26698
1.28083
1.30992
1.33007
1.30494
1.29817
1.27787
1.29838
1.35187
1.37565
1.38469
1.38126
1.39239
1.39706
1.39743
1.39424
1.36105
1.37657
1.37745
1.35679
1.34532
1.25907
1.3074
1.31488
1.31622
1.28455
1.28151
1.33357
1.348
1.35642
1.3671
1.37277
1.37878
1.38194
1.38663
1.39971
1.39988
1.39975
1.3999
1.39936
1.39974
1.38499
1.37921
1.38741
1.34942
1.35753
1.37176
1.34468
1.34207
1.35618
1.35326
1.37231
1.37426
1.18785
1.22323
1.19378
1.33989
1.34975
1.31101
1.28193
1.27397
1.30422
1.30998
1.32874
1.25525
1.27768
1.17169
1.19585
1.20048
1.17501
1.18195
1.24622
1.17936
1.17487
1.20867
1.29306
1.30421
1.31788
1.26005
1.26457
1.34611
1.28652
1.32301
1.34423
1.4
1.4
1.4
1.4
1.4
1.4
1.36084
1.37532
1.37152
1.39483
1.3808
1.38784
1.38666
1.39357
1.39248
1.17564
1.18932
1.17397
1.3405
1.37028
1.27784
1.31382
1.30874
1.4
1.4
1.4
1.4
1.4
1.4
1.17393
1.17597
1.19754
1.17582
1.18836
1.17603
1.19986
1.1789
1.17572
1.20012
1.17439
1.16861
1.19229
1.17322
1.16845
1.17353
1.18898
1.19187
1.20681
1.17621
1.19403
1.17182
1.17088
1.17195
1.19611
1.19612
1.1726
1.17009
1.19679
1.17303
1.17773
1.1742
1.16955
1.19482
1.19366
1.16861
1.17265
1.16333
1.17111
1.19048
1.15901
1.16395
1.18661
1.16583
1.17596
1.18775
1.18558
1.20074
1.16721
1.17268
1.19421
1.17384
1.18488
1.20222
1.18694
1.17412
1.19817
1.17315
1.19272
1.17212
1.17235
1.19494
1.17747
1.17504
1.19361
1.1763
1.17508
1.19407
1.17322
1.17372
1.19165
1.15869
1.17156
1.16468
1.16849
1.18205
1.18472
1.20103
1.17075
1.18774
1.18614
1.20387
1.16959
1.20356
1.22479
1.22538
1.19782
1.20386
1.37659
1.38132
1.3805
1.35103
1.30607
1.36332
1.33216
1.35643
1.38418
1.37937
1.39023
1.39558
1.39451
1.3969
1.38966
1.39179
1.3349
1.24826
1.27775
1.27725
1.31734
1.31605
1.21363
1.23978
1.21795
1.24174
1.25519
1.3342
1.17357
1.19632
1.18685
1.18065
1.16604
1.19286
1.17155
1.25276
1.28657
1.31749
1.27848
1.3076
1.31623
1.28483
1.16355
1.1915
1.17783
1.19661
1.16549
1.17012
1.18462
1.18491
1.20019
1.17296
1.17009
1.19179
1.16342
1.17412
1.18763
1.20216
1.18735
1.17709
1.17328
1.19564
1.19701
1.17688
1.17396
1.19453
1.16149
1.17141
1.16068
1.16646
1.17999
1.1795
1.19303
1.16206
1.17167
1.18814
1.17276
1.19285
1.15829
1.1591
1.16585
1.18491
1.17111
1.16751
1.16999
1.19859
1.18233
1.18476
1.17622
1.17289
1.19739
1.19413
1.16915
1.17425
1.17077
1.19169
1.16542
1.17399
1.18164
1.1984
1.18578
1.17054
1.17326
1.19224
1.18696
1.16297
1.17388
1.16388
1.17018
1.18322
1.1839
1.19796
1.17906
1.17326
1.19405
1.19374
1.16504
1.16646
1.35172
1.36154
1.35965
1.36915
1.37477
1.39329
1.38441
1.38704
1.17369
1.1752
1.19124
1.383
1.38364
1.39127
1.39461
1.39148
1.18557
1.16779
1.37648
1.33714
1.33588
1.34961
1.30087
1.19992
1.21111
1.21614
1.24053
1.25262
1.31161
1.34333
1.30667
1.34323
1.36584
1.34081
1.3643
1.31853
1.39637
1.39595
1.39708
1.39848
1.39869
1.3992
1.39963
1.17948
1.17282
1.19386
1.29285
1.32523
1.34088
1.25657
1.28326
1.27607
1.31586
1.31312
1.39985
1.39998
1.39996
1.39991
1.39993
1.39997
1.32435
1.34576
1.27101
1.28689
1.29438
1.32403
1.32503
1.28849
1.17154
1.18025
1.19123
1.3403
1.25525
1.28693
1.31582
1.29692
1.39999
1.39999
1.4
1.39999
1.4
1.32645
1.35027
1.36338
1.37321
1.35071
1.35419
1.29308
1.32356
1.34023
1.26693
1.31438
1.29111
1.39966
1.39957
1.39978
1.39981
1.39983
1.39995
1.39991
1.3999
1.39991
1.3852
1.33811
1.3574
1.35534
1.37311
1.37665
1.33807
1.26254
1.28327
1.31922
1.32485
1.2885
1.38977
1.37039
1.38089
1.37756
1.38481
1.38398
1.17686
1.18651
1.20378
1.35604
1.36081
1.36347
1.37797
1.37974
1.38705
1.26984
1.29496
1.29819
1.33418
1.34642
1.33831
1.1966
1.18755
1.20201
1.21138
1.19819
1.29288
1.33357
1.34809
1.2709
1.29673
1.33195
1.29229
1.24151
1.22473
1.24446
1.25272
1.26311
1.38302
1.34072
1.35461
1.37289
1.36829
1.32324
1.33818
1.26088
1.2779
1.3073
1.33764
1.28431
1.32206
1.4
1.4
1.4
1.4
1.4
1.4
1.25553
1.27168
1.28336
1.30645
1.31542
1.2005
1.17021
1.18315
1.36091
1.36124
1.37665
1.37635
1.38338
1.38292
1.37311
1.38166
1.39007
1.39354
1.39051
1.39819
1.39837
1.39948
1.39181
1.37608
1.38711
1.39354
1.38982
1.39997
1.39998
1.39998
1.39999
1.39999
1.39999
1.25769
1.28199
1.25383
1.19292
1.21748
1.20697
1.21698
1.29935
1.28526
1.27261
1.2416
1.37373
1.33993
1.35684
1.34725
1.38258
1.37459
1.3739
1.35807
1.35682
1.30965
1.26545
1.28738
1.3209
1.30876
1.4
1.4
1.4
1.4
1.4
1.26359
1.28806
1.28413
1.32634
1.31509
1.34103
1.39999
1.4
1.4
1.4
1.4
1.4
1.4
1.39983
1.3999
1.39993
1.39995
1.38921
1.39603
1.39862
1.39335
1.39628
1.3978
1.39688
1.2927
1.2713
1.33257
1.34935
1.35065
1.26382
1.28199
1.2829
1.32122
1.31265
1.33772
1.17193
1.17896
1.19414
1.21247
1.20757
1.30688
1.26243
1.28101
1.3112
1.3348
1.30764
1.2604
1.27507
1.31
1.33349
1.30842
1.33615
1.3578
1.37849
1.25096
1.18904
1.20103
1.24556
1.26944
1.25163
1.21809
1.22485
1.24701
1.31414
1.27978
1.31284
1.34487
1.38783
1.38941
1.38545
1.39535
1.39543
1.39218
1.39641
1.39508
1.39703
1.31052
1.33454
1.27175
1.31065
1.31072
1.39995
1.3996
1.39985
1.39969
1.39992
1.39986
1.25836
1.27326
1.28075
1.30635
1.31333
1.33415
1.3772
1.38633
1.39501
1.39385
1.38961
1.38344
1.38788
1.39387
1.38901
1.39419
1.37096
1.36952
1.349
1.34571
1.33053
1.2864
1.25215
1.27234
1.27604
1.3144
1.3113
1.33669
1.32033
1.35179
1.35847
1.39993
1.39984
1.39986
1.39994
1.39998
1.39994
1.39996
1.39998
1.39996
1.271
1.33874
1.3615
1.25211
1.27377
1.2989
1.33279
1.31577
1.39987
1.39976
1.39984
1.39992
1.39995
1.39995
1.39993
1.25907
1.27921
1.30822
1.31198
1.33613
1.39999
1.4
1.4
1.4
1.39999
1.39999
1.38691
1.37525
1.38025
1.3895
1.38032
1.37468
1.38578
1.38414
1.36968
1.34152
1.32973
1.22551
1.19986
1.22122
1.22571
1.27917
1.31213
1.25565
1.28739
1.31299
1.32747
1.34076
1.27583
1.26347
1.27419
1.30879
1.33518
1.39278
1.38164
1.38765
1.38917
1.39173
1.39429
1.39662
1.3952
1.25523
1.27484
1.28023
1.29344
1.32906
1.31059
1.31699
1.34437
1.37025
1.25711
1.27856
1.31169
1.28377
1.2951
1.31855
1.32849
1.34279
1.30959
1.34254
1.27422
1.29959
1.30888
1.32549
1.33763
1.34969
1.30196
1.23169
1.25716
1.19514
1.22696
1.22259
1.18727
1.19585
1.39999
1.39999
1.4
1.39999
1.4
1.4
1.4
1.4
1.29615
1.34139
1.33376
1.26566
1.19632
1.29064
1.27415
1.23942
1.26739
1.23472
1.38794
1.38401
1.39182
1.39508
1.39526
1.39728
1.1757
1.17363
1.39998
1.39998
1.39999
1.39999
1.39999
1.39262
1.39572
1.39765
1.39855
1.39907
1.39527
1.39763
1.39888
1.39885
1.39771
1.24452
1.26176
1.19967
1.23804
1.2296
1.27165
1.23791
1.33645
1.28171
1.31335
1.31666
1.2819
1.2621
1.28816
1.32124
1.33824
1.33651
1.35925
1.36133
1.32932
1.35337
1.36374
1.38023
1.38797
1.39995
1.39996
1.39998
1.39999
1.39998
1.39998
1.21351
1.18894
1.20378
1.22603
1.35252
1.38064
1.36495
1.37735
1.38494
1.38228
1.3065
1.31169
1.34801
1.34985
1.28644
1.29669
1.3213
1.19256
1.17055
1.16572
1.18114
1.1963
1.18364
1.18283
1.20215
1.20385
1.21536
1.23199
1.24556
1.20096
1.2185
1.19122
1.21658
1.38937
1.37868
1.36862
1.38707
1.38084
1.38886
1.37033
1.36444
1.37566
1.20642
1.18288
1.21439
1.20525
1.25025
1.24031
1.22856
1.24843
1.2173
1.3998
1.39976
1.39996
1.39993
1.3999
1.39988
1.39998
1.39998
1.25842
1.19643
1.22848
1.22645
1.1877
1.20239
1.39657
1.39368
1.39539
1.38941
1.39181
1.30148
1.22882
1.1904
1.20301
1.24407
1.25935
1.2233
1.20547
1.20103
1.38911
1.39421
1.3915
1.39568
1.22593
1.19676
1.20053
1.22495
1.248
1.27026
1.22702
1.24396
1.25454
1.22236
1.19936
1.18924
1.20214
1.26322
1.26188
1.20463
1.22384
1.27195
1.3332
1.33577
1.35359
1.30161
1.30534
1.1977
1.23882
1.25489
1.22606
1.20041
1.26994
1.33272
1.34373
1.3013
1.32989
1.39952
1.39992
1.39987
1.39866
1.39876
1.39938
1.39927
1.39965
1.39981
1.39964
1.19624
1.22401
1.24838
1.22129
1.23405
1.2487
1.20205
1.22578
1.22842
1.25263
1.18956
1.19997
1.20391
1.23245
1.33381
1.33583
1.35333
1.30227
1.30435
1.23471
1.1986
1.2421
1.22399
1.24908
1.2563
1.27341
1.23102
1.25608
1.18729
1.20019
1.19955
1.23879
1.23141
1.20123
1.24825
1.19796
1.22843
1.22321
1.18762
1.19932
1.30143
1.28759
1.24075
1.26973
1.18666
1.19277
1.20044
1.23163
1.23208
1.18818
1.20123
1.39562
1.39614
1.39764
1.3981
1.39866
1.39926
1.19685
1.23366
1.20024
1.22935
1.2538
1.26
1.27975
1.2307
1.18828
1.20042
1.19951
1.22268
1.24601
1.25146
1.27036
1.39904
1.39943
1.39939
1.39966
1.3997
1.3998
1.39979
1.39985
1.39985
1.38616
1.38595
1.39098
1.39487
1.38891
1.38763
1.39385
1.39297
1.39643
1.39804
1.39792
1.39459
1.39339
1.39067
1.29961
1.26202
1.19779
1.22768
1.22517
1.1867
1.19866
1.39646
1.39793
1.39902
1.39681
1.39804
1.39947
1.39922
1.39967
1.39962
1.38383
1.3791
1.38864
1.39786
1.39418
1.38979
1.24874
1.21931
1.20531
1.20957
1.19217
1.23508
1.24147
1.26
1.27702
1.28849
1.21061
1.23234
1.2943
1.23161
1.23671
1.2355
1.25745
1.39231
1.39509
1.39904
1.39696
1.39829
1.3954
1.39648
1.39936
1.39835
1.39901
1.39939
1.39905
1.37359
1.38285
1.3908
1.39108
1.37621
1.38274
1.39205
1.39307
1.20832
1.23424
1.25166
1.20059
1.22184
1.24128
1.20151
1.2001
1.22182
1.25132
1.2527
1.27407
1.19756
1.23556
1.18535
1.19761
1.22375
1.25044
1.25141
1.27085
1.18867
1.20333
1.24612
1.22515
1.25352
1.25896
1.27706
1.36332
1.31556
1.37698
1.36065
1.39994
1.39982
1.39979
1.24703
1.18574
1.20023
1.22303
1.22554
1.20236
1.39995
1.39998
1.2336
1.25205
1.23461
1.20849
1.23072
1.20514
1.23097
1.25285
1.1987
1.19607
1.23385
1.228
1.18519
1.19737
1.24963
1.26345
1.23115
1.20921
1.20589
1.19691
1.23141
1.18774
1.1985
1.2191
1.24893
1.24588
1.26838
1.39984
1.39983
1.39988
1.39985
1.39993
1.39991
1.36826
1.36581
1.38151
1.37991
1.3741
1.38616
1.39252
1.18853
1.20103
1.25318
1.22923
1.39721
1.39799
1.39703
1.39848
1.39874
1.39911
1.39938
1.37904
1.36381
1.35432
1.37957
1.38765
1.37726
1.38163
1.38848
1.39567
1.36746
1.38752
1.37779
1.38602
1.38528
1.38076
1.39497
1.39357
1.39282
1.3964
1.3636
1.36956
1.34985
1.36123
1.39994
1.39998
1.39996
1.39997
1.39999
1.39999
1.18789
1.19941
1.23357
1.20315
1.22427
1.24928
1.25014
1.27182
1.29282
1.30121
1.32126
1.33071
1.31005
1.28614
1.23008
1.25225
1.20394
1.20168
1.23203
1.22813
1.18994
1.20028
1.39999
1.39999
1.39999
1.4
1.39999
1.4
1.4
1.30247
1.33035
1.35673
1.35331
1.31312
1.31965
1.35172
1.37602
1.36898
1.39585
1.39645
1.39852
1.39927
1.39762
1.39872
1.27608
1.20172
1.24301
1.18477
1.39999
1.39999
1.4
1.18915
1.20224
1.25268
1.22982
1.39332
1.39451
1.38378
1.23589
1.27134
1.25575
1.28001
1.22131
1.24324
1.26736
1.39603
1.39746
1.39884
1.39922
1.39835
1.39916
1.26299
1.27115
1.30653
1.30337
1.33362
1.33124
1.34702
1.31512
1.24315
1.20621
1.20518
1.19316
1.22865
1.25134
1.25614
1.27862
1.39469
1.39648
1.39819
1.39885
1.39917
1.39651
1.3982
1.33978
1.38006
1.39305
1.23725
1.16528
1.18031
1.15711
1.36242
1.40029
1.35741
1.1953
1.2634
1.31089
1.23991
1.26202
1.20201
1.22861
1.20627
1.35951
1.37837
1.38674
1.3157
1.35053
1.34581
1.36604
1.36058
1.37544
1.38161
1.24173
1.20608
1.26994
1.20126
1.24367
1.25724
1.188
1.38627
1.38788
1.39363
1.39651
1.37362
1.37836
1.38199
1.38568
1.39236
1.38628
1.388
1.39082
1.39326
1.39466
1.27148
1.29753
1.25535
1.21706
1.24399
1.25138
1.27369
1.2152
1.19551
1.20741
1.39969
1.39962
1.39977
1.39953
1.39966
1.39975
1.39983
1.39981
1.29374
1.32235
1.32973
1.34597
1.34305
1.28791
1.28102
1.26009
1.3158
1.32016
1.33233
1.39416
1.39602
1.39768
1.39426
1.39605
1.39656
1.39793
1.39862
1.39873
1.39812
1.37379
1.37941
1.33553
1.35718
1.37615
1.37681
1.38371
1.38128
1.35895
1.3625
1.3417
1.3587
1.37708
1.35337
1.35094
1.37337
1.38449
1.25951
1.2009
1.23187
1.19308
1.35528
1.34867
1.35753
1.35083
1.36487
1.39993
1.39943
1.39974
1.39876
1.39952
1.39884
1.38623
1.3929
1.39129
1.39479
1.39401
1.3949
1.38481
1.39281
1.39593
1.39365
1.32825
1.34966
1.36928
1.34154
1.35252
1.36293
1.36875
1.21078
1.24384
1.19787
1.20656
1.23738
1.27823
1.26213
1.29184
1.31604
1.19166
1.20454
1.24065
1.20197
1.22656
1.25612
1.25509
1.28155
1.34075
1.35674
1.36068
1.37915
1.37986
1.35345
1.32594
1.3661
1.37545
1.35482
1.3213
1.34287
1.35682
1.35232
1.19959
1.18931
1.21923
1.2485
1.24634
1.26729
1.396
1.39707
1.39695
1.39861
1.3984
1.39825
1.39914
1.38592
1.39406
1.39986
1.39988
1.39995
1.39998
1.39995
1.19959
1.18543
1.22555
1.24912
1.25661
1.27405
1.1902
1.20173
1.23885
1.19999
1.23125
1.26036
1.25746
1.27985
1.35278
1.37163
1.34028
1.35179
1.35547
1.37086
1.37313
1.18959
1.15298
1.16236
1.38377
1.38937
1.39414
1.39158
1.39752
1.3971
1.39367
1.39527
1.33906
1.35765
1.31639
1.34669
1.33298
1.35096
1.39251
1.39092
1.34632
1.38421
1.38726
1.3865
1.38513
1.3827
1.39108
1.39041
1.39332
1.395
1.39998
1.39999
1.39999
1.37715
1.3849
1.3799
1.38106
1.38772
1.38939
1.39237
1.39081
1.39381
1.39473
1.39617
1.40263
1.31898
1.20266
1.40069
1.1966
1.35838
1.29083
1.38288
1.38686
1.38725
1.39245
1.39574
1.3951
1.39213
1.3967
1.32703
1.34512
1.34535
1.3661
1.3653
1.20244
1.19282
1.2307
1.25497
1.25873
1.27821
1.18548
1.19876
1.22814
1.19717
1.22476
1.24653
1.25423
1.27111
1.39817
1.39529
1.39624
1.39729
1.39727
1.39862
1.39855
1.39915
1.39906
1.39998
1.39993
1.39996
1.39997
1.39995
1.37512
1.39417
1.38092
1.3897
1.39106
1.38642
1.19073
1.19241
1.25643
1.2436
1.26874
1.22203
1.22423
1.37886
1.38503
1.38789
1.39275
1.39649
1.39313
1.39797
1.39682
1.20495
1.18504
1.20082
1.19812
1.23594
1.2638
1.28799
1.27475
1.23533
1.39225
1.39587
1.39373
1.39726
1.39686
1.39784
1.39593
1.39585
1.39796
1.39823
1.39899
1.39963
1.3662
1.34063
1.36008
1.36613
1.37382
1.38202
1.39961
1.39967
1.39978
1.19769
1.2968
1.2096
1.22951
1.24469
1.25221
1.27363
1.30022
1.28892
1.33555
1.3464
1.36576
1.37885
1.36888
1.34796
1.33708
1.36072
1.36639
1.37385
1.35318
1.37352
1.37299
1.38987
1.39585
1.39095
1.37742
1.38764
1.38626
1.35194
1.37486
1.36877
1.38131
1.39945
1.39961
1.39973
1.34146
1.35773
1.37612
1.35875
1.37586
1.38212
1.39732
1.39885
1.39717
1.39868
1.39586
1.39809
1.39879
1.39939
1.39917
1.32671
1.3455
1.36862
1.37567
1.38186
1.37338
1.35608
1.35805
1.19109
1.20727
1.20063
1.25775
1.25863
1.2814
1.23385
1.23052
1.36445
1.37579
1.37871
1.38518
1.38985
1.39202
1.34529
1.36959
1.33192
1.34771
1.34681
1.36947
1.36547
1.37878
1.38447
1.37721
1.19518
1.27617
1.20434
1.2053
1.26347
1.22922
1.23079
1.29512
1.27461
1.2776
1.20075
1.20165
1.25915
1.22868
1.22977
1.29322
1.27441
1.1988
1.20532
1.20971
1.243
1.26711
1.29498
1.24525
1.28819
1.26569
1.30602
1.26534
1.31613
1.29858
1.33171
1.39615
1.39714
1.39799
1.39837
1.39884
1.39911
1.3993
1.18286
1.28257
1.2475
1.25766
1.27511
1.22781
1.21583
1.28618
1.28661
1.27521
1.2994
1.30033
1.3414
1.33907
1.35872
1.32542
1.31767
1.34188
1.33533
1.35645
1.30609
1.32202
1.2709
1.29886
1.28956
1.27807
1.251
1.39935
1.39965
1.39965
1.39978
1.39984
1.32336
1.26438
1.29991
1.29163
1.3829
1.39281
1.39079
1.39477
1.34089
1.3578
1.37561
1.35579
1.37367
1.38564
1.39201
1.39846
1.39947
1.3994
1.39907
1.39366
1.39719
1.39787
1.39596
1.31615
1.33464
1.35256
1.32913
1.26893
1.30297
1.29715
1.39975
1.39942
1.39931
1.39976
1.39959
1.3999
1.39985
1.39765
1.39855
1.39968
1.39944
1.39877
1.39819
1.39891
1.39952
1.39948
1.39713
1.39809
1.39843
1.39866
1.39906
1.36773
1.37202
1.37793
1.38665
1.38633
1.35656
1.3593
1.37548
1.37544
1.38441
1.30644
1.25223
1.26623
1.32213
1.28896
1.31811
1.34588
1.36107
1.35274
1.37678
1.3774
1.38585
1.32488
1.34712
1.34493
1.36265
1.3615
1.36809
1.35817
1.37212
1.38495
1.37986
1.38886
1.39995
1.39992
1.39993
1.39965
1.39967
1.39976
1.39981
1.39986
1.39985
1.39988
1.39981
1.39987
1.39993
1.39994
1.38393
1.38729
1.38737
1.39265
1.39432
1.39616
1.38256
1.38347
1.38752
1.38671
1.39299
1.39314
1.39365
1.3959
1.39549
1.39722
1.3983
1.39846
1.39895
1.399
1.39779
1.39795
1.19219
1.17098
1.22997
1.19086
1.17757
1.25674
1.2697
1.23417
1.24918
1.22925
1.19913
1.19538
1.35037
1.37453
1.36805
1.38127
1.33331
1.35528
1.34526
1.31983
1.2668
1.30599
1.29225
1.25704
1.28235
1.29601
1.32598
1.35295
1.31393
1.32538
1.34346
1.34699
1.30316
1.25471
1.27393
1.31722
1.28887
1.33364
1.32088
1.26556
1.30338
1.29607
1.32708
1.33367
1.35856
1.37065
1.38022
1.35678
1.39999
1.4
1.4
1.39999
1.39999
1.39998
1.33038
1.34649
1.37135
1.38059
1.35086
1.37189
1.35479
1.32669
1.34193
1.36393
1.36875
1.37629
1.37759
1.38525
1.31001
1.23349
1.23837
1.25168
1.30461
1.33261
1.37246
1.38487
1.37407
1.39156
1.38104
1.39208
1.39994
1.39985
1.39978
1.39994
1.39989
1.39997
1.39988
1.39994
1.16993
1.18898
1.15783
1.20612
1.19594
1.39037
1.39456
1.39286
1.38578
1.39211
1.3975
1.39668
1.39577
1.38696
1.39309
1.38964
1.39491
1.38276
1.37957
1.39994
1.39991
1.39997
1.39999
1.39999
1.39995
1.39998
1.27677
1.27416
1.31269
1.34115
1.35868
1.33615
1.31239
1.34242
1.35181
1.3682
1.38657
1.38665
1.39379
1.39286
1.39573
1.39739
1.39946
1.399
1.38858
1.38985
1.39141
1.39401
1.39999
1.4
1.4
1.4
1.4
1.4
1.30992
1.27148
1.3046
1.29884
1.32338
1.26879
1.35735
1.36216
1.37606
1.37552
1.38557
1.19397
1.19647
1.18652
1.22256
1.22775
1.249
1.22784
1.25231
1.27058
1.37829
1.37386
1.3807
1.38794
1.38786
1.38869
1.39049
1.39444
1.3935
1.39337
1.39592
1.39591
1.39713
1.39985
1.39989
1.33335
1.34734
1.34584
1.36933
1.37864
1.36596
1.38189
1.38768
1.38923
1.30735
1.34198
1.33802
1.35659
1.3314
1.34489
1.34572
1.36374
1.3657
1.36857
1.38271
1.32924
1.3541
1.36554
1.34173
1.35489
1.36963
1.35113
1.37095
1.37878
1.38206
1.39124
1.39227
1.2953
1.25392
1.2898
1.30148
1.32128
1.36551
1.3779
1.38188
1.36384
1.32146
1.31982
1.3491
1.35882
1.34195
1.17352
1.15924
1.1662
1.19582
1.35724
1.35674
1.34897
1.36679
1.21802
1.23487
1.15638
1.16006
1.20901
1.35486
1.37205
1.38377
1.37267
1.1715
1.15944
1.15912
1.18826
1.18623
1.18887
1.16994
1.17588
1.17443
1.16449
1.16922
1.18913
1.16592
1.15338
1.17521
1.1601
1.16494
1.18867
1.16905
1.15604
1.2073
1.18985
1.20761
1.17097
1.19102
1.15424
1.16762
1.19132
1.17666
1.15952
1.17064
1.1694
1.18984
1.15597
1.17072
1.17513
1.21164
1.17731
1.17369
1.19843
1.22261
1.20985
1.16304
1.18903
1.15279
1.16733
1.17001
1.17065
1.17021
1.19609
1.15853
1.16492
1.16591
1.19016
1.16152
1.16083
1.18652
1.16741
1.16846
1.18837
1.15482
1.16989
1.18879
1.16886
1.15766
1.16965
1.15799
1.18285
1.16457
1.15191
1.16613
1.18793
1.17348
1.16775
1.15559
1.15858
1.18415
1.15321
1.16733
1.18876
1.17423
1.17089
1.15868
1.17154
1.18928
1.15922
1.17234
1.17487
1.18603
1.16006
1.16897
1.19036
1.15718
1.17128
1.18832
1.15995
1.17023
1.15682
1.38793
1.39041
1.39502
1.39651
1.1744
1.19404
1.15368
1.1689
1.39566
1.39571
1.39787
1.39775
1.39878
1.39947
1.39913
1.24112
1.23609
1.34521
1.36019
1.2872
1.32216
1.29762
1.33475
1.27026
1.33695
1.30008
1.38264
1.38219
1.38661
1.39252
1.39369
1.39593
1.2057
1.23481
1.21012
1.19685
1.14454
1.15567
1.39993
1.39994
1.39997
1.39996
1.39998
1.22229
1.27034
1.2325
1.2815
1.3021
1.17587
1.20096
1.16598
1.17856
1.18362
1.15668
1.17214
1.16697
1.15548
1.1611
1.18777
1.15179
1.16444
1.18982
1.17664
1.17231
1.15858
1.17152
1.16841
1.16562
1.1943
1.19392
1.17286
1.1523
1.16774
1.17135
1.15964
1.15635
1.18403
1.19
1.15571
1.18606
1.15962
1.17095
1.17414
1.19078
1.15896
1.17386
1.17553
1.19151
1.16237
1.17411
1.16847
1.19181
1.15907
1.17071
1.18431
1.15816
1.16887
1.15484
1.16969
1.17015
1.15627
1.15682
1.18061
1.18236
1.17348
1.19414
1.16436
1.17753
1.15842
1.16342
1.16541
1.1841
1.17395
1.19273
1.161
1.17368
1.22204
1.17755
1.16159
1.1612
1.18734
1.169
1.19161
1.15902
1.17189
1.1926
1.1598
1.1618
1.17626
1.17278
1.18846
1.15654
1.17103
1.37104
1.38361
1.38993
1.36851
1.37946
1.38663
1.1847
1.16095
1.15025
1.16695
1.36735
1.33081
1.34618
1.18786
1.18304
1.21148
1.17939
1.18111
1.21501
1.20844
1.22537
1.22781
1.21863
1.18849
1.20471
1.15373
1.16916
1.18579
1.16496
1.17149
1.16243
1.31405
1.34386
1.36746
1.35691
1.32168
1.1915
1.17197
1.15701
1.27436
1.26531
1.29302
1.3053
1.31893
1.32583
1.35148
1.35682
1.16674
1.16282
1.16435
1.1911
1.30711
1.31089
1.39939
1.39968
1.39988
1.3997
1.39995
1.3979
1.39884
1.39888
1.39921
1.39913
1.39834
1.33413
1.35054
1.36484
1.37572
1.38408
1.38042
1.39955
1.39984
1.39976
1.39973
1.39985
1.39985
1.17427
1.16876
1.17648
1.18977
1.39997
1.39983
1.3999
1.39992
1.39972
1.22724
1.17754
1.16356
1.16977
1.20069
1.33816
1.32323
1.33573
1.34425
1.35761
1.36186
1.35894
1.3795
1.18864
1.14669
1.15525
1.39999
1.39999
1.39998
1.39999
1.4
1.39999
1.4
1.4
1.4
1.31824
1.33284
1.35846
1.37127
1.2428
1.26247
1.29134
1.26081
1.29954
1.31764
1.33218
1.34005
1.38927
1.39894
1.39524
1.39372
1.3973
1.39794
1.18931
1.19241
1.4
1.4
1.4
1.4
1.34527
1.35854
1.24534
1.2656
1.30411
1.27516
1.30148
1.30688
1.32588
1.26861
1.3818
1.38984
1.38475
1.38064
1.3897
1.39244
1.39516
1.39428
1.39652
1.39243
1.39414
1.30364
1.26205
1.26371
1.29826
1.33019
1.29857
1.32334
1.31946
1.33806
1.34529
1.39865
1.39779
1.39757
1.39825
1.39916
1.39871
1.39991
1.39987
1.39995
1.39996
1.35986
1.37815
1.38749
1.34074
1.36099
1.36258
1.37695
1.37875
1.38831
1.38669
1.4
1.4
1.4
1.4
1.4
1.4
1.39992
1.39994
1.39994
1.39995
1.39991
1.31555
1.30957
1.27496
1.27656
1.30924
1.33531
1.3171
1.28062
1.29437
1.35503
1.32693
1.31536
1.32449
1.3441
1.33824
1.34318
1.36035
1.36608
1.36638
1.37356
1.37969
1.38201
1.27228
1.30382
1.30937
1.38556
1.39647
1.39249
1.39671
1.3093
1.2769
1.27234
1.31488
1.33221
1.35808
1.4
1.4
1.39999
1.39999
1.31185
1.33388
1.26834
1.31326
1.30369
1.31526
1.35827
1.33262
1.32717
1.36361
1.37476
1.15939
1.19067
1.16581
1.19328
1.17728
1.15024
1.16479
1.17425
1.19068
1.31266
1.27071
1.31344
1.30377
1.32745
1.32962
1.34206
1.38986
1.36501
1.37306
1.38028
1.36832
1.37869
1.38458
1.37952
1.27193
1.29993
1.32477
1.32643
1.3412
1.33382
1.26218
1.27683
1.31209
1.24213
1.26603
1.26258
1.29658
1.30765
1.3289
1.27561
1.2804
1.31296
1.3111
1.33179
1.33084
1.3561
1.35642
1.4
1.4
1.4
1.4
1.4
1.4
1.4
1.17503
1.17908
1.1948
1.23067
1.23159
1.20374
1.34379
1.35937
1.36325
1.36157
1.37577
1.3776
1.30166
1.26523
1.25182
1.27639
1.30437
1.32934
1.25997
1.26513
1.24616
1.26224
1.25725
1.29585
1.29689
1.28737
1.31376
1.3398
1.35614
1.37237
1.36806
1.26952
1.30138
1.33085
1.32942
1.34846
1.39924
1.39963
1.39948
1.39959
1.39978
1.39967
1.39989
1.39983
1.3992
1.39984
1.39966
1.27642
1.26557
1.31087
1.32529
1.26819
1.26587
1.24996
1.29835
1.29595
1.32108
1.32369
1.34034
1.25653
1.26874
1.29493
1.29926
1.31432
1.33614
1.3455
1.27891
1.20463
1.24642
1.21482
1.26611
1.27975
1.29651
1.3121
1.288
1.21377
1.25706
1.20969
1.25079
1.26726
1.25118
1.26818
1.26491
1.29742
1.29779
1.29866
1.31787
1.32902
1.34053
1.39582
1.39711
1.39834
1.3991
1.3974
1.39781
1.39885
1.3996
1.39956
1.39912
1.39941
1.39949
1.25066
1.26945
1.30215
1.30708
1.27015
1.2503
1.18635
1.16486
1.19072
1.15604
1.18087
1.14768
1.17541
1.39979
1.39945
1.39943
1.25293
1.33317
1.27324
1.30177
1.30667
1.27505
1.2558
1.24107
1.26057
1.2467
1.26097
1.29022
1.29494
1.31673
1.32978
1.33298
1.34242
1.35556
1.36567
1.3742
1.38347
1.34461
1.35137
1.3709
1.36595
1.38283
1.37651
1.39997
1.39995
1.39999
1.39998
1.39999
1.3513
1.36604
1.37325
1.3756
1.37381
1.3816
1.38148
1.37624
1.38911
1.38503
1.28096
1.27177
1.30187
1.31322
1.32752
1.32687
1.35537
1.35431
1.38376
1.38426
1.38828
1.39086
1.39268
1.39621
1.31678
1.23215
1.2329
1.26129
1.2935
1.23048
1.29411
1.25325
1.25772
1.29806
1.31694
1.31869
1.33096
1.31517
1.38695
1.35441
1.34073
1.37009
1.36253
1.37731
1.39998
1.39999
1.39997
1.4
1.39999
1.4
1.38016
1.35819
1.37763
1.34714
1.39233
1.39538
1.39745
1.3909
1.39429
1.39395
1.39695
1.39724
1.34758
1.37017
1.36561
1.37455
1.37981
1.37027
1.37814
1.37987
1.3906
1.39114
1.39169
1.39487
1.4
1.4
1.4
1.4
1.38391
1.3917
1.38453
1.39077
1.37881
1.39401
1.38958
1.39399
1.1852
1.20603
1.24224
1.25899
1.19805
1.2343
1.14096
1.13621
1.16226
1.17073
1.19219
1.22218
1.15181
1.19346
1.26856
1.24649
1.26066
1.30031
1.33126
1.30036
1.32425
1.34317
1.26829
1.25052
1.30037
1.30543
1.32701
1.32982
1.34113
1.26393
1.2473
1.2674
1.27324
1.30261
1.30253
1.30902
1.38866
1.3893
1.39377
1.39371
1.39656
1.24918
1.26756
1.29544
1.32163
1.35498
1.25345
1.28831
1.31599
1.31694
1.33605
1.3902
1.39679
1.39686
1.38309
1.39213
1.38841
1.38545
1.39079
1.37522
1.38154
1.38971
1.39285
1.38897
1.33016
1.33709
1.35031
1.30596
1.29732
1.3242
1.32029
1.35346
1.35298
1.30467
1.29877
1.27212
1.30501
1.32809
1.34296
1.32967
1.17749
1.1474
1.14988
1.39958
1.39868
1.39438
1.39856
1.39754
1.26902
1.21941
1.23303
1.24245
1.21887
1.20387
1.19636
1.29423
1.30192
1.31508
1.32001
1.29634
1.26063
1.27058
1.35713
1.32123
1.37086
1.34763
1.31826
1.29972
1.19697
1.18142
1.16929
1.26949
1.24869
1.26925
1.30406
1.30767
1.33504
1.37057
1.37354
1.38495
1.38352
1.37864
1.38937
1.38497
1.39142
1.25828
1.27536
1.26078
1.26771
1.30669
1.3328
1.36311
1.31305
1.33346
1.33521
1.36344
1.36303
1.39386
1.36222
1.37731
1.37088
1.38763
1.3855
1.23367
1.19153
1.19535
1.22775
1.20352
1.20216
1.23695
1.25739
1.23856
1.36187
1.37693
1.37839
1.38902
1.39346
1.39456
1.39622
1.38865
1.36091
1.35134
1.3664
1.37886
1.37159
1.27505
1.25453
1.27573
1.31121
1.31526
1.33883
1.19622
1.2288
1.25725
1.195
1.23869
1.23478
1.1792
1.1832
1.19577
1.35689
1.37516
1.37995
1.19907
1.20227
1.23396
1.26585
1.28701
1.27961
1.21569
1.18684
1.22485
1.2015
1.21643
1.22472
1.18767
1.19527
1.23714
1.19394
1.20153
1.23481
1.23048
1.25534
1.18757
1.19873
1.27819
1.31004
1.33215
1.32164
1.35619
1.35191
1.24834
1.27045
1.30205
1.32474
1.34225
1.31686
1.27649
1.31104
1.32881
1.33552
1.2239
1.18138
1.18622
1.19681
1.25643
1.19565
1.19708
1.23843
1.23512
1.39152
1.39603
1.39741
1.39852
1.39784
1.3945
1.25885
1.20949
1.23484
1.209
1.19859
1.24592
1.27438
1.26039
1.30509
1.28983
1.27586
1.35605
1.30943
1.32955
1.32118
1.35525
1.3519
1.29997
1.22221
1.27643
1.28964
1.31726
1.27825
1.28885
1.32
1.33983
1.36735
1.21648
1.2172
1.18367
1.18685
1.22013
1.20599
1.23383
1.25415
1.22718
1.36689
1.37438
1.37574
1.39964
1.39984
1.39852
1.39935
1.39918
1.39943
1.4
1.4
1.4
1.4
1.4
1.4
1.27644
1.30857
1.32885
1.35327
1.32793
1.33751
1.35611
1.35281
1.28574
1.31991
1.34137
1.21584
1.18452
1.18826
1.21867
1.20591
1.2311
1.25423
1.22847
1.21663
1.2131
1.17734
1.18369
1.21562
1.19806
1.22632
1.2529
1.22314
1.2306
1.20003
1.22498
1.25219
1.19598
1.18483
1.19825
1.18569
1.19492
1.2315
1.22968
1.29152
1.18236
1.18819
1.1983
1.19854
1.22891
1.2415
1.26547
1.18717
1.18196
1.21704
1.23296
1.25756
1.20877
1.23183
1.18284
1.18881
1.19763
1.23948
1.19867
1.23208
1.19991
1.20643
1.23629
1.23731
1.2595
1.39963
1.39929
1.39947
1.39986
1.39981
1.39996
1.3999
1.39997
1.39836
1.39728
1.39866
1.39803
1.39926
1.39945
1.1814
1.19356
1.23222
1.1848
1.19167
1.22541
1.19984
1.1975
1.23091
1.23166
1.25445
1.29131
1.18511
1.1914
1.19975
1.19816
1.23008
1.24669
1.2669
1.19524
1.23112
1.19868
1.23212
1.22178
1.25124
1.18093
1.19261
1.22413
1.19206
1.18711
1.19565
1.22809
1.19989
1.22514
1.23059
1.2493
1.19693
1.18565
1.24672
1.26776
1.30348
1.32556
1.34008
1.26321
1.29789
1.32256
1.32362
1.34245
1.34631
1.20424
1.24499
1.21646
1.26353
1.25439
1.19412
1.22466
1.18706
1.19611
1.22936
1.20065
1.22544
1.23278
1.25047
1.19725
1.18478
1.18473
1.18741
1.22043
1.19953
1.22806
1.25083
1.22279
1.26449
1.20175
1.23074
1.2581
1.19914
1.23765
1.18227
1.1868
1.19657
1.23633
1.18358
1.23062
1.1972
1.18168
1.37516
1.37451
1.38523
1.38647
1.38859
1.39034
1.39221
1.39377
1.36818
1.37869
1.37095
1.38001
1.3875
1.38904
1.23646
1.20459
1.23281
1.25665
1.18339
1.20147
1.18674
1.22914
1.1954
1.39755
1.39854
1.39926
1.20381
1.23687
1.20164
1.23957
1.20337
1.2375
1.23151
1.25901
1.18277
1.1978
1.34963
1.35102
1.36439
1.36861
1.38243
1.38445
1.39989
1.39981
1.39976
1.39983
1.39741
1.39706
1.39884
1.39882
1.39934
1.18851
1.1947
1.23123
1.23298
1.25856
1.1993
1.18171
1.21909
1.23091
1.18075
1.18675
1.19964
1.20422
1.23656
1.25794
1.22842
1.18041
1.26749
1.17593
1.24581
1.19762
1.19927
1.23733
1.19272
1.20304
1.23458
1.24011
1.25765
1.20639
1.1865
1.34401
1.33383
1.36284
1.35902
1.37268
1.37288
1.36398
1.37367
1.38611
1.38497
1.1962
1.17803
1.18516
1.19289
1.23453
1.23221
1.19322
1.20196
1.23487
1.23576
1.25731
1.19673
1.17999
1.1862
1.20638
1.24217
1.23334
1.19678
1.20364
1.23448
1.24174
1.25997
1.4
1.4
1.4
1.4
1.4
1.4
1.39979
1.39991
1.39989
1.39996
1.39996
1.18665
1.19884
1.22939
1.20347
1.18585
1.23545
1.2032
1.23129
1.25708
1.34662
1.37877
1.36781
1.33931
1.36383
1.37383
1.35068
1.29487
1.30901
1.39701
1.39839
1.39815
1.39901
1.39904
1.39934
1.39941
1.22547
1.18133
1.18671
1.19669
1.19424
1.2257
1.25213
1.22414
1.39574
1.39756
1.38282
1.39249
1.39654
1.32566
1.342
1.35819
1.35285
1.36483
1.36405
1.39941
1.39928
1.3993
1.38225
1.39522
1.38057
1.38483
1.3909
1.38975
1.19491
1.20001
1.20729
1.23947
1.26515
1.2431
1.25398
1.30586
1.29826
1.38321
1.39182
1.39514
1.39057
1.39135
1.39427
1.393
1.39511
1.17764
1.18448
1.21835
1.18615
1.19988
1.22255
1.25568
1.27698
1.23623
1.25796
1.3651
1.36418
1.37569
1.38379
1.37766
1.30457
1.33912
1.3803
1.31928
1.3392
1.3496
1.31568
1.35965
1.34169
1.36402
1.37365
1.38496
1.36328
1.36682
1.37498
1.37944
1.38392
1.20531
1.25336
1.20785
1.24937
1.27587
1.24873
1.20416
1.18978
1.35094
1.37048
1.38126
1.39999
1.39998
1.39999
1.4
1.39999
1.4
1.39999
1.39999
1.39999
1.4
1.4
1.37221
1.33627
1.36625
1.31791
1.37753
1.19706
1.19761
1.22909
1.18524
1.18256
1.19021
1.22585
1.25272
1.22986
1.26922
1.28236
1.28129
1.31411
1.33487
1.36098
1.17897
1.18697
1.19548
1.2048
1.235
1.24034
1.26032
1.18929
1.20613
1.20898
1.24233
1.2458
1.2651
1.34487
1.28874
1.36759
1.37033
1.25551
1.18549
1.22039
1.23826
1.19174
1.2007
1.23993
1.20428
1.17887
1.18581
1.19571
1.20399
1.23221
1.23851
1.25736
1.20486
1.23601
1.20682
1.19117
1.25348
1.27134
1.17245
1.1811
1.19524
1.234
1.19653
1.2338
1.18922
1.20043
1.2351
1.23605
1.26103
1.18814
1.20238
1.22974
1.26292
1.20147
1.17982
1.23419
1.24056
1.20249
1.39779
1.39671
1.39446
1.39678
1.39693
1.39823
1.39882
1.39793
1.19898
1.23077
1.26058
1.18202
1.19991
1.2402
1.23871
1.19808
1.39651
1.39743
1.39832
1.39855
1.39813
1.39875
1.39919
1.39863
1.39929
1.39901
1.39941
1.37876
1.37778
1.38559
1.38561
1.37189
1.35674
1.33094
1.34485
1.36054
1.3698
1.37494
1.36702
1.38717
1.3922
1.38285
1.36575
1.36758
1.34874
1.34147
1.4
1.4
1.4
1.4
1.22522
1.24125
1.31834
1.29358
1.30475
1.25329
1.27566
1.25683
1.37628
1.37733
1.39486
1.38326
1.37954
1.39236
1.38811
1.39396
1.36793
1.37374
1.36469
1.37302
1.3783
1.39339
1.26434
1.17315
1.17217
1.13848
1.1407
1.40137
1.1885
1.26353
1.34626
1.18792
1.20152
1.23765
1.23983
1.26647
1.19953
1.18298
1.18044
1.20522
1.21246
1.23864
1.24215
1.26018
1.28322
1.36139
1.35019
1.36844
1.36376
1.37494
1.34737
1.20837
1.24129
1.26667
1.20224
1.1859
1.2423
1.18883
1.20311
1.20387
1.23421
1.23884
1.25793
1.17734
1.19292
1.20157
1.23606
1.23915
1.2619
1.37266
1.33687
1.36676
1.37684
1.31881
1.18786
1.17935
1.22973
1.20046
1.25996
1.19769
1.23881
1.23739
1.21204
1.21759
1.15437
1.1342
1.39973
1.39978
1.39983
1.3999
1.39987
1.39981
1.39992
1.39965
1.39953
1.39982
1.39983
1.39994
1.25306
1.22183
1.21848
1.25425
1.31434
1.27562
1.29416
1.31931
1.32503
1.33204
1.18864
1.20834
1.253
1.19759
1.18727
1.21766
1.23257
1.2502
1.27852
1.26855
1.17666
1.19395
1.20265
1.2321
1.23906
1.25766
1.4
1.4
1.4
1.4
1.39088
1.38078
1.38148
1.37377
1.38794
1.38832
1.34183
1.36608
1.33412
1.32323
1.36025
1.34712
1.36523
1.19927
1.22234
1.18573
1.18284
1.22706
1.20127
1.20502
1.20905
1.23279
1.23676
1.25839
1.3921
1.39106
1.39662
1.39828
1.3947
1.39743
1.39488
1.39733
1.18666
1.188
1.17151
1.19141
1.23715
1.25537
1.27754
1.26392
1.23999
1.19173
1.27135
1.22853
1.21433
1.18931
1.23248
1.20902
1.2641
1.27277
1.23181
1.24784
1.24256
1.31986
1.31875
1.3381
1.28072
1.27796
1.39918
1.39885
1.39927
1.39954
1.39962
1.39964
1.39974
1.39742
1.39769
1.39889
1.39924
1.39946
1.39955
1.39875
1.39888
1.39701
1.39718
1.39864
1.39835
1.3991
1.18742
1.18426
1.23025
1.20291
1.19033
1.19453
1.24009
1.26466
1.27686
1.23775
1.2563
1.39073
1.39366
1.37997
1.38495
1.38734
1.39994
1.39996
1.39998
1.39999
1.39651
1.39831
1.39362
1.39624
1.39644
1.39817
1.39815
1.3989
1.3365
1.3237
1.34621
1.36573
1.36959
1.22238
1.25541
1.28397
1.27117
1.31206
1.32036
1.33043
1.33577
1.3764
1.38147
1.3892
1.39361
1.39582
1.39435
1.38932
1.38993
1.39385
1.39245
1.39613
1.38977
1.38737
1.38618
1.4
1.4
1.4
1.4
1.39881
1.39627
1.39844
1.399
1.38918
1.39371
1.39604
1.39803
1.3959
1.39696
1.39695
1.39821
1.39837
1.3999
1.39996
1.39995
1.39997
1.39992
1.39999
1.37265
1.38166
1.39996
1.39998
1.3994
1.39971
1.39988
1.39972
1.39969
1.39987
1.39988
1.39993
1.36416
1.39176
1.3745
1.3864
1.39436
1.39245
1.39607
1.10996
1.1198
1.31927
1.33707
1.33941
1.33553
1.3636
1.36265
1.36358
1.17497
1.12696
1.15131
1.2185
1.26696
1.29257
1.20677
1.27841
1.39216
1.39476
1.39887
1.39787
1.39761
1.3956
1.3954
1.3981
1.39778
1.39927
1.39923
1.3986
1.39925
1.3991
1.18592
1.18254
1.19807
1.27439
1.2767
1.30749
1.32471
1.23032
1.2801
1.30907
1.28172
1.35198
1.31753
1.29844
1.1924
1.20221
1.20519
1.29525
1.2721
1.25283
1.2537
1.28314
1.29898
1.28222
1.16402
1.12316
1.12164
1.16996
1.13404
1.14579
1.12208
1.17317
1.12305
1.3958
1.39789
1.24586
1.18964
1.16656
1.16314
1.12099
1.10867
1.12935
1.14318
1.11516
1.16636
1.12546
1.21287
1.14141
1.11314
1.17784
1.13904
1.13829
1.11657
1.17054
1.13594
1.16916
1.13672
1.11809
1.17017
1.13713
1.16595
1.13669
1.11234
1.13273
1.21753
1.12398
1.10571
1.17691
1.14072
1.16701
1.13369
1.1183
1.15463
1.12229
1.16408
1.13236
1.11791
1.1653
1.1319
1.1585
1.13531
1.08823
1.16291
1.13217
1.13687
1.11548
1.16961
1.1386
1.14089
1.1151
1.14433
1.21896
1.16502
1.13475
1.11213
1.15727
1.13412
1.16601
1.14019
1.11297
1.15297
1.12927
1.16675
1.13396
1.11287
1.1383
1.22002
1.16378
1.12879
1.11462
1.16177
1.13045
1.22682
1.17049
1.13079
1.11839
1.1649
1.13363
1.15313
1.1183
1.11021
1.13768
1.22561
1.17247
1.12914
1.12368
1.16808
1.13301
1.22102
1.16171
1.132
1.10753
1.15686
1.13657
1.17295
1.13595
1.12716
1.17131
1.1352
1.13683
1.11832
1.18278
1.1418
1.21671
1.14334
1.11282
1.16755
1.12663
1.22505
1.16731
1.1307
1.11707
1.16575
1.13062
1.13476
1.12209
1.13323
1.17233
1.17477
1.39909
1.39728
1.39485
1.39883
1.39828
1.39731
1.16879
1.19185
1.1882
1.23522
1.23363
1.17106
1.19909
1.14015
1.12844
1.39981
1.39991
1.39986
1.39995
1.39993
1.15907
1.12924
1.10656
1.13528
1.16413
1.1655
1.13361
1.1145
1.13775
1.1701
1.13721
1.12073
1.1688
1.13126
1.13202
1.10948
1.16752
1.13021
1.12532
1.10837
1.16384
1.11907
1.16287
1.12055
1.12031
1.16491
1.13328
1.16809
1.13722
1.1161
1.14223
1.16374
1.13145
1.11327
1.14016
1.1662
1.13292
1.1202
1.16363
1.13089
1.16588
1.13594
1.10519
1.13159
1.2349
1.24156
1.33074
1.27596
1.30461
1.31081
1.28674
1.31642
1.26548
1.2732
1.23738
1.16963
1.13088
1.11224
1.17473
1.13551
1.16497
1.1324
1.11959
1.16553
1.13288
1.13608
1.11318
1.16644
1.13543
1.13148
1.11404
1.16401
1.12398
1.16376
1.11996
1.12375
1.16918
1.138
1.16558
1.13275
1.1243
1.16873
1.13825
1.17203
1.14243
1.12378
1.16776
1.1327
1.16613
1.13387
1.11851
1.16293
1.12982
1.16231
1.13072
1.11922
1.16376
1.13279
1.16442
1.13306
1.119
1.16278
1.13278
1.14203
1.11479
1.16353
1.12859
1.1638
1.12624
1.10636
1.13404
1.1646
1.13474
1.11907
1.16167
1.13051
1.13297
1.14144
1.10946
1.1605
1.15616
1.13557
1.13551
1.117
1.16913
1.16614
1.18161
1.13517
1.13046
1.18666
1.14929
1.34036
1.34801
1.36984
1.33307
1.36994
1.37522
1.34852
1.13185
1.1315
1.39898
1.3993
1.39872
1.39937
1.39923
1.39947
1.13677
1.10772
1.13825
1.39036
1.38173
1.39307
1.39672
1.39706
1.39298
1.39068
1.3652
1.34467
1.36618
1.3663
1.34343
1.16368
1.13622
1.11126
1.12553
1.37787
1.38577
1.16112
1.26479
1.34318
1.40144
1.15012
1.19785
1.2553
1.2522
1.2857
1.34471
1.3593
1.36847
1.39623
1.39781
1.3978
1.39895
1.39934
1.372
1.39148
1.39142
1.38353
1.38419
1.38695
1.38247
1.36578
1.3499
1.38024
1.36296
1.37739
1.39144
1.39036
1.3945
1.39703
1.39067
1.39397
1.39639
1.39381
1.39645
1.33536
1.32276
1.29652
1.26534
1.30889
1.27945
1.30244
1.16365
1.12966
1.12496
1.12206
1.11329
1.17291
1.1461
1.37292
1.38212
1.34555
1.28146
1.36039
1.35446
1.34247
1.32618
1.28639
1.28045
1.29599
1.32309
1.31248
1.3429
1.34354
1.3567
1.34039
1.33795
1.32205
1.36673
1.36606
1.37255
1.11768
1.11043
1.17095
1.29664
1.2697
1.28324
1.31791
1.33178
1.26503
1.30159
1.38274
1.38939
1.39385
1.39395
1.39634
1.39663
1.35984
1.33082
1.34423
1.35851
1.37178
1.35842
1.3299
1.34297
1.36584
1.36493
1.37276
1.36676
1.37801
1.35146
1.35849
1.39069
1.38795
1.36498
1.34344
1.37513
1.36374
1.36363
1.36675
1.36994
1.37519
1.38821
1.32657
1.3434
1.34536
1.36407
1.36385
1.37465
1.4
1.4
1.4
1.4
1.4
1.4
1.4
1.4
1.4
1.30674
1.25079
1.27076
1.30582
1.30661
1.2736
1.17352
1.21533
1.20951
1.2811
1.27586
1.29886
1.3639
1.35231
1.37197
1.37868
1.21812
1.24576
1.25686
1.22531
1.17469
1.19594
1.11694
1.10496
1.17612
1.34377
1.36538
1.37776
1.09813
1.22843
1.1135
1.1868
1.11918
1.18196
1.16531
1.10541
1.10475
1.17164
1.10294
1.1122
1.16839
1.16569
1.10362
1.10935
1.09453
1.10152
1.16478
1.10598
1.16838
1.17509
1.114
1.10218
1.10542
1.10061
1.16209
1.09624
1.10208
1.103
1.10465
1.10967
1.17046
1.09685
1.09862
1.34315
1.328
1.36367
1.36661
1.37604
1.10223
1.39946
1.39864
1.39717
1.39582
1.39746
1.39777
1.3989
1.39902
1.39931
1.39965
1.25975
1.26238
1.26851
1.28213
1.2699
1.31489
1.30618
1.306
1.33348
1.34188
1.32425
1.33795
1.35956
1.33944
1.32335
1.36679
1.37771
1.34312
1.36519
1.37613
1.36098
1.37557
1.39758
1.39885
1.39374
1.3946
1.398
1.39899
1.09782
1.0954
1.15843
1.17717
1.11769
1.10216
1.0989
1.16374
1.10026
1.16565
1.10131
1.1025
1.17148
1.10693
1.1686
1.10782
1.09817
1.16911
1.10625
1.09828
1.10369
1.1617
1.10462
1.16512
1.10282
1.1081
1.09991
1.0955
1.09805
1.10714
1.16761
1.16577
1.1034
1.10152
1.10164
1.09749
1.10088
1.15298
1.20017
1.17174
1.08967
1.08175
1.18461
1.21521
1.26182
1.20184
1.2628
1.28977
1.34651
1.36533
1.37676
1.38959
1.09327
1.12656
1.28565
1.31404
1.33036
1.28051
1.27202
1.30889
1.30081
1.3994
1.39925
1.39973
1.39972
1.39986
1.39977
1.39993
1.3999
1.14659
1.1086
1.1257
1.25927
1.26655
1.2804
1.26812
1.31518
1.30923
1.33336
1.33122
1.35863
1.33004
1.35096
1.33172
1.29969
1.35693
1.27072
1.27195
1.29102
1.3096
1.32029
1.35221
1.34524
1.36432
1.35505
1.36795
1.26052
1.26263
1.28038
1.26607
1.29935
1.31339
1.33047
1.25601
1.26367
1.27493
1.26505
1.31413
1.30899
1.33224
1.26326
1.22163
1.14824
1.1904
1.23909
1.20792
1.39952
1.39975
1.39985
1.3997
1.39949
1.39961
1.39979
1.31092
1.2665
1.28319
1.31315
1.33231
1.26588
1.30305
1.12905
1.11857
1.11243
1.14968
1.16177
1.2033
1.20845
1.31324
1.36962
1.31238
1.33215
1.35469
1.37288
1.37823
1.37756
1.38748
1.3898
1.3823
1.39952
1.3998
1.39949
1.39974
1.33149
1.30143
1.34402
1.3567
1.37299
1.38694
1.37995
1.38318
1.26965
1.30076
1.32585
1.30641
1.2502
1.25728
1.2733
1.30643
1.33316
1.16605
1.10244
1.10806
1.20013
1.19702
1.1859
1.24412
1.24471
1.2937
1.37626
1.38016
1.38877
1.38648
1.38525
1.39127
1.39094
1.1865
1.10961
1.11982
1.29828
1.33117
1.33627
1.2958
1.27277
1.39836
1.39744
1.39492
1.39069
1.39281
1.3954
1.39306
1.38703
1.38634
1.25985
1.28482
1.27503
1.31884
1.30842
1.33657
1.2664
1.27029
1.33423
1.30989
1.30628
1.26648
1.29072
1.29886
1.32459
1.33445
1.26034
1.27035
1.31386
1.28198
1.3387
1.31972
1.33362
1.31021
1.30317
1.4
1.4
1.4
1.4
1.4
1.4
1.38702
1.38852
1.37639
1.37824
1.39237
1.3942
1.39746
1.38017
1.36817
1.38741
1.39248
1.39236
1.38392
1.38607
1.39006
1.38994
1.3949
1.39499
1.39811
1.39787
1.39835
1.39879
1.3991
1.3993
1.29747
1.33525
1.30233
1.35738
1.34014
1.39988
1.39994
1.39992
1.39996
1.39995
1.39997
1.36785
1.37949
1.38859
1.39087
1.38063
1.39109
1.38288
1.39473
1.39036
1.26456
1.26182
1.29033
1.32083
1.31035
1.27952
1.33791
1.2817
1.3263
1.27181
1.29962
1.3334
1.29049
1.33391
1.39287
1.37668
1.38377
1.37591
1.38903
1.39499
1.18757
1.23424
1.26493
1.26169
1.14094
1.17178
1.17883
1.23104
1.23566
1.27529
1.26736
1.2767
1.28836
1.32626
1.31507
1.34854
1.38359
1.32142
1.29317
1.354
1.32413
1.35962
1.37473
1.3794
1.36238
1.39176
1.39278
1.38886
1.37898
1.38693
1.388
1.37341
1.187
1.23395
1.26749
1.26494
1.14377
1.17413
1.18154
1.2354
1.24114
1.37393
1.38238
1.38489
1.31412
1.2722
1.28202
1.26972
1.28583
1.30652
1.27846
1.31685
1.35033
1.33128
1.33512
1.08842
1.10497
1.31688
1.28461
1.24163
1.27156
1.27341
1.31649
1.28333
1.27321
1.28552
1.31984
1.35284
1.34117
1.33753
1.33736
1.37209
1.35412
1.36417
1.38556
1.38279
1.39969
1.39946
1.39948
1.39971
1.39973
1.39984
1.39983
1.39993
1.39993
1.27262
1.29438
1.29387
1.31868
1.34063
1.35208
1.33606
1.35797
1.36428
1.34826
1.31164
1.28058
1.27139
1.27974
1.31321
1.34709
1.33592
1.33156
1.39598
1.39649
1.39866
1.39839
1.39523
1.39721
1.37486
1.38229
1.38126
1.38496
1.388
1.39422
1.39472
1.39649
1.38877
1.39037
1.29725
1.30023
1.26362
1.21416
1.21373
1.27979
1.37774
1.38262
1.38802
1.39013
1.39248
1.39061
1.39556
1.39999
1.39997
1.39997
1.39998
1.39999
1.39997
1.39999
1.39999
1.39999
1.39999
1.39999
1.4
1.39999
1.3701
1.38065
1.39159
1.38236
1.39227
1.39263
1.26083
1.2088
1.26095
1.26962
1.17646
1.22647
1.14616
1.1663
1.24483
1.21446
1.21212
1.34485
1.35893
1.36486
1.38024
1.37401
1.30702
1.29445
1.33572
1.36496
1.36349
1.33644
1.39926
1.39984
1.3996
1.39977
1.39957
1.39979
1.25068
1.263
1.29503
1.32721
1.30328
1.30238
1.28359
1.27714
1.30774
1.30471
1.31571
1.33838
1.35008
1.32841
1.30247
1.26182
1.32952
1.3337
1.28372
1.27976
1.32115
1.31785
1.09378
1.17505
1.11078
1.31306
1.28272
1.27268
1.28333
1.31936
1.34997
1.34065
1.336
1.38207
1.39106
1.3923
1.39777
1.398
1.39867
1.39887
1.39929
1.39942
1.39936
1.39961
1.39958
1.36271
1.37296
1.3872
1.38555
1.38359
1.36989
1.37581
1.32418
1.33686
1.34976
1.36317
1.36982
1.39947
1.39949
1.39969
1.39971
1.33432
1.27743
1.26578
1.29413
1.28313
1.32628
1.31294
1.39972
1.39971
1.39975
1.36646
1.38677
1.37755
1.38169
1.39035
1.37864
1.39363
1.39565
1.39349
1.38935
1.33271
1.27064
1.30305
1.2442
1.32745
1.33142
1.2938
1.30905
1.22551
1.26565
1.26583
1.30053
1.27755
1.25976
1.2793
1.31579
1.34005
1.32955
1.3293
1.3533
1.3294
1.34405
1.35138
1.37423
1.37009
1.37351
1.37412
1.39999
1.39995
1.39991
1.39994
1.39998
1.39998
1.39987
1.39993
1.39997
1.4
1.4
1.4
1.4
1.4
1.4
1.4
1.4
1.4
1.15017
1.18798
1.24567
1.17558
1.18425
1.20245
1.23943
1.24476
1.26692
1.38924
1.37967
1.38029
1.39013
1.39322
1.38899
1.37332
1.36387
1.37849
1.3886
1.38789
1.39251
1.23438
1.27371
1.2663
1.30402
1.27801
1.26654
1.28655
1.32414
1.34276
1.33625
1.33438
1.39995
1.39998
1.39992
1.39996
1.39999
1.39997
1.39999
1.39999
1.14826
1.14597
1.18737
1.05784
1.06198
1.18352
1.24187
1.14108
1.17576
1.18355
1.23252
1.23926
1.36595
1.33569
1.34285
1.36578
1.37809
1.3764
1.38905
1.38939
1.14126
1.17935
1.22714
1.16257
1.17899
1.22428
1.22983
1.18901
1.24212
1.18318
1.23611
1.24502
1.14818
1.1752
1.38207
1.3827
1.37582
1.38569
1.3282
1.34189
1.35272
1.36526
1.37073
1.37893
1.39737
1.39422
1.39845
1.39849
1.39919
1.39409
1.39628
1.39696
1.39758
1.18618
1.24055
1.1798
1.237
1.24835
1.14901
1.17651
1.31486
1.16322
1.22519
1.26979
1.17853
1.23808
1.17988
1.24396
1.26622
1.27909
1.31855
1.28861
1.33156
1.34138
1.35398
1.34718
1.31161
1.31969
1.39959
1.39979
1.39962
1.39975
1.39975
1.39984
1.39984
1.13498
1.17725
1.22898
1.15629
1.17551
1.22408
1.23397
1.07794
1.07344
1.1334
1.34055
1.35479
1.31601
1.29893
1.31152
1.3391
1.1797
1.24041
1.18748
1.23973
1.24959
1.1508
1.17737
1.39166
1.37359
1.38059
1.3845
1.38635
1.24609
1.20971
1.20726
1.31049
1.2945
1.32659
1.25761
1.29903
1.30356
1.39952
1.39969
1.39982
1.39996
1.39991
1.39997
1.39986
1.13898
1.18634
1.24322
1.17172
1.18348
1.23773
1.24499
1.39947
1.39974
1.39985
1.39974
1.20343
1.2587
1.28063
1.15285
1.18723
1.18735
1.24107
1.24068
1.39475
1.39762
1.39768
1.39321
1.39576
1.39111
1.39447
1.39654
1.39727
1.37588
1.38013
1.3876
1.38934
1.36604
1.36445
1.4
1.4
1.4
1.4
1.4
1.4
1.4
1.4
1.4
1.4
1.4
1.4
1.18271
1.24898
1.14225
1.1764
1.19125
1.24079
1.24914
1.25604
1.265
1.27728
1.27661
1.26545
1.31783
1.34869
1.31383
1.31117
1.34644
1.33227
1.35376
1.4
1.4
1.1918
1.24835
1.15189
1.18161
1.18262
1.2389
1.23717
1.23956
1.28044
1.31375
1.32594
1.26892
1.29471
1.19663
1.27128
1.14783
1.19365
1.1867
1.25738
1.23972
1.28255
1.34007
1.37745
1.3635
1.35399
1.3769
1.37158
1.37945
1.38652
1.38515
1.3253
1.339
1.35512
1.35708
1.37241
1.36052
1.38255
1.37719
1.18681
1.14405
1.17145
1.18324
1.23638
1.24812
1.24016
1.2713
1.31012
1.28704
1.27855
1.29111
1.32448
1.33984
1.34368
1.33159
1.26334
1.26917
1.28419
1.31997
1.32949
1.33936
1.33128
1.31377
1.31483
1.2627
1.28926
1.31353
1.28576
1.32485
1.34215
1.18939
1.13853
1.17332
1.18097
1.24216
1.24594
1.36963
1.35104
1.33187
1.18874
1.24355
1.17777
1.23569
1.24232
1.1481
1.17348
1.16048
1.20213
1.20464
1.25618
1.26052
1.28866
1.39989
1.39993
1.39995
1.39998
1.39997
1.39999
1.39999
1.39999
1.33711
1.32243
1.36005
1.36004
1.37574
1.35704
1.35553
1.18863
1.23475
1.27013
1.26872
1.13986
1.17238
1.18273
1.24283
1.24818
1.27304
1.30198
1.28405
1.28728
1.32511
1.33812
1.33527
1.33108
1.1869
1.24039
1.13311
1.17066
1.18064
1.24259
1.24884
1.27282
1.27215
1.19562
1.24254
1.14204
1.17843
1.18418
1.24571
1.24931
1.29976
1.29439
1.19144
1.2377
1.27082
1.27023
1.14154
1.17526
1.18465
1.24464
1.25003
1.19102
1.24047
1.27268
1.27223
1.13761
1.17597
1.18362
1.24543
1.2502
1.38159
1.38694
1.37189
1.38351
1.27412
1.31232
1.28313
1.28887
1.32143
1.33839
1.18428
1.23982
1.2705
1.14083
1.17312
1.18393
1.23872
1.24743
1.31442
1.31835
1.35685
1.35734
1.37149
1.18546
1.24037
1.13344
1.1696
1.18095
1.24176
1.24793
1.27249
1.27111
1.1859
1.13419
1.1736
1.19195
1.24478
1.25034
1.27614
1.3092
1.28453
1.29147
1.32827
1.34064
1.33989
1.33039
1.24225
1.16071
1.19758
1.33125
1.28565
1.30434
1.27257
1.19248
1.26505
1.39391
1.38936
1.38941
1.39324
1.3946
1.39622
1.39387
1.18615
1.23838
1.27473
1.27284
1.13606
1.17135
1.18245
1.24369
1.25144
1.18159
1.2457
1.23346
1.27374
1.15219
1.1827
1.18708
1.2397
1.13474
1.17228
1.18246
1.24379
1.25002
1.27338
1.27253
1.14364
1.18293
1.17974
1.05645
1.10756
1.05837
1.06051
1.18624
1.23804
1.1495
1.17847
1.24054
1.2353
1.27011
1.1736
1.23909
1.274
1.27567
1.30965
1.28123
1.27343
1.29093
1.32974
1.34925
1.34257
1.33881
1.19144
1.14194
1.17786
1.18293
1.24757
1.25174
1.14034
1.17352
1.1847
1.25223
1.23948
1.28492
1.27383
1.31576
1.32225
1.23864
1.26822
1.27094
1.2761
1.29037
1.32876
1.34577
1.34054
1.33652
1.27559
1.19488
1.24361
1.27547
1.14236
1.18002
1.18579
1.24757
1.25275
1.32554
1.3514
1.33861
1.36821
1.37417
1.37946
1.38286
1.14788
1.18662
1.24799
1.17392
1.18591
1.23975
1.25124
1.18574
1.1471
1.17352
1.188
1.24667
1.25694
1.12744
1.17211
1.22269
1.16709
1.19104
1.22321
1.23732
1.30748
1.28428
1.27843
1.29087
1.3283
1.3472
1.34031
1.34055
1.27623
1.30658
1.28265
1.28939
1.32009
1.34124
1.33699
1.32796
1.35821
1.34842
1.34404
1.36617
1.36371
1.37621
1.38148
1.37371
1.38882
1.37944
1.38225
1.39072
1.39357
1.39367
1.39557
1.31133
1.17598
1.23814
1.27324
1.14183
1.17872
1.22944
1.23934
1.17194
1.31642
1.2868
1.27803
1.29211
1.34636
1.35747
1.33011
1.34133
1.35688
1.36288
1.19092
1.13651
1.17415
1.17831
1.24178
1.2464
1.2642
1.27997
1.26476
1.28412
1.28211
1.31469
1.33756
1.33361
1.34555
1.319
1.31814
1.27417
1.2889
1.328
1.34033
1.34054
1.3332
1.15379
1.1794
1.24699
1.14598
1.23245
1.17626
1.18885
1.24342
1.27399
1.13762
1.17566
1.18283
1.24628
1.24832
1.15635
1.17978
1.24705
1.3108
1.28477
1.27852
1.2904
1.32745
1.32577
1.34933
1.35399
1.33496
1.13966
1.17833
1.23343
1.16585
1.18545
1.23136
1.24906
1.27378
1.18612
1.15981
1.21198
1.25416
1.17056
1.21073
1.13586
1.13684
1.09267
1.20847
1.17555
1.1533
1.18564
1.25477
1.18773
1.19656
1.25043
1.25354
1.28895
1.19212
1.24675
1.27456
1.27651
1.13728
1.17781
1.18113
1.24681
1.25036
1.39337
1.39677
1.15336
1.17836
1.23295
1.15375
1.18731
1.27072
1.23674
1.37899
1.39409
1.38754
1.3936
1.38428
1.39571
1.39333
1.39574
1.17591
1.22566
1.13186
1.15962
1.17188
1.21638
1.22128
1.172
1.26298
1.22878
1.26504
1.11966
1.1489
1.16982
1.22495
1.21279
1.27717
1.27084
1.27854
1.31518
1.33042
1.31364
1.35458
1.35888
1.34123
1.31367
1.32522
1.35289
1.36199
1.26487
1.27563
1.30359
1.33328
1.3316
1.30912
1.34613
1.3213
1.25665
1.23796
1.25155
1.25554
1.28682
1.28987
1.32586
1.32831
1.34607
1.34932
1.34461
1.28233
1.29509
1.33234
1.35244
1.34414
1.34254
1.39999
1.4
1.4
1.4
1.4
1.4
1.4
1.26404
1.18179
1.13531
1.22955
1.27956
1.26792
1.25602
1.18318
1.23348
1.21826
1.16044
1.34725
1.36581
1.36424
1.36532
1.378
1.37848
1.39894
1.39949
1.39981
1.39989
1.14343
1.17952
1.24519
1.1768
1.22838
1.22327
1.1911
1.22976
1.14133
1.16166
1.13505
1.16084
1.18351
1.22589
1.22869
1.15385
1.31088
1.18314
1.24258
1.28096
1.15093
1.17617
1.23477
1.27645
1.29084
1.32636
1.34504
1.342
1.33418
1.2762
1.14544
1.18533
1.22947
1.20167
1.28861
1.3258
1.32813
1.34202
1.35959
1.36279
1.34692
1.1637
1.18935
1.24279
1.28015
1.20345
1.26262
1.16254
1.30473
1.34073
1.33376
1.19908
1.17646
1.24616
1.29529
1.24846
1.2687
1.30639
1.33052
1.30709
1.18049
1.12924
1.15908
1.17421
1.22878
1.21348
1.14607
1.17169
1.23778
1.37586
1.38137
1.38403
1.38675
1.38928
1.39431
1.39514
1.39682
1.39703
1.39088
1.3915
1.38108
1.38682
1.38331
1.39415
1.3922
1.39626
1.29796
1.28195
1.14058
1.17296
1.18692
1.25499
1.23269
1.28326
1.26444
1.29751
1.38406
1.35818
1.36058
1.36357
1.37536
1.37514
1.38175
1.15252
1.17996
1.24286
1.1563
1.23898
1.24736
1.16048
1.18369
1.19398
1.37267
1.38213
1.3857
1.3943
1.38977
1.39235
1.13298
1.17535
1.21988
1.15418
1.21651
1.18821
1.24987
1.14404
1.17405
1.17855
1.24245
1.23673
1.27478
1.3273
1.34662
1.15455
1.17639
1.24088
1.39996
1.39992
1.39997
1.39999
1.39996
1.39999
1.23716
1.16266
1.22715
1.21141
1.26268
1.25162
1.29478
1.30271
1.3472
1.31507
1.34759
1.33951
1.30543
1.15784
1.21707
1.27024
1.19076
1.24972
1.15504
1.19468
1.19478
1.25444
1.27256
1.29989
1.17581
1.23428
1.21325
1.03636
1.0977
1.11809
1.1367
1.24014
1.27836
1.15622
1.17954
1.24473
1.16505
1.13232
1.2276
1.27709
1.26508
1.29682
1.17286
1.2345
1.14118
1.16186
1.21852
1.25911
1.2658
1.368
1.34992
1.3685
1.38143
1.38402
1.12973
1.21736
1.16272
1.21967
1.22249
1.25726
1.2657
1.15555
1.18073
1.24323
1.21324
1.13803
1.21856
1.17444
1.18651
1.24312
1.25011
1.27159
1.34626
1.36034
1.37403
1.36582
1.37541
1.38149
1.26378
1.14113
1.1719
1.22807
1.15447
1.17876
1.24185
1.15912
1.18306
1.25114
1.12059
1.15996
1.23195
1.22245
1.05318
1.12489
1.13493
1.15171
1.39944
1.39923
1.39976
1.39966
1.39964
1.39982
1.34689
1.36489
1.37886
1.36284
1.37639
1.37264
1.38159
1.14196
1.17276
1.21976
1.26588
1.2472
1.30726
1.29317
1.15556
1.17955
1.24409
1.39999
1.39999
1.39998
1.39998
1.39999
1.36679
1.34937
1.3922
1.38041
1.38929
1.38913
1.37748
1.37086
1.15611
1.1893
1.26533
1.29664
1.1653
1.2293
1.20569
1.23139
1.2595
1.27803
1.2681
1.30276
1.30175
1.12987
1.15736
1.21755
1.26513
1.25486
1.31096
1.312
1.1441
1.16517
1.17933
1.24169
1.24231
1.27314
1.14773
1.17414
1.24982
1.28785
1.2789
1.30231
1.15711
1.17988
1.24492
1.39992
1.39994
1.39995
1.39997
1.39993
1.39996
1.39995
1.39996
1.15767
1.18381
1.25095
1.14425
1.17014
1.24091
1.27575
1.2754
1.29599
1.36549
1.37294
1.35635
1.35869
1.37057
1.38555
1.38667
1.14982
1.17471
1.24239
1.27768
1.27555
1.29667
1.1525
1.17786
1.2442
1.15347
1.17572
1.24127
1.15423
1.17867
1.24615
1.13462
1.15733
1.20525
1.26357
1.24709
1.27452
1.15415
1.17969
1.2452
1.39488
1.39691
1.39717
1.39776
1.39841
1.39867
1.14132
1.15714
1.21772
1.13581
1.26235
1.16714
1.23293
1.27755
1.15099
1.18151
1.18763
1.24672
1.24783
1.13402
1.26402
1.16392
1.23287
1.15519
1.17939
1.24584
1.14053
1.16602
1.21516
1.25691
1.13106
1.18657
1.23558
1.15711
1.26261
1.22382
1.26661
1.31614
1.31436
1.38917
1.35578
1.07638
1.24629
1.2951
1.15336
1.13158
1.06064
1.04946
1.12519
1.08385
1.12393
1.08247
1.08988
1.39249
1.34336
1.34028
1.23078
1.2785
1.13786
1.19918
1.34687
1.36348
1.36527
1.37591
1.3827
1.36575
1.375
1.18129
1.23677
1.23103
1.1466
1.16585
1.21668
1.12698
1.06924
1.05434
1.13476
1.14569
1.28389
1.17872
1.19413
1.25212
1.26005
1.33366
1.36216
1.37312
1.12943
1.15424
1.27824
1.23619
1.29249
1.30153
1.13199
1.16137
1.23942
1.27548
1.27608
1.29595
1.14141
1.17673
1.18556
1.24827
1.24665
1.27605
1.35361
1.37011
1.36644
1.37856
1.36957
1.38031
1.38194
1.386
1.37016
1.39467
1.38952
1.39024
1.37903
1.3514
1.38269
1.36829
1.37861
1.38317
1.17309
1.22034
1.15485
1.18891
1.24897
1.27418
1.30436
1.37346
1.37858
1.38208
1.36907
1.36682
1.37455
1.38709
1.38462
1.39429
1.395
1.37057
1.37267
1.34621
1.35882
1.32811
1.36479
1.3748
1.38206
1.15248
1.13436
1.17474
1.22681
1.20448
1.38107
1.38427
1.3744
1.39128
1.39004
1.37773
1.36965
1.37499
1.38433
1.38295
1.38781
1.36605
1.36596
1.05847
1.05017
1.12199
1.0521
1.10547
1.05608
1.07135
1.07517
1.14301
1.21287
1.0412
1.03607
1.12364
1.14969
1.17377
1.25
1.28948
1.28131
1.30531
1.09033
1.08045
1.34051
1.25666
1.09047
1.23467
1.35144
1.05858
1.13044
1.06748
1.12894
1.04357
1.05782
1.12395
1.03935
1.05503
1.25627
1.30307
1.3008
1.31572
1.35042
1.05631
1.13408
1.04764
1.20496
1.04554
1.11751
1.04333
1.06101
1.05265
1.11441
1.03724
1.09995
1.03667
1.05242
1.05782
1.13267
1.04754
1.06129
1.13392
1.04879
1.10803
1.06178
1.04251
1.10543
1.06098
1.13194
1.05346
1.05157
1.11436
1.05311
1.03859
1.05805
1.10846
1.04601
1.02383
1.04679
1.04025
1.10354
1.20128
1.05229
1.11495
1.05851
1.10567
1.05519
1.02693
1.03601
1.05496
1.10336
1.05973
1.11517
1.05953
1.1077
1.05322
1.10132
1.04101
1.04059
1.03283
1.10144
1.05996
1.11032
1.0503
1.05128
1.1066
1.0419
1.04924
1.10165
1.0413
1.05422
1.09851
1.03699
1.05521
1.10911
1.03285
1.06021
1.02476
1.06455
1.12363
1.02925
1.04974
1.06357
1.12677
1.0579
1.0599
1.1287
1.05034
1.06171
1.11068
1.03373
1.05206
1.11989
1.06125
1.06968
1.11832
1.03668
1.04954
1.05914
1.04207
1.05792
1.10827
1.1226
1.05976
1.06947
1.03204
1.0545
1.04992
1.04007
1.10256
1.11782
1.03658
1.04968
1.12407
1.06034
1.07114
1.1198
1.04106
1.05227
1.12033
1.06101
1.06951
1.11672
1.03733
1.05041
1.06875
1.052
1.11295
1.1212
1.06788
1.06361
1.12836
1.05077
1.12881
1.12087
1.0721
1.05836
1.11965
1.04226
1.05566
1.11911
1.0412
1.05703
1.11851
1.15778
1.18173
1.0507
1.05862
1.12722
1.04316
1.11651
1.04532
1.04603
1.05215
1.11535
1.05526
1.12026
1.04107
1.39844
1.39897
1.39793
1.39892
1.39936
1.3995
1.39945
1.39946
1.05229
1.01859
1.04515
1.04933
1.10738
1.06479
1.04989
1.05718
1.12509
1.05689
1.04081
1.12781
1.04565
1.07225
1.13509
1.05901
1.0606
1.13368
1.05145
1.07884
1.13684
1.05811
1.06151
1.13182
1.04313
1.07133
1.13156
1.0514
1.06128
1.12396
1.04639
1.0672
1.11936
1.04768
1.05738
1.12263
1.04474
1.04731
1.10659
1.03589
1.06433
1.11815
1.04619
1.07296
1.12377
1.05516
1.06152
1.1291
1.04816
1.07153
1.13178
1.05475
1.0578
1.12531
1.06975
1.04922
1.12685
1.04535
1.0717
1.13133
1.06005
1.0441
1.12738
1.05594
1.0573
1.12751
1.06116
1.12579
1.06016
1.10901
1.04475
1.06017
1.04044
1.12462
1.07624
1.13011
1.12636
1.06961
1.11606
1.06965
1.12141
1.04484
1.05965
1.12836
1.05208
1.07491
1.13378
1.04915
1.06165
1.0621
1.13048
1.05803
1.07733
1.13394
1.04994
1.06186
1.13056
1.05647
1.07535
1.13349
1.04403
1.0657
1.12886
1.05479
1.06256
1.12657
1.05252
1.06335
1.12213
1.04442
1.1272
1.05717
1.07574
1.07294
1.13521
1.04653
1.05739
1.12808
1.05577
1.06898
1.13021
1.0461
1.13495
1.05096
1.06263
1.0585
1.12477
1.05402
1.07258
1.13037
1.04684
1.12916
1.0546
1.07275
1.12149
1.04583
1.06052
1.12625
1.05537
1.07109
1.13095
1.0468
1.05654
1.12508
1.05413
1.14277
1.17267
1.04648
1.06171
1.12352
1.06541
1.13138
1.04739
1.24809
1.27719
1.28066
1.31837
1.31667
1.05137
1.05252
1.12297
1.12964
1.0547
1.05061
1.07188
1.05596
1.20828
1.04286
1.05495
1.12166
1.03539
1.03939
1.10151
1.20975
1.13504
1.0898
1.038
1.32794
1.33276
1.34763
1.36891
1.05018
1.06231
1.12298
1.39872
1.39936
1.39877
1.39988
1.39972
1.39927
1.39982
1.39967
1.06427
1.12896
1.04542
1.4
1.4
1.4
1.4
1.4
1.05317
1.074
1.13884
1.39318
1.39784
1.39749
1.38751
1.3956
1.39137
1.24431
1.28342
1.07819
1.05411
1.35911
1.3732
1.3686
1.38098
1.37848
1.38997
1.38819
1.39338
1.39789
1.39621
1.39472
1.38072
1.3738
1.38823
1.38478
1.39493
1.3897
1.39513
1.39297
1.3873
1.38893
1.38937
1.39404
1.39456
1.39665
1.30778
1.36605
1.35171
1.36459
1.37287
1.35618
1.36127
1.3585
1.34481
1.29969
1.33906
1.33021
1.27114
1.29119
1.23269
1.15858
1.03655
1.04415
1.111
1.3467
1.38341
1.36545
1.3765
1.38695
1.39191
1.38874
1.39073
1.39032
1.39391
1.39496
1.39573
1.39366
1.39998
1.39999
1.39999
1.39752
1.39733
1.39871
1.39937
1.39909
1.39967
1.39948
1.39625
1.39819
1.39706
1.39906
1.3986
1.37381
1.38298
1.38636
1.38668
1.38914
1.39275
1.39198
1.39459
1.34836
1.36724
1.36239
1.37834
1.38361
1.38675
1.38029
1.3473
1.36522
1.37883
1.3825
1.39895
1.39892
1.39939
1.39968
1.39954
1.39976
1.05228
1.04908
1.1356
1.34259
1.36378
1.3757
1.38219
1.06897
1.12727
1.33879
1.36151
1.37931
1.35932
1.37421
1.37613
1.36094
1.29931
1.32084
1.29236
1.33667
1.34763
1.34139
1.36778
1.36519
1.38936
1.39276
1.39554
1.39567
1.37583
1.37996
1.38774
1.3925
1.39612
1.39862
1.39523
1.39767
1.39904
1.39897
1.3978
1.37521
1.37067
1.38731
1.39008
1.38254
1.39052
1.39316
1.39465
1.39564
1.39628
1.35175
1.36672
1.36947
1.37864
1.16708
1.22413
1.25244
1.39786
1.39567
1.39458
1.39652
1.39461
1.39655
1.39832
1.3983
1.39885
1.3993
1.39882
1.39935
1.3957
1.39561
1.39789
1.39762
1.39856
1.14569
1.1825
1.22621
1.20377
1.38849
1.39579
1.39128
1.39165
1.39392
1.39474
1.39614
1.39999
1.4
1.4
1.23899
1.28326
1.31184
1.33954
1.34037
1.29194
1.3093
1.27187
1.18364
1.16921
1.13698
1.39623
1.38978
1.38929
1.39264
1.39333
1.39519
1.3656
1.38593
1.38709
1.38703
1.3749
1.38827
1.13417
1.05874
1.39465
1.39749
1.39731
1.3988
1.39938
1.3633
1.36323
1.37345
1.37604
1.38562
1.38549
1.1728
1.22266
1.20634
1.28455
1.26923
1.37704
1.37158
1.37179
1.38615
1.38738
1.39263
1.39559
1.38866
1.2682
1.2965
1.29005
1.32276
1.33949
1.35387
1.353
1.34504
1.37727
1.38329
1.38375
1.39087
1.3906
1.39312
1.39584
1.39455
1.4
1.4
1.4
1.4
1.4
1.39999
1.39999
1.39999
1.4
1.4
1.39999
1.35115
1.37233
1.39636
1.39812
1.39766
1.39862
1.39924
1.39944
1.3991
1.39888
1.39852
1.35759
1.37291
1.37961
1.34051
1.34295
1.3629
1.36282
1.37402
1.35207
1.36769
1.36957
1.37915
1.39589
1.39881
1.39871
1.39792
1.39764
1.34653
1.31609
1.36724
1.37742
1.3528
1.37011
1.3436
1.37189
1.37271
1.359
1.34424
1.35774
1.4
1.4
1.4
1.4
1.4
1.4
1.4
1.04957
1.15404
1.10343
1.4
1.39999
1.39999
1.4
1.4
1.4
1.4
1.4
1.17164
1.16451
1.13808
1.23774
1.35268
1.3456
1.35809
1.36484
1.37524
1.38018
1.14258
1.04741
1.37698
1.38166
1.35909
1.33512
1.34784
1.36811
1.38002
1.37029
1.37014
1.35658
1.35676
1.28221
1.30492
1.3332
1.29904
1.33463
1.32773
1.35312
1.36871
1.3865
1.38482
1.38308
1.35025
1.35222
1.34054
1.35704
1.34635
1.37132
1.3785
1.37449
1.36809
1.38231
1.38494
1.33535
1.33952
1.3561
1.35657
1.37103
1.36938
1.39673
1.39662
1.39746
1.39813
1.39834
1.39886
1.29945
1.34006
1.26488
1.29445
1.30743
1.33925
1.32425
1.39631
1.39587
1.39734
1.39882
1.39411
1.39631
1.39811
1.39797
1.39868
1.39941
1.39906
1.37556
1.3917
1.39535
1.38648
1.38534
1.39285
1.39042
1.39465
1.34141
1.35236
1.36731
1.37402
1.38061
1.37415
1.39973
1.3999
1.39986
1.39992
1.39977
1.3999
1.39996
1.39988
1.39996
1.39994
1.26951
1.26814
1.34562
1.31693
1.32662
1.29591
1.373
1.38727
1.3593
1.36012
1.3629
1.37769
1.38518
1.37619
1.4
1.4
1.4
1.4
1.4
1.37915
1.37688
1.3873
1.3852
1.36557
1.3668
1.36565
1.37908
1.2812
1.34656
1.29178
1.36
1.33395
1.39424
1.39759
1.39646
1.3931
1.39619
1.3966
1.3978
1.39301
1.34859
1.36613
1.37751
1.38819
1.31173
1.35113
1.34114
1.34074
1.35298
1.34885
1.37205
1.37194
1.37699
1.37143
1.38265
1.38408
1.37789
1.3127
1.33987
1.35451
1.36979
1.35564
1.34629
1.37133
1.37891
1.4
1.4
1.4
1.33988
1.34168
1.3696
1.38839
1.39168
1.39457
1.39625
1.39337
1.39599
1.37597
1.3758
1.38074
1.38288
1.38978
1.38991
1.39614
1.39215
1.39522
1.3993
1.39971
1.39968
1.39985
1.39989
1.39991
1.39997
1.39991
1.39995
1.39997
1.27273
1.30104
1.30189
1.29943
1.33788
1.34775
1.36444
1.37207
1.34671
1.36179
1.39986
1.39997
1.39992
1.39995
1.39997
1.39995
1.28301
1.30505
1.30991
1.35128
1.34857
1.36032
1.25201
1.33861
1.35975
1.36917
1.27908
1.29596
1.3385
1.35476
1.33098
1.29501
1.2754
1.26396
1.29229
1.29266
1.33113
1.33375
1.39934
1.39973
1.39976
1.35309
1.37013
1.37047
1.39922
1.39908
1.39953
1.39931
1.39965
1.39976
1.26449
1.26525
1.29166
1.29738
1.32794
1.33185
1.39498
1.38316
1.37956
1.39115
1.39365
1.38795
1.37874
1.34937
1.36958
1.37441
1.28022
1.32314
1.28935
1.27557
1.34675
1.30502
1.30984
1.33896
1.34171
1.34592
1.3666
1.37006
1.34784
1.33326
1.33176
1.35101
1.34634
1.37041
1.38416
1.36808
1.37955
1.37786
1.38082
1.38659
1.38889
1.38935
1.39369
1.397
1.39442
1.39713
1.39336
1.39438
1.39737
1.3986
1.39872
1.2804
1.30669
1.30329
1.34724
1.34383
1.35281
1.34615
1.35156
1.38028
1.37354
1.38525
1.39041
1.39342
1.287
1.28169
1.24544
1.31706
1.31096
1.34003
1.31989
1.31724
1.33576
1.35592
1.37347
1.38054
1.3846
1.31037
1.3521
1.34533
1.36814
1.35277
1.3408
1.35638
1.36662
1.37654
1.38579
1.38179
1.38147
1.39998
1.39997
1.39998
1.39999
1.31744
1.28633
1.26757
1.29913
1.30072
1.34359
1.34525
1.34882
1.31679
1.27597
1.31729
1.35404
1.34576
1.34639
1.3014
1.30609
1.33957
1.3408
1.39305
1.39468
1.39612
1.39201
1.39702
1.39681
1.39488
1.27627
1.29686
1.26458
1.29801
1.20846
1.1639
1.17573
1.24088
1.27216
1.22879
1.27742
1.30279
1.3521
1.36725
1.3381
1.35628
1.37457
1.28329
1.30598
1.31495
1.34782
1.34984
1.36054
1.37569
1.37159
1.3831
1.29761
1.1636
1.18309
1.23724
1.24584
1.19641
1.28132
1.30537
1.29652
1.3475
1.3565
1.36143
1.33443
1.36046
1.34696
1.36131
1.35891
1.3697
1.37684
1.38237
1.37777
1.38642
1.28686
1.32772
1.22154
1.34113
1.30645
1.38951
1.39175
1.39514
1.39428
1.39652
1.39708
1.17248
1.23338
1.16121
1.21509
1.17145
1.23917
1.23988
1.27232
1.39939
1.39986
1.39957
1.39994
1.39986
1.27792
1.31934
1.35416
1.34565
1.34628
1.30395
1.30843
1.34102
1.34191
1.20438
1.14218
1.16918
1.22942
1.21878
1.27638
1.28915
1.27387
1.34636
1.30605
1.31243
1.34422
1.34695
1.39453
1.39353
1.39163
1.39158
1.39245
1.39564
1.39535
1.32498
1.35073
1.35577
1.34992
1.36206
1.3764
1.37324
1.37897
1.39728
1.39741
1.39754
1.39863
1.399
1.39929
1.39958
1.39975
1.39978
1.39959
1.39981
1.39987
1.27965
1.34563
1.30528
1.31004
1.3419
1.33993
1.3926
1.39579
1.39753
1.39799
1.39074
1.39258
1.39576
1.39507
1.26838
1.28881
1.33198
1.34657
1.29447
1.3102
1.33635
1.34015
1.26827
1.30888
1.32961
1.26241
1.21133
1.29178
1.32752
1.32621
1.2871
1.26418
1.39948
1.39949
1.39973
1.39974
1.39983
1.35562
1.34197
1.37345
1.3827
1.38112
1.39827
1.39809
1.39869
1.39893
1.39916
1.30928
1.36437
1.34801
1.39809
1.39838
1.3992
1.27502
1.21764
1.34129
1.29012
1.33269
1.32945
1.29591
1.27019
1.252
1.29343
1.29541
1.29905
1.33788
1.33724
1.35271
1.142
1.15925
1.16867
1.22586
1.27544
1.29929
1.2801
1.3045
1.16128
1.16922
1.17606
1.24122
1.24067
1.27992
1.37441
1.37015
1.3813
1.35917
1.4
1.4
1.4
1.4
1.4
1.4
1.4
1.4
1.4
1.27042
1.17734
1.16478
1.2006
1.23414
1.20375
1.27729
1.30517
1.30095
1.3374
1.33443
1.35245
1.35916
1.32688
1.34776
1.26968
1.27377
1.21846
1.34661
1.29537
1.33623
1.33741
1.29642
1.27007
1.24478
1.20957
1.2764
1.317
1.28212
1.27295
1.30644
1.33573
1.32319
1.15685
1.2007
1.15252
1.20726
1.17358
1.21917
1.2184
1.27568
1.21511
1.32378
1.29467
1.25446
1.19833
1.27342
1.28091
1.30365
1.16788
1.17331
1.1796
1.24483
1.2465
1.28524
1.28375
1.31016
1.3522
1.36933
1.38484
1.37581
1.38159
1.39074
1.39372
1.38903
1.32133
1.26242
1.29419
1.30098
1.2957
1.32041
1.34049
1.35176
1.36179
1.34361
1.3492
1.33216
1.31447
1.34456
1.29209
1.33405
1.14675
1.1631
1.20815
1.17347
1.24855
1.24378
1.28975
1.30863
1.28815
1.31275
1.34348
1.3514
1.36474
1.35586
1.2143
1.16338
1.27552
1.24748
1.17651
1.2223
1.39543
1.39569
1.39824
1.39863
1.39893
1.39778
1.39763
1.3681
1.35821
1.36895
1.37745
1.3848
1.38203
1.38173
1.15882
1.16806
1.1727
1.24259
1.24322
1.28345
1.36965
1.38159
1.39017
1.39539
1.1782
1.2342
1.15955
1.21812
1.17257
1.24372
1.24308
1.17832
1.23445
1.15828
1.21821
1.17478
1.24494
1.24454
1.37366
1.38629
1.38599
1.38847
1.38856
1.34425
1.26085
1.21359
1.32472
1.28461
1.2689
1.31644
1.28432
1.15076
1.16615
1.20976
1.17289
1.24657
1.24192
1.16013
1.17169
1.24012
1.21847
1.17481
1.24186
1.23093
1.25195
1.34096
1.2566
1.22013
1.32673
1.28726
1.27555
1.31834
1.1497
1.15761
1.20653
1.15999
1.22957
1.21536
1.30168
1.35861
1.34813
1.36234
1.16244
1.21492
1.17701
1.24564
1.24505
1.39417
1.38763
1.38822
1.39406
1.38334
1.38196
1.39379
1.39664
1.17871
1.2416
1.1617
1.22095
1.17066
1.24857
1.24434
1.16919
1.19015
1.30665
1.24336
1.2941
1.16508
1.21204
1.2428
1.23063
1.27347
1.14545
1.16949
1.27031
1.22703
1.20637
1.16736
1.23093
1.21609
1.3225
1.28714
1.26924
1.32138
1.29094
1.30185
1.33296
1.33151
1.30181
1.2688
1.30673
1.33732
1.34117
1.28033
1.29356
1.4
1.4
1.4
1.4
1.4
1.19079
1.15133
1.16713
1.20845
1.15298
1.16448
1.27143
1.21901
1.21072
1.16276
1.24394
1.22733
1.35858
1.37784
1.38565
1.38271
1.38257
1.16175
1.28045
1.18664
1.25134
1.1511
1.17122
1.22668
1.27494
1.24582
1.20774
1.18785
1.2046
1.21579
1.26593
1.27629
1.28341
1.31316
1.30383
1.33039
1.27484
1.30929
1.3049
1.33556
1.34215
1.3595
1.34925
1.36916
1.37185
1.37966
1.38354
1.38563
1.38463
1.37143
1.37083
1.18568
1.18562
1.18731
1.25071
1.2745
1.22651
1.27077
1.33372
1.35552
1.28278
1.30799
1.33374
1.28088
1.30676
1.34877
1.36419
1.3617
1.37052
1.35299
1.34488
1.31629
1.37507
1.37179
1.25775
1.28875
1.2785
1.29763
1.314
1.33518
1.34836
1.35598
1.32777
1.34417
1.18199
1.19769
1.16812
1.23989
1.24256
1.3545
1.38236
1.38275
1.38028
1.37618
1.37936
1.32164
1.27918
1.2828
1.30832
1.3316
1.34251
1.35967
1.32563
1.17481
1.17794
1.2466
1.28354
1.22751
1.39046
1.39518
1.39684
1.35363
1.37294
1.38097
1.38938
1.1658
1.18128
1.23085
1.23893
1.27561
1.39896
1.39981
1.39984
1.39945
1.39958
1.18968
1.16667
1.17767
1.22749
1.21365
1.27862
1.19149
1.17455
1.20986
1.18968
1.26725
1.23564
1.28297
1.16315
1.16392
1.21327
1.26762
1.21597
1.17374
1.25179
1.24128
1.39425
1.39816
1.3967
1.39793
1.39914
1.39906
1.16612
1.2103
1.22295
1.27661
1.25762
1.28595
1.16592
1.17596
1.1793
1.25383
1.24765
1.28936
1.28063
1.30551
1.17068
1.17783
1.23295
1.27837
1.22338
1.25239
1.15333
1.17589
1.27126
1.21062
1.2137
1.17175
1.24295
1.2346
1.18254
1.15897
1.1627
1.20577
1.15554
1.15429
1.23395
1.27025
1.21824
1.23044
1.28285
1.2205
1.18174
1.18496
1.24643
1.28476
1.24467
1.34109
1.29873
1.27729
1.33334
1.30042
1.28431
1.31522
1.17616
1.17991
1.24165
1.2869
1.22946
1.18754
1.25988
1.24776
1.30276
1.30707
1.33031
1.33439
1.34987
1.35982
1.35977
1.20915
1.17061
1.21903
1.25086
1.27793
1.22879
1.39339
1.39632
1.39529
1.39055
1.39132
1.17445
1.22261
1.18057
1.24917
1.24069
1.281
1.39988
1.39997
1.39994
1.39997
1.39984
1.17149
1.28432
1.23081
1.25335
1.2327
1.28181
1.30339
1.33409
1.35947
1.2858
1.30286
1.34091
1.28228
1.32442
1.30103
1.32959
1.3417
1.35952
1.34936
1.36907
1.37104
1.34406
1.2949
1.33618
1.33114
1.29615
1.27363
1.33042
1.30179
1.32832
1.28031
1.31347
1.30664
1.33622
1.34615
1.36021
1.35778
1.36688
1.16127
1.21458
1.17252
1.23464
1.25915
1.28787
1.16759
1.17513
1.21119
1.21456
1.16414
1.2674
1.25589
1.27639
1.1611
1.17256
1.2334
1.22404
1.18902
1.27691
1.28627
1.28325
1.305
1.2752
1.30941
1.22167
1.18002
1.18737
1.24488
1.28409
1.2428
1.29225
1.28051
1.31132
1.31016
1.33065
1.34427
1.34871
1.36629
1.35638
1.36901
1.39909
1.39953
1.39955
1.39969
1.39989
1.28343
1.30748
1.18815
1.17909
1.23464
1.18132
1.24284
1.26022
1.24905
1.28719
1.28357
1.31401
1.17057
1.20799
1.22382
1.27685
1.26394
1.29083
1.31267
1.31237
1.34718
1.34925
1.36385
1.37835
1.32804
1.30254
1.33251
1.34554
1.36094
1.35526
1.37015
1.37229
1.28585
1.30764
1.18125
1.1839
1.24698
1.2366
1.1913
1.26516
1.25449
1.29027
1.28803
1.31617
1.16681
1.20843
1.22159
1.25396
1.27778
1.30355
1.17379
1.22041
1.24354
1.27457
1.30132
1.27947
1.30542
1.18603
1.2439
1.18443
1.23817
1.18453
1.25418
1.2293
1.27145
1.27438
1.17965
1.17827
1.22935
1.17888
1.25742
1.25085
1.28912
1.24377
1.28526
1.30497
1.27482
1.30924
1.22369
1.18885
1.18861
1.24945
1.28706
1.24882
1.28545
1.31627
1.18045
1.24456
1.17395
1.22735
1.18026
1.25683
1.24707
1.28758
1.38836
1.39304
1.39523
1.38363
1.39078
1.39298
1.28826
1.30987
1.18634
1.256
1.18558
1.23199
1.19223
1.26081
1.25219
1.29458
1.28215
1.31529
1.39712
1.39609
1.39849
1.39839
1.39677
1.17898
1.22613
1.1812
1.2566
1.25039
1.2904
1.16159
1.17852
1.23595
1.22198
1.25473
1.27985
1.28449
1.30715
1.18819
1.18158
1.2374
1.18349
1.2449
1.25779
1.24283
1.28449
1.27959
1.30943
1.28739
1.30814
1.30924
1.33758
1.35168
1.36359
1.3715
1.36934
1.34975
1.35336
1.28685
1.30715
1.18481
1.18255
1.24858
1.24109
1.18964
1.26382
1.24945
1.28973
1.28237
1.31381
1.39472
1.38508
1.38729
1.39377
1.39151
1.39515
1.33199
1.30409
1.33724
1.34406
1.36055
1.35579
1.36423
1.22137
1.19098
1.25444
1.19166
1.24767
1.26879
1.28367
1.2403
1.28792
1.30977
1.19308
1.18826
1.24337
1.18633
1.25264
1.26755
1.25405
1.29351
1.28522
1.31732
1.17925
1.22965
1.17974
1.24885
1.24237
1.28073
1.17657
1.23558
1.25782
1.28556
1.24173
1.18277
1.2231
1.22282
1.24363
1.273
1.23912
1.17538
1.184
1.24728
1.28734
1.23091
1.25297
1.31214
1.16809
1.22331
1.24946
1.28332
1.18501
1.19515
1.23432
1.1835
1.26354
1.25325
1.3216
1.23599
1.28253
1.27119
1.30365
1.17178
1.22635
1.17845
1.25778
1.24217
1.28703
1.16311
1.21048
1.26561
1.26136
1.17471
1.17767
1.24995
1.28184
1.23284
1.19015
1.25701
1.19122
1.23815
1.19924
1.26239
1.25469
1.29198
1.28365
1.31237
1.16403
1.22346
1.21917
1.23294
1.25861
1.34823
1.35267
1.30529
1.33254
1.34107
1.28923
1.27319
1.17866
1.22748
1.25268
1.29189
1.2182
1.31949
1.17965
1.23883
1.23389
1.27032
1.33611
1.31103
1.33914
1.34817
1.36183
1.36081
1.36582
1.33502
1.2871
1.31128
1.30778
1.34842
1.36433
1.35173
1.34825
1.36786
1.36
1.37192
1.28511
1.30837
1.19273
1.18843
1.24025
1.19047
1.25367
1.26826
1.25404
1.29447
1.28558
1.31751
1.28686
1.31097
1.19034
1.18841
1.24087
1.19236
1.25469
1.26676
1.25648
1.29307
1.28689
1.31756
1.33786
1.31081
1.33598
1.35012
1.36216
1.3623
1.36833
1.38446
1.38077
1.39238
1.3943
1.39318
1.39585
1.38947
1.3884
1.18269
1.23647
1.18714
1.25796
1.23631
1.2795
1.3106
1.32473
1.35145
1.35142
1.34495
1.36568
1.35897
1.36364
1.17695
1.22836
1.25667
1.2936
1.36702
1.38925
1.37975
1.38206
1.3866
1.39126
1.39194
1.33341
1.30773
1.34029
1.34949
1.36394
1.35735
1.36706
1.39815
1.39833
1.17946
1.22639
1.18633
1.25642
1.24896
1.28966
1.32432
1.33228
1.3076
1.33528
1.35155
1.36293
1.36098
1.36754
1.17774
1.23262
1.26118
1.28516
1.23547
1.35174
1.35282
1.37069
1.17936
1.28754
1.23522
1.25985
1.4
1.4
1.4
1.4
1.4
1.4
1.4
1.4
1.4
1.4
1.17981
1.23342
1.28765
1.26869
1.19351
1.22985
1.27215
1.26767
1.181
1.28907
1.23617
1.25698
1.1837
1.23838
1.26138
1.28876
1.24676
1.18376
1.24278
1.26092
1.28661
1.24566
1.17547
1.1869
1.23184
1.18838
1.23787
1.23024
1.28671
1.25549
1.33977
1.18455
1.29157
1.23865
1.26247
1.17093
1.21534
1.27341
1.30327
1.39722
1.39586
1.39864
1.39859
1.39529
1.39726
1.3864
1.37292
1.39124
1.38335
1.39482
1.39749
1.39709
1.39814
1.18263
1.23549
1.25544
1.28649
1.30523
1.17175
1.25446
1.28359
1.20428
1.23933
1.24173
1.27024
1.26949
1.18096
1.23379
1.25861
1.29589
1.31251
1.19998
1.24917
1.28174
1.26376
1.24307
1.28613
1.18106
1.2366
1.18202
1.25072
1.26619
1.2949
1.33661
1.30949
1.34246
1.34915
1.3638
1.35821
1.3661
1.18266
1.22252
1.29334
1.27363
1.28584
1.17889
1.23452
1.21917
1.25631
1.29331
1.26621
1.17688
1.21713
1.28661
1.26905
1.3244
1.18286
1.29393
1.31016
1.23823
1.26451
1.34038
1.34791
1.36276
1.35615
1.36751
1.39827
1.39897
1.39865
1.3993
1.39944
1.39929
1.17836
1.22574
1.28656
1.27228
1.27493
1.19101
1.24684
1.26436
1.29217
1.18115
1.23741
1.18514
1.25837
1.25457
1.29436
1.33684
1.31225
1.34239
1.35125
1.36526
1.3629
1.37026
1.18506
1.23956
1.21939
1.25411
1.29125
1.26977
1.39926
1.39823
1.1891
1.2393
1.1966
1.26247
1.26212
1.29811
1.17291
1.21862
1.28096
1.27108
1.39387
1.3977
1.39589
1.39806
1.1899
1.24584
1.24818
1.28177
1.30142
1.19163
1.24421
1.26647
1.29476
1.31186
1.27266
1.30005
1.17624
1.17944
1.23424
1.27833
1.23757
1.18272
1.25168
1.23198
1.3027
1.27236
1.30511
1.33731
1.35334
1.34763
1.36226
1.36198
1.3426
1.35083
1.36464
1.36209
1.36888
1.22281
1.25421
1.25118
1.28502
1.29473
1.28664
1.32667
1.3272
1.3411
1.34533
1.36266
1.35482
1.36517
1.17935
1.22403
1.28792
1.27576
1.2864
1.17577
1.21904
1.27936
1.27282
1.17769
1.22351
1.28806
1.27623
1.28726
1.39324
1.39219
1.39383
1.17738
1.22321
1.29638
1.27956
1.29139
1.33932
1.34557
1.36221
1.35876
1.3668
1.39934
1.39824
1.39897
1.39911
1.39934
1.39771
1.39838
1.39874
1.39912
1.39932
1.18267
1.22568
1.28762
1.27557
1.28884
1.18354
1.24523
1.25374
1.27354
1.24097
1.33905
1.34527
1.35423
1.36923
1.35873
1.37516
1.37747
1.30909
1.18333
1.28475
1.23907
1.26525
1.39794
1.39866
1.39909
1.18611
1.23343
1.29226
1.27173
1.16104
1.22045
1.26905
1.30377
1.36174
1.343
1.36337
1.36668
1.33864
1.31285
1.34205
1.3511
1.36542
1.36387
1.37576
1.37564
1.39998
1.39998
1.39999
1.4
1.4
1.4
1.4
1.4
1.4
1.19893
1.25075
1.25175
1.26657
1.27031
1.29988
1.19277
1.24645
1.25583
1.28956
1.4
1.4
1.39999
1.4
1.4
1.20183
1.25452
1.25414
1.26954
1.27157
1.30125
1.20144
1.23921
1.29928
1.27977
1.39937
1.3995
1.39911
1.3989
1.39979
1.3997
1.39952
1.20436
1.24884
1.20854
1.27137
1.26593
1.30652
1.3438
1.20759
1.25742
1.28037
1.30187
1.35982
1.37797
1.3815
1.4
1.39997
1.39998
1.4
1.33056
1.32362
1.36229
1.35008
1.35758
1.35528
1.37375
1.38206
1.37008
1.398
1.39902
1.39952
1.39953
1.3971
1.3984
1.39874
1.39899
1.39884
1.39503
1.39679
1.35214
1.35968
1.37503
1.37229
1.38446
1.38112
1.37838
1.36073
1.23141
1.1997
1.28608
1.30988
1.30194
1.4
1.4
1.4
1.4
1.39988
1.39992
1.39994
1.39992
1.39944
1.39491
1.39607
1.39824
1.39871
1.39767
1.38807
1.38107
1.39016
1.39578
1.39545
1.39482
1.39364
1.39929
1.39971
1.39983
1.39937
1.39966
1.39955
1.38156
1.38482
1.37357
1.35494
1.34474
1.37165
1.3254
1.34209
1.35096
1.29948
1.31054
1.39998
1.39997
1.39999
1.39999
1.39998
1.32063
1.33764
1.31644
1.35509
1.31763
1.2672
1.27967
1.30178
1.27277
1.32785
1.28122
1.29923
1.29776
1.26997
1.29605
1.30733
1.27339
1.27989
1.30243
1.27863
1.26888
1.28062
1.29974
1.28632
1.28371
1.29636
1.25397
1.26905
1.28783
1.29657
1.28031
1.28565
1.29257
1.25798
1.27716
1.2888
1.26963
1.28225
1.28362
1.26261
1.2772
1.28465
1.27631
1.28368
1.29149
1.27868
1.28574
1.301
1.29071
1.29735
1.30186
1.27085
1.28719
1.2983
1.26517
1.28209
1.2834
1.25771
1.26215
1.28583
1.28199
1.27349
1.28237
1.29602
1.27441
1.2692
1.282
1.29151
1.28736
1.29451
1.30094
1.2769
1.28069
1.29774
1.29887
1.28017
1.29613
1.31195
1.28335
1.26427
1.27943
1.29813
1.27815
1.2829
1.29186
1.2611
1.27056
1.29473
1.27695
1.28253
1.29112
1.26875
1.28704
1.295
1.26775
1.28511
1.29339
1.26282
1.28281
1.29233
1.27551
1.28906
1.29517
1.25993
1.26536
1.29471
1.29904
1.20497
1.26016
1.27263
1.29848
1.26129
1.28079
1.25185
1.30929
1.31318
1.32253
1.31796
1.26792
1.28765
1.2934
1.24791
1.30294
1.26017
1.24373
1.3111
1.24234
1.32309
1.27944
1.26212
1.23829
1.29899
1.25507
1.27629
1.30084
1.32609
1.27455
1.26116
1.29341
1.27276
1.26911
1.27916
1.30386
1.28159
1.27012
1.2853
1.29666
1.27105
1.28876
1.29552
1.27244
1.29313
1.29358
1.26156
1.31471
1.31593
1.32116
1.3088
1.27487
1.27755
1.29822
1.28526
1.2719
1.29909
1.27794
1.2821
1.29943
1.26859
1.28747
1.29684
1.28103
1.27516
1.29322
1.28773
1.26945
1.29567
1.28622
1.27778
1.29736
1.2705
1.28899
1.29422
1.27274
1.28702
1.29157
1.2898
1.27191
1.28937
1.28852
1.28026
1.29437
1.29043
1.28118
1.30096
1.2526
1.27328
1.29536
1.30206
1.26379
1.31324
1.30996
1.32388
1.30904
1.27533
1.28323
1.30121
1.27467
1.29046
1.30085
1.28123
1.26862
1.29607
1.26891
1.28402
1.30362
1.28894
1.2675
1.29027
1.29793
1.26092
1.2795
1.33088
1.30664
1.3149
1.31188
1.26517
1.28433
1.29037
1.24446
1.28622
1.27937
1.25835
1.25966
1.2858
1.30355
1.2916
1.28423
1.27565
1.27912
1.29972
1.29033
1.30782
1.31648
1.39911
1.39889
1.39961
1.39943
1.39972
1.39985
1.38542
1.39292
1.39228
1.39202
1.39577
1.36736
1.34392
1.37342
1.38114
1.36932
1.37205
1.36606
1.34064
1.35846
1.3611
1.3787
1.37794
1.38375
1.38373
1.3851
1.38769
1.38737
1.39377
1.39342
1.30617
1.29764
1.35159
1.34819
1.36746
1.3644
1.39876
1.3993
1.39964
1.3781
1.38196
1.38628
1.38807
1.38119
1.39574
1.39802
1.34517
1.3527
1.35107
1.37163
1.37808
1.38609
1.37106
1.38013
1.376
1.36549
1.39027
1.32443
1.32845
1.35125
1.35563
1.35509
1.35219
1.36214
1.37515
1.37578
1.38048
1.38067
1.37404
1.38188
1.38678
1.38952
1.39181
1.39455
1.39294
1.26821
1.27423
1.30897
1.31513
1.34114
1.34872
1.36015
1.37236
1.3601
1.37474
1.37417
1.37942
1.30156
1.31928
1.32302
1.35382
1.34625
1.36338
1.37951
1.35938
1.37115
1.37401
1.37979
1.31455
1.34105
1.29217
1.31298
1.33978
1.34802
1.32934
1.38489
1.37737
1.38796
1.38986
1.3836
1.39183
1.39436
1.39434
1.39732
1.3985
1.39941
1.38016
1.38065
1.38296
1.38678
1.39144
1.39134
1.39817
1.39855
1.39885
1.39912
1.39806
1.34066
1.37269
1.37786
1.37115
1.38692
1.38554
1.38997
1.39223
1.39372
1.39531
1.38991
1.39371
1.39552
1.39665
1.39035
1.35975
1.36043
1.38413
1.37592
1.38681
1.38985
1.38152
1.37226
1.37662
1.39603
1.39052
1.38445
1.38459
1.39071
1.39346
1.39555
1.28297
1.27744
1.27676
1.31187
1.33134
1.3491
1.36547
1.38044
1.38139
1.38817
1.38632
1.3903
1.28186
1.31069
1.30919
1.33273
1.34474
1.35187
1.27735
1.31133
1.30374
1.38719
1.39372
1.39349
1.39605
1.38823
1.38169
1.38828
1.30232
1.32359
1.32891
1.35628
1.34287
1.3611
1.36699
1.38439
1.38564
1.38422
1.38515
1.39951
1.39969
1.39974
1.39921
1.39938
1.31448
1.35438
1.36486
1.37519
1.38378
1.38175
1.37639
1.39792
1.397
1.39863
1.3989
1.39928
1.39955
1.39964
1.39928
1.39966
1.39935
1.39959
1.39974
1.39969
1.39981
1.39948
1.39944
1.295
1.31989
1.31226
1.3449
1.36031
1.34331
1.29866
1.32245
1.31733
1.33681
1.34254
1.35118
1.30075
1.32799
1.32341
1.3482
1.33561
1.35461
1.38785
1.39389
1.39648
1.29931
1.31901
1.32116
1.34804
1.3616
1.36889
1.37401
1.38124
1.38057
1.39999
1.4
1.4
1.4
1.30618
1.34659
1.34958
1.30147
1.30583
1.39933
1.39969
1.39976
1.39983
1.39987
1.39992
1.30168
1.32749
1.32606
1.34663
1.34687
1.35696
1.32316
1.30906
1.31281
1.34591
1.35446
1.3384
1.30606
1.32826
1.32674
1.35391
1.35099
1.36444
1.33993
1.33297
1.36597
1.38218
1.36189
1.39512
1.39757
1.39789
1.39903
1.39907
1.35873
1.36884
1.37628
1.37483
1.36541
1.36745
1.37977
1.38223
1.30342
1.32339
1.32575
1.34904
1.3516
1.36292
1.31525
1.35333
1.30633
1.33256
1.38913
1.38599
1.39091
1.39223
1.39433
1.30922
1.32919
1.33251
1.34898
1.35519
1.3632
1.30547
1.32895
1.32806
1.34567
1.34928
1.35943
1.39259
1.37425
1.37671
1.38894
1.3892
1.37443
1.33903
1.36772
1.37834
1.37346
1.36149
1.37132
1.30575
1.32343
1.32151
1.347
1.34219
1.35768
1.32056
1.35253
1.36539
1.30483
1.31835
1.33615
1.34943
1.35687
1.35671
1.32149
1.29638
1.33267
1.39857
1.39928
1.39903
1.39936
1.39373
1.39789
1.39812
1.39546
1.39689
1.30626
1.32384
1.32682
1.34753
1.34914
1.36244
1.3981
1.39557
1.39226
1.39213
1.39589
1.39403
1.39681
1.38926
1.39235
1.39386
1.39753
1.36293
1.37368
1.38563
1.38342
1.3884
1.3821
1.38578
1.38032
1.39853
1.39929
1.39895
1.39781
1.31428
1.32621
1.31138
1.3595
1.35463
1.39398
1.39567
1.39829
1.39746
1.39889
1.38897
1.38613
1.39644
1.39401
1.39297
1.39748
1.36426
1.34376
1.36364
1.3837
1.38283
1.3829
1.37919
1.38029
1.30623
1.32883
1.32119
1.33965
1.33976
1.34965
1.37465
1.35989
1.37119
1.37255
1.38799
1.3855
1.38659
1.38487
1.30874
1.31884
1.33752
1.34956
1.35409
1.36167
1.37152
1.37188
1.38735
1.38605
1.38705
1.38576
1.31594
1.31812
1.31993
1.35013
1.35064
1.39747
1.39794
1.39757
1.39909
1.39866
1.39932
1.30517
1.32516
1.35118
1.36697
1.32139
1.35618
1.30682
1.3233
1.34555
1.36209
1.31403
1.35154
1.4
1.4
1.4
1.4
1.4
1.4
1.4
1.29788
1.29853
1.32644
1.32785
1.35763
1.35427
1.34883
1.3051
1.30351
1.33244
1.35109
1.35744
1.3989
1.39678
1.39737
1.39864
1.39867
1.39925
1.39808
1.35106
1.35946
1.37614
1.37622
1.38495
1.37833
1.30087
1.31246
1.36062
1.34364
1.31914
1.33242
1.35415
1.35762
1.36433
1.37434
1.37615
1.38998
1.38779
1.38854
1.38762
1.38418
1.38513
1.39465
1.37009
1.37082
1.36712
1.37613
1.37852
1.38344
1.38508
1.38703
1.36763
1.36872
1.3724
1.36763
1.37831
1.38463
1.37849
1.30365
1.3146
1.31779
1.35197
1.35655
1.34935
1.36707
1.37071
1.37438
1.38816
1.38616
1.388
1.38728
1.3647
1.37517
1.37387
1.38848
1.38563
1.38881
1.38699
1.35948
1.36978
1.37416
1.38899
1.3856
1.38805
1.38515
1.30867
1.33011
1.33322
1.35311
1.35385
1.36339
1.36346
1.37298
1.38697
1.38784
1.38693
1.39107
1.39029
1.30892
1.31518
1.3515
1.30726
1.33758
1.33489
1.35603
1.35707
1.30261
1.33778
1.35954
1.39117
1.39317
1.39555
1.39548
1.39708
1.39747
1.36529
1.37457
1.38954
1.38733
1.38921
1.38756
1.31063
1.34505
1.36147
1.36215
1.37148
1.38453
1.38395
1.38654
1.38802
1.39336
1.39452
1.39181
1.31015
1.33475
1.33028
1.34809
1.3676
1.37109
1.39271
1.39053
1.39358
1.38711
1.38659
1.31779
1.35561
1.30824
1.31693
1.33853
1.35842
1.36814
1.35396
1.39665
1.3992
1.39951
1.39953
1.39925
1.39861
1.39767
1.39818
1.39908
1.39927
1.39877
1.30584
1.31757
1.355
1.32283
1.33823
1.3544
1.35816
1.30296
1.30532
1.30564
1.33859
1.30021
1.32309
1.32883
1.3406
1.3553
1.31366
1.29984
1.31146
1.34862
1.35917
1.33169
1.34554
1.37101
1.33358
1.35429
1.37528
1.36861
1.38039
1.38746
1.38502
1.4
1.4
1.4
1.4
1.4
1.4
1.37548
1.30392
1.31834
1.34467
1.35937
1.33321
1.39767
1.39782
1.39868
1.39913
1.39774
1.36791
1.36405
1.38247
1.37969
1.39114
1.39203
1.38576
1.39975
1.39985
1.39993
1.39982
1.39992
1.30585
1.31788
1.35471
1.31571
1.34986
1.34944
1.31469
1.34146
1.3583
1.35403
1.31331
1.33688
1.3036
1.33668
1.33582
1.34703
1.37468
1.374
1.36984
1.37135
1.38433
1.37925
1.38037
1.3832
1.30096
1.30689
1.33089
1.31433
1.33773
1.34207
1.34994
1.3113
1.32617
1.32874
1.36311
1.29892
1.29404
1.3054
1.33747
1.29403
1.31397
1.32496
1.33537
1.30721
1.29055
1.32118
1.30542
1.33474
1.32424
1.32653
1.34497
1.36972
1.37105
1.3825
1.37452
1.37779
1.38002
1.3846
1.31458
1.30919
1.31409
1.32184
1.30482
1.31367
1.37364
1.37488
1.37359
1.38219
1.37885
1.39012
1.38691
1.38979
1.38678
1.39163
1.39829
1.39629
1.39532
1.39428
1.39671
1.39834
1.31053
1.30441
1.30911
1.32586
1.34243
1.32827
1.38238
1.38615
1.3892
1.3873
1.36231
1.3091
1.32221
1.318
1.35377
1.35427
1.35411
1.34089
1.3087
1.33785
1.35524
1.35851
1.378
1.38626
1.3064
1.3159
1.3512
1.32383
1.33839
1.35408
1.35685
1.39995
1.39999
1.39997
1.39998
1.39996
1.39998
1.3029
1.30342
1.30291
1.33428
1.29727
1.31977
1.3213
1.33546
1.32228
1.33602
1.32629
1.30597
1.3369
1.29969
1.32047
1.33453
1.33816
1.31025
1.33793
1.35574
1.36342
1.30763
1.3395
1.35995
1.32013
1.29938
1.32816
1.31575
1.31639
1.33896
1.3409
1.30003
1.36337
1.33372
1.37217
1.37765
1.38597
1.38707
1.39072
1.3922
1.39081
1.39367
1.3944
1.28928
1.32561
1.30623
1.30565
1.31269
1.31652
1.342
1.33892
1.30552
1.34576
1.33064
1.30555
1.32266
1.34302
1.33402
1.30204
1.29904
1.30869
1.34012
1.29396
1.31825
1.32765
1.34087
1.3086
1.30521
1.30284
1.31173
1.34016
1.32855
1.31876
1.33545
1.33758
1.36268
1.36438
1.31964
1.32132
1.35311
1.31028
1.32224
1.35808
1.30128
1.31202
1.31637
1.30746
1.32879
1.3306
1.33609
1.34053
1.39317
1.39478
1.3913
1.39377
1.33744
1.35512
1.3598
1.36481
1.37146
1.37421
1.29585
1.31402
1.32127
1.33063
1.33373
1.34485
1.31538
1.32032
1.35065
1.35488
1.35367
1.35298
1.30945
1.31662
1.35297
1.32095
1.33939
1.35457
1.35775
1.38726
1.3919
1.37243
1.38656
1.38618
1.39237
1.30534
1.32424
1.34
1.33705
1.30368
1.30294
1.28737
1.32181
1.30316
1.32268
1.32793
1.34079
1.29847
1.32504
1.30495
1.326
1.34102
1.32443
1.35533
1.31265
1.3191
1.34106
1.35167
1.35768
1.39097
1.39135
1.39509
1.39591
1.39653
1.39739
1.39762
1.39781
1.31503
1.35012
1.31137
1.32165
1.34219
1.35842
1.34756
1.3045
1.3101
1.33279
1.35344
1.30394
1.32508
1.33115
1.34064
1.31208
1.3175
1.35263
1.3229
1.34016
1.35301
1.35728
1.37268
1.38524
1.38503
1.31294
1.3232
1.3429
1.30345
1.30802
1.32286
1.31374
1.31674
1.32135
1.32796
1.33747
1.32055
1.35437
1.31788
1.34781
1.36381
1.31755
1.33134
1.34777
1.30167
1.31327
1.32231
1.33122
1.34474
1.30934
1.32015
1.35748
1.34362
1.36216
1.30969
1.32205
1.35839
1.33968
1.36023
1.3601
1.39664
1.39811
1.39698
1.3967
1.39814
1.39829
1.39488
1.39416
1.31018
1.36925
1.32405
1.34097
1.35205
1.35852
1.32135
1.35489
1.31273
1.32606
1.34526
1.36274
1.36841
1.35458
1.39991
1.39983
1.39987
1.39992
1.39993
1.39987
1.33511
1.34539
1.32357
1.31217
1.33315
1.3308
1.35106
1.30359
1.31576
1.32352
1.33137
1.33841
1.33862
1.30625
1.32667
1.3439
1.37005
1.35569
1.37208
1.39026
1.38873
1.38345
1.38291
1.39062
1.39229
1.38619
1.31018
1.31564
1.32514
1.32722
1.34918
1.35464
1.3617
1.35812
1.34257
1.36424
1.30264
1.3265
1.32446
1.34058
1.38887
1.33473
1.32203
1.33248
1.34467
1.3332
1.30087
1.32627
1.33158
1.34163
1.35087
1.30831
1.31428
1.31283
1.32871
1.34679
1.33225
1.39083
1.39484
1.39693
1.3922
1.39999
1.4
1.4
1.30351
1.30459
1.3351
1.30933
1.32467
1.31093
1.34606
1.33492
1.31323
1.33917
1.32578
1.34228
1.31608
1.32386
1.3241
1.34466
1.35371
1.36085
1.30571
1.34225
1.33398
1.33158
1.36012
1.35203
1.34932
1.33259
1.30955
1.32895
1.33321
1.32873
1.37389
1.33958
1.36084
1.35737
1.37223
1.32289
1.34087
1.30338
1.31843
1.32741
1.31284
1.34289
1.33849
1.38525
1.38541
1.3877
1.39163
1.39355
1.30468
1.3473
1.30634
1.32517
1.32794
1.34368
1.32945
1.34181
1.34844
1.37472
1.37399
1.37556
1.38225
1.38061
1.38601
1.38535
1.38904
1.36585
1.36697
1.36941
1.34799
1.34767
1.37051
1.36834
1.32665
1.34211
1.33256
1.3518
1.35961
1.34942
1.30363
1.33215
1.3042
1.30631
1.31024
1.32173
1.34178
1.33614
1.33535
1.30612
1.31005
1.33437
1.32483
1.34489
1.30777
1.30897
1.31411
1.32501
1.3456
1.34055
1.30804
1.32243
1.31852
1.33872
1.32434
1.35762
1.31726
1.32329
1.34206
1.35636
1.36004
1.31219
1.31032
1.31186
1.33254
1.33654
1.3386
1.33377
1.3221
1.34188
1.35137
1.34884
1.35835
1.30402
1.3063
1.32288
1.31494
1.34697
1.34125
1.30505
1.30713
1.31467
1.32689
1.33598
1.34312
1.29975
1.30859
1.32205
1.34589
1.33006
1.34308
1.3264
1.35692
1.31684
1.32301
1.34313
1.35473
1.35877
1.30591
1.32975
1.31294
1.33128
1.34011
1.35011
1.34327
1.38563
1.39287
1.30797
1.32427
1.34441
1.33529
1.34792
1.36056
1.36322
1.37053
1.30721
1.3124
1.33829
1.329
1.34865
1.33432
1.30982
1.34292
1.32646
1.34701
1.32198
1.32941
1.33217
1.3603
1.37093
1.35121
1.3672
1.3877
1.37952
1.38264
1.3895
1.39059
1.39755
1.38984
1.39455
1.39472
1.39613
1.39807
1.39463
1.39722
1.39842
1.31935
1.32899
1.33487
1.35774
1.35803
1.31778
1.32573
1.34675
1.36515
1.32607
1.35639
1.31579
1.32368
1.3438
1.35626
1.36021
1.36592
1.37063
1.37213
1.37324
1.3829
1.38423
1.30506
1.30844
1.32447
1.33244
1.34618
1.33764
1.30706
1.326
1.33435
1.34525
1.3445
1.30441
1.32527
1.33641
1.34683
1.34267
1.31363
1.31649
1.33016
1.33747
1.34818
1.33398
1.39211
1.3882
1.38328
1.38999
1.39236
1.39443
1.39153
1.39307
1.34855
1.36874
1.37124
1.38601
1.38687
1.39486
1.3941
1.38873
1.38691
1.38961
1.39024
1.33828
1.35559
1.34207
1.32672
1.35685
1.31716
1.32044
1.34442
1.35477
1.36064
1.31503
1.34417
1.37421
1.36294
1.3088
1.32248
1.30499
1.34391
1.35893
1.35662
1.35847
1.35512
1.30394
1.33248
1.31173
1.32445
1.34583
1.34639
1.30365
1.32804
1.33709
1.34649
1.35308
1.31729
1.3707
1.34382
1.35838
1.35945
1.35259
1.31937
1.34613
1.36193
1.30691
1.35085
1.31964
1.32812
1.34706
1.30711
1.36211
1.3566
1.34724
1.32819
1.33216
1.34079
1.32877
1.34851
1.39454
1.39397
1.39559
1.39294
1.38878
1.38838
1.3928
1.39434
1.39575
1.30508
1.35105
1.31103
1.32617
1.33682
1.34635
1.31075
1.31461
1.31504
1.33456
1.35099
1.34234
1.30533
1.32862
1.34943
1.34053
1.36415
1.32364
1.35468
1.3227
1.33768
1.34958
1.36445
1.36408
1.33026
1.35167
1.34532
1.33792
1.33735
1.35143
1.39488
1.3918
1.39626
1.31199
1.32427
1.34159
1.34925
1.31113
1.33499
1.33226
1.34335
1.35057
1.32049
1.34683
1.36127
1.36914
1.37474
1.33197
1.33573
1.31643
1.34014
1.35275
1.32996
1.34232
1.33528
1.35254
1.33266
1.33956
1.34173
1.35056
1.37096
1.35846
1.3319
1.31872
1.34726
1.35288
1.34317
1.32886
1.34311
1.34944
1.33556
1.31241
1.32593
1.34285
1.38976
1.39356
1.39057
1.38686
1.33298
1.32044
1.34004
1.35294
1.34605
1.37111
1.35688
1.32321
1.3461
1.37348
1.36144
1.33191
1.30716
1.31427
1.33594
1.31654
1.34291
1.35573
1.34593
1.33507
1.33349
1.34193
1.34889
1.3321
1.31994
1.34526
1.35998
1.35011
1.32131
1.31158
1.33509
1.3421
1.35261
1.34335
1.34093
1.34018
1.35615
1.33395
1.35203
1.34361
1.34193
1.34704
1.34853
1.37058
1.364
1.32839
1.33658
1.3168
1.32805
1.34077
1.34252
1.34136
1.35285
1.38671
1.38211
1.38927
1.39363
1.39252
1.39381
1.39595
1.33227
1.34262
1.3489
1.3333
1.34595
1.34552
1.35398
1.31241
1.347
1.36399
1.36916
1.35438
1.34949
1.33363
1.34277
1.35313
1.3423
1.33485
1.3194
1.35248
1.3412
1.3334
1.31893
1.35116
1.34541
1.31588
1.33402
1.35279
1.34532
1.39632
1.39413
1.39713
1.3964
1.39519
1.39287
1.38899
1.38758
1.38946
1.37972
1.38281
1.34673
1.33604
1.34576
1.35505
1.39955
1.39982
1.39991
1.36192
1.35523
1.329
1.34855
1.35786
1.34657
1.33676
1.34731
1.3586
1.34667
1.38889
1.39009
1.39055
1.39366
1.39323
1.39549
1.33737
1.35217
1.34335
1.34444
1.36823
1.36573
1.37068
1.37875
1.38123
1.39995
1.39996
1.39998
1.39998
1.35052
1.31369
1.33815
1.3457
1.33815
1.31924
1.34664
1.35123
1.33706
1.33882
1.33505
1.31827
1.35158
1.345
1.33983
1.34586
1.35239
1.33544
1.31587
1.34598
1.3737
1.36339
1.34356
1.35372
1.34648
1.33925
1.36275
1.35582
1.36498
1.3628
1.37461
1.37558
1.32037
1.34131
1.34972
1.3476
1.37136
1.36109
1.34307
1.3409
1.32388
1.35411
1.35125
1.33854
1.34686
1.36271
1.34063
1.35133
1.35514
1.37741
1.37324
1.38965
1.38717
1.38906
1.38748
1.39761
1.39838
1.39922
1.39933
1.34153
1.33918
1.3194
1.35531
1.34522
1.37189
1.34748
1.36076
1.3501
1.35729
1.3356
1.32612
1.34939
1.35232
1.36175
1.33789
1.32048
1.33795
1.35516
1.34506
1.38783
1.39256
1.38212
1.3911
1.33713
1.31993
1.34048
1.35401
1.34382
1.34292
1.32844
1.34038
1.32131
1.35898
1.35
1.3446
1.35062
1.35336
1.34876
1.34579
1.35509
1.34757
1.34639
1.35354
1.3454
1.35593
1.34384
1.34651
1.35459
1.34705
1.37684
1.37569
1.38388
1.32848
1.35604
1.34349
1.34239
1.33864
1.34191
1.35398
1.37402
1.35931
1.3688
1.37029
1.39802
1.39894
1.32738
1.35465
1.35748
1.37212
1.3593
1.35929
1.3943
1.39059
1.39343
1.39509
1.38782
1.39248
1.39955
1.39963
1.39968
1.39978
1.39981
1.36255
1.36467
1.37482
1.3544
1.36665
1.37129
1.36987
1.3569
1.39804
1.39711
1.39657
1.3986
1.39892
1.39878
1.39913
1.3992
1.37058
1.3725
1.39527
1.3917
1.39102
1.39598
1.39603
1.39737
1.37488
1.37723
1.38897
1.3886
1.39543
1.39227
1.39504
1.39566
1.37014
1.38587
1.38705
1.37272
1.36126
1.37334
1.36001
1.38703
1.37229
1.37259
1.37209
1.38334
1.3812
1.38832
1.39961
1.3998
1.39991
1.39994
1.39986
1.39988
1.37523
1.37619
1.3757
1.3831
1.38806
1.37762
1.38498
1.38357
1.38828
1.32781
1.34439
1.35304
1.35809
1.35144
1.37056
1.37505
1.37061
1.35256
1.36279
1.34336
1.35733
1.36874
1.38755
1.38274
1.38419
1.38621
1.39109
1.39213
1.39578
1.3953
1.38378
1.38153
1.37841
1.37747
1.33054
1.36518
1.3611
1.35046
1.35373
1.34846
1.34969
1.35635
1.35541
1.35119
1.39372
1.39534
1.38678
1.38004
1.35385
1.35233
1.39873
1.3991
1.39914
1.39945
1.39946
1.39477
1.394
1.39227
1.39495
1.39533
1.39756
1.39749
1.39492
1.33709
1.35538
1.3618
1.378
1.3779
1.35588
1.37319
1.37622
1.35847
1.3526
1.35961
1.35099
1.36161
1.37782
1.37836
1.36462
1.36748
1.36504
1.37911
1.39437
1.37664
1.39161
1.38809
1.37067
1.38411
1.39073
1.39664
1.39212
1.39688
1.39555
1.39453
1.39933
1.39951
1.39972
1.39948
1.39966
1.39983
1.39986
1.39978
1.39975
1.39538
1.39547
1.39274
1.39452
1.39359
1.39802
1.39596
1.39815
1.37304
1.38249
1.38303
1.37999
1.37616
1.37598
1.39018
1.39049
1.39025
1.39006
1.39081
1.36218
1.37972
1.38075
1.36488
1.37862
1.37561
1.38329
1.38666
1.38733
1.38406
1.39147
1.39434
1.39491
1.39653
1.39259
1.37363
1.38378
1.38777
1.38816
1.37172
1.38313
1.38903
1.39218
1.34427
1.3478
1.35314
1.34887
1.34686
1.36043
1.37797
1.37892
1.36284
1.39769
1.39872
1.39879
1.39914
1.39945
1.39931
1.35512
1.34895
1.39754
1.39643
1.3978
1.39885
1.39888
1.39889
1.37921
1.38525
1.38683
1.37884
1.36474
1.36653
1.37714
1.38481
1.38706
1.38951
1.3836
1.37846
1.37823
1.38205
1.38848
1.38006
1.38732
1.38872
1.37706
1.37496
1.38847
1.38322
1.38539
1.36354
1.38055
1.38136
1.36547
1.3626
1.36421
1.37845
1.3724
1.38262
1.3913
1.39163
1.38281
1.38569
1.36561
1.37007
1.37581
1.3802
1.38219
1.37971
1.37772
1.36235
1.35774
1.35878
1.38737
1.39549
1.39559
1.39211
1.36017
1.37982
1.38006
1.36398
1.37689
1.38436
1.3825
1.38884
1.39536
1.396
1.39366
1.39467
1.38331
1.37487
1.37788
1.38393
1.38678
1.391
1.39228
1.3648
1.36607
1.37347
1.37571
1.3842
1.38255
1.37481
1.37319
1.37695
1.38508
1.3907
1.38412
1.38867
1.35988
1.35836
1.35986
1.37706
1.37897
1.36235
1.3921
1.38757
1.39537
1.39326
1.39685
1.3998
1.39966
1.39987
1.37868
1.37797
1.37704
1.38582
1.38488
1.38965
1.39102
1.37509
1.3754
1.37215
1.38342
1.37455
1.36005
1.38422
1.38344
1.36856
1.37307
1.3737
1.37507
1.3841
1.38314
1.38875
1.39027
1.36331
1.38119
1.38055
1.36241
1.35141
1.35664
1.37648
1.36585
1.37646
1.38261
1.3651
1.38236
1.38193
1.36578
1.3589
1.3617
1.3652
1.35942
1.38173
1.37966
1.3553
1.36084
1.36998
1.37853
1.39356
1.39609
1.39613
1.39462
1.39234
1.35835
1.35655
1.35936
1.35735
1.39553
1.39813
1.39837
1.39065
1.39378
1.39495
1.39381
1.39098
1.38412
1.39128
1.39163
1.39144
1.39469
1.39508
1.39782
1.3981
1.36072
1.36031
1.36714
1.37905
1.3808
1.39924
1.39937
1.39757
1.399
1.39893
1.39786
1.3976
1.39769
1.39849
1.39887
1.39864
1.39809
1.39891
1.39723
1.3971
1.39612
1.39753
1.3984
1.37474
1.38423
1.38775
1.37753
1.37966
1.39362
1.39135
1.39422
1.39306
1.39357
1.39518
1.39525
1.39654
1.39025
1.39132
1.39634
1.37667
1.37351
1.37767
1.38309
1.3864
1.38976
1.39308
1.39309
1.39761
1.39687
1.39665
1.39835
1.39817
1.39907
1.3992
1.34853
1.3717
1.37252
1.3645
1.36658
1.38198
1.38627
1.38961
1.39176
1.39211
1.39386
1.39395
1.39385
1.3985
1.39896
1.39921
1.39894
1.39233
1.39522
1.39625
1.38024
1.38809
1.38459
1.38093
1.38333
1.38803
1.39173
1.3907
1.39158
1.39407
1.39566
1.39611
1.39685
1.39805
1.39824
1.36212
1.35959
1.36584
1.37046
1.38089
1.38131
1.38547
1.3864
1.39045
1.38882
1.36163
1.37616
1.36972
1.35855
1.38293
1.37424
1.38131
1.36757
1.37526
1.39433
1.39438
1.39574
1.39581
1.39723
1.39723
1.39542
1.3966
1.39747
1.39726
1.39853
1.39767
1.37198
1.36976
1.3843
1.37929
1.38608
1.38861
1.38828
1.39067
1.38488
1.3827
1.3762
1.37276
1.38335
1.3881
1.38385
1.39343
1.39956
1.39982
1.39936
1.39917
1.36281
1.3654
1.36665
1.38203
1.39956
1.39983
1.39964
1.39976
1.39982
1.39977
1.39986
1.39985
1.39989
1.36275
1.38626
1.38301
1.37061
1.35612
1.37632
1.37305
1.36895
1.36672
1.3672
1.36069
1.36325
1.39091
1.39431
1.39713
1.39558
1.38238
1.3677
1.38177
1.37166
1.39987
1.39976
1.3999
1.39995
1.39996
1.37161
1.3718
1.36917
1.38259
1.37231
1.36273
1.38428
1.38845
1.36949
1.37624
1.39097
1.39292
1.39516
1.39643
1.39424
1.36963
1.37465
1.36811
1.36771
1.39998
1.39999
1.39998
1.4
1.39999
1.39933
1.39763
1.39805
1.39885
1.3994
1.39914
1.37313
1.37908
1.3827
1.3827
1.38064
1.36841
1.35057
1.38059
1.37599
1.38636
1.39039
1.3875
1.35948
1.37129
1.35905
1.36276
1.36874
1.36057
1.36555
1.3631
1.39881
1.39919
1.39955
1.39664
1.39793
1.39873
1.36321
1.3635
1.36718
1.35835
1.3599
1.35658
1.35788
1.37239
1.3809
1.3776
1.38293
1.3893
1.39035
1.39034
1.38948
1.39378
1.3939
1.39904
1.39937
1.39963
1.39961
1.39926
1.38059
1.38137
1.39265
1.38842
1.39282
1.35905
1.37831
1.37611
1.37629
1.36011
1.37301
1.38237
1.36793
1.3764
1.37673
1.3756
1.38222
1.38302
1.38732
1.39997
1.39998
1.39998
1.39999
1.39999
1.4
1.38699
1.38908
1.39156
1.38667
1.38147
1.39691
1.39652
1.39715
1.39745
1.38096
1.38954
1.377
1.38765
1.39049
1.39323
1.39348
1.38501
1.36629
1.38619
1.37604
1.36013
1.38094
1.37559
1.37858
1.3826
1.38987
1.38916
1.35738
1.36765
1.37454
1.37681
1.37158
1.37466
1.37501
1.39542
1.39731
1.37574
1.37744
1.38732
1.39182
1.38935
1.38199
1.38925
1.38267
1.37906
1.38817
1.391
1.39163
1.39295
1.38324
1.38146
1.38708
1.38533
1.37553
1.36354
1.37924
1.3628
1.37389
1.38258
1.38967
1.3932
1.38373
1.38292
1.39038
1.3786
1.38635
1.39077
1.38066
1.38775
1.39305
1.37942
1.3944
1.39149
1.39666
1.3655
1.36752
1.38437
1.37618
1.38282
1.36356
1.36431
1.36652
1.38267
1.3819
1.36269
1.36435
1.36633
1.37431
1.36648
1.37659
1.36218
1.36966
1.37837
1.36252
1.37644
1.36687
1.37616
1.374
1.38214
1.38296
1.38733
1.38231
1.36873
1.37285
1.37399
1.38234
1.38329
1.36204
1.38739
1.38628
1.38418
1.37625
1.36718
1.4
1.4
1.3837
1.38552
1.37696
1.36419
1.37609
1.4
1.4
1.4
1.4
1.4
1.4
1.37913
1.38852
1.38093
1.37805
1.38966
1.3948
1.39408
1.39477
1.39358
1.39996
1.39998
1.39998
1.39998
1.39997
1.39999
1.39998
1.39355
1.39294
1.39699
1.39597
1.39866
1.39814
1.36502
1.37738
1.36002
1.37635
1.38121
1.37725
1.39363
1.38994
1.38704
1.39091
1.38834
1.38097
1.38021
1.39174
1.3811
1.38917
1.39233
1.38653
1.38657
1.37402
1.37926
1.37327
1.36699
1.38053
1.36775
1.37704
1.36342
1.37061
1.38536
1.38635
1.3768
1.39303
1.37743
1.38719
1.39155
1.38902
1.38161
1.36897
1.36559
1.38102
1.38143
1.38785
1.38497
1.37091
1.37332
1.37297
1.38226
1.38956
1.38604
1.37995
1.38377
1.38246
1.39059
1.39402
1.38647
1.39052
1.37919
1.39282
1.38734
1.38912
1.39345
1.35964
1.37864
1.37478
1.36312
1.36398
1.37796
1.36763
1.36498
1.37652
1.39834
1.39857
1.39914
1.39935
1.39977
1.39982
1.37721
1.38164
1.37923
1.38456
1.38674
1.379
1.38846
1.39099
1.38643
1.36309
1.37283
1.3747
1.3811
1.38592
1.38882
1.36302
1.37487
1.37914
1.38203
1.3737
1.38715
1.36348
1.36266
1.37563
1.38359
1.37357
1.37878
1.39984
1.39987
1.39987
1.39994
1.39993
1.39993
1.3815
1.37997
1.38479
1.39121
1.39267
1.38826
1.36857
1.36476
1.36492
1.38336
1.38411
1.36563
1.36228
1.36369
1.36852
1.37116
1.37914
1.37915
1.36418
1.36181
1.36567
1.37925
1.37869
1.36784
1.39928
1.39947
1.39982
1.39985
1.39989
1.3997
1.39972
1.37272
1.3777
1.38533
1.38707
1.38501
1.39138
1.39135
1.38808
1.39711
1.39699
1.39825
1.39666
1.39822
1.39882
1.39835
1.38877
1.38616
1.38503
1.3822
1.37837
1.36655
1.36354
1.37826
1.36467
1.37824
1.39238
1.38089
1.39101
1.38941
1.37113
1.36078
1.38226
1.38683
1.39529
1.39843
1.39972
1.39966
1.39988
1.39988
1.3999
1.39993
1.39994
1.36413
1.36601
1.37567
1.39688
1.39413
1.39648
1.39676
1.39286
1.38631
1.37753
1.39361
1.38982
1.38247
1.37855
1.3894
1.36211
1.36773
1.37703
1.36759
1.375
1.36698
1.36938
1.38333
1.38933
1.36298
1.38145
1.37476
1.36967
1.37837
1.36636
1.37196
1.37939
1.36883
1.37018
1.38397
1.38558
1.35967
1.36665
1.3684
1.37623
1.36918
1.37237
1.39992
1.39997
1.39996
1.39998
1.36848
1.36994
1.38365
1.38392
1.3752
1.38179
1.36795
1.38496
1.38819
1.37745
1.3673
1.36471
1.37435
1.37505
1.3663
1.37341
1.37164
1.37783
1.37778
1.37849
1.38331
1.38427
1.37817
1.3789
1.38493
1.38081
1.38906
1.36536
1.38391
1.3781
1.37597
1.38256
1.37991
1.37556
1.38137
1.38229
1.37585
1.38169
1.37562
1.38712
1.39474
1.39535
1.39532
1.39708
1.39673
1.38037
1.38825
1.39229
1.39405
1.3797
1.38926
1.38689
1.38642
1.37491
1.38111
1.36127
1.36914
1.37079
1.37882
1.37085
1.37712
1.36401
1.36259
1.37492
1.38297
1.37905
1.38887
1.39264
1.39379
1.3794
1.36418
1.36195
1.3633
1.37909
1.37852
1.3808
1.39993
1.39996
1.39995
1.39998
1.39998
1.36479
1.37455
1.38093
1.38223
1.38102
1.38803
1.38258
1.39161
1.38863
1.3786
1.39346
1.37902
1.38827
1.39232
1.38041
1.39365
1.38888
1.39081
1.39292
1.3628
1.37067
1.37015
1.36901
1.37017
1.37695
1.37766
1.38333
1.38445
1.37358
1.38066
1.38547
1.39399
1.38567
1.36466
1.37831
1.37454
1.38098
1.38226
1.38267
1.36994
1.38138
1.38263
1.3714
1.39921
1.39944
1.39973
1.39904
1.39922
1.39945
1.39988
1.3997
1.39991
1.39985
1.39978
1.36648
1.36539
1.3751
1.38379
1.37788
1.39996
1.39996
1.39998
1.39999
1.39998
1.4
1.39999
1.4
1.37343
1.38229
1.38816
1.3885
1.37608
1.38231
1.38075
1.38321
1.38936
1.39053
1.3932
1.39346
1.39483
1.37016
1.35958
1.36446
1.37672
1.38524
1.38084
1.38596
1.36553
1.37742
1.36753
1.36781
1.37812
1.38321
1.37998
1.38468
1.39242
1.3953
1.39311
1.3967
1.39355
1.3962
1.39593
1.39741
1.36599
1.38205
1.37534
1.39984
1.39962
1.39965
1.39981
1.3998
1.36464
1.36126
1.36241
1.36292
1.37549
1.37755
1.37644
1.36965
1.37154
1.37718
1.38398
1.386
1.38277
1.37263
1.38127
1.37652
1.38745
1.38174
1.37041
1.38695
1.37976
1.3713
1.38179
1.38524
1.37998
1.38575
1.374
1.38235
1.38878
1.39076
1.38867
1.38213
1.37603
1.38432
1.38603
1.37974
1.37627
1.37686
1.39663
1.3967
1.39845
1.39907
1.39693
1.39841
1.36507
1.38084
1.37907
1.38262
1.38106
1.38715
1.39836
1.3953
1.39845
1.39835
1.39737
1.38597
1.38451
1.38829
1.38628
1.39293
1.39187
1.39427
1.39665
1.39661
1.39195
1.39331
1.38164
1.38274
1.38417
1.38941
1.3771
1.37981
1.36847
1.36995
1.39797
1.39282
1.3966
1.3974
1.39515
1.38186
1.37631
1.3873
1.38667
1.38345
1.38782
1.38524
1.38084
1.38758
1.37113
1.369
1.37204
1.3818
1.38119
1.37975
1.38599
1.37964
1.38498
1.37143
1.3764
1.38238
1.38635
1.38316
1.38126
1.38269
1.37709
1.36697
1.38257
1.378
1.37563
1.37543
1.38102
1.37419
1.38289
1.38566
1.38162
1.38557
1.38126
1.3826
1.37915
1.38573
1.38729
1.37525
1.38236
1.38831
1.388
1.3922
1.38512
1.38773
1.39341
1.39438
1.39473
1.39584
1.39579
1.38737
1.39906
1.39931
1.39907
1.39954
1.3995
1.39965
1.39315
1.39407
1.3964
1.3974
1.39693
1.39537
1.38277
1.38538
1.37991
1.37641
1.37414
1.38339
1.38537
1.38966
1.38812
1.39061
1.38273
1.38449
1.36973
1.3776
1.38037
1.37482
1.38309
1.38526
1.37591
1.39766
1.39797
1.39861
1.39906
1.39821
1.39883
1.3917
1.39103
1.39242
1.39483
1.37026
1.38339
1.3765
1.38192
1.38593
1.3919
1.38598
1.39247
1.39414
1.38817
1.39177
1.38425
1.38934
1.38845
1.38238
1.38751
1.38248
1.38826
1.38992
1.38337
1.37261
1.38475
1.38194
1.38545
1.38549
1.38695
1.39598
1.38965
1.39546
1.39385
1.39651
1.38846
1.39205
1.38559
1.38781
1.38582
1.3974
1.39854
1.39785
1.39905
1.39871
1.3959
1.39664
1.39802
1.39796
1.39011
1.38417
1.38984
1.37082
1.38355
1.37747
1.38559
1.39785
1.39645
1.39684
1.39824
1.39848
1.39907
1.39896
1.39929
1.38165
1.37708
1.37657
1.38697
1.39075
1.39321
1.38709
1.38807
1.39133
1.39165
1.3842
1.3889
1.39167
1.38304
1.38609
1.38988
1.39988
1.39994
1.39997
1.39996
1.39993
1.39985
1.38456
1.39532
1.39322
1.3949
1.39303
1.39437
1.39598
1.39494
1.39686
1.39727
1.39522
1.38984
1.38845
1.38866
1.37903
1.38772
1.39273
1.38968
1.38648
1.39073
1.39284
1.38328
1.38807
1.38973
1.39282
1.39397
1.39661
1.38518
1.38567
1.38445
1.38461
1.3898
1.39781
1.39862
1.39761
1.39767
1.39864
1.39905
1.39904
1.3983
1.38335
1.38969
1.39215
1.39803
1.39805
1.39876
1.39895
1.39915
1.39924
1.39051
1.38675
1.38171
1.38793
1.39498
1.39542
1.39602
1.3969
1.3971
1.39625
1.39856
1.39792
1.39996
1.39998
1.39997
1.39998
1.39997
1.38432
1.38603
1.38323
1.38275
1.38739
1.38907
1.38638
1.39984
1.39991
1.39568
1.39599
1.39813
1.3981
1.39858
1.39893
1.39921
1.39949
1.39954
1.39961
1.39345
1.39438
1.39467
1.39613
1.3987
1.39878
1.3993
1.39958
1.39937
1.39989
1.39995
1.39987
1.39997
1.39993
1.39993
1.39997
1.39998
1.39955
1.3993
1.39982
1.39937
1.39975
1.39992
1.39997
1.39992
1.39998
1.39996
1.38494
1.38656
1.38602
1.39054
1.39927
1.39962
1.39943
1.39985
1.38528
1.38357
1.38823
1.38331
1.37625
1.37983
1.38906
1.38991
1.39142
1.3783
1.37679
1.38116
1.38612
1.38745
1.39712
1.39439
1.39506
1.39681
1.39666
1.39777
1.39968
1.39987
1.39994
1.39979
1.39991
1.39709
1.39688
1.3981
1.38661
1.3883
1.39186
1.39389
1.39574
1.39324
1.39536
1.39639
1.39782
1.39748
1.39796
1.39761
1.39961
1.39975
1.39981
1.39964
1.3998
1.39972
1.39983
1.4
1.4
1.4
1.4
1.4
1.4
1.4
1.4
1.4
1.39638
1.3913
1.39429
1.395
1.39709
1.39671
1.39655
1.39409
1.39633
1.396
1.39725
1.39184
1.39456
1.39914
1.39934
1.39072
1.39149
1.39991
1.3996
1.39983
1.39999
1.4
1.4
1.4
1.4
1.4
1.39593
1.39665
1.39537
1.39746
1.39706
1.3985
1.39843
1.39797
1.39673
1.39763
1.39827
1.39886
1.39893
1.39867
1.39855
1.39956
1.39954
1.3953
1.39566
1.39754
1.39802
1.3971
1.39755
1.39848
1.39733
1.39755
1.39859
1.39898
1.39858
1.39769
1.39787
1.39876
1.3991
1.39915
1.39592
1.39433
1.39707
1.39641
1.39464
1.39349
1.39864
1.3987
1.39882
1.39891
1.39541
1.39521
1.39653
1.39675
1.39716
1.39046
1.3889
1.3902
1.39233
1.39243
1.39837
1.39902
1.3985
1.39914
1.39896
1.39962
1.39953
1.39957
1.39929
1.3994
1.39715
1.39854
1.39922
1.3992
1.39934
1.39853
1.39874
1.39573
1.39761
1.39791
1.3996
1.39965
1.39961
1.39977
1.39411
1.39573
1.39477
1.3971
1.39709
1.39817
1.39999
1.39999
1.4
1.39999
1.4
1.39999
1.39052
1.39226
1.39487
1.4
1.4
1.4
1.4
1.4
1.4
1.4
1.4
1.4
1.4
1.39776
1.39461
1.39736
1.39804
1.38762
1.38406
1.39001
1.38834
1.39562
1.39792
1.3969
1.39705
1.39801
1.39925
1.39969
1.39956
1.39973
1.39976
1.39956
1.39948
1.39393
1.39632
1.39622
1.39753
1.39795
1.39346
1.39258
1.39419
1.39448
1.39539
1.39601
1.38666
1.39075
1.39227
1.391
1.39252
1.39326
1.39478
1.39549
1.39635
1.39953
1.39841
1.39794
1.39877
1.39943
1.39973
1.39946
1.39997
1.39996
1.39998
1.4
1.4
1.4
1.4
1.39999
1.4
1.39079
1.39266
1.39598
1.39679
1.39326
1.39513
1.39961
1.3992
1.39964
1.39982
1.39987
1.39968
1.38689
1.38859
1.39202
1.39394
1.3952
1.39538
1.39995
1.39992
1.39992
1.39653
1.39781
1.39569
1.3982
1.39858
1.39751
1.39952
1.39959
1.3996
1.3997
1.39981
1.39983
1.39976
1.39215
1.39059
1.39597
1.39558
1.39633
1.39204
1.39198
1.39556
1.39738
1.39415
1.39623
1.38697
1.38589
1.39061
1.38948
1.39294
1.39298
1.39065
1.39144
1.39337
1.3906
1.39623
1.39218
1.39495
1.39673
1.3951
1.39202
1.39917
1.39862
1.3985
1.39862
1.39904
1.3997
1.39995
1.39952
1.39977
1.39991
1.3999
1.39978
1.3892
1.3923
1.39391
1.39633
1.39426
1.39095
1.39036
1.39179
1.39032
1.39241
1.39631
1.39473
1.39681
1.39132
1.39556
1.39606
1.39616
1.39747
1.39771
1.3978
1.39733
1.39869
1.39879
1.39889
1.3989
1.39924
1.39911
1.39936
1.38983
1.39214
1.39494
1.39495
1.39504
1.39608
1.39792
1.39816
1.39894
1.39802
1.39896
1.39839
1.39796
1.39881
1.39264
1.39629
1.39578
1.39673
1.39341
1.39488
1.39728
1.39564
1.39761
1.3938
1.39446
1.39659
1.3964
1.38727
1.38266
1.38929
1.38862
1.39067
1.3877
1.39626
1.39646
1.39566
1.39662
1.39761
1.39656
1.39829
1.39246
1.39431
1.39417
1.39693
1.3965
1.39813
1.39909
1.39937
1.39945
1.39857
1.39811
1.39887
1.39564
1.39775
1.39644
1.39065
1.39721
1.39508
1.39676
1.39056
1.39468
1.39314
1.3932
1.39558
1.39506
1.3915
1.39
1.39549
1.39649
1.39833
1.39718
1.39805
1.38471
1.38516
1.39073
1.39247
1.39538
1.3916
1.39136
1.3893
1.3912
1.39026
1.39553
1.39521
1.39701
1.3937
1.39598
1.39215
1.39265
1.39554
1.39579
1.3969
1.39226
1.39938
1.39919
1.39923
1.3984
1.39844
1.38625
1.39036
1.39647
1.39461
1.39598
1.39279
1.39001
1.39099
1.39361
1.39278
1.39624
1.39645
1.39999
1.39999
1.39999
1.4
1.39999
1.38928
1.39142
1.39427
1.39556
1.393
1.39224
1.39627
1.39789
1.39184
1.38822
1.3913
1.39734
1.3969
1.39671
1.3965
1.3987
1.39834
1.39931
1.39929
1.39963
1.39687
1.39425
1.39518
1.39653
1.39913
1.39943
1.39934
1.39896
1.39966
1.39964
1.39009
1.39123
1.39413
1.39641
1.3949
1.38894
1.39303
1.39574
1.39338
1.39465
1.39214
1.3914
1.39209
1.39287
1.39351
1.39335
1.39872
1.39918
1.39338
1.39425
1.39669
1.39489
1.3957
1.39686
1.39746
1.39805
1.38972
1.39234
1.38967
1.39086
1.39411
1.39505
1.3925
1.39583
1.39631
1.3965
1.39682
1.39807
1.3972
1.39809
1.39123
1.39065
1.39562
1.39741
1.3944
1.39587
1.39808
1.39916
1.39906
1.39105
1.39237
1.39512
1.39532
1.39238
1.39574
1.39757
1.39753
1.3964
1.39902
1.39536
1.39804
1.39805
1.39991
1.39996
1.39997
1.39999
1.39659
1.39718
1.3985
1.39848
1.39907
1.39457
1.39299
1.39356
1.39653
1.39543
1.39711
1.38937
1.3897
1.39602
1.39408
1.39342
1.39082
1.39207
1.39533
1.3941
1.39103
1.39016
1.3911
1.39487
1.38965
1.39468
1.38963
1.39118
1.39344
1.39486
1.39601
1.39445
1.39133
1.39265
1.39534
1.39583
1.39435
1.39079
1.39673
1.39691
1.39806
1.399
1.39826
1.39867
1.38972
1.39208
1.39343
1.39597
1.3972
1.39576
1.39763
1.39619
1.39848
1.39816
1.39875
1.39921
1.39918
1.39943
1.39853
1.39919
1.39959
1.39947
1.39974
1.3964
1.39021
1.38883
1.39022
1.39321
1.39385
1.39628
1.39742
1.39997
1.39995
1.39997
1.39999
1.39999
1.39999
1.39092
1.39074
1.39257
1.395
1.39581
1.39972
1.39949
1.39985
1.39963
1.3999
1.3998
1.39445
1.39686
1.39816
1.39867
1.39945
1.39906
1.39965
1.39943
1.3915
1.39373
1.38952
1.39614
1.3946
1.39454
1.39248
1.39815
1.39907
1.3996
1.39934
1.39981
1.39859
1.39906
1.39921
1.39914
1.39951
1.39953
1.399
1.39955
1.39963
1.39253
1.39386
1.39539
1.39663
1.3982
1.39783
1.39803
1.39749
1.39419
1.39399
1.39665
1.39536
1.39226
1.39218
1.39356
1.39241
1.39563
1.39609
1.39578
1.3961
1.3961
1.39704
1.39846
1.39672
1.39693
1.3981
1.39884
1.39872
1.3978
1.3967
1.39653
1.39195
1.39278
1.39534
1.39734
1.39629
1.39795
1.3893
1.39079
1.3939
1.39199
1.39325
1.39623
1.39458
1.39639
1.38996
1.38998
1.39381
1.39511
1.39637
1.39423
1.3972
1.39771
1.39787
1.39854
1.39569
1.39665
1.39735
1.39615
1.39593
1.38915
1.39183
1.38672
1.39089
1.38888
1.39212
1.39382
1.39485
1.39512
1.39394
1.39642
1.39747
1.39797
1.39837
1.39797
1.39086
1.39145
1.39304
1.39463
1.39604
1.39556
1.3961
1.39683
1.39699
1.39673
1.39787
1.39775
1.4
1.4
1.4
1.4
1.39154
1.39515
1.39729
1.395
1.39743
1.39801
1.39769
1.39053
1.39489
1.39203
1.39657
1.39471
1.39107
1.39676
1.39502
1.39491
1.39156
1.39221
1.39601
1.39433
1.39085
1.39964
1.39973
1.39961
1.39691
1.396
1.39705
1.39826
1.39422
1.3949
1.39699
1.39734
1.3974
1.39888
1.39678
1.39661
1.3982
1.39804
1.39876
1.39153
1.39427
1.39663
1.39487
1.39309
1.39189
1.39475
1.39562
1.39622
1.39269
1.39334
1.39513
1.39637
1.39493
1.39571
1.39699
1.39784
1.39834
1.39751
1.39538
1.39653
1.39647
1.393
1.39147
1.39355
1.39415
1.39629
1.39646
1.3943
1.39664
1.39549
1.39771
1.39775
1.39672
1.39685
1.39787
1.39824
1.39847
1.39947
1.39981
1.39982
1.3998
1.39964
1.39975
1.39977
1.39984
1.3996
1.39964
1.39824
1.39733
1.39813
1.39923
1.39916
1.39912
1.39958
1.39943
1.39966
1.39603
1.39808
1.39878
1.39842
1.39771
1.39703
1.39457
1.39649
1.39462
1.39085
1.39152
1.39671
1.39824
1.39913
1.39917
1.39671
1.39678
1.39782
1.39581
1.39663
1.4
1.4
1.39663
1.39729
1.39742
1.39777
1.39397
1.39681
1.39765
1.39702
1.39604
1.39517
1.39474
1.3941
1.39654
1.3967
1.39408
1.39727
1.39654
1.39764
1.3983
1.39869
1.39899
1.39102
1.39487
1.39566
1.39577
1.39687
1.39672
1.39373
1.39605
1.39647
1.39729
1.39623
1.39454
1.4
1.4
1.4
1.39559
1.39642
1.39807
1.39888
1.39795
1.39884
1.39999
1.39999
1.4
1.4
1.4
1.4
1.4
1.4
1.39003
1.3912
1.39285
1.39425
1.39682
1.39647
1.39741
1.39802
1.39813
1.39832
1.39804
1.39908
1.39944
1.39908
1.39358
1.39692
1.39419
1.39332
1.39647
1.39571
1.39754
1.3947
1.39354
1.39701
1.39833
1.39897
1.39787
1.39886
1.39684
1.39637
1.39539
1.39672
1.39799
1.39991
1.39998
1.39996
1.39998
1.39997
1.39515
1.39415
1.39777
1.39708
1.39831
1.39733
1.39985
1.39983
1.39992
1.39992
1.39993
1.39993
1.39994
1.39994
1.39764
1.39753
1.39888
1.39869
1.39932
1.39918
1.39952
1.39651
1.39767
1.3971
1.39626
1.3967
1.3981
1.39978
1.39988
1.3999
1.39728
1.3974
1.39827
1.3989
1.39908
1.39672
1.39579
1.39727
1.3941
1.39596
1.39613
1.39634
1.39733
1.39703
1.39306
1.39426
1.39615
1.39679
1.39602
1.39733
1.39804
1.39315
1.39708
1.39749
1.39699
1.39576
1.39999
1.39997
1.39999
1.39474
1.39767
1.39492
1.39825
1.39735
1.39436
1.39721
1.39362
1.39604
1.39568
1.39677
1.39935
1.39906
1.39956
1.3996
1.39519
1.39474
1.39566
1.39527
1.39541
1.39733
1.39684
1.39611
1.39795
1.39863
1.39693
1.39816
1.39827
1.39296
1.3967
1.39582
1.397
1.39779
1.39784
1.39691
1.39749
1.3981
1.39592
1.39801
1.39801
1.39854
1.39883
1.39739
1.3979
1.39797
1.3973
1.39795
1.39623
1.39651
1.39771
1.39832
1.39869
1.39903
1.39867
1.39937
1.39941
1.39949
1.39955
1.3993
1.39624
1.39691
1.39779
1.3986
1.3983
1.39896
1.39994
1.39995
1.39989
1.39552
1.39787
1.39764
1.39865
1.39703
1.39776
1.3985
1.39763
1.39808
1.39564
1.39771
1.39879
1.39911
1.4
1.4
1.4
1.4
1.4
1.4
1.39601
1.39761
1.39791
1.3981
1.39907
1.39898
1.39947
1.39941
1.39866
1.39903
1.3999
1.39976
1.39996
1.39992
1.39457
1.39441
1.39643
1.39685
1.39731
1.39815
1.39844
1.4
1.4
1.4
1.4
1.4
1.4
1.4
1.39651
1.39709
1.39599
1.39789
1.39846
1.39684
1.39746
1.3984
1.39859
1.39468
1.39796
1.39774
1.3963
1.39592
1.39655
1.3976
1.39818
1.39792
1.39721
1.39817
1.39912
1.39905
1.39883
1.39943
1.39921
1.39915
1.39956
1.39965
1.39616
1.39769
1.39745
1.39817
1.39863
1.3974
1.39685
1.39825
1.3979
1.39831
1.39814
1.39822
1.39889
1.39917
1.3993
1.39825
1.39905
1.39895
1.39973
1.3984
1.39943
1.39915
1.39958
1.3962
1.39762
1.39803
1.39872
1.39902
1.39998
1.39998
1.39998
1.39999
1.39999
1.39876
1.39913
1.39952
1.39938
1.39899
1.39949
1.39918
1.39967
1.39956
1.39966
1.39978
1.39978
1.39989
1.39989
1.39989
1.3999
1.39863
1.39904
1.39908
1.39941
1.39948
1.39943
1.39798
1.39852
1.39826
1.39904
1.39894
1.39771
1.39782
1.39847
1.39698
1.39825
1.39851
1.39791
1.39884
1.39836
1.39893
1.39915
1.39902
1.39936
1.39753
1.39792
1.39768
1.39991
1.39995
1.39997
1.39998
1.39996
1.39892
1.39893
1.39929
1.39866
1.39926
1.39967
1.39968
1.39962
1.39968
1.39946
1.39964
1.39968
1.39977
1.39959
1.39829
1.39905
1.39871
1.39958
1.3994
1.39752
1.39745
1.39868
1.39825
1.3973
1.39854
1.39872
1.3991
1.39834
1.39866
1.39887
1.39921
1.39932
1.39943
1.39967
1.3997
1.39958
1.39832
1.39921
1.39901
1.39878
1.3982
1.3995
1.3997
1.39976
1.39988
1.39992
1.39995
1.39981
1.39964
1.39986
1.39864
1.3993
1.3984
1.39904
1.39524
1.39731
1.39764
1.39681
1.39799
1.3988
1.39902
1.39928
1.39899
1.39887
1.39899
1.39774
1.39744
1.3977
1.39739
1.39876
1.39832
1.39829
1.39868
1.3992
1.39877
1.39847
1.39896
1.39828
1.39855
1.39831
1.3991
1.39928
1.39949
1.39695
1.39598
1.396
1.39828
1.39873
1.39916
1.39748
1.39531
1.39713
1.39969
1.39978
1.39986
1.39983
1.39992
1.39989
1.39989
1.39992
1.39724
1.39758
1.3974
1.39751
1.3996
1.39953
1.39982
1.39964
1.39983
1.39909
1.39922
1.39948
1.39807
1.39954
1.39869
1.39895
1.39938
1.39875
1.39934
1.39936
1.39961
1.39765
1.39723
1.39792
1.39777
1.39984
1.39987
1.39982
1.39992
1.39983
1.39992
1.39996
1.39995
1.39994
1.39997
1.39997
1.39997
1.39998
1.39998
1.39998
1.39999
1.39999
1.4
1.4
1.4
1.4
1.4
1.4
1.39828
1.39834
1.39874
1.39909
1.39973
1.39975
1.39985
1.39989
1.39988
1.39991
1.39987
1.39985
1.39895
1.39941
1.39961
1.39966
1.39956
1.39865
1.39905
1.4
1.4
1.4
1.39999
1.4
1.4
1.4
1.4
1.3991
1.39957
1.39976
1.39922
1.39957
1.3995
1.39948
1.39973
1.39984
1.39989
1.39974
1.39984
1.4
1.4
1.4
1.4
1.4
1.4
1.4
1.4
1.4
1.4
1.39914
1.39936
1.39954
1.39964
1.39917
1.39964
1.39987
1.39993
1.39834
1.39854
1.398
1.39814
1.39825
1.39859
1.39816
1.39798
1.3989
1.39926
1.39886
1.39945
1.39906
1.39948
1.3968
1.39692
1.3982
1.39865
1.39881
1.39912
1.39931
1.39928
1.39938
1.39939
1.39955
1.3996
1.39831
1.39852
1.39854
1.39879
1.39841
1.39851
1.39807
1.39817
1.39913
1.39894
1.39838
1.4
1.4
1.4
1.4
1.4
1.4
1.4
1.4
1.4
1.4
1.39886
1.39956
1.39905
1.39932
1.39949
1.39966
1.39961
1.39974
1.39958
1.39953
1.39945
1.39958
1.39951
1.3996
1.39976
1.39977
1.39868
1.39837
1.39876
1.39836
1.39868
1.39828
1.3991
1.39946
1.39933
1.39879
1.39825
1.39907
1.39926
1.39998
1.39996
1.39999
1.4
1.39999
1.39904
1.39911
1.39948
1.39946
1.39853
1.39928
1.39866
1.39915
1.4
1.4
1.4
1.4
1.4
1.39891
1.39927
1.39887
1.39684
1.39736
1.39814
1.3977
1.39854
1.39845
1.39844
1.39902
1.39896
1.39855
1.39861
1.39839
1.39869
1.39869
1.3985
1.4
1.4
1.4
1.4
1.4
1.39799
1.3979
1.39871
1.39919
1.39832
1.39889
1.39908
1.39913
1.4
1.4
1.4
1.4
1.4
1.4
1.39953
1.3994
1.39927
1.39969
1.39967
1.39973
1.3998
1.3996
1.39814
1.39753
1.39735
1.39738
1.39838
1.39863
1.39883
1.39983
1.39992
1.39991
1.39993
1.39994
1.39796
1.39773
1.39768
1.39859
1.39837
1.39879
1.39998
1.39997
1.39999
1.39947
1.39975
1.39988
1.39822
1.39827
1.39853
1.3991
1.39911
1.39938
1.39817
1.39879
1.39857
1.39901
1.39879
1.3991
1.39927
1.3994
1.39956
1.39785
1.39785
1.39879
1.39893
1.39933
1.39868
1.39931
1.39947
1.39865
1.39917
1.39855
1.39917
1.39937
1.39918
1.39844
1.39894
1.3988
1.3993
1.3993
1.39869
1.39999
1.39998
1.39997
1.39999
1.4
1.4
1.4
1.39996
1.39991
1.39997
1.39998
1.39811
1.39838
1.39873
1.39885
1.39937
1.39949
1.39955
1.39914
1.3992
1.39917
1.39906
1.39953
1.3993
1.39959
1.39948
1.39969
1.3998
1.39975
1.39985
1.39992
1.39993
1.39993
1.39928
1.39904
1.39916
1.39941
1.39931
1.39957
1.39918
1.39919
1.39842
1.39816
1.39843
1.39898
1.39901
1.39931
1.39962
1.39979
1.39803
1.39861
1.3988
1.39908
1.39888
1.39906
1.39921
1.39939
1.39952
1.39972
1.39964
1.3998
1.39982
1.39838
1.3984
1.39837
1.39866
1.39838
1.39856
1.39913
1.39919
1.39826
1.3986
1.39843
1.39868
1.39832
1.39878
1.39849
1.39893
1.39945
1.39872
1.39938
1.39882
1.39906
1.39847
1.3993
1.39966
1.39984
1.39979
1.39959
1.39968
1.39749
1.39845
1.39934
1.39962
1.39974
1.39981
1.3997
1.39942
1.39936
1.39953
1.39947
1.3997
1.39968
1.39979
1.39973
1.39874
1.39878
1.39916
1.39976
1.39963
1.39912
1.39948
1.39966
1.39915
1.39953
1.39948
1.39924
1.3985
1.39916
1.39936
1.3995
1.39927
1.39902
1.39922
1.3992
1.39961
1.39977
1.39987
1.39985
1.39854
1.39857
1.39862
1.39874
1.3986
1.39959
1.39962
1.3997
1.39975
1.39979
1.39757
1.39854
1.39884
1.39891
1.39919
1.39824
1.39867
1.39907
1.39912
1.39843
1.39938
1.39902
1.39941
1.39913
1.3992
1.39935
1.3992
1.39936
1.39886
1.39808
1.39782
1.39831
1.39894
1.39912
1.3988
1.39896
1.39939
1.39958
1.39962
1.39919
1.39943
1.39942
1.39921
1.39904
1.39895
1.39938
1.3993
1.3992
1.39879
1.39914
1.39928
1.39873
1.39925
1.39919
1.39949
1.39926
1.39946
1.39943
1.3994
1.39829
1.39903
1.39919
1.3992
1.39891
1.39907
1.39994
1.39993
1.39995
1.39995
1.39995
1.39996
1.39996
1.39997
1.39997
1.39981
1.39981
1.39989
1.39981
1.39991
1.39994
1.39992
1.39995
1.39987
1.39991
1.39911
1.39909
1.39926
1.39937
1.39949
1.39925
1.39945
1.39965
1.39959
1.3987
1.39917
1.39939
1.39886
1.39931
1.39958
1.39947
1.39967
1.39984
1.39988
1.39982
1.39973
1.39985
1.3999
1.39999
1.4
1.39999
1.39999
1.39998
1.4
1.4
1.4
1.4
1.39997
1.39998
1.39997
1.39862
1.39894
1.39919
1.39861
1.39906
1.39871
1.39923
1.39943
1.39864
1.39998
1.39996
1.39998
1.39996
1.39912
1.39956
1.39938
1.3996
1.39948
1.3997
1.39955
1.39957
1.39942
1.3994
1.39912
1.4
1.4
1.4
1.39868
1.39886
1.39941
1.39937
1.4
1.4
1.4
1.39905
1.39925
1.39918
1.39938
1.3994
1.39992
1.39997
1.39997
1.39999
1.39965
1.39982
1.39986
1.39979
1.39969
1.39984
1.39983
1.39983
1.39989
1.39985
1.3999
1.39932
1.39916
1.39943
1.39954
1.39971
1.39949
1.39969
1.39977
1.39978
1.39983
1.39987
1.39969
1.39978
1.39945
1.39968
1.39972
1.39927
1.39935
1.39942
1.39913
1.39956
1.39961
1.39902
1.39912
1.39939
1.39928
1.39934
1.39952
1.39961
1.39944
1.39962
1.39944
1.39949
1.39962
1.39967
1.39976
1.39922
1.39932
1.39932
1.39961
1.39963
1.39946
1.39995
1.39999
1.39998
1.39996
1.39997
1.39946
1.39944
1.39962
1.39999
1.4
1.39977
1.39995
1.39996
1.39984
1.39989
1.39993
1.39871
1.39912
1.39889
1.39904
1.39919
1.39989
1.3999
1.39991
1.39995
1.39994
1.39909
1.39926
1.39932
1.39971
1.39926
1.39934
1.39932
1.39944
1.3992
1.39954
1.39959
1.3994
1.39963
1.39965
1.39967
1.3997
1.3997
1.39934
1.39969
1.39895
1.39903
1.39936
1.39927
1.39948
1.4
1.4
1.4
1.4
1.4
1.39963
1.39956
1.39977
1.39968
1.39979
1.39958
1.39967
1.39918
1.39941
1.39938
1.39952
1.39993
1.39997
1.39999
1.39988
1.39995
1.39997
1.39949
1.39971
1.39973
1.39991
1.39996
1.39996
1.39994
1.39997
1.39994
1.39998
1.39957
1.39947
1.39957
1.39948
1.39985
1.39988
1.39986
1.39989
1.39989
1.39934
1.39947
1.39932
1.39987
1.39994
1.39988
1.39998
1.39996
1.39962
1.39955
1.39976
1.39978
1.39968
1.39947
1.39942
1.39962
1.39956
1.39961
1.39963
1.39966
1.39974
1.39981
1.39948
1.39958
1.3997
1.39971
1.39969
1.3996
1.39933
1.39958
1.39957
1.39965
1.39982
1.39989
1.3999
1.39987
1.39993
1.39983
1.39982
1.39988
1.39983
1.39987
1.39979
1.3998
1.39987
1.39964
1.39975
1.39961
1.39981
1.39978
1.39999
1.39999
1.4
1.39999
1.4
1.4
1.4
1.4
1.4
1.39952
1.39926
1.3996
1.39986
1.39993
1.3999
1.39997
1.39996
1.39993
1.39918
1.39944
1.39941
1.39958
1.39951
1.39945
1.39966
1.39966
1.39981
1.39954
1.39975
1.4
1.4
1.4
1.39972
1.39964
1.39985
1.39992
1.39966
1.39958
1.39979
1.39976
1.39991
1.3999
1.39976
1.39974
1.39983
1.3998
1.39984
1.39999
1.39994
1.39994
1.39998
1.39997
1.39999
1.39908
1.39946
1.39964
1.39962
1.39958
1.39964
1.39951
1.39962
1.39975
1.39978
1.39985
1.3998
1.39979
1.39989
1.39985
1.39989
1.39993
1.39989
1.39999
1.39999
1.39991
1.39996
1.39995
1.39997
1.39994
1.39997
1.39996
1.39997
1.39995
1.39946
1.39944
1.39945
1.39967
1.39972
1.39981
1.3998
1.39946
1.39967
1.39998
1.39999
1.39999
1.39999
1.39992
1.39984
1.39981
1.3999
1.39987
1.3999
1.39994
1.39958
1.39951
1.3997
1.39971
1.39974
1.39983
1.3999
1.39992
1.39987
1.39988
1.39991
1.39993
1.39996
1.39987
1.39987
1.39994
1.39993
1.39987
1.39993
1.39993
1.39994
1.39996
1.39997
1.39997
1.39961
1.39957
1.3997
1.39981
1.39978
1.39983
1.39982
1.3998
1.39974
1.39974
1.39953
1.39961
1.39949
1.39969
1.39942
1.39968
1.39976
1.39984
1.39977
1.3999
1.39992
1.39993
1.39971
1.39981
1.39968
1.39966
1.39955
1.39967
1.39969
1.39999
1.4
1.4
1.4
1.39999
1.39999
1.39998
1.4
1.4
1.39998
1.39999
1.39999
1.39999
1.39975
1.3998
1.39987
1.39985
1.4
1.4
1.4
1.4
1.39952
1.39964
1.39974
1.3998
1.39999
1.39998
1.39999
1.39999
1.39999
1.39999
1.39999
1.39999
1.39988
1.39997
1.39997
1.39997
1.39996
1.39944
1.39955
1.3997
1.39979
1.39982
1.39993
1.39992
1.39995
1.39997
1.39996
1.39997
1.39977
1.39981
1.39969
1.39973
1.3996
1.39966
1.39997
1.39998
1.39999
1.39999
1.4
1.39988
1.39983
1.39986
1.39982
1.39964
1.39965
1.39959
1.3996
1.39959
1.4
1.39997
1.39999
1.39998
1.39947
1.39951
1.39953
1.39957
1.39969
1.39981
1.39959
1.39975
1.39958
1.39979
1.39965
1.39982
1.39988
1.39983
1.39981
1.39991
1.39962
1.39983
1.39978
1.39987
1.39986
1.39981
1.39982
1.39976
1.39983
1.39973
1.39982
1.39949
1.39955
1.3997
1.39974
1.39939
1.39969
1.39985
1.39992
1.39994
1.39966
1.39979
1.39982
1.39972
1.39973
1.39977
1.39975
1.39971
1.39971
1.39957
1.39925
1.39933
1.39965
1.39976
1.39963
1.39974
1.39976
1.39985
1.39974
1.39984
1.39989
1.39987
1.39977
1.39975
1.39965
1.39979
1.39986
1.39983
1.39987
1.39981
1.39968
1.39972
1.39987
1.39981
1.39997
1.39997
1.39998
1.39999
1.39999
1.39998
1.39999
1.39967
1.39981
1.39968
1.39975
1.39986
1.39983
1.39985
1.39988
1.39989
1.39986
1.39984
1.39986
1.3999
1.3995
1.39962
1.39975
1.39994
1.39995
1.39996
1.4
1.4
1.4
1.4
1.4
1.3994
1.39975
1.39977
1.39973
1.39978
1.39963
1.39946
1.39966
1.39953
1.39961
1.39959
1.39978
1.3996
1.39975
1.39982
1.39958
1.39977
1.39979
1.39978
1.39983
1.39996
1.39993
1.39998
1.39997
1.39997
1.39993
1.39997
1.39998
1.39994
1.39991
1.39987
1.39993
1.3999
1.39992
1.39993
1.39992
1.39992
1.39968
1.39962
1.39976
1.39962
1.39973
1.3998
1.39963
1.39957
1.39989
1.39988
1.39983
1.39988
1.3997
1.39984
1.39986
1.39988
1.39989
1.39967
1.39968
1.39978
1.39974
1.39979
1.39975
1.4
1.4
1.39979
1.39981
1.39987
1.3998
1.39988
1.39967
1.39988
1.39987
1.39991
1.39987
1.39975
1.39976
1.39975
1.3998
1.3998
1.39981
1.39982
1.3999
1.39993
1.39994
1.39992
1.39995
1.39995
1.39993
1.39998
1.39999
1.39997
1.39999
1.39999
1.39999
1.39999
1.39985
1.39987
1.3999
1.4
1.4
1.4
1.4
1.4
1.39976
1.39993
1.39991
1.39972
1.39984
1.39976
1.39977
1.39987
1.39989
1.3998
1.39978
1.39978
1.3998
1.39986
1.39981
1.39987
1.39985
1.39977
1.39979
1.39995
1.39995
1.39997
1.39997
1.39996
1.39982
1.39987
1.39989
1.39991
1.39995
1.39989
1.39995
1.39991
1.39977
1.39984
1.39985
1.3998
1.39997
1.39997
1.39998
1.39997
1.39998
1.39966
1.39978
1.39976
1.3998
1.39976
1.39983
1.39989
1.39989
1.39984
1.39976
1.39983
1.39981
1.39989
1.39974
1.39983
1.4
1.4
1.4
1.4
1.4
1.4
1.39994
1.39994
1.39988
1.39986
1.39988
1.39991
1.39992
1.39992
1.39983
1.39991
1.3999
1.39976
1.39972
1.39987
1.39974
1.39991
1.39988
1.39976
1.39979
1.39984
1.39973
1.39972
1.39984
1.39989
1.3999
1.39981
1.3998
1.39985
1.39987
1.39985
1.39981
1.39985
1.39989
1.39991
1.39984
1.39991
1.39988
1.39988
1.39993
1.39985
1.39986
1.39985
1.3999
1.39989
1.39986
1.3999
1.39991
1.39992
1.39983
1.39988
1.39988
1.39991
1.39995
1.39992
1.39995
1.39996
1.39998
1.39998
1.39998
1.39992
1.39995
1.39994
1.39989
1.39989
1.39985
1.39991
1.39993
1.39986
1.39988
1.3998
1.39985
1.39981
1.39989
1.39992
1.39995
1.39998
1.39999
1.39999
1.4
1.4
1.39999
1.4
1.4
1.39989
1.3999
1.39985
1.39992
1.39988
1.39982
1.39988
1.39984
1.39976
1.39985
1.39977
1.39986
1.39991
1.39992
1.39991
1.39992
1.39992
1.39982
1.39982
1.39987
1.39989
1.3998
1.39989
1.3999
1.39993
1.39998
1.39999
1.39999
1.39998
1.39998
1.4
1.4
1.4
1.4
1.4
1.4
1.4
1.39989
1.39989
1.39981
1.39993
1.39991
1.39991
1.39989
1.39994
1.39993
1.39999
1.39999
1.39999
1.39998
1.39998
1.39999
1.39999
1.39988
1.39989
1.39992
1.39993
1.39994
1.39995
1.39984
1.39982
1.3999
1.39986
1.3999
1.39993
1.4
1.39988
1.3999
1.39999
1.39999
1.4
1.39999
1.4
1.39998
1.39998
1.39999
1.39999
1.39983
1.3999
1.39992
1.39994
1.39993
1.39993
1.39996
1.39992
1.39992
1.39994
1.3999
1.39993
1.4
1.4
1.4
1.4
1.4
1.4
1.39986
1.39989
1.39991
1.39996
1.39998
1.39995
1.39994
1.39998
1.3998
1.39989
1.39994
1.39994
1.39989
1.39998
1.39996
1.39999
1.39997
1.39998
1.4
1.4
1.4
1.39978
1.39989
1.39988
1.39992
1.39985
1.39989
1.39989
1.3999
1.39992
1.39992
1.3999
1.39991
1.39991
1.39989
1.39991
1.39994
1.39992
1.39988
1.39995
1.39994
1.39988
1.39988
1.39993
1.39994
1.39995
1.39997
1.39986
1.39988
1.39989
1.3999
1.39991
1.39993
1.39993
1.39995
1.39991
1.3999
1.39992
1.39993
1.39994
1.39995
1.4
1.4
1.4
1.4
1.4
1.4
1.4
1.4
1.4
1.4
1.4
1.39992
1.39988
1.39987
1.39988
1.39991
1.39995
1.39994
1.39992
1.39993
1.39992
1.4
1.4
1.4
1.4
1.4
1.4
1.4
1.39996
1.39997
1.39999
1.39999
1.39999
1.39998
1.39992
1.39992
1.39993
1.39994
1.39994
1.4
1.4
1.4
1.4
1.4
1.4
1.4
1.4
1.4
1.4
1.4
1.4
1.4
1.4
1.4
1.4
1.4
1.4
1.4
1.4
1.4
1.4
1.4
1.4
1.4
1.4
1.39992
1.39995
1.39996
1.4
1.4
1.4
1.4
1.4
1.4
1.4
1.4
1.3999
1.39992
1.39992
1.39995
1.39996
1.39997
1.39994
1.39993
1.39996
1.39996
1.39998
1.39993
1.39995
1.39998
1.39997
1.39998
1.39997
1.39999
1.39991
1.39992
1.3999
1.39994
1.39993
1.39991
1.39993
1.4
1.4
1.4
1.4
1.4
1.4
1.4
1.4
1.39996
1.39995
1.39998
1.39997
1.39998
1.39999
1.39999
1.39992
1.39993
1.39993
1.39996
1.39995
1.39996
1.39996
1.39992
1.39992
1.39992
1.39993
1.39995
1.39995
1.39994
1.39995
1.39999
1.39999
1.39999
1.4
1.39998
1.39994
1.4
1.4
1.4
1.4
1.4
1.4
1.4
1.4
1.39995
1.39991
1.39994
1.39995
1.39994
1.39996
1.39997
1.39999
1.39996
1.39994
1.39996
1.39998
1.39996
1.39997
1.39993
1.39996
1.39997
1.4
1.4
1.4
1.4
1.4
1.4
1.39993
1.39992
1.39996
1.39995
1.39996
1.39998
1.39996
1.39996
1.39995
1.39995
1.39996
1.39995
1.39998
1.39998
1.39993
1.39996
1.39996
1.39996
1.39997
1.39996
1.4
1.4
1.4
1.4
1.4
1.4
1.4
1.4
1.4
1.4
1.39993
1.39994
1.39995
1.4
1.4
1.4
1.4
1.39999
1.39996
1.39998
1.39998
1.39999
1.39996
1.39997
1.39994
1.39997
1.39997
1.39992
1.39995
1.39995
1.39996
1.39996
1.39997
1.39993
1.39996
1.39997
1.39996
1.39993
1.39995
1.39994
1.39995
1.39995
1.39997
1.39998
1.39992
1.39995
1.39995
1.39997
1.39997
1.39997
1.39997
1.39997
1.39998
1.39998
1.39998
1.39999
1.39998
1.39992
1.39992
1.39994
1.39995
1.39996
1.39996
1.39996
1.39996
1.39995
1.39992
1.39995
1.39996
1.39996
1.39997
1.39994
1.39994
1.39996
1.39999
1.4
1.4
1.4
1.39999
1.39999
1.39997
1.39996
1.39995
1.39996
1.39996
1.4
1.4
1.4
1.4
1.39993
1.39994
1.39995
1.39993
1.39995
1.39994
1.4
1.4
1.4
1.4
1.39997
1.39997
1.39994
1.39994
1.39994
1.39997
1.39998
1.39998
1.39996
1.39996
1.39998
1.39998
1.39998
1.39999
1.39999
1.39996
1.39998
1.39997
1.39996
1.39996
1.39997
1.39996
1.39996
1.39996
1.39998
1.39997
1.39998
1.39995
1.39994
1.39997
1.39996
1.39998
1.4
1.4
1.4
1.39999
1.39999
1.39997
1.39998
1.39999
1.39999
1.39997
1.39997
1.39998
1.39997
1.39999
1.39999
1.39998
1.39998
1.39997
1.39998
1.39999
1.39999
1.39999
1.39999
1.4
1.4
1.4
1.4
1.39993
1.39992
1.39994
1.39993
1.39999
1.4
1.39999
1.4
1.4
1.4
1.4
1.4
1.4
1.4
1.4
1.39997
1.39997
1.39996
1.39996
1.39996
1.39997
1.39998
1.39999
1.39998
1.39999
1.39999
1.39998
1.39999
1.4
1.4
1.4
1.39995
1.39997
1.39997
1.39998
1.39997
1.39998
1.39996
1.39997
1.39994
1.39996
1.39997
1.39998
1.39997
1.39996
1.39996
1.39997
1.39997
1.39996
1.39997
1.39996
1.39998
1.39998
1.39999
1.4
1.39996
1.39996
1.39998
1.39998
1.39997
1.39999
1.39998
1.39999
1.39999
1.39999
1.39999
1.39997
1.39997
1.39999
1.39999
1.39996
1.39998
1.39997
1.39998
1.39998
1.39998
1.39999
1.39999
1.4
1.39997
1.39997
1.39999
1.39997
1.39999
1.39999
1.39999
1.39999
1.39998
1.4
1.4
1.39999
1.39999
1.4
1.39998
1.39998
1.39997
1.39998
1.39996
1.39997
1.39996
1.39996
1.39994
1.39998
1.39996
1.39998
1.39996
1.39997
1.39997
1.39997
1.39998
1.39997
1.39998
1.39998
1.39997
1.39998
1.39998
1.39997
1.39998
1.39997
1.39998
1.39999
1.39997
1.39998
1.39998
1.39997
1.39998
1.39998
1.39997
1.39996
1.39998
1.39998
1.39998
1.39999
1.39996
1.39995
1.39997
1.39997
1.39998
1.39998
1.39999
1.39998
1.39998
1.39998
1.39997
1.39997
1.39998
1.39998
1.39999
1.39999
1.39999
1.4
1.4
1.4
1.4
1.39999
1.39998
1.39997
1.39997
1.39997
1.39998
1.39996
1.39998
1.39997
1.39999
1.39998
1.39999
1.39998
1.39998
1.39998
1.39998
1.4
1.4
1.39998
1.39999
1.39998
1.39998
1.39999
1.39999
1.39999
1.4
1.39999
1.4
1.39998
1.39998
1.39999
1.39999
1.39999
1.4
1.39999
1.39999
1.39998
1.39998
1.39998
1.39997
1.39998
1.39998
1.39999
1.39999
1.39998
1.39998
1.39999
1.39998
1.4
1.4
1.39998
1.39998
1.39997
1.39997
1.39998
1.39998
1.39998
1.39998
1.39999
1.39999
1.39998
1.39998
1.39999
1.39999
1.39999
1.39999
1.4
1.39999
1.4
1.39999
1.39998
1.39999
1.39998
1.39998
1.39999
1.39997
1.39997
1.39997
1.39998
1.39999
1.39998
1.39998
1.4
1.4
1.4
1.39998
1.39999
1.39999
1.39999
1.39998
1.4
1.4
1.4
1.4
1.4
1.4
1.4
1.4
1.4
1.39998
1.39998
1.39998
1.39999
1.39999
1.39999
1.4
1.39999
1.39998
1.39999
1.39999
1.39999
1.39999
1.39999
1.4
1.4
1.4
1.4
1.4
1.4
1.4
1.4
1.4
1.4
1.4
1.4
1.4
1.4
1.39999
1.39998
1.39999
1.39999
1.39999
1.39999
1.39999
1.4
1.4
1.4
1.39998
1.39998
1.39998
1.39998
1.39998
1.39998
1.39999
1.39999
1.39999
1.39999
1.4
1.4
1.4
1.39999
1.39998
1.39999
1.39999
1.39999
1.39999
1.39998
1.39999
1.39999
1.4
1.39999
1.4
1.4
1.4
1.4
1.4
1.39999
1.39999
1.39999
1.4
1.4
1.4
1.39999
1.4
1.4
1.39999
1.39999
1.39998
1.39999
1.39999
1.39999
1.39999
1.39999
1.39999
1.39999
1.39999
1.39999
1.4
1.4
1.4
1.4
1.4
1.4
1.4
1.4
1.4
1.4
1.4
1.4
1.4
1.4
1.39998
1.39998
1.39998
1.39999
1.39998
1.39999
1.4
1.4
1.39999
1.39999
1.4
1.39999
1.39998
1.39999
1.39999
1.39999
1.39999
1.39999
1.39999
1.39999
1.39999
1.39998
1.39999
1.39999
1.39999
1.39999
1.39999
1.39999
1.39999
1.39998
1.4
1.4
1.4
1.4
1.4
1.4
1.39999
1.39999
1.39999
1.4
1.39999
1.4
1.4
1.4
1.39999
1.4
1.4
1.4
1.4
1.4
1.4
1.4
1.4
1.4
1.4
1.4
1.39999
1.39999
1.39998
1.39999
1.39999
1.39998
1.39999
1.4
1.4
1.39999
1.39999
1.39999
1.39999
1.39999
1.39999
1.39999
1.39999
1.39999
1.39999
1.39998
1.39999
1.39999
1.39999
1.39999
1.39999
1.39999
1.39999
1.4
1.4
1.4
1.39999
1.39999
1.39999
1.39999
1.39999
1.39999
1.39999
1.39999
1.4
1.4
1.4
1.4
1.4
1.4
1.4
1.4
1.39999
1.39999
1.39999
1.39999
1.39999
1.4
1.4
1.4
1.4
1.4
1.4
1.39998
1.39999
1.39999
1.39999
1.39999
1.39999
1.4
1.4
1.4
1.39999
1.39999
1.39999
1.39999
1.39999
1.39999
1.39999
1.39999
1.39999
1.39999
1.4
1.4
1.4
1.4
1.4
1.4
1.4
1.4
1.4
1.4
1.4
1.4
1.4
1.4
1.4
1.39999
1.39999
1.4
1.4
1.39999
1.39999
1.39999
1.39999
1.39999
1.4
1.4
1.4
1.4
1.4
1.4
1.39999
1.39999
1.39999
1.4
1.4
1.4
1.4
1.39999
1.4
1.4
1.39999
1.4
1.39999
1.4
1.4
1.4
1.4
1.4
1.4
1.4
1.4
1.39999
1.4
1.4
1.4
1.4
1.4
1.4
1.4
1.4
1.4
1.4
1.4
1.4
1.4
1.4
1.4
1.4
1.4
1.4
1.4
1.4
1.39999
1.39999
1.39999
1.39999
1.39999
1.4
1.4
1.4
1.39999
1.4
1.4
1.39999
1.39999
1.4
1.39999
1.39999
1.4
1.4
1.4
1.39999
1.39999
1.39999
1.39999
1.39999
1.4
1.4
1.4
1.39999
1.4
1.4
1.4
1.4
1.4
1.4
1.4
1.4
1.4
1.4
1.4
1.4
1.4
1.4
1.4
1.4
1.39999
1.39999
1.4
1.39999
1.4
1.4
1.4
1.4
1.4
1.4
1.4
1.4
1.4
1.4
1.4
1.39999
1.39999
1.39999
1.4
1.4
1.4
1.4
1.4
1.4
1.4
1.4
1.4
1.4
1.4
1.4
1.4
1.4
1.39999
1.39999
1.39999
1.39999
1.39999
1.39999
1.39999
1.4
1.39999
1.4
1.39999
1.4
1.4
1.4
1.4
1.4
1.4
1.4
1.4
1.4
1.4
1.4
1.4
1.4
1.4
1.4
1.4
1.39999
1.4
1.4
1.4
1.4
1.4
1.4
1.4
1.4
1.39999
1.4
1.4
1.39999
1.39999
1.39999
1.4
1.4
1.4
1.4
1.4
1.4
1.4
1.4
1.4
1.4
1.39999
1.4
1.4
1.4
1.4
1.4
1.4
1.4
1.4
1.4
1.39999
1.39999
1.39999
1.39999
1.39999
1.4
1.39999
1.39999
1.4
1.39999
1.39999
1.39999
1.39999
1.4
1.4
1.39999
1.39999
1.4
1.4
1.4
1.4
1.4
1.4
1.4
1.4
1.4
1.39999
1.4
1.4
1.4
1.4
1.4
1.4
1.4
1.4
1.4
1.4
1.4
1.4
1.4
1.4
1.4
1.4
1.4
1.4
1.4
1.4
1.4
1.4
1.4
1.4
1.4
1.4
1.4
1.4
1.4
1.4
1.4
1.4
1.4
1.4
1.4
1.4
1.4
1.4
1.4
1.4
1.4
1.4
1.4
1.4
1.4
1.4
1.4
1.4
1.4
1.4
1.4
1.4
1.4
1.4
1.4
1.4
1.4
1.4
1.4
1.4
1.4
1.4
1.4
1.4
1.4
1.4
1.4
1.4
1.4
1.4
1.4
1.4
1.4
1.4
1.4
1.4
1.4
1.4
1.4
1.4
1.4
1.4
1.4
1.4
1.4
1.4
1.4
1.4
1.4
1.4
1.4
1.4
1.4
1.4
1.4
1.4
1.4
1.4
1.4
1.4
1.4
1.4
1.4
1.4
1.4
1.4
1.4
1.4
1.4
1.4
1.4
1.4
1.4
1.4
1.4
1.4
1.4
1.4
1.4
1.4
1.4
1.4
1.39999
1.4
1.39999
1.4
1.4
1.4
1.4
1.4
1.4
1.4
1.4
1.4
1.39999
1.4
1.4
1.4
1.4
1.4
1.4
1.4
1.4
1.4
1.4
1.4
1.4
1.4
1.4
1.4
1.39999
1.4
1.4
1.4
1.4
1.4
1.4
1.4
1.4
1.4
1.4
1.4
1.4
1.4
1.4
1.4
1.4
1.4
1.4
1.4
1.4
1.4
1.4
1.4
1.4
1.4
1.4
1.4
1.4
1.4
1.4
1.4
1.4
1.4
1.4
1.4
1.4
1.4
1.4
1.4
1.4
1.4
1.4
1.4
1.4
1.4
1.4
1.4
1.4
1.4
1.4
1.4
1.4
1.4
1.4
1.4
1.4
1.4
1.4
1.4
1.4
1.39999
1.4
1.4
1.4
1.4
1.4
1.4
1.4
1.4
1.39999
1.39999
1.39999
1.4
1.4
1.4
1.4
1.4
1.4
1.4
1.4
1.4
1.4
1.4
1.4
1.4
1.4
1.4
1.4
1.4
1.4
1.4
1.4
1.4
1.4
1.4
1.4
1.4
1.4
1.4
1.4
1.4
1.4
1.4
1.4
1.4
1.4
1.4
1.4
1.4
1.4
1.4
1.4
1.4
1.4
1.4
1.4
1.4
1.4
1.4
1.4
1.4
1.4
1.4
1.4
1.4
1.4
1.4
1.4
1.4
1.4
1.4
1.4
1.4
1.4
1.4
1.4
1.4
1.4
1.4
1.4
1.4
1.4
1.4
1.4
1.4
1.4
1.4
1.4
1.4
1.4
1.4
1.4
1.4
1.4
1.4
1.4
1.4
1.4
1.4
1.4
1.4
1.4
1.4
1.4
1.4
1.4
1.4
1.4
1.4
1.4
1.4
1.4
1.39999
1.4
1.4
1.4
1.4
1.4
1.4
1.4
1.4
1.4
1.4
1.4
1.4
1.4
1.4
1.4
1.4
1.4
1.4
1.4
1.4
1.4
1.4
1.4
1.4
1.4
1.4
1.4
1.4
1.4
1.4
1.4
1.4
1.4
1.4
1.4
1.4
1.4
1.4
1.4
1.4
1.4
1.4
1.4
1.4
1.4
1.4
1.4
1.4
1.4
1.4
1.4
1.4
1.4
1.4
1.4
1.4
1.4
1.4
1.4
1.4
1.4
1.4
1.4
1.4
1.4
1.4
1.4
1.4
1.4
1.4
1.4
1.4
1.4
1.4
1.4
1.39999
1.4
1.4
1.4
1.4
1.4
1.4
1.4
1.4
1.4
1.4
1.4
1.4
1.4
1.4
1.4
1.4
1.4
1.4
1.4
1.4
1.4
1.4
1.4
1.4
1.4
1.4
1.4
1.4
1.4
1.4
1.4
1.4
1.4
1.4
1.4
1.4
1.4
1.4
1.4
1.4
1.4
1.4
1.4
1.4
1.4
1.4
1.4
1.4
1.4
1.4
1.4
1.4
1.4
1.4
1.4
1.4
1.4
1.4
1.4
1.4
1.4
1.4
1.4
1.4
1.4
1.4
1.4
1.4
1.4
1.4
1.4
1.4
1.4
1.4
1.4
1.4
1.4
1.4
1.4
1.4
1.4
1.4
1.4
1.4
1.4
1.4
1.4
1.4
1.4
1.4
1.4
1.4
1.4
1.4
1.4
1.4
1.4
1.4
1.4
1.4
1.4
1.4
1.4
1.4
1.4
1.4
1.4
1.4
1.4
1.4
1.4
1.4
1.4
1.4
1.4
1.4
1.4
1.4
1.4
1.4
1.4
1.4
1.4
1.4
1.4
1.4
1.4
1.4
1.4
1.4
1.4
1.4
1.4
1.4
1.4
1.4
1.4
1.4
1.4
1.4
1.4
1.4
1.4
1.4
1.4
1.4
1.4
1.4
1.4
1.4
1.4
1.4
1.4
1.4
1.4
1.4
1.4
1.4
1.4
1.4
1.4
1.4
1.4
1.4
1.4
1.4
1.4
1.4
1.4
1.4
1.4
1.4
1.4
1.4
1.4
1.4
1.4
1.4
1.4
1.4
1.4
1.4
1.4
1.4
1.4
1.4
1.4
1.4
1.4
1.4
1.4
1.4
1.4
1.4
1.4
1.4
1.4
1.4
1.4
1.4
1.4
1.4
1.4
1.4
1.4
1.4
1.4
1.4
1.4
1.4
1.4
1.4
1.4
1.4
1.4
1.4
1.4
1.4
1.4
1.4
1.4
1.4
1.4
1.4
1.4
1.4
1.4
1.4
1.4
1.4
1.4
1.4
1.4
1.4
1.4
1.4
1.4
1.4
1.4
1.4
1.4
1.4
1.4
1.4
1.4
1.4
1.4
1.4
1.4
1.4
1.4
1.4
1.4
1.4
1.4
1.4
1.4
1.4
1.4
1.4
1.4
1.4
1.4
1.4
1.4
1.4
1.4
1.4
1.4
1.4
1.4
1.4
1.4
1.4
1.4
1.4
1.4
1.4
1.4
1.4
1.4
1.4
1.4
1.4
1.4
1.4
1.4
1.4
1.4
1.4
1.4
1.4
1.4
1.4
1.4
1.4
1.4
1.4
1.4
1.4
1.4
1.4
1.4
1.4
1.4
1.4
1.4
1.4
1.4
1.4
1.4
1.4
1.4
1.4
1.4
1.4
1.4
1.4
1.4
1.4
1.4
1.4
1.4
1.4
1.4
1.4
1.4
1.4
1.4
1.4
1.4
1.4
1.4
1.4
1.4
1.4
1.4
1.4
1.4
1.4
1.4
1.4
1.4
1.4
1.4
1.4
1.4
1.4
1.4
1.4
1.4
1.4
1.4
1.4
1.4
1.4
1.4
1.4
1.4
1.4
1.4
1.4
1.4
1.4
1.4
1.4
1.4
1.4
1.4
1.4
1.4
1.4
1.4
1.4
1.4
1.4
1.4
1.4
1.4
1.4
1.4
1.4
1.4
1.4
1.4
1.4
1.4
1.4
1.4
1.4
1.4
1.4
1.4
1.4
1.4
1.4
1.4
1.4
1.4
1.4
1.4
1.4
1.4
1.4
1.4
1.4
1.4
1.4
1.4
1.4
1.4
1.4
1.4
1.4
1.4
1.4
1.4
1.4
1.4
1.4
1.4
1.4
1.4
1.4
1.4
1.4
1.4
1.4
1.4
1.4
1.4
1.4
1.4
1.4
1.4
1.4
1.4
1.4
1.4
1.4
1.4
1.4
1.4
1.4
1.4
1.4
1.4
1.4
1.4
1.4
1.4
1.4
1.4
1.4
1.4
1.4
1.4
1.4
1.4
1.4
1.4
1.4
1.4
1.4
1.4
1.4
1.4
1.4
1.4
1.4
1.4
1.4
1.4
1.4
1.4
1.4
1.4
1.4
1.4
1.4
1.4
1.4
1.4
1.4
1.4
1.4
1.4
1.4
1.4
1.4
1.4
1.4
1.4
1.4
1.4
1.4
1.4
1.4
1.4
1.4
1.4
1.4
1.4
1.4
1.4
1.4
1.4
1.4
1.4
1.4
1.4
1.4
1.4
1.4
1.4
1.4
1.4
1.4
1.4
1.4
1.4
1.4
1.4
1.4
1.4
1.4
1.4
1.4
1.4
1.4
1.4
1.4
1.4
1.4
1.4
1.4
1.4
1.4
1.4
1.4
1.4
1.4
1.4
1.4
1.4
1.4
1.4
1.4
1.4
1.4
1.4
1.4
1.4
1.4
1.4
1.4
1.4
1.4
1.4
1.4
1.4
1.4
1.4
1.4
1.4
1.4
1.4
1.4
1.4
1.4
1.4
1.4
1.4
1.4
1.4
1.4
1.4
1.4
1.4
1.4
1.4
1.4
1.4
1.4
1.4
1.4
1.4
1.4
1.4
1.4
1.4
1.4
1.4
1.4
1.4
1.4
1.4
1.4
1.4
1.4
1.4
1.4
1.4
1.4
1.4
1.4
1.4
1.4
1.4
1.4
1.4
1.4
1.4
1.4
1.4
1.4
1.4
1.4
1.4
1.4
1.4
1.4
1.4
1.4
1.4
1.4
1.4
1.4
1.4
1.4
1.4
1.4
1.4
1.4
1.4
1.4
1.4
1.4
1.4
1.4
1.4
1.4
1.4
1.4
1.4
1.4
1.4
1.4
1.4
1.4
1.4
1.4
1.4
1.4
1.4
1.4
1.4
1.4
1.4
1.4
1.4
1.4
1.4
1.4
1.4
1.4
1.4
1.4
1.4
1.4
1.4
1.4
1.4
1.4
1.4
1.4
1.4
1.4
1.4
1.4
1.4
1.4
1.4
1.4
1.4
1.4
1.4
1.4
1.4
1.4
1.4
1.4
1.4
1.4
1.4
1.4
1.4
1.4
1.4
1.4
1.4
1.4
1.4
1.4
1.4
1.4
1.4
1.4
1.4
1.4
1.4
1.4
1.4
1.4
1.4
1.4
1.4
1.4
1.4
1.4
1.4
1.4
1.4
1.4
1.4
1.4
1.4
1.4
1.4
1.4
1.4
1.4
1.4
1.4
1.4
1.4
1.4
1.4
1.4
1.4
1.4
1.4
1.4
1.4
1.4
1.4
1.4
1.4
1.4
1.4
1.4
1.4
1.4
1.4
1.4
1.4
1.4
1.4
1.4
1.4
1.4
1.4
1.4
1.4
1.4
1.4
1.4
1.4
1.4
1.4
1.4
1.4
1.4
1.4
1.4
1.4
1.4
1.4
1.4
1.4
1.4
1.4
1.4
1.4
1.4
1.4
1.4
1.4
1.4
1.4
1.4
1.4
1.4
1.4
1.4
1.4
1.4
1.4
1.4
1.4
1.4
1.4
1.4
1.4
1.4
1.4
1.4
1.4
1.4
1.4
1.4
1.4
1.4
1.4
1.4
1.4
1.4
1.4
1.4
1.4
1.4
1.4
1.4
1.4
1.4
1.4
1.4
1.4
1.4
1.4
1.4
1.4
1.4
1.4
1.4
1.4
1.4
1.4
1.4
1.4
1.4
1.4
1.4
1.4
1.4
1.4
1.4
1.4
1.4
1.4
1.4
1.4
1.4
1.4
1.4
1.4
1.4
1.4
1.4
1.4
1.4
1.4
1.4
1.4
1.4
1.4
1.4
1.4
1.4
1.4
1.4
1.4
1.4
1.4
1.4
1.4
1.4
1.4
1.4
1.4
1.4
1.4
1.4
1.4
1.4
1.4
1.4
1.4
1.4
1.4
1.4
1.4
1.4
1.4
1.4
1.4
1.4
1.4
1.4
1.4
1.4
1.4
1.4
1.4
1.4
1.4
1.4
1.4
1.4
1.4
1.4
1.4
1.4
1.4
1.4
1.4
1.4
1.4
1.4
1.4
1.4
1.4
1.4
1.4
1.4
1.4
1.4
1.4
1.4
1.4
1.4
1.4
1.4
1.4
1.4
1.4
1.4
1.4
1.4
1.4
1.4
1.4
1.4
1.4
1.4
1.4
1.4
1.4
1.4
1.4
1.4
1.4
1.4
1.4
1.4
1.4
1.4
1.4
1.4
1.4
1.4
1.4
1.4
1.4
1.4
1.4
1.4
1.4
1.4
1.4
1.4
1.4
1.4
1.4
1.4
1.4
1.4
1.4
1.4
1.4
1.4
1.4
1.4
1.4
1.4
1.4
1.4
1.4
1.4
1.4
1.4
1.4
1.4
1.4
1.4
1.4
1.4
1.4
1.4
1.4
1.4
1.4
1.4
1.4
1.4
1.4
1.4
1.4
1.4
1.4
1.4
1.4
1.4
1.4
1.4
1.4
1.4
1.4
1.4
1.4
1.4
1.4
1.4
1.4
1.4
1.4
1.4
1.4
1.4
1.4
1.4
1.4
1.4
1.4
1.4
1.4
1.4
1.4
1.4
1.4
1.4
1.4
1.4
1.4
1.4
1.4
1.4
1.4
1.4
1.4
1.4
1.4
1.4
1.4
1.4
1.4
1.4
1.4
1.4
1.4
1.4
1.4
1.4
1.4
1.4
1.4
1.4
1.4
1.4
1.4
1.4
1.4
1.4
1.4
1.4
1.4
1.4
1.4
1.4
1.4
1.4
1.4
1.4
1.4
1.4
1.4
1.4
1.4
1.4
1.4
1.4
1.4
1.4
1.4
1.4
1.4
1.4
1.4
1.4
1.4
1.4
1.4
1.4
1.4
1.4
1.4
1.4
1.4
1.4
1.4
1.4
1.4
1.4
1.4
1.4
1.4
1.4
1.4
1.4
1.4
1.4
1.4
1.4
1.4
1.4
1.4
1.4
1.4
1.4
1.4
1.4
1.4
1.4
1.4
1.4
1.4
1.4
1.4
1.4
1.4
1.4
1.4
1.4
1.4
1.4
1.4
1.4
1.4
1.4
1.4
1.4
1.4
1.4
1.4
1.4
1.4
1.4
1.4
1.4
1.4
1.4
1.4
1.4
1.4
1.4
1.4
1.4
1.4
1.4
1.4
1.4
1.4
1.4
1.4
1.4
1.4
1.4
1.4
1.4
1.4
1.4
1.4
1.4
1.4
1.4
1.4
1.4
1.4
1.4
1.4
1.4
1.4
1.4
1.4
1.4
1.4
1.4
1.4
1.4
1.4
1.4
1.4
1.4
1.4
1.4
1.4
1.4
1.4
1.4
1.4
1.4
1.4
1.4
1.4
1.4
1.4
1.4
1.4
1.4
1.4
1.4
1.4
1.4
1.4
1.4
1.4
1.4
1.4
1.4
1.4
1.4
1.4
1.4
1.4
1.4
1.4
1.4
1.4
1.4
1.4
1.4
1.4
1.4
1.4
1.4
1.4
1.4
1.4
1.4
1.4
1.4
1.4
1.4
1.4
1.4
1.4
1.4
1.4
1.4
1.4
1.4
1.4
1.4
1.4
1.4
1.4
1.4
1.4
1.4
1.4
1.4
1.4
1.4
1.4
1.4
1.4
1.4
1.4
1.4
1.4
1.4
1.4
1.4
1.4
1.4
1.4
1.4
1.4
1.4
1.4
1.4
1.4
1.4
1.4
1.4
1.4
1.4
1.4
1.4
1.4
1.4
1.4
1.4
1.4
1.4
1.4
1.4
