index	file	func	line
0	tests/benchmarks/shoc/src/cuda/level2/s3d/ratt.h	_Z11ratt_kernelIfEvPKT_PS0_S0_	12
1	/storage/users/sislam3/opt/llvm-22/lib/clang/22/include/__clang_cuda_math.h	_Z11ratt_kernelIfEvPKT_PS0_S0_	187
2	tests/benchmarks/shoc/src/cuda/level2/s3d/ratt.h	_Z11ratt_kernelIfEvPKT_PS0_S0_	15
3	tests/benchmarks/shoc/src/cuda/level2/s3d/ratt.h	_Z11ratt_kernelIfEvPKT_PS0_S0_	16
4	tests/benchmarks/shoc/src/cuda/level2/s3d/ratt.h	_Z11ratt_kernelIfEvPKT_PS0_S0_	19
5	/storage/users/sislam3/opt/llvm-22/lib/clang/22/include/__clang_cuda_math.h	_Z11ratt_kernelIfEvPKT_PS0_S0_	108
6	tests/benchmarks/shoc/src/cuda/level2/s3d/ratt.h	_Z11ratt_kernelIfEvPKT_PS0_S0_	20
7	tests/benchmarks/shoc/src/cuda/level2/s3d/ratt.h	_Z11ratt_kernelIfEvPKT_PS0_S0_	21
8	tests/benchmarks/shoc/src/cuda/level2/s3d/ratt.h	_Z11ratt_kernelIfEvPKT_PS0_S0_	22
9	tests/benchmarks/shoc/src/cuda/level2/s3d/ratt.h	_Z11ratt_kernelIfEvPKT_PS0_S0_	23
10	tests/benchmarks/shoc/src/cuda/level2/s3d/ratt.h	_Z11ratt_kernelIfEvPKT_PS0_S0_	24
11	tests/benchmarks/shoc/src/cuda/level2/s3d/ratt.h	_Z11ratt_kernelIfEvPKT_PS0_S0_	25
12	tests/benchmarks/shoc/src/cuda/level2/s3d/ratt.h	_Z11ratt_kernelIfEvPKT_PS0_S0_	26
13	tests/benchmarks/shoc/src/cuda/level2/s3d/ratt.h	_Z11ratt_kernelIfEvPKT_PS0_S0_	27
14	tests/benchmarks/shoc/src/cuda/level2/s3d/ratt.h	_Z11ratt_kernelIfEvPKT_PS0_S0_	28
15	tests/benchmarks/shoc/src/cuda/level2/s3d/ratt.h	_Z11ratt_kernelIfEvPKT_PS0_S0_	29
16	tests/benchmarks/shoc/src/cuda/level2/s3d/ratt.h	_Z11ratt_kernelIfEvPKT_PS0_S0_	30
17	tests/benchmarks/shoc/src/cuda/level2/s3d/ratt.h	_Z11ratt_kernelIfEvPKT_PS0_S0_	31
18	tests/benchmarks/shoc/src/cuda/level2/s3d/ratt.h	_Z11ratt_kernelIfEvPKT_PS0_S0_	32
19	tests/benchmarks/shoc/src/cuda/level2/s3d/ratt.h	_Z11ratt_kernelIfEvPKT_PS0_S0_	33
20	tests/benchmarks/shoc/src/cuda/level2/s3d/ratt.h	_Z11ratt_kernelIfEvPKT_PS0_S0_	34
21	tests/benchmarks/shoc/src/cuda/level2/s3d/ratt.h	_Z11ratt_kernelIfEvPKT_PS0_S0_	35
22	tests/benchmarks/shoc/src/cuda/level2/s3d/ratt.h	_Z11ratt_kernelIfEvPKT_PS0_S0_	36
23	tests/benchmarks/shoc/src/cuda/level2/s3d/ratt.h	_Z11ratt_kernelIfEvPKT_PS0_S0_	37
24	tests/benchmarks/shoc/src/cuda/level2/s3d/ratt.h	_Z11ratt_kernelIfEvPKT_PS0_S0_	39
25	tests/benchmarks/shoc/src/cuda/level2/s3d/ratt.h	_Z11ratt_kernelIfEvPKT_PS0_S0_	40
26	tests/benchmarks/shoc/src/cuda/level2/s3d/ratt.h	_Z11ratt_kernelIfEvPKT_PS0_S0_	41
27	tests/benchmarks/shoc/src/cuda/level2/s3d/ratt.h	_Z11ratt_kernelIfEvPKT_PS0_S0_	42
28	tests/benchmarks/shoc/src/cuda/level2/s3d/ratt.h	_Z11ratt_kernelIfEvPKT_PS0_S0_	43
29	tests/benchmarks/shoc/src/cuda/level2/s3d/ratt.h	_Z11ratt_kernelIfEvPKT_PS0_S0_	44
30	tests/benchmarks/shoc/src/cuda/level2/s3d/ratt.h	_Z11ratt_kernelIfEvPKT_PS0_S0_	45
31	tests/benchmarks/shoc/src/cuda/level2/s3d/ratt.h	_Z11ratt_kernelIfEvPKT_PS0_S0_	46
32	tests/benchmarks/shoc/src/cuda/level2/s3d/ratt.h	_Z11ratt_kernelIfEvPKT_PS0_S0_	47
33	tests/benchmarks/shoc/src/cuda/level2/s3d/ratt.h	_Z11ratt_kernelIfEvPKT_PS0_S0_	48
34	tests/benchmarks/shoc/src/cuda/level2/s3d/ratt.h	_Z11ratt_kernelIfEvPKT_PS0_S0_	49
35	tests/benchmarks/shoc/src/cuda/level2/s3d/ratt.h	_Z11ratt_kernelIfEvPKT_PS0_S0_	50
36	tests/benchmarks/shoc/src/cuda/level2/s3d/ratt.h	_Z11ratt_kernelIfEvPKT_PS0_S0_	51
37	tests/benchmarks/shoc/src/cuda/level2/s3d/ratt.h	_Z11ratt_kernelIfEvPKT_PS0_S0_	54
38	tests/benchmarks/shoc/src/cuda/level2/s3d/ratt.h	_Z11ratt_kernelIfEvPKT_PS0_S0_	55
39	tests/benchmarks/shoc/src/cuda/level2/s3d/ratt.h	_Z11ratt_kernelIfEvPKT_PS0_S0_	58
40	tests/benchmarks/shoc/src/cuda/level2/s3d/ratt.h	_Z11ratt_kernelIfEvPKT_PS0_S0_	59
41	tests/benchmarks/shoc/src/cuda/level2/s3d/ratt.h	_Z11ratt_kernelIfEvPKT_PS0_S0_	64
42	tests/benchmarks/shoc/src/cuda/level2/s3d/ratt.h	_Z11ratt_kernelIfEvPKT_PS0_S0_	65
43	tests/benchmarks/shoc/src/cuda/level2/s3d/ratt.h	_Z11ratt_kernelIfEvPKT_PS0_S0_	66
44	tests/benchmarks/shoc/src/cuda/level2/s3d/ratt.h	_Z11ratt_kernelIfEvPKT_PS0_S0_	67
45	tests/benchmarks/shoc/src/cuda/level2/s3d/ratt.h	_Z11ratt_kernelIfEvPKT_PS0_S0_	69
46	tests/benchmarks/shoc/src/cuda/level2/s3d/ratt.h	_Z11ratt_kernelIfEvPKT_PS0_S0_	70
47	tests/benchmarks/shoc/src/cuda/level2/s3d/ratt.h	_Z11ratt_kernelIfEvPKT_PS0_S0_	71
48	tests/benchmarks/shoc/src/cuda/level2/s3d/ratt.h	_Z11ratt_kernelIfEvPKT_PS0_S0_	73
49	tests/benchmarks/shoc/src/cuda/level2/s3d/ratt.h	_Z11ratt_kernelIfEvPKT_PS0_S0_	75
50	tests/benchmarks/shoc/src/cuda/level2/s3d/ratt.h	_Z11ratt_kernelIfEvPKT_PS0_S0_	78
51	tests/benchmarks/shoc/src/cuda/level2/s3d/ratt.h	_Z11ratt_kernelIfEvPKT_PS0_S0_	90
52	tests/benchmarks/shoc/src/cuda/level2/s3d/ratt.h	_Z11ratt_kernelIfEvPKT_PS0_S0_	91
53	tests/benchmarks/shoc/src/cuda/level2/s3d/ratt.h	_Z11ratt_kernelIfEvPKT_PS0_S0_	92
54	tests/benchmarks/shoc/src/cuda/level2/s3d/ratt.h	_Z11ratt_kernelIfEvPKT_PS0_S0_	93
55	tests/benchmarks/shoc/src/cuda/level2/s3d/ratt.h	_Z11ratt_kernelIfEvPKT_PS0_S0_	94
56	tests/benchmarks/shoc/src/cuda/level2/s3d/ratt.h	_Z11ratt_kernelIfEvPKT_PS0_S0_	95
57	tests/benchmarks/shoc/src/cuda/level2/s3d/ratt.h	_Z11ratt_kernelIfEvPKT_PS0_S0_	96
58	tests/benchmarks/shoc/src/cuda/level2/s3d/ratt.h	_Z11ratt_kernelIfEvPKT_PS0_S0_	97
59	tests/benchmarks/shoc/src/cuda/level2/s3d/ratt.h	_Z11ratt_kernelIfEvPKT_PS0_S0_	98
60	tests/benchmarks/shoc/src/cuda/level2/s3d/ratt.h	_Z11ratt_kernelIfEvPKT_PS0_S0_	99
61	tests/benchmarks/shoc/src/cuda/level2/s3d/ratt.h	_Z11ratt_kernelIfEvPKT_PS0_S0_	100
62	tests/benchmarks/shoc/src/cuda/level2/s3d/ratt.h	_Z11ratt_kernelIfEvPKT_PS0_S0_	102
63	tests/benchmarks/shoc/src/cuda/level2/s3d/ratt.h	_Z11ratt_kernelIfEvPKT_PS0_S0_	104
64	tests/benchmarks/shoc/src/cuda/level2/s3d/ratt.h	_Z11ratt_kernelIfEvPKT_PS0_S0_	105
65	tests/benchmarks/shoc/src/cuda/level2/s3d/ratt.h	_Z11ratt_kernelIfEvPKT_PS0_S0_	108
66	tests/benchmarks/shoc/src/cuda/level2/s3d/ratt.h	_Z11ratt_kernelIfEvPKT_PS0_S0_	112
67	tests/benchmarks/shoc/src/cuda/level2/s3d/ratt.h	_Z11ratt_kernelIfEvPKT_PS0_S0_	114
68	tests/benchmarks/shoc/src/cuda/level2/s3d/ratt.h	_Z11ratt_kernelIfEvPKT_PS0_S0_	115
69	tests/benchmarks/shoc/src/cuda/level2/s3d/ratt.h	_Z11ratt_kernelIfEvPKT_PS0_S0_	116
70	tests/benchmarks/shoc/src/cuda/level2/s3d/ratt.h	_Z11ratt_kernelIfEvPKT_PS0_S0_	117
71	tests/benchmarks/shoc/src/cuda/level2/s3d/ratt.h	_Z11ratt_kernelIfEvPKT_PS0_S0_	118
72	tests/benchmarks/shoc/src/cuda/level2/s3d/ratt.h	_Z11ratt_kernelIfEvPKT_PS0_S0_	125
73	tests/benchmarks/shoc/src/cuda/level2/s3d/ratt.h	_Z11ratt_kernelIfEvPKT_PS0_S0_	126
74	tests/benchmarks/shoc/src/cuda/level2/s3d/ratt.h	_Z11ratt_kernelIfEvPKT_PS0_S0_	127
75	tests/benchmarks/shoc/src/cuda/level2/s3d/ratt.h	_Z11ratt_kernelIfEvPKT_PS0_S0_	128
76	tests/benchmarks/shoc/src/cuda/level2/s3d/ratt.h	_Z11ratt_kernelIfEvPKT_PS0_S0_	130
77	tests/benchmarks/shoc/src/cuda/level2/s3d/ratt.h	_Z11ratt_kernelIfEvPKT_PS0_S0_	133
78	tests/benchmarks/shoc/src/cuda/level2/s3d/ratt.h	_Z11ratt_kernelIfEvPKT_PS0_S0_	137
79	tests/benchmarks/shoc/src/cuda/level2/s3d/ratt.h	_Z11ratt_kernelIfEvPKT_PS0_S0_	138
80	tests/benchmarks/shoc/src/cuda/level2/s3d/ratt.h	_Z11ratt_kernelIfEvPKT_PS0_S0_	139
81	tests/benchmarks/shoc/src/cuda/level2/s3d/ratt.h	_Z11ratt_kernelIfEvPKT_PS0_S0_	140
82	tests/benchmarks/shoc/src/cuda/level2/s3d/ratt.h	_Z11ratt_kernelIfEvPKT_PS0_S0_	141
83	tests/benchmarks/shoc/src/cuda/level2/s3d/ratt.h	_Z11ratt_kernelIfEvPKT_PS0_S0_	142
84	tests/benchmarks/shoc/src/cuda/level2/s3d/ratt.h	_Z11ratt_kernelIfEvPKT_PS0_S0_	143
85	tests/benchmarks/shoc/src/cuda/level2/s3d/ratt.h	_Z11ratt_kernelIfEvPKT_PS0_S0_	144
86	tests/benchmarks/shoc/src/cuda/level2/s3d/ratt.h	_Z11ratt_kernelIfEvPKT_PS0_S0_	145
87	tests/benchmarks/shoc/src/cuda/level2/s3d/ratt.h	_Z11ratt_kernelIfEvPKT_PS0_S0_	150
88	tests/benchmarks/shoc/src/cuda/level2/s3d/ratt.h	_Z11ratt_kernelIfEvPKT_PS0_S0_	151
89	tests/benchmarks/shoc/src/cuda/level2/s3d/ratt.h	_Z11ratt_kernelIfEvPKT_PS0_S0_	152
90	tests/benchmarks/shoc/src/cuda/level2/s3d/ratt.h	_Z11ratt_kernelIfEvPKT_PS0_S0_	153
91	tests/benchmarks/shoc/src/cuda/level2/s3d/ratt.h	_Z11ratt_kernelIfEvPKT_PS0_S0_	154
92	tests/benchmarks/shoc/src/cuda/level2/s3d/ratt.h	_Z11ratt_kernelIfEvPKT_PS0_S0_	155
93	tests/benchmarks/shoc/src/cuda/level2/s3d/ratt.h	_Z11ratt_kernelIfEvPKT_PS0_S0_	156
94	tests/benchmarks/shoc/src/cuda/level2/s3d/ratt.h	_Z11ratt_kernelIfEvPKT_PS0_S0_	157
95	tests/benchmarks/shoc/src/cuda/level2/s3d/ratt.h	_Z11ratt_kernelIfEvPKT_PS0_S0_	163
96	tests/benchmarks/shoc/src/cuda/level2/s3d/ratt.h	_Z11ratt_kernelIfEvPKT_PS0_S0_	164
97	tests/benchmarks/shoc/src/cuda/level2/s3d/ratt.h	_Z11ratt_kernelIfEvPKT_PS0_S0_	165
98	tests/benchmarks/shoc/src/cuda/level2/s3d/ratt.h	_Z11ratt_kernelIfEvPKT_PS0_S0_	167
99	tests/benchmarks/shoc/src/cuda/level2/s3d/ratt.h	_Z11ratt_kernelIfEvPKT_PS0_S0_	171
100	tests/benchmarks/shoc/src/cuda/level2/s3d/ratt.h	_Z11ratt_kernelIfEvPKT_PS0_S0_	172
101	tests/benchmarks/shoc/src/cuda/level2/s3d/ratt.h	_Z11ratt_kernelIfEvPKT_PS0_S0_	175
102	tests/benchmarks/shoc/src/cuda/level2/s3d/ratt.h	_Z11ratt_kernelIfEvPKT_PS0_S0_	176
103	tests/benchmarks/shoc/src/cuda/level2/s3d/ratt.h	_Z11ratt_kernelIfEvPKT_PS0_S0_	177
104	tests/benchmarks/shoc/src/cuda/level2/s3d/ratt.h	_Z11ratt_kernelIfEvPKT_PS0_S0_	180
105	tests/benchmarks/shoc/src/cuda/level2/s3d/ratt.h	_Z11ratt_kernelIfEvPKT_PS0_S0_	181
106	tests/benchmarks/shoc/src/cuda/level2/s3d/ratt.h	_Z11ratt_kernelIfEvPKT_PS0_S0_	182
107	tests/benchmarks/shoc/src/cuda/level2/s3d/ratt.h	_Z11ratt_kernelIfEvPKT_PS0_S0_	183
108	tests/benchmarks/shoc/src/cuda/level2/s3d/ratt.h	_Z11ratt_kernelIfEvPKT_PS0_S0_	184
109	tests/benchmarks/shoc/src/cuda/level2/s3d/ratt.h	_Z11ratt_kernelIfEvPKT_PS0_S0_	185
110	tests/benchmarks/shoc/src/cuda/level2/s3d/ratt.h	_Z11ratt_kernelIfEvPKT_PS0_S0_	186
111	tests/benchmarks/shoc/src/cuda/level2/s3d/ratt.h	_Z11ratt_kernelIfEvPKT_PS0_S0_	187
112	tests/benchmarks/shoc/src/cuda/level2/s3d/ratt.h	_Z11ratt_kernelIfEvPKT_PS0_S0_	188
113	tests/benchmarks/shoc/src/cuda/level2/s3d/ratt.h	_Z11ratt_kernelIfEvPKT_PS0_S0_	189
114	tests/benchmarks/shoc/src/cuda/level2/s3d/ratt.h	_Z11ratt_kernelIfEvPKT_PS0_S0_	190
115	tests/benchmarks/shoc/src/cuda/level2/s3d/ratt.h	_Z11ratt_kernelIfEvPKT_PS0_S0_	191
116	tests/benchmarks/shoc/src/cuda/level2/s3d/ratt.h	_Z11ratt_kernelIfEvPKT_PS0_S0_	194
117	tests/benchmarks/shoc/src/cuda/level2/s3d/ratt.h	_Z11ratt_kernelIfEvPKT_PS0_S0_	195
118	tests/benchmarks/shoc/src/cuda/level2/s3d/ratt.h	_Z11ratt_kernelIfEvPKT_PS0_S0_	196
119	tests/benchmarks/shoc/src/cuda/level2/s3d/ratt.h	_Z11ratt_kernelIfEvPKT_PS0_S0_	204
120	tests/benchmarks/shoc/src/cuda/level2/s3d/ratt.h	_Z11ratt_kernelIfEvPKT_PS0_S0_	206
121	tests/benchmarks/shoc/src/cuda/level2/s3d/ratt.h	_Z11ratt_kernelIfEvPKT_PS0_S0_	207
122	tests/benchmarks/shoc/src/cuda/level2/s3d/ratt.h	_Z11ratt_kernelIfEvPKT_PS0_S0_	208
123	tests/benchmarks/shoc/src/cuda/level2/s3d/ratt.h	_Z11ratt_kernelIfEvPKT_PS0_S0_	209
124	tests/benchmarks/shoc/src/cuda/level2/s3d/ratt.h	_Z11ratt_kernelIfEvPKT_PS0_S0_	210
125	tests/benchmarks/shoc/src/cuda/level2/s3d/ratt.h	_Z11ratt_kernelIfEvPKT_PS0_S0_	215
126	tests/benchmarks/shoc/src/cuda/level2/s3d/ratt.h	_Z11ratt_kernelIfEvPKT_PS0_S0_	216
127	tests/benchmarks/shoc/src/cuda/level2/s3d/ratt.h	_Z11ratt_kernelIfEvPKT_PS0_S0_	217
128	tests/benchmarks/shoc/src/cuda/level2/s3d/ratt.h	_Z11ratt_kernelIfEvPKT_PS0_S0_	218
129	tests/benchmarks/shoc/src/cuda/level2/s3d/ratt.h	_Z11ratt_kernelIfEvPKT_PS0_S0_	219
130	tests/benchmarks/shoc/src/cuda/level2/s3d/ratt.h	_Z11ratt_kernelIfEvPKT_PS0_S0_	220
131	tests/benchmarks/shoc/src/cuda/level2/s3d/ratt.h	_Z11ratt_kernelIfEvPKT_PS0_S0_	221
132	tests/benchmarks/shoc/src/cuda/level2/s3d/ratt.h	_Z11ratt_kernelIfEvPKT_PS0_S0_	222
133	tests/benchmarks/shoc/src/cuda/level2/s3d/ratt.h	_Z11ratt_kernelIfEvPKT_PS0_S0_	223
134	tests/benchmarks/shoc/src/cuda/level2/s3d/ratt.h	_Z11ratt_kernelIfEvPKT_PS0_S0_	224
135	tests/benchmarks/shoc/src/cuda/level2/s3d/ratt.h	_Z11ratt_kernelIfEvPKT_PS0_S0_	231
136	tests/benchmarks/shoc/src/cuda/level2/s3d/ratt.h	_Z12rdsmh_kernelIfEvPKT_PS0_S0_	246
137	/storage/users/sislam3/opt/llvm-22/lib/clang/22/include/__clang_cuda_math.h	_Z12rdsmh_kernelIfEvPKT_PS0_S0_	187
138	tests/benchmarks/shoc/src/cuda/level2/s3d/ratt.h	_Z12rdsmh_kernelIfEvPKT_PS0_S0_	248
139	tests/benchmarks/shoc/src/cuda/level2/s3d/ratt.h	_Z12rdsmh_kernelIfEvPKT_PS0_S0_	250
140	tests/benchmarks/shoc/src/cuda/level2/s3d/ratt.h	_Z12rdsmh_kernelIfEvPKT_PS0_S0_	254
141	tests/benchmarks/shoc/src/cuda/level2/s3d/ratt.h	_Z12rdsmh_kernelIfEvPKT_PS0_S0_	255
142	/storage/users/sislam3/opt/llvm-22/lib/clang/22/include/__clang_cuda_math.h	_Z12rdsmh_kernelIfEvPKT_PS0_S0_	108
143	tests/benchmarks/shoc/src/cuda/level2/s3d/ratt.h	_Z12rdsmh_kernelIfEvPKT_PS0_S0_	258
144	tests/benchmarks/shoc/src/cuda/level2/s3d/ratt.h	_Z12rdsmh_kernelIfEvPKT_PS0_S0_	259
145	tests/benchmarks/shoc/src/cuda/level2/s3d/ratt.h	_Z12rdsmh_kernelIfEvPKT_PS0_S0_	262
146	tests/benchmarks/shoc/src/cuda/level2/s3d/ratt.h	_Z12rdsmh_kernelIfEvPKT_PS0_S0_	263
147	tests/benchmarks/shoc/src/cuda/level2/s3d/ratt.h	_Z12rdsmh_kernelIfEvPKT_PS0_S0_	266
148	tests/benchmarks/shoc/src/cuda/level2/s3d/ratt.h	_Z12rdsmh_kernelIfEvPKT_PS0_S0_	267
149	tests/benchmarks/shoc/src/cuda/level2/s3d/ratt.h	_Z12rdsmh_kernelIfEvPKT_PS0_S0_	270
150	tests/benchmarks/shoc/src/cuda/level2/s3d/ratt.h	_Z12rdsmh_kernelIfEvPKT_PS0_S0_	271
151	tests/benchmarks/shoc/src/cuda/level2/s3d/ratt.h	_Z12rdsmh_kernelIfEvPKT_PS0_S0_	274
152	tests/benchmarks/shoc/src/cuda/level2/s3d/ratt.h	_Z12rdsmh_kernelIfEvPKT_PS0_S0_	275
153	tests/benchmarks/shoc/src/cuda/level2/s3d/ratt.h	_Z12rdsmh_kernelIfEvPKT_PS0_S0_	278
154	tests/benchmarks/shoc/src/cuda/level2/s3d/ratt.h	_Z12rdsmh_kernelIfEvPKT_PS0_S0_	279
155	tests/benchmarks/shoc/src/cuda/level2/s3d/ratt.h	_Z12rdsmh_kernelIfEvPKT_PS0_S0_	282
156	tests/benchmarks/shoc/src/cuda/level2/s3d/ratt.h	_Z12rdsmh_kernelIfEvPKT_PS0_S0_	283
157	tests/benchmarks/shoc/src/cuda/level2/s3d/ratt.h	_Z12rdsmh_kernelIfEvPKT_PS0_S0_	286
158	tests/benchmarks/shoc/src/cuda/level2/s3d/ratt.h	_Z12rdsmh_kernelIfEvPKT_PS0_S0_	287
159	tests/benchmarks/shoc/src/cuda/level2/s3d/ratt.h	_Z12rdsmh_kernelIfEvPKT_PS0_S0_	290
160	tests/benchmarks/shoc/src/cuda/level2/s3d/ratt.h	_Z12rdsmh_kernelIfEvPKT_PS0_S0_	291
161	tests/benchmarks/shoc/src/cuda/level2/s3d/ratt.h	_Z12rdsmh_kernelIfEvPKT_PS0_S0_	294
162	tests/benchmarks/shoc/src/cuda/level2/s3d/ratt.h	_Z12rdsmh_kernelIfEvPKT_PS0_S0_	295
163	tests/benchmarks/shoc/src/cuda/level2/s3d/ratt.h	_Z12rdsmh_kernelIfEvPKT_PS0_S0_	298
164	tests/benchmarks/shoc/src/cuda/level2/s3d/ratt.h	_Z12rdsmh_kernelIfEvPKT_PS0_S0_	299
165	tests/benchmarks/shoc/src/cuda/level2/s3d/ratt.h	_Z12rdsmh_kernelIfEvPKT_PS0_S0_	302
166	tests/benchmarks/shoc/src/cuda/level2/s3d/ratt.h	_Z12rdsmh_kernelIfEvPKT_PS0_S0_	303
167	tests/benchmarks/shoc/src/cuda/level2/s3d/ratt.h	_Z12rdsmh_kernelIfEvPKT_PS0_S0_	306
168	tests/benchmarks/shoc/src/cuda/level2/s3d/ratt.h	_Z12rdsmh_kernelIfEvPKT_PS0_S0_	307
169	tests/benchmarks/shoc/src/cuda/level2/s3d/ratt.h	_Z12rdsmh_kernelIfEvPKT_PS0_S0_	310
170	tests/benchmarks/shoc/src/cuda/level2/s3d/ratt.h	_Z12rdsmh_kernelIfEvPKT_PS0_S0_	311
171	tests/benchmarks/shoc/src/cuda/level2/s3d/ratt.h	_Z12rdsmh_kernelIfEvPKT_PS0_S0_	314
172	tests/benchmarks/shoc/src/cuda/level2/s3d/ratt.h	_Z12rdsmh_kernelIfEvPKT_PS0_S0_	315
173	tests/benchmarks/shoc/src/cuda/level2/s3d/ratt.h	_Z12rdsmh_kernelIfEvPKT_PS0_S0_	318
174	tests/benchmarks/shoc/src/cuda/level2/s3d/ratt.h	_Z12rdsmh_kernelIfEvPKT_PS0_S0_	319
175	tests/benchmarks/shoc/src/cuda/level2/s3d/ratt.h	_Z12rdsmh_kernelIfEvPKT_PS0_S0_	322
176	tests/benchmarks/shoc/src/cuda/level2/s3d/ratt.h	_Z12rdsmh_kernelIfEvPKT_PS0_S0_	323
177	tests/benchmarks/shoc/src/cuda/level2/s3d/ratt.h	_Z12rdsmh_kernelIfEvPKT_PS0_S0_	326
178	tests/benchmarks/shoc/src/cuda/level2/s3d/ratt.h	_Z12rdsmh_kernelIfEvPKT_PS0_S0_	327
179	tests/benchmarks/shoc/src/cuda/level2/s3d/ratt.h	_Z12rdsmh_kernelIfEvPKT_PS0_S0_	330
180	tests/benchmarks/shoc/src/cuda/level2/s3d/ratt.h	_Z12rdsmh_kernelIfEvPKT_PS0_S0_	331
181	tests/benchmarks/shoc/src/cuda/level2/s3d/ratt.h	_Z12rdsmh_kernelIfEvPKT_PS0_S0_	334
182	tests/benchmarks/shoc/src/cuda/level2/s3d/ratt.h	_Z12rdsmh_kernelIfEvPKT_PS0_S0_	335
183	tests/benchmarks/shoc/src/cuda/level2/s3d/ratt.h	_Z12rdsmh_kernelIfEvPKT_PS0_S0_	338
184	tests/benchmarks/shoc/src/cuda/level2/s3d/ratt.h	_Z12rdsmh_kernelIfEvPKT_PS0_S0_	339
185	tests/benchmarks/shoc/src/cuda/level2/s3d/ratt.h	_Z12rdsmh_kernelIfEvPKT_PS0_S0_	342
186	tests/benchmarks/shoc/src/cuda/level2/s3d/ratt.h	_Z12rdsmh_kernelIfEvPKT_PS0_S0_	343
187	tests/benchmarks/shoc/src/cuda/level2/s3d/ratt.h	_Z12rdsmh_kernelIfEvPKT_PS0_S0_	346
188	tests/benchmarks/shoc/src/cuda/level2/s3d/ratt.h	_Z12rdsmh_kernelIfEvPKT_PS0_S0_	347
189	tests/benchmarks/shoc/src/cuda/level2/s3d/ratt.h	_Z12rdsmh_kernelIfEvPKT_PS0_S0_	350
190	tests/benchmarks/shoc/src/cuda/level2/s3d/ratt.h	_Z12rdsmh_kernelIfEvPKT_PS0_S0_	351
191	tests/benchmarks/shoc/src/cuda/level2/s3d/ratt.h	_Z12rdsmh_kernelIfEvPKT_PS0_S0_	354
192	tests/benchmarks/shoc/src/cuda/level2/s3d/ratt.h	_Z12rdsmh_kernelIfEvPKT_PS0_S0_	355
193	tests/benchmarks/shoc/src/cuda/level2/s3d/ratt.h	_Z12rdsmh_kernelIfEvPKT_PS0_S0_	358
194	tests/benchmarks/shoc/src/cuda/level2/s3d/ratt.h	_Z12rdsmh_kernelIfEvPKT_PS0_S0_	359
195	tests/benchmarks/shoc/src/cuda/level2/s3d/ratt.h	_Z12rdsmh_kernelIfEvPKT_PS0_S0_	362
196	tests/benchmarks/shoc/src/cuda/level2/s3d/ratt.h	_Z12rdsmh_kernelIfEvPKT_PS0_S0_	363
197	tests/benchmarks/shoc/src/cuda/level2/s3d/ratt.h	_Z12rdsmh_kernelIfEvPKT_PS0_S0_	366
198	tests/benchmarks/shoc/src/cuda/level2/s3d/ratt.h	_Z12rdsmh_kernelIfEvPKT_PS0_S0_	367
199	tests/benchmarks/shoc/src/cuda/level2/s3d/ratt.h	_Z12rdsmh_kernelIfEvPKT_PS0_S0_	370
200	tests/benchmarks/shoc/src/cuda/level2/s3d/ratt.h	_Z12rdsmh_kernelIfEvPKT_PS0_S0_	371
201	tests/benchmarks/shoc/src/cuda/level2/s3d/ratt.h	_Z12rdsmh_kernelIfEvPKT_PS0_S0_	374
202	tests/benchmarks/shoc/src/cuda/level2/s3d/ratt.h	_Z12rdsmh_kernelIfEvPKT_PS0_S0_	375
203	tests/benchmarks/shoc/src/cuda/level2/s3d/ratt.h	_Z12rdsmh_kernelIfEvPKT_PS0_S0_	381
204	tests/benchmarks/shoc/src/cuda/level2/s3d/ratt.h	_Z12rdsmh_kernelIfEvPKT_PS0_S0_	382
205	tests/benchmarks/shoc/src/cuda/level2/s3d/ratt.h	_Z12rdsmh_kernelIfEvPKT_PS0_S0_	385
206	tests/benchmarks/shoc/src/cuda/level2/s3d/ratt.h	_Z12rdsmh_kernelIfEvPKT_PS0_S0_	386
207	tests/benchmarks/shoc/src/cuda/level2/s3d/ratt.h	_Z12rdsmh_kernelIfEvPKT_PS0_S0_	389
208	tests/benchmarks/shoc/src/cuda/level2/s3d/ratt.h	_Z12rdsmh_kernelIfEvPKT_PS0_S0_	390
209	tests/benchmarks/shoc/src/cuda/level2/s3d/ratt.h	_Z12rdsmh_kernelIfEvPKT_PS0_S0_	393
210	tests/benchmarks/shoc/src/cuda/level2/s3d/ratt.h	_Z12rdsmh_kernelIfEvPKT_PS0_S0_	394
211	tests/benchmarks/shoc/src/cuda/level2/s3d/ratt.h	_Z12rdsmh_kernelIfEvPKT_PS0_S0_	397
212	tests/benchmarks/shoc/src/cuda/level2/s3d/ratt.h	_Z12rdsmh_kernelIfEvPKT_PS0_S0_	398
213	tests/benchmarks/shoc/src/cuda/level2/s3d/ratt.h	_Z12rdsmh_kernelIfEvPKT_PS0_S0_	401
214	tests/benchmarks/shoc/src/cuda/level2/s3d/ratt.h	_Z12rdsmh_kernelIfEvPKT_PS0_S0_	402
215	tests/benchmarks/shoc/src/cuda/level2/s3d/ratt.h	_Z12rdsmh_kernelIfEvPKT_PS0_S0_	405
216	tests/benchmarks/shoc/src/cuda/level2/s3d/ratt.h	_Z12rdsmh_kernelIfEvPKT_PS0_S0_	406
217	tests/benchmarks/shoc/src/cuda/level2/s3d/ratt.h	_Z12rdsmh_kernelIfEvPKT_PS0_S0_	409
218	tests/benchmarks/shoc/src/cuda/level2/s3d/ratt.h	_Z12rdsmh_kernelIfEvPKT_PS0_S0_	410
219	tests/benchmarks/shoc/src/cuda/level2/s3d/ratt.h	_Z12rdsmh_kernelIfEvPKT_PS0_S0_	413
220	tests/benchmarks/shoc/src/cuda/level2/s3d/ratt.h	_Z12rdsmh_kernelIfEvPKT_PS0_S0_	414
221	tests/benchmarks/shoc/src/cuda/level2/s3d/ratt.h	_Z12rdsmh_kernelIfEvPKT_PS0_S0_	417
222	tests/benchmarks/shoc/src/cuda/level2/s3d/ratt.h	_Z12rdsmh_kernelIfEvPKT_PS0_S0_	418
223	tests/benchmarks/shoc/src/cuda/level2/s3d/ratt.h	_Z12rdsmh_kernelIfEvPKT_PS0_S0_	421
224	tests/benchmarks/shoc/src/cuda/level2/s3d/ratt.h	_Z12rdsmh_kernelIfEvPKT_PS0_S0_	422
225	tests/benchmarks/shoc/src/cuda/level2/s3d/ratt.h	_Z12rdsmh_kernelIfEvPKT_PS0_S0_	425
226	tests/benchmarks/shoc/src/cuda/level2/s3d/ratt.h	_Z12rdsmh_kernelIfEvPKT_PS0_S0_	426
227	tests/benchmarks/shoc/src/cuda/level2/s3d/ratt.h	_Z12rdsmh_kernelIfEvPKT_PS0_S0_	429
228	tests/benchmarks/shoc/src/cuda/level2/s3d/ratt.h	_Z12rdsmh_kernelIfEvPKT_PS0_S0_	430
229	tests/benchmarks/shoc/src/cuda/level2/s3d/ratt.h	_Z12rdsmh_kernelIfEvPKT_PS0_S0_	433
230	tests/benchmarks/shoc/src/cuda/level2/s3d/ratt.h	_Z12rdsmh_kernelIfEvPKT_PS0_S0_	434
231	tests/benchmarks/shoc/src/cuda/level2/s3d/ratt.h	_Z12rdsmh_kernelIfEvPKT_PS0_S0_	437
232	tests/benchmarks/shoc/src/cuda/level2/s3d/ratt.h	_Z12rdsmh_kernelIfEvPKT_PS0_S0_	438
233	tests/benchmarks/shoc/src/cuda/level2/s3d/ratt.h	_Z12rdsmh_kernelIfEvPKT_PS0_S0_	441
234	tests/benchmarks/shoc/src/cuda/level2/s3d/ratt.h	_Z12rdsmh_kernelIfEvPKT_PS0_S0_	442
235	tests/benchmarks/shoc/src/cuda/level2/s3d/ratt.h	_Z12rdsmh_kernelIfEvPKT_PS0_S0_	445
236	tests/benchmarks/shoc/src/cuda/level2/s3d/ratt.h	_Z12rdsmh_kernelIfEvPKT_PS0_S0_	446
237	tests/benchmarks/shoc/src/cuda/level2/s3d/ratt.h	_Z12rdsmh_kernelIfEvPKT_PS0_S0_	449
238	tests/benchmarks/shoc/src/cuda/level2/s3d/ratt.h	_Z12rdsmh_kernelIfEvPKT_PS0_S0_	450
239	tests/benchmarks/shoc/src/cuda/level2/s3d/ratt.h	_Z12rdsmh_kernelIfEvPKT_PS0_S0_	453
240	tests/benchmarks/shoc/src/cuda/level2/s3d/ratt.h	_Z12rdsmh_kernelIfEvPKT_PS0_S0_	454
241	tests/benchmarks/shoc/src/cuda/level2/s3d/ratt.h	_Z12rdsmh_kernelIfEvPKT_PS0_S0_	457
242	tests/benchmarks/shoc/src/cuda/level2/s3d/ratt.h	_Z12rdsmh_kernelIfEvPKT_PS0_S0_	458
243	tests/benchmarks/shoc/src/cuda/level2/s3d/ratt.h	_Z12rdsmh_kernelIfEvPKT_PS0_S0_	461
244	tests/benchmarks/shoc/src/cuda/level2/s3d/ratt.h	_Z12rdsmh_kernelIfEvPKT_PS0_S0_	462
245	tests/benchmarks/shoc/src/cuda/level2/s3d/ratt.h	_Z12rdsmh_kernelIfEvPKT_PS0_S0_	465
246	tests/benchmarks/shoc/src/cuda/level2/s3d/ratt.h	_Z12rdsmh_kernelIfEvPKT_PS0_S0_	466
247	tests/benchmarks/shoc/src/cuda/level2/s3d/ratt.h	_Z12rdsmh_kernelIfEvPKT_PS0_S0_	469
248	tests/benchmarks/shoc/src/cuda/level2/s3d/ratt.h	_Z12rdsmh_kernelIfEvPKT_PS0_S0_	470
249	tests/benchmarks/shoc/src/cuda/level2/s3d/ratt.h	_Z12rdsmh_kernelIfEvPKT_PS0_S0_	473
250	tests/benchmarks/shoc/src/cuda/level2/s3d/ratt.h	_Z12rdsmh_kernelIfEvPKT_PS0_S0_	474
251	tests/benchmarks/shoc/src/cuda/level2/s3d/ratt.h	_Z12rdsmh_kernelIfEvPKT_PS0_S0_	477
252	tests/benchmarks/shoc/src/cuda/level2/s3d/ratt.h	_Z12rdsmh_kernelIfEvPKT_PS0_S0_	478
253	tests/benchmarks/shoc/src/cuda/level2/s3d/ratt.h	_Z12rdsmh_kernelIfEvPKT_PS0_S0_	481
254	tests/benchmarks/shoc/src/cuda/level2/s3d/ratt.h	_Z12rdsmh_kernelIfEvPKT_PS0_S0_	482
255	tests/benchmarks/shoc/src/cuda/level2/s3d/ratt.h	_Z12rdsmh_kernelIfEvPKT_PS0_S0_	485
256	tests/benchmarks/shoc/src/cuda/level2/s3d/ratt.h	_Z12rdsmh_kernelIfEvPKT_PS0_S0_	486
257	tests/benchmarks/shoc/src/cuda/level2/s3d/ratt.h	_Z12rdsmh_kernelIfEvPKT_PS0_S0_	489
258	tests/benchmarks/shoc/src/cuda/level2/s3d/ratt.h	_Z12rdsmh_kernelIfEvPKT_PS0_S0_	490
259	tests/benchmarks/shoc/src/cuda/level2/s3d/ratt.h	_Z12rdsmh_kernelIfEvPKT_PS0_S0_	493
260	tests/benchmarks/shoc/src/cuda/level2/s3d/ratt.h	_Z12rdsmh_kernelIfEvPKT_PS0_S0_	494
261	tests/benchmarks/shoc/src/cuda/level2/s3d/ratt.h	_Z12rdsmh_kernelIfEvPKT_PS0_S0_	497
262	tests/benchmarks/shoc/src/cuda/level2/s3d/ratt.h	_Z12rdsmh_kernelIfEvPKT_PS0_S0_	498
263	tests/benchmarks/shoc/src/cuda/level2/s3d/ratt.h	_Z12rdsmh_kernelIfEvPKT_PS0_S0_	501
264	tests/benchmarks/shoc/src/cuda/level2/s3d/ratt.h	_Z12rdsmh_kernelIfEvPKT_PS0_S0_	502
265	tests/benchmarks/shoc/src/cuda/level2/s3d/ratt.h	_Z5polyxIfddddET_S0_T0_T1_T2_T3_	237
266	tests/benchmarks/shoc/src/cuda/level2/s3d/gr_base.h	_Z7gr_baseIfEvPKT_S2_S2_PS0_S0_S0_	12
267	tests/benchmarks/shoc/src/cuda/level2/s3d/gr_base.h	_Z7gr_baseIfEvPKT_S2_S2_PS0_S0_S0_	13
268	tests/benchmarks/shoc/src/cuda/level2/s3d/gr_base.h	_Z7gr_baseIfEvPKT_S2_S2_PS0_S0_S0_	20
269	tests/benchmarks/shoc/src/cuda/level2/s3d/gr_base.h	_Z7gr_baseIfEvPKT_S2_S2_PS0_S0_S0_	21
270	tests/benchmarks/shoc/src/cuda/level2/s3d/gr_base.h	_Z7gr_baseIfEvPKT_S2_S2_PS0_S0_S0_	22
271	tests/benchmarks/shoc/src/cuda/level2/s3d/gr_base.h	_Z7gr_baseIfEvPKT_S2_S2_PS0_S0_S0_	23
272	tests/benchmarks/shoc/src/cuda/level2/s3d/gr_base.h	_Z7gr_baseIfEvPKT_S2_S2_PS0_S0_S0_	24
273	tests/benchmarks/shoc/src/cuda/level2/s3d/gr_base.h	_Z7gr_baseIfEvPKT_S2_S2_PS0_S0_S0_	25
274	tests/benchmarks/shoc/src/cuda/level2/s3d/gr_base.h	_Z7gr_baseIfEvPKT_S2_S2_PS0_S0_S0_	26
275	tests/benchmarks/shoc/src/cuda/level2/s3d/gr_base.h	_Z7gr_baseIfEvPKT_S2_S2_PS0_S0_S0_	27
276	tests/benchmarks/shoc/src/cuda/level2/s3d/gr_base.h	_Z7gr_baseIfEvPKT_S2_S2_PS0_S0_S0_	28
277	tests/benchmarks/shoc/src/cuda/level2/s3d/gr_base.h	_Z7gr_baseIfEvPKT_S2_S2_PS0_S0_S0_	29
278	tests/benchmarks/shoc/src/cuda/level2/s3d/gr_base.h	_Z7gr_baseIfEvPKT_S2_S2_PS0_S0_S0_	30
279	tests/benchmarks/shoc/src/cuda/level2/s3d/gr_base.h	_Z7gr_baseIfEvPKT_S2_S2_PS0_S0_S0_	31
280	tests/benchmarks/shoc/src/cuda/level2/s3d/gr_base.h	_Z7gr_baseIfEvPKT_S2_S2_PS0_S0_S0_	32
281	tests/benchmarks/shoc/src/cuda/level2/s3d/gr_base.h	_Z7gr_baseIfEvPKT_S2_S2_PS0_S0_S0_	33
282	tests/benchmarks/shoc/src/cuda/level2/s3d/gr_base.h	_Z7gr_baseIfEvPKT_S2_S2_PS0_S0_S0_	34
283	tests/benchmarks/shoc/src/cuda/level2/s3d/gr_base.h	_Z7gr_baseIfEvPKT_S2_S2_PS0_S0_S0_	35
284	tests/benchmarks/shoc/src/cuda/level2/s3d/gr_base.h	_Z7gr_baseIfEvPKT_S2_S2_PS0_S0_S0_	36
285	tests/benchmarks/shoc/src/cuda/level2/s3d/gr_base.h	_Z7gr_baseIfEvPKT_S2_S2_PS0_S0_S0_	37
286	tests/benchmarks/shoc/src/cuda/level2/s3d/gr_base.h	_Z7gr_baseIfEvPKT_S2_S2_PS0_S0_S0_	38
287	tests/benchmarks/shoc/src/cuda/level2/s3d/gr_base.h	_Z7gr_baseIfEvPKT_S2_S2_PS0_S0_S0_	39
288	tests/benchmarks/shoc/src/cuda/level2/s3d/gr_base.h	_Z7gr_baseIfEvPKT_S2_S2_PS0_S0_S0_	40
289	tests/benchmarks/shoc/src/cuda/level2/s3d/gr_base.h	_Z7gr_baseIfEvPKT_S2_S2_PS0_S0_S0_	41
290	tests/benchmarks/shoc/src/cuda/level2/s3d/gr_base.h	_Z7gr_baseIfEvPKT_S2_S2_PS0_S0_S0_	42
291	tests/benchmarks/shoc/src/cuda/level2/s3d/gr_base.h	_Z7gr_baseIfEvPKT_S2_S2_PS0_S0_S0_	43
292	tests/benchmarks/shoc/src/cuda/level2/s3d/gr_base.h	_Z7gr_baseIfEvPKT_S2_S2_PS0_S0_S0_	44
293	tests/benchmarks/shoc/src/cuda/level2/s3d/gr_base.h	_Z7gr_baseIfEvPKT_S2_S2_PS0_S0_S0_	45
294	tests/benchmarks/shoc/src/cuda/level2/s3d/gr_base.h	_Z7gr_baseIfEvPKT_S2_S2_PS0_S0_S0_	46
295	tests/benchmarks/shoc/src/cuda/level2/s3d/gr_base.h	_Z7gr_baseIfEvPKT_S2_S2_PS0_S0_S0_	47
296	tests/benchmarks/shoc/src/cuda/level2/s3d/gr_base.h	_Z7gr_baseIfEvPKT_S2_S2_PS0_S0_S0_	48
297	tests/benchmarks/shoc/src/cuda/level2/s3d/gr_base.h	_Z7gr_baseIfEvPKT_S2_S2_PS0_S0_S0_	49
298	tests/benchmarks/shoc/src/cuda/level2/s3d/gr_base.h	_Z7gr_baseIfEvPKT_S2_S2_PS0_S0_S0_	50
299	tests/benchmarks/shoc/src/cuda/level2/s3d/gr_base.h	_Z7gr_baseIfEvPKT_S2_S2_PS0_S0_S0_	51
300	tests/benchmarks/shoc/src/cuda/level2/s3d/gr_base.h	_Z7gr_baseIfEvPKT_S2_S2_PS0_S0_S0_	52
301	tests/benchmarks/shoc/src/cuda/level2/s3d/gr_base.h	_Z7gr_baseIfEvPKT_S2_S2_PS0_S0_S0_	53
302	tests/benchmarks/shoc/src/cuda/level2/s3d/gr_base.h	_Z7gr_baseIfEvPKT_S2_S2_PS0_S0_S0_	54
303	tests/benchmarks/shoc/src/cuda/level2/s3d/gr_base.h	_Z7gr_baseIfEvPKT_S2_S2_PS0_S0_S0_	55
304	tests/benchmarks/shoc/src/cuda/level2/s3d/gr_base.h	_Z7gr_baseIfEvPKT_S2_S2_PS0_S0_S0_	56
305	tests/benchmarks/shoc/src/cuda/level2/s3d/gr_base.h	_Z7gr_baseIfEvPKT_S2_S2_PS0_S0_S0_	57
306	tests/benchmarks/shoc/src/cuda/level2/s3d/gr_base.h	_Z7gr_baseIfEvPKT_S2_S2_PS0_S0_S0_	58
307	tests/benchmarks/shoc/src/cuda/level2/s3d/gr_base.h	_Z7gr_baseIfEvPKT_S2_S2_PS0_S0_S0_	59
308	tests/benchmarks/shoc/src/cuda/level2/s3d/gr_base.h	_Z7gr_baseIfEvPKT_S2_S2_PS0_S0_S0_	60
309	tests/benchmarks/shoc/src/cuda/level2/s3d/gr_base.h	_Z7gr_baseIfEvPKT_S2_S2_PS0_S0_S0_	61
310	tests/benchmarks/shoc/src/cuda/level2/s3d/gr_base.h	_Z7gr_baseIfEvPKT_S2_S2_PS0_S0_S0_	62
311	tests/benchmarks/shoc/src/cuda/level2/s3d/gr_base.h	_Z7gr_baseIfEvPKT_S2_S2_PS0_S0_S0_	63
312	tests/benchmarks/shoc/src/cuda/level2/s3d/gr_base.h	_Z7gr_baseIfEvPKT_S2_S2_PS0_S0_S0_	65
313	tests/benchmarks/shoc/src/cuda/level2/s3d/S3D.h	_Z7gr_baseIfEvPKT_S2_S2_PS0_S0_S0_	22
314	/storage/users/sislam3/opt/llvm-22/lib/clang/22/include/__clang_cuda_math.h	_Z7gr_baseIfEvPKT_S2_S2_PS0_S0_S0_	136
315	tests/benchmarks/shoc/src/cuda/level2/s3d/gr_base.h	_Z7gr_baseIfEvPKT_S2_S2_PS0_S0_S0_	69
316	tests/benchmarks/shoc/src/cuda/level2/s3d/ratt2.h	_Z12ratt2_kernelIfEvPKT_S2_PS0_S2_S0_	15
317	/storage/users/sislam3/opt/llvm-22/lib/clang/22/include/__clang_cuda_math.h	_Z12ratt2_kernelIfEvPKT_S2_PS0_S2_S0_	187
318	tests/benchmarks/shoc/src/cuda/level2/s3d/ratt2.h	_Z12ratt2_kernelIfEvPKT_S2_PS0_S2_S0_	22
319	tests/benchmarks/shoc/src/cuda/level2/s3d/S3D.h	_Z12ratt2_kernelIfEvPKT_S2_PS0_S2_S0_	22
320	tests/benchmarks/shoc/src/cuda/level2/s3d/ratt2.h	_Z12ratt2_kernelIfEvPKT_S2_PS0_S2_S0_	26
321	tests/benchmarks/shoc/src/cuda/level2/s3d/ratt2.h	_Z12ratt2_kernelIfEvPKT_S2_PS0_S2_S0_	27
322	tests/benchmarks/shoc/src/cuda/level2/s3d/ratt2.h	_Z12ratt2_kernelIfEvPKT_S2_PS0_S2_S0_	29
323	tests/benchmarks/shoc/src/cuda/level2/s3d/ratt2.h	_Z12ratt2_kernelIfEvPKT_S2_PS0_S2_S0_	30
324	tests/benchmarks/shoc/src/cuda/level2/s3d/ratt2.h	_Z12ratt2_kernelIfEvPKT_S2_PS0_S2_S0_	32
325	tests/benchmarks/shoc/src/cuda/level2/s3d/ratt2.h	_Z12ratt2_kernelIfEvPKT_S2_PS0_S2_S0_	33
326	tests/benchmarks/shoc/src/cuda/level2/s3d/ratt2.h	_Z12ratt2_kernelIfEvPKT_S2_PS0_S2_S0_	35
327	tests/benchmarks/shoc/src/cuda/level2/s3d/ratt2.h	_Z12ratt2_kernelIfEvPKT_S2_PS0_S2_S0_	36
328	tests/benchmarks/shoc/src/cuda/level2/s3d/ratt2.h	_Z12ratt2_kernelIfEvPKT_S2_PS0_S2_S0_	38
329	tests/benchmarks/shoc/src/cuda/level2/s3d/ratt2.h	_Z12ratt2_kernelIfEvPKT_S2_PS0_S2_S0_	39
330	tests/benchmarks/shoc/src/cuda/level2/s3d/ratt2.h	_Z12ratt2_kernelIfEvPKT_S2_PS0_S2_S0_	41
331	tests/benchmarks/shoc/src/cuda/level2/s3d/ratt2.h	_Z12ratt2_kernelIfEvPKT_S2_PS0_S2_S0_	42
332	tests/benchmarks/shoc/src/cuda/level2/s3d/ratt2.h	_Z12ratt2_kernelIfEvPKT_S2_PS0_S2_S0_	44
333	tests/benchmarks/shoc/src/cuda/level2/s3d/ratt2.h	_Z12ratt2_kernelIfEvPKT_S2_PS0_S2_S0_	45
334	tests/benchmarks/shoc/src/cuda/level2/s3d/ratt2.h	_Z12ratt2_kernelIfEvPKT_S2_PS0_S2_S0_	47
335	tests/benchmarks/shoc/src/cuda/level2/s3d/ratt2.h	_Z12ratt2_kernelIfEvPKT_S2_PS0_S2_S0_	48
336	tests/benchmarks/shoc/src/cuda/level2/s3d/ratt2.h	_Z12ratt2_kernelIfEvPKT_S2_PS0_S2_S0_	50
337	tests/benchmarks/shoc/src/cuda/level2/s3d/ratt2.h	_Z12ratt2_kernelIfEvPKT_S2_PS0_S2_S0_	51
338	tests/benchmarks/shoc/src/cuda/level2/s3d/ratt2.h	_Z12ratt2_kernelIfEvPKT_S2_PS0_S2_S0_	53
339	tests/benchmarks/shoc/src/cuda/level2/s3d/ratt2.h	_Z12ratt2_kernelIfEvPKT_S2_PS0_S2_S0_	54
340	tests/benchmarks/shoc/src/cuda/level2/s3d/ratt2.h	_Z12ratt2_kernelIfEvPKT_S2_PS0_S2_S0_	56
341	tests/benchmarks/shoc/src/cuda/level2/s3d/ratt2.h	_Z12ratt2_kernelIfEvPKT_S2_PS0_S2_S0_	57
342	tests/benchmarks/shoc/src/cuda/level2/s3d/ratt2.h	_Z12ratt2_kernelIfEvPKT_S2_PS0_S2_S0_	59
343	tests/benchmarks/shoc/src/cuda/level2/s3d/ratt2.h	_Z12ratt2_kernelIfEvPKT_S2_PS0_S2_S0_	60
344	tests/benchmarks/shoc/src/cuda/level2/s3d/ratt2.h	_Z12ratt2_kernelIfEvPKT_S2_PS0_S2_S0_	62
345	tests/benchmarks/shoc/src/cuda/level2/s3d/ratt2.h	_Z12ratt2_kernelIfEvPKT_S2_PS0_S2_S0_	63
346	tests/benchmarks/shoc/src/cuda/level2/s3d/ratt2.h	_Z12ratt2_kernelIfEvPKT_S2_PS0_S2_S0_	65
347	tests/benchmarks/shoc/src/cuda/level2/s3d/ratt2.h	_Z12ratt2_kernelIfEvPKT_S2_PS0_S2_S0_	66
348	tests/benchmarks/shoc/src/cuda/level2/s3d/ratt2.h	_Z12ratt2_kernelIfEvPKT_S2_PS0_S2_S0_	68
349	tests/benchmarks/shoc/src/cuda/level2/s3d/ratt2.h	_Z12ratt2_kernelIfEvPKT_S2_PS0_S2_S0_	69
350	tests/benchmarks/shoc/src/cuda/level2/s3d/ratt2.h	_Z12ratt2_kernelIfEvPKT_S2_PS0_S2_S0_	71
351	tests/benchmarks/shoc/src/cuda/level2/s3d/ratt2.h	_Z12ratt2_kernelIfEvPKT_S2_PS0_S2_S0_	72
352	tests/benchmarks/shoc/src/cuda/level2/s3d/ratt2.h	_Z12ratt2_kernelIfEvPKT_S2_PS0_S2_S0_	74
353	tests/benchmarks/shoc/src/cuda/level2/s3d/ratt2.h	_Z12ratt2_kernelIfEvPKT_S2_PS0_S2_S0_	75
354	tests/benchmarks/shoc/src/cuda/level2/s3d/ratt2.h	_Z12ratt2_kernelIfEvPKT_S2_PS0_S2_S0_	77
355	tests/benchmarks/shoc/src/cuda/level2/s3d/ratt2.h	_Z12ratt2_kernelIfEvPKT_S2_PS0_S2_S0_	78
356	tests/benchmarks/shoc/src/cuda/level2/s3d/ratt2.h	_Z12ratt2_kernelIfEvPKT_S2_PS0_S2_S0_	80
357	tests/benchmarks/shoc/src/cuda/level2/s3d/ratt2.h	_Z12ratt2_kernelIfEvPKT_S2_PS0_S2_S0_	81
358	tests/benchmarks/shoc/src/cuda/level2/s3d/ratt2.h	_Z12ratt2_kernelIfEvPKT_S2_PS0_S2_S0_	83
359	tests/benchmarks/shoc/src/cuda/level2/s3d/ratt2.h	_Z12ratt2_kernelIfEvPKT_S2_PS0_S2_S0_	84
360	tests/benchmarks/shoc/src/cuda/level2/s3d/ratt2.h	_Z12ratt2_kernelIfEvPKT_S2_PS0_S2_S0_	86
361	tests/benchmarks/shoc/src/cuda/level2/s3d/ratt2.h	_Z12ratt2_kernelIfEvPKT_S2_PS0_S2_S0_	87
362	tests/benchmarks/shoc/src/cuda/level2/s3d/ratt2.h	_Z12ratt2_kernelIfEvPKT_S2_PS0_S2_S0_	89
363	tests/benchmarks/shoc/src/cuda/level2/s3d/ratt2.h	_Z12ratt2_kernelIfEvPKT_S2_PS0_S2_S0_	90
364	tests/benchmarks/shoc/src/cuda/level2/s3d/ratt2.h	_Z12ratt2_kernelIfEvPKT_S2_PS0_S2_S0_	92
365	tests/benchmarks/shoc/src/cuda/level2/s3d/ratt2.h	_Z12ratt2_kernelIfEvPKT_S2_PS0_S2_S0_	93
366	tests/benchmarks/shoc/src/cuda/level2/s3d/ratt2.h	_Z12ratt2_kernelIfEvPKT_S2_PS0_S2_S0_	95
367	tests/benchmarks/shoc/src/cuda/level2/s3d/ratt2.h	_Z12ratt2_kernelIfEvPKT_S2_PS0_S2_S0_	96
368	tests/benchmarks/shoc/src/cuda/level2/s3d/ratt2.h	_Z12ratt2_kernelIfEvPKT_S2_PS0_S2_S0_	98
369	tests/benchmarks/shoc/src/cuda/level2/s3d/ratt2.h	_Z12ratt2_kernelIfEvPKT_S2_PS0_S2_S0_	99
370	tests/benchmarks/shoc/src/cuda/level2/s3d/ratt2.h	_Z12ratt3_kernelIfEvPKT_S2_PS0_S2_S0_	109
371	/storage/users/sislam3/opt/llvm-22/lib/clang/22/include/__clang_cuda_math.h	_Z12ratt3_kernelIfEvPKT_S2_PS0_S2_S0_	187
372	tests/benchmarks/shoc/src/cuda/level2/s3d/ratt2.h	_Z12ratt3_kernelIfEvPKT_S2_PS0_S2_S0_	114
373	tests/benchmarks/shoc/src/cuda/level2/s3d/S3D.h	_Z12ratt3_kernelIfEvPKT_S2_PS0_S2_S0_	22
374	tests/benchmarks/shoc/src/cuda/level2/s3d/ratt2.h	_Z12ratt3_kernelIfEvPKT_S2_PS0_S2_S0_	118
375	tests/benchmarks/shoc/src/cuda/level2/s3d/ratt2.h	_Z12ratt3_kernelIfEvPKT_S2_PS0_S2_S0_	119
376	tests/benchmarks/shoc/src/cuda/level2/s3d/ratt2.h	_Z12ratt3_kernelIfEvPKT_S2_PS0_S2_S0_	121
377	tests/benchmarks/shoc/src/cuda/level2/s3d/ratt2.h	_Z12ratt3_kernelIfEvPKT_S2_PS0_S2_S0_	122
378	tests/benchmarks/shoc/src/cuda/level2/s3d/ratt2.h	_Z12ratt3_kernelIfEvPKT_S2_PS0_S2_S0_	124
379	tests/benchmarks/shoc/src/cuda/level2/s3d/ratt2.h	_Z12ratt3_kernelIfEvPKT_S2_PS0_S2_S0_	125
380	tests/benchmarks/shoc/src/cuda/level2/s3d/ratt2.h	_Z12ratt3_kernelIfEvPKT_S2_PS0_S2_S0_	127
381	tests/benchmarks/shoc/src/cuda/level2/s3d/ratt2.h	_Z12ratt3_kernelIfEvPKT_S2_PS0_S2_S0_	128
382	tests/benchmarks/shoc/src/cuda/level2/s3d/ratt2.h	_Z12ratt3_kernelIfEvPKT_S2_PS0_S2_S0_	130
383	tests/benchmarks/shoc/src/cuda/level2/s3d/ratt2.h	_Z12ratt3_kernelIfEvPKT_S2_PS0_S2_S0_	131
384	tests/benchmarks/shoc/src/cuda/level2/s3d/ratt2.h	_Z12ratt3_kernelIfEvPKT_S2_PS0_S2_S0_	133
385	tests/benchmarks/shoc/src/cuda/level2/s3d/ratt2.h	_Z12ratt3_kernelIfEvPKT_S2_PS0_S2_S0_	134
386	tests/benchmarks/shoc/src/cuda/level2/s3d/ratt2.h	_Z12ratt3_kernelIfEvPKT_S2_PS0_S2_S0_	136
387	tests/benchmarks/shoc/src/cuda/level2/s3d/ratt2.h	_Z12ratt3_kernelIfEvPKT_S2_PS0_S2_S0_	137
388	tests/benchmarks/shoc/src/cuda/level2/s3d/ratt2.h	_Z12ratt3_kernelIfEvPKT_S2_PS0_S2_S0_	139
389	tests/benchmarks/shoc/src/cuda/level2/s3d/ratt2.h	_Z12ratt3_kernelIfEvPKT_S2_PS0_S2_S0_	140
390	tests/benchmarks/shoc/src/cuda/level2/s3d/ratt2.h	_Z12ratt3_kernelIfEvPKT_S2_PS0_S2_S0_	142
391	tests/benchmarks/shoc/src/cuda/level2/s3d/ratt2.h	_Z12ratt3_kernelIfEvPKT_S2_PS0_S2_S0_	143
392	tests/benchmarks/shoc/src/cuda/level2/s3d/ratt2.h	_Z12ratt3_kernelIfEvPKT_S2_PS0_S2_S0_	145
393	tests/benchmarks/shoc/src/cuda/level2/s3d/ratt2.h	_Z12ratt3_kernelIfEvPKT_S2_PS0_S2_S0_	146
394	tests/benchmarks/shoc/src/cuda/level2/s3d/ratt2.h	_Z12ratt3_kernelIfEvPKT_S2_PS0_S2_S0_	148
395	tests/benchmarks/shoc/src/cuda/level2/s3d/ratt2.h	_Z12ratt3_kernelIfEvPKT_S2_PS0_S2_S0_	149
396	tests/benchmarks/shoc/src/cuda/level2/s3d/ratt2.h	_Z12ratt3_kernelIfEvPKT_S2_PS0_S2_S0_	151
397	tests/benchmarks/shoc/src/cuda/level2/s3d/ratt2.h	_Z12ratt3_kernelIfEvPKT_S2_PS0_S2_S0_	152
398	tests/benchmarks/shoc/src/cuda/level2/s3d/ratt2.h	_Z12ratt3_kernelIfEvPKT_S2_PS0_S2_S0_	154
399	tests/benchmarks/shoc/src/cuda/level2/s3d/ratt2.h	_Z12ratt3_kernelIfEvPKT_S2_PS0_S2_S0_	155
400	tests/benchmarks/shoc/src/cuda/level2/s3d/ratt2.h	_Z12ratt3_kernelIfEvPKT_S2_PS0_S2_S0_	157
401	tests/benchmarks/shoc/src/cuda/level2/s3d/ratt2.h	_Z12ratt3_kernelIfEvPKT_S2_PS0_S2_S0_	158
402	tests/benchmarks/shoc/src/cuda/level2/s3d/ratt2.h	_Z12ratt3_kernelIfEvPKT_S2_PS0_S2_S0_	160
403	tests/benchmarks/shoc/src/cuda/level2/s3d/ratt2.h	_Z12ratt3_kernelIfEvPKT_S2_PS0_S2_S0_	161
404	tests/benchmarks/shoc/src/cuda/level2/s3d/ratt2.h	_Z12ratt3_kernelIfEvPKT_S2_PS0_S2_S0_	163
405	tests/benchmarks/shoc/src/cuda/level2/s3d/ratt2.h	_Z12ratt3_kernelIfEvPKT_S2_PS0_S2_S0_	164
406	tests/benchmarks/shoc/src/cuda/level2/s3d/ratt2.h	_Z12ratt3_kernelIfEvPKT_S2_PS0_S2_S0_	166
407	tests/benchmarks/shoc/src/cuda/level2/s3d/ratt2.h	_Z12ratt3_kernelIfEvPKT_S2_PS0_S2_S0_	167
408	tests/benchmarks/shoc/src/cuda/level2/s3d/ratt2.h	_Z12ratt3_kernelIfEvPKT_S2_PS0_S2_S0_	169
409	tests/benchmarks/shoc/src/cuda/level2/s3d/ratt2.h	_Z12ratt3_kernelIfEvPKT_S2_PS0_S2_S0_	170
410	tests/benchmarks/shoc/src/cuda/level2/s3d/ratt2.h	_Z12ratt3_kernelIfEvPKT_S2_PS0_S2_S0_	172
411	tests/benchmarks/shoc/src/cuda/level2/s3d/ratt2.h	_Z12ratt3_kernelIfEvPKT_S2_PS0_S2_S0_	173
412	tests/benchmarks/shoc/src/cuda/level2/s3d/ratt2.h	_Z12ratt3_kernelIfEvPKT_S2_PS0_S2_S0_	175
413	tests/benchmarks/shoc/src/cuda/level2/s3d/ratt2.h	_Z12ratt3_kernelIfEvPKT_S2_PS0_S2_S0_	176
414	tests/benchmarks/shoc/src/cuda/level2/s3d/ratt2.h	_Z12ratt3_kernelIfEvPKT_S2_PS0_S2_S0_	178
415	tests/benchmarks/shoc/src/cuda/level2/s3d/ratt2.h	_Z12ratt3_kernelIfEvPKT_S2_PS0_S2_S0_	179
416	tests/benchmarks/shoc/src/cuda/level2/s3d/ratt2.h	_Z12ratt3_kernelIfEvPKT_S2_PS0_S2_S0_	181
417	tests/benchmarks/shoc/src/cuda/level2/s3d/ratt2.h	_Z12ratt3_kernelIfEvPKT_S2_PS0_S2_S0_	182
418	tests/benchmarks/shoc/src/cuda/level2/s3d/ratt2.h	_Z12ratt3_kernelIfEvPKT_S2_PS0_S2_S0_	184
419	tests/benchmarks/shoc/src/cuda/level2/s3d/ratt2.h	_Z12ratt3_kernelIfEvPKT_S2_PS0_S2_S0_	185
420	tests/benchmarks/shoc/src/cuda/level2/s3d/ratt2.h	_Z12ratt3_kernelIfEvPKT_S2_PS0_S2_S0_	187
421	tests/benchmarks/shoc/src/cuda/level2/s3d/ratt2.h	_Z12ratt3_kernelIfEvPKT_S2_PS0_S2_S0_	188
422	tests/benchmarks/shoc/src/cuda/level2/s3d/ratt2.h	_Z12ratt3_kernelIfEvPKT_S2_PS0_S2_S0_	190
423	tests/benchmarks/shoc/src/cuda/level2/s3d/ratt2.h	_Z12ratt3_kernelIfEvPKT_S2_PS0_S2_S0_	191
424	tests/benchmarks/shoc/src/cuda/level2/s3d/ratt2.h	_Z12ratt4_kernelIfEvPKT_S2_PS0_S2_S0_	201
425	/storage/users/sislam3/opt/llvm-22/lib/clang/22/include/__clang_cuda_math.h	_Z12ratt4_kernelIfEvPKT_S2_PS0_S2_S0_	187
426	tests/benchmarks/shoc/src/cuda/level2/s3d/ratt2.h	_Z12ratt4_kernelIfEvPKT_S2_PS0_S2_S0_	206
427	tests/benchmarks/shoc/src/cuda/level2/s3d/S3D.h	_Z12ratt4_kernelIfEvPKT_S2_PS0_S2_S0_	22
428	tests/benchmarks/shoc/src/cuda/level2/s3d/ratt2.h	_Z12ratt4_kernelIfEvPKT_S2_PS0_S2_S0_	209
429	tests/benchmarks/shoc/src/cuda/level2/s3d/ratt2.h	_Z12ratt4_kernelIfEvPKT_S2_PS0_S2_S0_	210
430	tests/benchmarks/shoc/src/cuda/level2/s3d/ratt2.h	_Z12ratt4_kernelIfEvPKT_S2_PS0_S2_S0_	212
431	tests/benchmarks/shoc/src/cuda/level2/s3d/ratt2.h	_Z12ratt4_kernelIfEvPKT_S2_PS0_S2_S0_	213
432	tests/benchmarks/shoc/src/cuda/level2/s3d/ratt2.h	_Z12ratt4_kernelIfEvPKT_S2_PS0_S2_S0_	215
433	tests/benchmarks/shoc/src/cuda/level2/s3d/ratt2.h	_Z12ratt4_kernelIfEvPKT_S2_PS0_S2_S0_	216
434	tests/benchmarks/shoc/src/cuda/level2/s3d/ratt2.h	_Z12ratt4_kernelIfEvPKT_S2_PS0_S2_S0_	218
435	tests/benchmarks/shoc/src/cuda/level2/s3d/ratt2.h	_Z12ratt4_kernelIfEvPKT_S2_PS0_S2_S0_	219
436	tests/benchmarks/shoc/src/cuda/level2/s3d/ratt2.h	_Z12ratt4_kernelIfEvPKT_S2_PS0_S2_S0_	221
437	tests/benchmarks/shoc/src/cuda/level2/s3d/ratt2.h	_Z12ratt4_kernelIfEvPKT_S2_PS0_S2_S0_	222
438	tests/benchmarks/shoc/src/cuda/level2/s3d/ratt2.h	_Z12ratt4_kernelIfEvPKT_S2_PS0_S2_S0_	224
439	tests/benchmarks/shoc/src/cuda/level2/s3d/ratt2.h	_Z12ratt4_kernelIfEvPKT_S2_PS0_S2_S0_	225
440	tests/benchmarks/shoc/src/cuda/level2/s3d/ratt2.h	_Z12ratt4_kernelIfEvPKT_S2_PS0_S2_S0_	227
441	tests/benchmarks/shoc/src/cuda/level2/s3d/ratt2.h	_Z12ratt4_kernelIfEvPKT_S2_PS0_S2_S0_	228
442	tests/benchmarks/shoc/src/cuda/level2/s3d/ratt2.h	_Z12ratt4_kernelIfEvPKT_S2_PS0_S2_S0_	230
443	tests/benchmarks/shoc/src/cuda/level2/s3d/ratt2.h	_Z12ratt4_kernelIfEvPKT_S2_PS0_S2_S0_	231
444	tests/benchmarks/shoc/src/cuda/level2/s3d/ratt2.h	_Z12ratt4_kernelIfEvPKT_S2_PS0_S2_S0_	234
445	tests/benchmarks/shoc/src/cuda/level2/s3d/ratt2.h	_Z12ratt4_kernelIfEvPKT_S2_PS0_S2_S0_	236
446	tests/benchmarks/shoc/src/cuda/level2/s3d/ratt2.h	_Z12ratt4_kernelIfEvPKT_S2_PS0_S2_S0_	237
447	tests/benchmarks/shoc/src/cuda/level2/s3d/ratt2.h	_Z12ratt4_kernelIfEvPKT_S2_PS0_S2_S0_	239
448	tests/benchmarks/shoc/src/cuda/level2/s3d/ratt2.h	_Z12ratt4_kernelIfEvPKT_S2_PS0_S2_S0_	240
449	tests/benchmarks/shoc/src/cuda/level2/s3d/ratt2.h	_Z12ratt4_kernelIfEvPKT_S2_PS0_S2_S0_	242
450	tests/benchmarks/shoc/src/cuda/level2/s3d/ratt2.h	_Z12ratt4_kernelIfEvPKT_S2_PS0_S2_S0_	243
451	tests/benchmarks/shoc/src/cuda/level2/s3d/ratt2.h	_Z12ratt4_kernelIfEvPKT_S2_PS0_S2_S0_	245
452	tests/benchmarks/shoc/src/cuda/level2/s3d/ratt2.h	_Z12ratt4_kernelIfEvPKT_S2_PS0_S2_S0_	246
453	tests/benchmarks/shoc/src/cuda/level2/s3d/ratt2.h	_Z12ratt4_kernelIfEvPKT_S2_PS0_S2_S0_	248
454	tests/benchmarks/shoc/src/cuda/level2/s3d/ratt2.h	_Z12ratt4_kernelIfEvPKT_S2_PS0_S2_S0_	249
455	tests/benchmarks/shoc/src/cuda/level2/s3d/ratt2.h	_Z12ratt4_kernelIfEvPKT_S2_PS0_S2_S0_	251
456	tests/benchmarks/shoc/src/cuda/level2/s3d/ratt2.h	_Z12ratt4_kernelIfEvPKT_S2_PS0_S2_S0_	252
457	tests/benchmarks/shoc/src/cuda/level2/s3d/ratt2.h	_Z12ratt4_kernelIfEvPKT_S2_PS0_S2_S0_	254
458	tests/benchmarks/shoc/src/cuda/level2/s3d/ratt2.h	_Z12ratt4_kernelIfEvPKT_S2_PS0_S2_S0_	255
459	tests/benchmarks/shoc/src/cuda/level2/s3d/ratt2.h	_Z12ratt4_kernelIfEvPKT_S2_PS0_S2_S0_	258
460	tests/benchmarks/shoc/src/cuda/level2/s3d/ratt2.h	_Z12ratt4_kernelIfEvPKT_S2_PS0_S2_S0_	261
461	tests/benchmarks/shoc/src/cuda/level2/s3d/ratt2.h	_Z12ratt4_kernelIfEvPKT_S2_PS0_S2_S0_	264
462	tests/benchmarks/shoc/src/cuda/level2/s3d/ratt2.h	_Z12ratt4_kernelIfEvPKT_S2_PS0_S2_S0_	266
463	tests/benchmarks/shoc/src/cuda/level2/s3d/ratt2.h	_Z12ratt4_kernelIfEvPKT_S2_PS0_S2_S0_	267
464	tests/benchmarks/shoc/src/cuda/level2/s3d/ratt2.h	_Z12ratt4_kernelIfEvPKT_S2_PS0_S2_S0_	269
465	tests/benchmarks/shoc/src/cuda/level2/s3d/ratt2.h	_Z12ratt4_kernelIfEvPKT_S2_PS0_S2_S0_	270
466	tests/benchmarks/shoc/src/cuda/level2/s3d/ratt2.h	_Z12ratt4_kernelIfEvPKT_S2_PS0_S2_S0_	272
467	tests/benchmarks/shoc/src/cuda/level2/s3d/ratt2.h	_Z12ratt4_kernelIfEvPKT_S2_PS0_S2_S0_	273
468	tests/benchmarks/shoc/src/cuda/level2/s3d/ratt2.h	_Z12ratt4_kernelIfEvPKT_S2_PS0_S2_S0_	275
469	tests/benchmarks/shoc/src/cuda/level2/s3d/ratt2.h	_Z12ratt4_kernelIfEvPKT_S2_PS0_S2_S0_	276
470	tests/benchmarks/shoc/src/cuda/level2/s3d/ratt2.h	_Z12ratt4_kernelIfEvPKT_S2_PS0_S2_S0_	278
471	tests/benchmarks/shoc/src/cuda/level2/s3d/ratt2.h	_Z12ratt4_kernelIfEvPKT_S2_PS0_S2_S0_	279
472	tests/benchmarks/shoc/src/cuda/level2/s3d/ratt2.h	_Z12ratt4_kernelIfEvPKT_S2_PS0_S2_S0_	281
473	tests/benchmarks/shoc/src/cuda/level2/s3d/ratt2.h	_Z12ratt4_kernelIfEvPKT_S2_PS0_S2_S0_	282
474	tests/benchmarks/shoc/src/cuda/level2/s3d/ratt2.h	_Z12ratt5_kernelIfEvPKT_S2_PS0_S2_S0_	292
475	/storage/users/sislam3/opt/llvm-22/lib/clang/22/include/__clang_cuda_math.h	_Z12ratt5_kernelIfEvPKT_S2_PS0_S2_S0_	187
476	tests/benchmarks/shoc/src/cuda/level2/s3d/ratt2.h	_Z12ratt5_kernelIfEvPKT_S2_PS0_S2_S0_	297
477	tests/benchmarks/shoc/src/cuda/level2/s3d/S3D.h	_Z12ratt5_kernelIfEvPKT_S2_PS0_S2_S0_	22
478	tests/benchmarks/shoc/src/cuda/level2/s3d/ratt2.h	_Z12ratt5_kernelIfEvPKT_S2_PS0_S2_S0_	301
479	tests/benchmarks/shoc/src/cuda/level2/s3d/ratt2.h	_Z12ratt5_kernelIfEvPKT_S2_PS0_S2_S0_	302
480	tests/benchmarks/shoc/src/cuda/level2/s3d/ratt2.h	_Z12ratt5_kernelIfEvPKT_S2_PS0_S2_S0_	304
481	tests/benchmarks/shoc/src/cuda/level2/s3d/ratt2.h	_Z12ratt5_kernelIfEvPKT_S2_PS0_S2_S0_	305
482	tests/benchmarks/shoc/src/cuda/level2/s3d/ratt2.h	_Z12ratt5_kernelIfEvPKT_S2_PS0_S2_S0_	307
483	tests/benchmarks/shoc/src/cuda/level2/s3d/ratt2.h	_Z12ratt5_kernelIfEvPKT_S2_PS0_S2_S0_	308
484	tests/benchmarks/shoc/src/cuda/level2/s3d/ratt2.h	_Z12ratt5_kernelIfEvPKT_S2_PS0_S2_S0_	310
485	tests/benchmarks/shoc/src/cuda/level2/s3d/ratt2.h	_Z12ratt5_kernelIfEvPKT_S2_PS0_S2_S0_	311
486	tests/benchmarks/shoc/src/cuda/level2/s3d/ratt2.h	_Z12ratt5_kernelIfEvPKT_S2_PS0_S2_S0_	313
487	tests/benchmarks/shoc/src/cuda/level2/s3d/ratt2.h	_Z12ratt5_kernelIfEvPKT_S2_PS0_S2_S0_	314
488	tests/benchmarks/shoc/src/cuda/level2/s3d/ratt2.h	_Z12ratt5_kernelIfEvPKT_S2_PS0_S2_S0_	316
489	tests/benchmarks/shoc/src/cuda/level2/s3d/ratt2.h	_Z12ratt5_kernelIfEvPKT_S2_PS0_S2_S0_	317
490	tests/benchmarks/shoc/src/cuda/level2/s3d/ratt2.h	_Z12ratt5_kernelIfEvPKT_S2_PS0_S2_S0_	319
491	tests/benchmarks/shoc/src/cuda/level2/s3d/ratt2.h	_Z12ratt5_kernelIfEvPKT_S2_PS0_S2_S0_	320
492	tests/benchmarks/shoc/src/cuda/level2/s3d/ratt2.h	_Z12ratt5_kernelIfEvPKT_S2_PS0_S2_S0_	322
493	tests/benchmarks/shoc/src/cuda/level2/s3d/ratt2.h	_Z12ratt5_kernelIfEvPKT_S2_PS0_S2_S0_	323
494	tests/benchmarks/shoc/src/cuda/level2/s3d/ratt2.h	_Z12ratt5_kernelIfEvPKT_S2_PS0_S2_S0_	325
495	tests/benchmarks/shoc/src/cuda/level2/s3d/ratt2.h	_Z12ratt5_kernelIfEvPKT_S2_PS0_S2_S0_	326
496	tests/benchmarks/shoc/src/cuda/level2/s3d/ratt2.h	_Z12ratt5_kernelIfEvPKT_S2_PS0_S2_S0_	328
497	tests/benchmarks/shoc/src/cuda/level2/s3d/ratt2.h	_Z12ratt5_kernelIfEvPKT_S2_PS0_S2_S0_	329
498	tests/benchmarks/shoc/src/cuda/level2/s3d/ratt2.h	_Z12ratt5_kernelIfEvPKT_S2_PS0_S2_S0_	331
499	tests/benchmarks/shoc/src/cuda/level2/s3d/ratt2.h	_Z12ratt5_kernelIfEvPKT_S2_PS0_S2_S0_	332
500	tests/benchmarks/shoc/src/cuda/level2/s3d/ratt2.h	_Z12ratt5_kernelIfEvPKT_S2_PS0_S2_S0_	334
501	tests/benchmarks/shoc/src/cuda/level2/s3d/ratt2.h	_Z12ratt5_kernelIfEvPKT_S2_PS0_S2_S0_	335
502	tests/benchmarks/shoc/src/cuda/level2/s3d/ratt2.h	_Z12ratt5_kernelIfEvPKT_S2_PS0_S2_S0_	337
503	tests/benchmarks/shoc/src/cuda/level2/s3d/ratt2.h	_Z12ratt5_kernelIfEvPKT_S2_PS0_S2_S0_	338
504	tests/benchmarks/shoc/src/cuda/level2/s3d/ratt2.h	_Z12ratt5_kernelIfEvPKT_S2_PS0_S2_S0_	340
505	tests/benchmarks/shoc/src/cuda/level2/s3d/ratt2.h	_Z12ratt5_kernelIfEvPKT_S2_PS0_S2_S0_	341
506	tests/benchmarks/shoc/src/cuda/level2/s3d/ratt2.h	_Z12ratt5_kernelIfEvPKT_S2_PS0_S2_S0_	343
507	tests/benchmarks/shoc/src/cuda/level2/s3d/ratt2.h	_Z12ratt5_kernelIfEvPKT_S2_PS0_S2_S0_	344
508	tests/benchmarks/shoc/src/cuda/level2/s3d/ratt2.h	_Z12ratt5_kernelIfEvPKT_S2_PS0_S2_S0_	346
509	tests/benchmarks/shoc/src/cuda/level2/s3d/ratt2.h	_Z12ratt5_kernelIfEvPKT_S2_PS0_S2_S0_	347
510	tests/benchmarks/shoc/src/cuda/level2/s3d/ratt2.h	_Z12ratt5_kernelIfEvPKT_S2_PS0_S2_S0_	349
511	tests/benchmarks/shoc/src/cuda/level2/s3d/ratt2.h	_Z12ratt5_kernelIfEvPKT_S2_PS0_S2_S0_	350
512	tests/benchmarks/shoc/src/cuda/level2/s3d/ratt2.h	_Z12ratt5_kernelIfEvPKT_S2_PS0_S2_S0_	352
513	tests/benchmarks/shoc/src/cuda/level2/s3d/ratt2.h	_Z12ratt5_kernelIfEvPKT_S2_PS0_S2_S0_	353
514	tests/benchmarks/shoc/src/cuda/level2/s3d/ratt2.h	_Z12ratt5_kernelIfEvPKT_S2_PS0_S2_S0_	355
515	tests/benchmarks/shoc/src/cuda/level2/s3d/ratt2.h	_Z12ratt5_kernelIfEvPKT_S2_PS0_S2_S0_	356
516	tests/benchmarks/shoc/src/cuda/level2/s3d/ratt2.h	_Z12ratt5_kernelIfEvPKT_S2_PS0_S2_S0_	358
517	tests/benchmarks/shoc/src/cuda/level2/s3d/ratt2.h	_Z12ratt5_kernelIfEvPKT_S2_PS0_S2_S0_	359
518	tests/benchmarks/shoc/src/cuda/level2/s3d/ratt2.h	_Z12ratt5_kernelIfEvPKT_S2_PS0_S2_S0_	361
519	tests/benchmarks/shoc/src/cuda/level2/s3d/ratt2.h	_Z12ratt5_kernelIfEvPKT_S2_PS0_S2_S0_	362
520	tests/benchmarks/shoc/src/cuda/level2/s3d/ratt2.h	_Z12ratt5_kernelIfEvPKT_S2_PS0_S2_S0_	364
521	tests/benchmarks/shoc/src/cuda/level2/s3d/ratt2.h	_Z12ratt5_kernelIfEvPKT_S2_PS0_S2_S0_	365
522	tests/benchmarks/shoc/src/cuda/level2/s3d/ratt2.h	_Z12ratt5_kernelIfEvPKT_S2_PS0_S2_S0_	367
523	tests/benchmarks/shoc/src/cuda/level2/s3d/ratt2.h	_Z12ratt5_kernelIfEvPKT_S2_PS0_S2_S0_	368
524	tests/benchmarks/shoc/src/cuda/level2/s3d/ratt2.h	_Z12ratt5_kernelIfEvPKT_S2_PS0_S2_S0_	370
525	tests/benchmarks/shoc/src/cuda/level2/s3d/ratt2.h	_Z12ratt5_kernelIfEvPKT_S2_PS0_S2_S0_	371
526	tests/benchmarks/shoc/src/cuda/level2/s3d/ratt2.h	_Z12ratt5_kernelIfEvPKT_S2_PS0_S2_S0_	373
527	tests/benchmarks/shoc/src/cuda/level2/s3d/ratt2.h	_Z12ratt5_kernelIfEvPKT_S2_PS0_S2_S0_	374
528	tests/benchmarks/shoc/src/cuda/level2/s3d/ratt2.h	_Z12ratt6_kernelIfEvPKT_S2_PS0_S2_S0_	385
529	/storage/users/sislam3/opt/llvm-22/lib/clang/22/include/__clang_cuda_math.h	_Z12ratt6_kernelIfEvPKT_S2_PS0_S2_S0_	187
530	tests/benchmarks/shoc/src/cuda/level2/s3d/ratt2.h	_Z12ratt6_kernelIfEvPKT_S2_PS0_S2_S0_	390
531	tests/benchmarks/shoc/src/cuda/level2/s3d/S3D.h	_Z12ratt6_kernelIfEvPKT_S2_PS0_S2_S0_	22
532	tests/benchmarks/shoc/src/cuda/level2/s3d/ratt2.h	_Z12ratt6_kernelIfEvPKT_S2_PS0_S2_S0_	393
533	tests/benchmarks/shoc/src/cuda/level2/s3d/ratt2.h	_Z12ratt6_kernelIfEvPKT_S2_PS0_S2_S0_	394
534	tests/benchmarks/shoc/src/cuda/level2/s3d/ratt2.h	_Z12ratt6_kernelIfEvPKT_S2_PS0_S2_S0_	396
535	tests/benchmarks/shoc/src/cuda/level2/s3d/ratt2.h	_Z12ratt6_kernelIfEvPKT_S2_PS0_S2_S0_	397
536	tests/benchmarks/shoc/src/cuda/level2/s3d/ratt2.h	_Z12ratt6_kernelIfEvPKT_S2_PS0_S2_S0_	399
537	tests/benchmarks/shoc/src/cuda/level2/s3d/ratt2.h	_Z12ratt6_kernelIfEvPKT_S2_PS0_S2_S0_	400
538	tests/benchmarks/shoc/src/cuda/level2/s3d/ratt2.h	_Z12ratt6_kernelIfEvPKT_S2_PS0_S2_S0_	402
539	tests/benchmarks/shoc/src/cuda/level2/s3d/ratt2.h	_Z12ratt6_kernelIfEvPKT_S2_PS0_S2_S0_	403
540	tests/benchmarks/shoc/src/cuda/level2/s3d/ratt2.h	_Z12ratt6_kernelIfEvPKT_S2_PS0_S2_S0_	405
541	tests/benchmarks/shoc/src/cuda/level2/s3d/ratt2.h	_Z12ratt6_kernelIfEvPKT_S2_PS0_S2_S0_	406
542	tests/benchmarks/shoc/src/cuda/level2/s3d/ratt2.h	_Z12ratt6_kernelIfEvPKT_S2_PS0_S2_S0_	408
543	tests/benchmarks/shoc/src/cuda/level2/s3d/ratt2.h	_Z12ratt6_kernelIfEvPKT_S2_PS0_S2_S0_	409
544	tests/benchmarks/shoc/src/cuda/level2/s3d/ratt2.h	_Z12ratt6_kernelIfEvPKT_S2_PS0_S2_S0_	411
545	tests/benchmarks/shoc/src/cuda/level2/s3d/ratt2.h	_Z12ratt6_kernelIfEvPKT_S2_PS0_S2_S0_	412
546	tests/benchmarks/shoc/src/cuda/level2/s3d/ratt2.h	_Z12ratt6_kernelIfEvPKT_S2_PS0_S2_S0_	414
547	tests/benchmarks/shoc/src/cuda/level2/s3d/ratt2.h	_Z12ratt6_kernelIfEvPKT_S2_PS0_S2_S0_	415
548	tests/benchmarks/shoc/src/cuda/level2/s3d/ratt2.h	_Z12ratt6_kernelIfEvPKT_S2_PS0_S2_S0_	417
549	tests/benchmarks/shoc/src/cuda/level2/s3d/ratt2.h	_Z12ratt6_kernelIfEvPKT_S2_PS0_S2_S0_	418
550	tests/benchmarks/shoc/src/cuda/level2/s3d/ratt2.h	_Z12ratt6_kernelIfEvPKT_S2_PS0_S2_S0_	420
551	tests/benchmarks/shoc/src/cuda/level2/s3d/ratt2.h	_Z12ratt6_kernelIfEvPKT_S2_PS0_S2_S0_	421
552	tests/benchmarks/shoc/src/cuda/level2/s3d/ratt2.h	_Z12ratt6_kernelIfEvPKT_S2_PS0_S2_S0_	423
553	tests/benchmarks/shoc/src/cuda/level2/s3d/ratt2.h	_Z12ratt6_kernelIfEvPKT_S2_PS0_S2_S0_	424
554	tests/benchmarks/shoc/src/cuda/level2/s3d/ratt2.h	_Z12ratt6_kernelIfEvPKT_S2_PS0_S2_S0_	426
555	tests/benchmarks/shoc/src/cuda/level2/s3d/ratt2.h	_Z12ratt6_kernelIfEvPKT_S2_PS0_S2_S0_	427
556	tests/benchmarks/shoc/src/cuda/level2/s3d/ratt2.h	_Z12ratt6_kernelIfEvPKT_S2_PS0_S2_S0_	429
557	tests/benchmarks/shoc/src/cuda/level2/s3d/ratt2.h	_Z12ratt6_kernelIfEvPKT_S2_PS0_S2_S0_	430
558	tests/benchmarks/shoc/src/cuda/level2/s3d/ratt2.h	_Z12ratt6_kernelIfEvPKT_S2_PS0_S2_S0_	433
559	tests/benchmarks/shoc/src/cuda/level2/s3d/ratt2.h	_Z12ratt6_kernelIfEvPKT_S2_PS0_S2_S0_	435
560	tests/benchmarks/shoc/src/cuda/level2/s3d/ratt2.h	_Z12ratt6_kernelIfEvPKT_S2_PS0_S2_S0_	436
561	tests/benchmarks/shoc/src/cuda/level2/s3d/ratt2.h	_Z12ratt6_kernelIfEvPKT_S2_PS0_S2_S0_	438
562	tests/benchmarks/shoc/src/cuda/level2/s3d/ratt2.h	_Z12ratt6_kernelIfEvPKT_S2_PS0_S2_S0_	439
563	tests/benchmarks/shoc/src/cuda/level2/s3d/ratt2.h	_Z12ratt6_kernelIfEvPKT_S2_PS0_S2_S0_	441
564	tests/benchmarks/shoc/src/cuda/level2/s3d/ratt2.h	_Z12ratt6_kernelIfEvPKT_S2_PS0_S2_S0_	442
565	tests/benchmarks/shoc/src/cuda/level2/s3d/ratt2.h	_Z12ratt6_kernelIfEvPKT_S2_PS0_S2_S0_	444
566	tests/benchmarks/shoc/src/cuda/level2/s3d/ratt2.h	_Z12ratt6_kernelIfEvPKT_S2_PS0_S2_S0_	445
567	tests/benchmarks/shoc/src/cuda/level2/s3d/ratt2.h	_Z12ratt6_kernelIfEvPKT_S2_PS0_S2_S0_	447
568	tests/benchmarks/shoc/src/cuda/level2/s3d/ratt2.h	_Z12ratt6_kernelIfEvPKT_S2_PS0_S2_S0_	448
569	tests/benchmarks/shoc/src/cuda/level2/s3d/ratt2.h	_Z12ratt6_kernelIfEvPKT_S2_PS0_S2_S0_	450
570	tests/benchmarks/shoc/src/cuda/level2/s3d/ratt2.h	_Z12ratt6_kernelIfEvPKT_S2_PS0_S2_S0_	451
571	tests/benchmarks/shoc/src/cuda/level2/s3d/ratt2.h	_Z12ratt6_kernelIfEvPKT_S2_PS0_S2_S0_	453
572	tests/benchmarks/shoc/src/cuda/level2/s3d/ratt2.h	_Z12ratt6_kernelIfEvPKT_S2_PS0_S2_S0_	454
573	tests/benchmarks/shoc/src/cuda/level2/s3d/ratt2.h	_Z12ratt6_kernelIfEvPKT_S2_PS0_S2_S0_	457
574	tests/benchmarks/shoc/src/cuda/level2/s3d/ratt2.h	_Z12ratt6_kernelIfEvPKT_S2_PS0_S2_S0_	459
575	tests/benchmarks/shoc/src/cuda/level2/s3d/ratt2.h	_Z12ratt6_kernelIfEvPKT_S2_PS0_S2_S0_	460
576	tests/benchmarks/shoc/src/cuda/level2/s3d/ratt2.h	_Z12ratt6_kernelIfEvPKT_S2_PS0_S2_S0_	462
577	tests/benchmarks/shoc/src/cuda/level2/s3d/ratt2.h	_Z12ratt6_kernelIfEvPKT_S2_PS0_S2_S0_	463
578	tests/benchmarks/shoc/src/cuda/level2/s3d/ratt2.h	_Z12ratt6_kernelIfEvPKT_S2_PS0_S2_S0_	465
579	tests/benchmarks/shoc/src/cuda/level2/s3d/ratt2.h	_Z12ratt6_kernelIfEvPKT_S2_PS0_S2_S0_	466
580	tests/benchmarks/shoc/src/cuda/level2/s3d/ratt2.h	_Z12ratt7_kernelIfEvPKT_S2_PS0_S2_S0_	475
581	/storage/users/sislam3/opt/llvm-22/lib/clang/22/include/__clang_cuda_math.h	_Z12ratt7_kernelIfEvPKT_S2_PS0_S2_S0_	187
582	tests/benchmarks/shoc/src/cuda/level2/s3d/ratt2.h	_Z12ratt7_kernelIfEvPKT_S2_PS0_S2_S0_	480
583	tests/benchmarks/shoc/src/cuda/level2/s3d/S3D.h	_Z12ratt7_kernelIfEvPKT_S2_PS0_S2_S0_	22
584	tests/benchmarks/shoc/src/cuda/level2/s3d/ratt2.h	_Z12ratt7_kernelIfEvPKT_S2_PS0_S2_S0_	483
585	tests/benchmarks/shoc/src/cuda/level2/s3d/ratt2.h	_Z12ratt7_kernelIfEvPKT_S2_PS0_S2_S0_	484
586	tests/benchmarks/shoc/src/cuda/level2/s3d/ratt2.h	_Z12ratt7_kernelIfEvPKT_S2_PS0_S2_S0_	486
587	tests/benchmarks/shoc/src/cuda/level2/s3d/ratt2.h	_Z12ratt7_kernelIfEvPKT_S2_PS0_S2_S0_	487
588	tests/benchmarks/shoc/src/cuda/level2/s3d/ratt2.h	_Z12ratt7_kernelIfEvPKT_S2_PS0_S2_S0_	489
589	tests/benchmarks/shoc/src/cuda/level2/s3d/ratt2.h	_Z12ratt7_kernelIfEvPKT_S2_PS0_S2_S0_	490
590	tests/benchmarks/shoc/src/cuda/level2/s3d/ratt2.h	_Z12ratt7_kernelIfEvPKT_S2_PS0_S2_S0_	492
591	tests/benchmarks/shoc/src/cuda/level2/s3d/ratt2.h	_Z12ratt7_kernelIfEvPKT_S2_PS0_S2_S0_	493
592	tests/benchmarks/shoc/src/cuda/level2/s3d/ratt2.h	_Z12ratt7_kernelIfEvPKT_S2_PS0_S2_S0_	495
593	tests/benchmarks/shoc/src/cuda/level2/s3d/ratt2.h	_Z12ratt7_kernelIfEvPKT_S2_PS0_S2_S0_	496
594	tests/benchmarks/shoc/src/cuda/level2/s3d/ratt2.h	_Z12ratt7_kernelIfEvPKT_S2_PS0_S2_S0_	498
595	tests/benchmarks/shoc/src/cuda/level2/s3d/ratt2.h	_Z12ratt7_kernelIfEvPKT_S2_PS0_S2_S0_	499
596	tests/benchmarks/shoc/src/cuda/level2/s3d/ratt2.h	_Z12ratt7_kernelIfEvPKT_S2_PS0_S2_S0_	501
597	tests/benchmarks/shoc/src/cuda/level2/s3d/ratt2.h	_Z12ratt7_kernelIfEvPKT_S2_PS0_S2_S0_	502
598	tests/benchmarks/shoc/src/cuda/level2/s3d/ratt2.h	_Z12ratt7_kernelIfEvPKT_S2_PS0_S2_S0_	504
599	tests/benchmarks/shoc/src/cuda/level2/s3d/ratt2.h	_Z12ratt7_kernelIfEvPKT_S2_PS0_S2_S0_	505
600	tests/benchmarks/shoc/src/cuda/level2/s3d/ratt2.h	_Z12ratt7_kernelIfEvPKT_S2_PS0_S2_S0_	507
601	tests/benchmarks/shoc/src/cuda/level2/s3d/ratt2.h	_Z12ratt7_kernelIfEvPKT_S2_PS0_S2_S0_	508
602	tests/benchmarks/shoc/src/cuda/level2/s3d/ratt2.h	_Z12ratt7_kernelIfEvPKT_S2_PS0_S2_S0_	510
603	tests/benchmarks/shoc/src/cuda/level2/s3d/ratt2.h	_Z12ratt7_kernelIfEvPKT_S2_PS0_S2_S0_	511
604	tests/benchmarks/shoc/src/cuda/level2/s3d/ratt2.h	_Z12ratt7_kernelIfEvPKT_S2_PS0_S2_S0_	513
605	tests/benchmarks/shoc/src/cuda/level2/s3d/ratt2.h	_Z12ratt7_kernelIfEvPKT_S2_PS0_S2_S0_	514
606	tests/benchmarks/shoc/src/cuda/level2/s3d/ratt2.h	_Z12ratt7_kernelIfEvPKT_S2_PS0_S2_S0_	516
607	tests/benchmarks/shoc/src/cuda/level2/s3d/ratt2.h	_Z12ratt7_kernelIfEvPKT_S2_PS0_S2_S0_	517
608	tests/benchmarks/shoc/src/cuda/level2/s3d/ratt2.h	_Z12ratt7_kernelIfEvPKT_S2_PS0_S2_S0_	519
609	tests/benchmarks/shoc/src/cuda/level2/s3d/ratt2.h	_Z12ratt7_kernelIfEvPKT_S2_PS0_S2_S0_	520
610	tests/benchmarks/shoc/src/cuda/level2/s3d/ratt2.h	_Z12ratt7_kernelIfEvPKT_S2_PS0_S2_S0_	522
611	tests/benchmarks/shoc/src/cuda/level2/s3d/ratt2.h	_Z12ratt7_kernelIfEvPKT_S2_PS0_S2_S0_	523
612	tests/benchmarks/shoc/src/cuda/level2/s3d/ratt2.h	_Z12ratt7_kernelIfEvPKT_S2_PS0_S2_S0_	525
613	tests/benchmarks/shoc/src/cuda/level2/s3d/ratt2.h	_Z12ratt7_kernelIfEvPKT_S2_PS0_S2_S0_	526
614	tests/benchmarks/shoc/src/cuda/level2/s3d/ratt2.h	_Z12ratt7_kernelIfEvPKT_S2_PS0_S2_S0_	528
615	tests/benchmarks/shoc/src/cuda/level2/s3d/ratt2.h	_Z12ratt7_kernelIfEvPKT_S2_PS0_S2_S0_	529
616	tests/benchmarks/shoc/src/cuda/level2/s3d/ratt2.h	_Z12ratt7_kernelIfEvPKT_S2_PS0_S2_S0_	531
617	tests/benchmarks/shoc/src/cuda/level2/s3d/ratt2.h	_Z12ratt7_kernelIfEvPKT_S2_PS0_S2_S0_	532
618	tests/benchmarks/shoc/src/cuda/level2/s3d/ratt2.h	_Z12ratt7_kernelIfEvPKT_S2_PS0_S2_S0_	534
619	tests/benchmarks/shoc/src/cuda/level2/s3d/ratt2.h	_Z12ratt7_kernelIfEvPKT_S2_PS0_S2_S0_	535
620	tests/benchmarks/shoc/src/cuda/level2/s3d/ratt2.h	_Z12ratt7_kernelIfEvPKT_S2_PS0_S2_S0_	537
621	tests/benchmarks/shoc/src/cuda/level2/s3d/ratt2.h	_Z12ratt7_kernelIfEvPKT_S2_PS0_S2_S0_	538
622	tests/benchmarks/shoc/src/cuda/level2/s3d/ratt2.h	_Z12ratt7_kernelIfEvPKT_S2_PS0_S2_S0_	540
623	tests/benchmarks/shoc/src/cuda/level2/s3d/ratt2.h	_Z12ratt7_kernelIfEvPKT_S2_PS0_S2_S0_	541
624	tests/benchmarks/shoc/src/cuda/level2/s3d/ratt2.h	_Z12ratt7_kernelIfEvPKT_S2_PS0_S2_S0_	543
625	tests/benchmarks/shoc/src/cuda/level2/s3d/ratt2.h	_Z12ratt7_kernelIfEvPKT_S2_PS0_S2_S0_	544
626	tests/benchmarks/shoc/src/cuda/level2/s3d/ratt2.h	_Z12ratt7_kernelIfEvPKT_S2_PS0_S2_S0_	546
627	tests/benchmarks/shoc/src/cuda/level2/s3d/ratt2.h	_Z12ratt7_kernelIfEvPKT_S2_PS0_S2_S0_	547
628	tests/benchmarks/shoc/src/cuda/level2/s3d/ratt2.h	_Z12ratt7_kernelIfEvPKT_S2_PS0_S2_S0_	549
629	tests/benchmarks/shoc/src/cuda/level2/s3d/ratt2.h	_Z12ratt7_kernelIfEvPKT_S2_PS0_S2_S0_	550
630	tests/benchmarks/shoc/src/cuda/level2/s3d/ratt2.h	_Z12ratt7_kernelIfEvPKT_S2_PS0_S2_S0_	552
631	tests/benchmarks/shoc/src/cuda/level2/s3d/ratt2.h	_Z12ratt7_kernelIfEvPKT_S2_PS0_S2_S0_	553
632	tests/benchmarks/shoc/src/cuda/level2/s3d/ratt2.h	_Z12ratt7_kernelIfEvPKT_S2_PS0_S2_S0_	555
633	tests/benchmarks/shoc/src/cuda/level2/s3d/ratt2.h	_Z12ratt7_kernelIfEvPKT_S2_PS0_S2_S0_	556
634	tests/benchmarks/shoc/src/cuda/level2/s3d/ratt2.h	_Z12ratt8_kernelIfEvPKT_S2_PS0_S2_S0_	566
635	/storage/users/sislam3/opt/llvm-22/lib/clang/22/include/__clang_cuda_math.h	_Z12ratt8_kernelIfEvPKT_S2_PS0_S2_S0_	187
636	tests/benchmarks/shoc/src/cuda/level2/s3d/ratt2.h	_Z12ratt8_kernelIfEvPKT_S2_PS0_S2_S0_	571
637	tests/benchmarks/shoc/src/cuda/level2/s3d/S3D.h	_Z12ratt8_kernelIfEvPKT_S2_PS0_S2_S0_	22
638	tests/benchmarks/shoc/src/cuda/level2/s3d/ratt2.h	_Z12ratt8_kernelIfEvPKT_S2_PS0_S2_S0_	574
639	tests/benchmarks/shoc/src/cuda/level2/s3d/ratt2.h	_Z12ratt8_kernelIfEvPKT_S2_PS0_S2_S0_	575
640	tests/benchmarks/shoc/src/cuda/level2/s3d/ratt2.h	_Z12ratt8_kernelIfEvPKT_S2_PS0_S2_S0_	577
641	tests/benchmarks/shoc/src/cuda/level2/s3d/ratt2.h	_Z12ratt8_kernelIfEvPKT_S2_PS0_S2_S0_	578
642	tests/benchmarks/shoc/src/cuda/level2/s3d/ratt2.h	_Z12ratt8_kernelIfEvPKT_S2_PS0_S2_S0_	580
643	tests/benchmarks/shoc/src/cuda/level2/s3d/ratt2.h	_Z12ratt8_kernelIfEvPKT_S2_PS0_S2_S0_	581
644	tests/benchmarks/shoc/src/cuda/level2/s3d/ratt2.h	_Z12ratt8_kernelIfEvPKT_S2_PS0_S2_S0_	583
645	tests/benchmarks/shoc/src/cuda/level2/s3d/ratt2.h	_Z12ratt8_kernelIfEvPKT_S2_PS0_S2_S0_	584
646	tests/benchmarks/shoc/src/cuda/level2/s3d/ratt2.h	_Z12ratt8_kernelIfEvPKT_S2_PS0_S2_S0_	586
647	tests/benchmarks/shoc/src/cuda/level2/s3d/ratt2.h	_Z12ratt8_kernelIfEvPKT_S2_PS0_S2_S0_	587
648	tests/benchmarks/shoc/src/cuda/level2/s3d/ratt2.h	_Z12ratt8_kernelIfEvPKT_S2_PS0_S2_S0_	589
649	tests/benchmarks/shoc/src/cuda/level2/s3d/ratt2.h	_Z12ratt8_kernelIfEvPKT_S2_PS0_S2_S0_	590
650	tests/benchmarks/shoc/src/cuda/level2/s3d/ratt2.h	_Z12ratt8_kernelIfEvPKT_S2_PS0_S2_S0_	592
651	tests/benchmarks/shoc/src/cuda/level2/s3d/ratt2.h	_Z12ratt8_kernelIfEvPKT_S2_PS0_S2_S0_	593
652	tests/benchmarks/shoc/src/cuda/level2/s3d/ratt2.h	_Z12ratt8_kernelIfEvPKT_S2_PS0_S2_S0_	595
653	tests/benchmarks/shoc/src/cuda/level2/s3d/ratt2.h	_Z12ratt8_kernelIfEvPKT_S2_PS0_S2_S0_	596
654	tests/benchmarks/shoc/src/cuda/level2/s3d/ratt2.h	_Z12ratt8_kernelIfEvPKT_S2_PS0_S2_S0_	598
655	tests/benchmarks/shoc/src/cuda/level2/s3d/ratt2.h	_Z12ratt8_kernelIfEvPKT_S2_PS0_S2_S0_	599
656	tests/benchmarks/shoc/src/cuda/level2/s3d/ratt2.h	_Z12ratt8_kernelIfEvPKT_S2_PS0_S2_S0_	601
657	tests/benchmarks/shoc/src/cuda/level2/s3d/ratt2.h	_Z12ratt8_kernelIfEvPKT_S2_PS0_S2_S0_	602
658	tests/benchmarks/shoc/src/cuda/level2/s3d/ratt2.h	_Z12ratt8_kernelIfEvPKT_S2_PS0_S2_S0_	604
659	tests/benchmarks/shoc/src/cuda/level2/s3d/ratt2.h	_Z12ratt8_kernelIfEvPKT_S2_PS0_S2_S0_	605
660	tests/benchmarks/shoc/src/cuda/level2/s3d/ratt2.h	_Z12ratt8_kernelIfEvPKT_S2_PS0_S2_S0_	607
661	tests/benchmarks/shoc/src/cuda/level2/s3d/ratt2.h	_Z12ratt8_kernelIfEvPKT_S2_PS0_S2_S0_	608
662	tests/benchmarks/shoc/src/cuda/level2/s3d/ratt2.h	_Z12ratt8_kernelIfEvPKT_S2_PS0_S2_S0_	610
663	tests/benchmarks/shoc/src/cuda/level2/s3d/ratt2.h	_Z12ratt8_kernelIfEvPKT_S2_PS0_S2_S0_	611
664	tests/benchmarks/shoc/src/cuda/level2/s3d/ratt2.h	_Z12ratt8_kernelIfEvPKT_S2_PS0_S2_S0_	613
665	tests/benchmarks/shoc/src/cuda/level2/s3d/ratt2.h	_Z12ratt8_kernelIfEvPKT_S2_PS0_S2_S0_	614
666	tests/benchmarks/shoc/src/cuda/level2/s3d/ratt2.h	_Z12ratt8_kernelIfEvPKT_S2_PS0_S2_S0_	616
667	tests/benchmarks/shoc/src/cuda/level2/s3d/ratt2.h	_Z12ratt8_kernelIfEvPKT_S2_PS0_S2_S0_	617
668	tests/benchmarks/shoc/src/cuda/level2/s3d/ratt2.h	_Z12ratt8_kernelIfEvPKT_S2_PS0_S2_S0_	619
669	tests/benchmarks/shoc/src/cuda/level2/s3d/ratt2.h	_Z12ratt8_kernelIfEvPKT_S2_PS0_S2_S0_	620
670	tests/benchmarks/shoc/src/cuda/level2/s3d/ratt2.h	_Z12ratt8_kernelIfEvPKT_S2_PS0_S2_S0_	622
671	tests/benchmarks/shoc/src/cuda/level2/s3d/ratt2.h	_Z12ratt8_kernelIfEvPKT_S2_PS0_S2_S0_	623
672	tests/benchmarks/shoc/src/cuda/level2/s3d/ratt2.h	_Z12ratt8_kernelIfEvPKT_S2_PS0_S2_S0_	625
673	tests/benchmarks/shoc/src/cuda/level2/s3d/ratt2.h	_Z12ratt8_kernelIfEvPKT_S2_PS0_S2_S0_	626
674	tests/benchmarks/shoc/src/cuda/level2/s3d/ratt2.h	_Z12ratt8_kernelIfEvPKT_S2_PS0_S2_S0_	628
675	tests/benchmarks/shoc/src/cuda/level2/s3d/ratt2.h	_Z12ratt8_kernelIfEvPKT_S2_PS0_S2_S0_	629
676	tests/benchmarks/shoc/src/cuda/level2/s3d/ratt2.h	_Z12ratt8_kernelIfEvPKT_S2_PS0_S2_S0_	631
677	tests/benchmarks/shoc/src/cuda/level2/s3d/ratt2.h	_Z12ratt8_kernelIfEvPKT_S2_PS0_S2_S0_	632
678	tests/benchmarks/shoc/src/cuda/level2/s3d/ratt2.h	_Z12ratt8_kernelIfEvPKT_S2_PS0_S2_S0_	634
679	tests/benchmarks/shoc/src/cuda/level2/s3d/ratt2.h	_Z12ratt8_kernelIfEvPKT_S2_PS0_S2_S0_	635
680	tests/benchmarks/shoc/src/cuda/level2/s3d/ratt2.h	_Z12ratt8_kernelIfEvPKT_S2_PS0_S2_S0_	637
681	tests/benchmarks/shoc/src/cuda/level2/s3d/ratt2.h	_Z12ratt8_kernelIfEvPKT_S2_PS0_S2_S0_	638
682	tests/benchmarks/shoc/src/cuda/level2/s3d/ratt2.h	_Z12ratt8_kernelIfEvPKT_S2_PS0_S2_S0_	640
683	tests/benchmarks/shoc/src/cuda/level2/s3d/ratt2.h	_Z12ratt8_kernelIfEvPKT_S2_PS0_S2_S0_	641
684	tests/benchmarks/shoc/src/cuda/level2/s3d/ratt2.h	_Z12ratt8_kernelIfEvPKT_S2_PS0_S2_S0_	643
685	tests/benchmarks/shoc/src/cuda/level2/s3d/ratt2.h	_Z12ratt8_kernelIfEvPKT_S2_PS0_S2_S0_	644
686	tests/benchmarks/shoc/src/cuda/level2/s3d/ratt2.h	_Z12ratt8_kernelIfEvPKT_S2_PS0_S2_S0_	646
687	tests/benchmarks/shoc/src/cuda/level2/s3d/ratt2.h	_Z12ratt8_kernelIfEvPKT_S2_PS0_S2_S0_	647
688	tests/benchmarks/shoc/src/cuda/level2/s3d/ratt2.h	_Z12ratt9_kernelIfEvPKT_S2_PS0_S2_S0_	657
689	/storage/users/sislam3/opt/llvm-22/lib/clang/22/include/__clang_cuda_math.h	_Z12ratt9_kernelIfEvPKT_S2_PS0_S2_S0_	187
690	tests/benchmarks/shoc/src/cuda/level2/s3d/ratt2.h	_Z12ratt9_kernelIfEvPKT_S2_PS0_S2_S0_	662
691	tests/benchmarks/shoc/src/cuda/level2/s3d/S3D.h	_Z12ratt9_kernelIfEvPKT_S2_PS0_S2_S0_	22
692	tests/benchmarks/shoc/src/cuda/level2/s3d/ratt2.h	_Z12ratt9_kernelIfEvPKT_S2_PS0_S2_S0_	665
693	tests/benchmarks/shoc/src/cuda/level2/s3d/ratt2.h	_Z12ratt9_kernelIfEvPKT_S2_PS0_S2_S0_	666
694	tests/benchmarks/shoc/src/cuda/level2/s3d/ratt2.h	_Z12ratt9_kernelIfEvPKT_S2_PS0_S2_S0_	668
695	tests/benchmarks/shoc/src/cuda/level2/s3d/ratt2.h	_Z12ratt9_kernelIfEvPKT_S2_PS0_S2_S0_	669
696	tests/benchmarks/shoc/src/cuda/level2/s3d/ratt2.h	_Z12ratt9_kernelIfEvPKT_S2_PS0_S2_S0_	671
697	tests/benchmarks/shoc/src/cuda/level2/s3d/ratt2.h	_Z12ratt9_kernelIfEvPKT_S2_PS0_S2_S0_	672
698	tests/benchmarks/shoc/src/cuda/level2/s3d/ratt2.h	_Z12ratt9_kernelIfEvPKT_S2_PS0_S2_S0_	674
699	tests/benchmarks/shoc/src/cuda/level2/s3d/ratt2.h	_Z12ratt9_kernelIfEvPKT_S2_PS0_S2_S0_	675
700	tests/benchmarks/shoc/src/cuda/level2/s3d/ratt2.h	_Z12ratt9_kernelIfEvPKT_S2_PS0_S2_S0_	677
701	tests/benchmarks/shoc/src/cuda/level2/s3d/ratt2.h	_Z12ratt9_kernelIfEvPKT_S2_PS0_S2_S0_	678
702	tests/benchmarks/shoc/src/cuda/level2/s3d/ratt2.h	_Z12ratt9_kernelIfEvPKT_S2_PS0_S2_S0_	680
703	tests/benchmarks/shoc/src/cuda/level2/s3d/ratt2.h	_Z12ratt9_kernelIfEvPKT_S2_PS0_S2_S0_	681
704	tests/benchmarks/shoc/src/cuda/level2/s3d/ratt2.h	_Z12ratt9_kernelIfEvPKT_S2_PS0_S2_S0_	683
705	tests/benchmarks/shoc/src/cuda/level2/s3d/ratt2.h	_Z12ratt9_kernelIfEvPKT_S2_PS0_S2_S0_	684
706	tests/benchmarks/shoc/src/cuda/level2/s3d/ratt2.h	_Z12ratt9_kernelIfEvPKT_S2_PS0_S2_S0_	686
707	tests/benchmarks/shoc/src/cuda/level2/s3d/ratt2.h	_Z12ratt9_kernelIfEvPKT_S2_PS0_S2_S0_	687
708	tests/benchmarks/shoc/src/cuda/level2/s3d/ratt2.h	_Z12ratt9_kernelIfEvPKT_S2_PS0_S2_S0_	689
709	tests/benchmarks/shoc/src/cuda/level2/s3d/ratt2.h	_Z12ratt9_kernelIfEvPKT_S2_PS0_S2_S0_	690
710	tests/benchmarks/shoc/src/cuda/level2/s3d/ratt2.h	_Z12ratt9_kernelIfEvPKT_S2_PS0_S2_S0_	692
711	tests/benchmarks/shoc/src/cuda/level2/s3d/ratt2.h	_Z12ratt9_kernelIfEvPKT_S2_PS0_S2_S0_	693
712	tests/benchmarks/shoc/src/cuda/level2/s3d/ratt2.h	_Z12ratt9_kernelIfEvPKT_S2_PS0_S2_S0_	695
713	tests/benchmarks/shoc/src/cuda/level2/s3d/ratt2.h	_Z12ratt9_kernelIfEvPKT_S2_PS0_S2_S0_	696
714	tests/benchmarks/shoc/src/cuda/level2/s3d/ratt2.h	_Z12ratt9_kernelIfEvPKT_S2_PS0_S2_S0_	698
715	tests/benchmarks/shoc/src/cuda/level2/s3d/ratt2.h	_Z12ratt9_kernelIfEvPKT_S2_PS0_S2_S0_	699
716	tests/benchmarks/shoc/src/cuda/level2/s3d/ratt2.h	_Z12ratt9_kernelIfEvPKT_S2_PS0_S2_S0_	701
717	tests/benchmarks/shoc/src/cuda/level2/s3d/ratt2.h	_Z12ratt9_kernelIfEvPKT_S2_PS0_S2_S0_	702
718	tests/benchmarks/shoc/src/cuda/level2/s3d/ratt2.h	_Z12ratt9_kernelIfEvPKT_S2_PS0_S2_S0_	704
719	tests/benchmarks/shoc/src/cuda/level2/s3d/ratt2.h	_Z12ratt9_kernelIfEvPKT_S2_PS0_S2_S0_	705
720	tests/benchmarks/shoc/src/cuda/level2/s3d/ratt2.h	_Z12ratt9_kernelIfEvPKT_S2_PS0_S2_S0_	707
721	tests/benchmarks/shoc/src/cuda/level2/s3d/ratt2.h	_Z12ratt9_kernelIfEvPKT_S2_PS0_S2_S0_	708
722	tests/benchmarks/shoc/src/cuda/level2/s3d/ratt2.h	_Z12ratt9_kernelIfEvPKT_S2_PS0_S2_S0_	710
723	tests/benchmarks/shoc/src/cuda/level2/s3d/ratt2.h	_Z12ratt9_kernelIfEvPKT_S2_PS0_S2_S0_	711
724	tests/benchmarks/shoc/src/cuda/level2/s3d/ratt2.h	_Z12ratt9_kernelIfEvPKT_S2_PS0_S2_S0_	713
725	tests/benchmarks/shoc/src/cuda/level2/s3d/ratt2.h	_Z12ratt9_kernelIfEvPKT_S2_PS0_S2_S0_	714
726	tests/benchmarks/shoc/src/cuda/level2/s3d/ratt2.h	_Z12ratt9_kernelIfEvPKT_S2_PS0_S2_S0_	716
727	tests/benchmarks/shoc/src/cuda/level2/s3d/ratt2.h	_Z12ratt9_kernelIfEvPKT_S2_PS0_S2_S0_	717
728	tests/benchmarks/shoc/src/cuda/level2/s3d/ratt2.h	_Z12ratt9_kernelIfEvPKT_S2_PS0_S2_S0_	719
729	tests/benchmarks/shoc/src/cuda/level2/s3d/ratt2.h	_Z12ratt9_kernelIfEvPKT_S2_PS0_S2_S0_	720
730	tests/benchmarks/shoc/src/cuda/level2/s3d/ratt2.h	_Z12ratt9_kernelIfEvPKT_S2_PS0_S2_S0_	722
731	tests/benchmarks/shoc/src/cuda/level2/s3d/ratt2.h	_Z12ratt9_kernelIfEvPKT_S2_PS0_S2_S0_	723
732	tests/benchmarks/shoc/src/cuda/level2/s3d/ratt2.h	_Z12ratt9_kernelIfEvPKT_S2_PS0_S2_S0_	725
733	tests/benchmarks/shoc/src/cuda/level2/s3d/ratt2.h	_Z12ratt9_kernelIfEvPKT_S2_PS0_S2_S0_	726
734	tests/benchmarks/shoc/src/cuda/level2/s3d/ratt2.h	_Z12ratt9_kernelIfEvPKT_S2_PS0_S2_S0_	728
735	tests/benchmarks/shoc/src/cuda/level2/s3d/ratt2.h	_Z12ratt9_kernelIfEvPKT_S2_PS0_S2_S0_	729
736	tests/benchmarks/shoc/src/cuda/level2/s3d/ratt2.h	_Z12ratt9_kernelIfEvPKT_S2_PS0_S2_S0_	731
737	tests/benchmarks/shoc/src/cuda/level2/s3d/ratt2.h	_Z12ratt9_kernelIfEvPKT_S2_PS0_S2_S0_	732
738	tests/benchmarks/shoc/src/cuda/level2/s3d/ratt2.h	_Z12ratt9_kernelIfEvPKT_S2_PS0_S2_S0_	734
739	tests/benchmarks/shoc/src/cuda/level2/s3d/ratt2.h	_Z12ratt9_kernelIfEvPKT_S2_PS0_S2_S0_	735
740	tests/benchmarks/shoc/src/cuda/level2/s3d/ratt2.h	_Z12ratt9_kernelIfEvPKT_S2_PS0_S2_S0_	737
741	tests/benchmarks/shoc/src/cuda/level2/s3d/ratt2.h	_Z12ratt9_kernelIfEvPKT_S2_PS0_S2_S0_	738
742	tests/benchmarks/shoc/src/cuda/level2/s3d/ratt2.h	_Z12ratt9_kernelIfEvPKT_S2_PS0_S2_S0_	740
743	tests/benchmarks/shoc/src/cuda/level2/s3d/ratt2.h	_Z12ratt9_kernelIfEvPKT_S2_PS0_S2_S0_	741
744	tests/benchmarks/shoc/src/cuda/level2/s3d/ratt2.h	_Z12ratt9_kernelIfEvPKT_S2_PS0_S2_S0_	743
745	tests/benchmarks/shoc/src/cuda/level2/s3d/ratt2.h	_Z12ratt9_kernelIfEvPKT_S2_PS0_S2_S0_	744
746	tests/benchmarks/shoc/src/cuda/level2/s3d/ratt2.h	_Z12ratt9_kernelIfEvPKT_S2_PS0_S2_S0_	746
747	tests/benchmarks/shoc/src/cuda/level2/s3d/ratt2.h	_Z12ratt9_kernelIfEvPKT_S2_PS0_S2_S0_	747
748	tests/benchmarks/shoc/src/cuda/level2/s3d/ratt2.h	_Z12ratt9_kernelIfEvPKT_S2_PS0_S2_S0_	749
749	tests/benchmarks/shoc/src/cuda/level2/s3d/ratt2.h	_Z12ratt9_kernelIfEvPKT_S2_PS0_S2_S0_	750
750	tests/benchmarks/shoc/src/cuda/level2/s3d/ratt2.h	_Z12ratt9_kernelIfEvPKT_S2_PS0_S2_S0_	752
751	tests/benchmarks/shoc/src/cuda/level2/s3d/ratt2.h	_Z12ratt9_kernelIfEvPKT_S2_PS0_S2_S0_	753
752	tests/benchmarks/shoc/src/cuda/level2/s3d/ratt2.h	_Z12ratt9_kernelIfEvPKT_S2_PS0_S2_S0_	755
753	tests/benchmarks/shoc/src/cuda/level2/s3d/ratt2.h	_Z12ratt9_kernelIfEvPKT_S2_PS0_S2_S0_	756
754	tests/benchmarks/shoc/src/cuda/level2/s3d/ratt2.h	_Z13ratt10_kernelIfEvPKT_PS0_S0_	765
755	/storage/users/sislam3/opt/llvm-22/lib/clang/22/include/__clang_cuda_math.h	_Z13ratt10_kernelIfEvPKT_PS0_S0_	187
756	tests/benchmarks/shoc/src/cuda/level2/s3d/ratt2.h	_Z13ratt10_kernelIfEvPKT_PS0_S0_	768
757	tests/benchmarks/shoc/src/cuda/level2/s3d/S3D.h	_Z13ratt10_kernelIfEvPKT_PS0_S0_	22
758	/storage/users/sislam3/opt/llvm-22/lib/clang/22/include/__clang_cuda_math.h	_Z13ratt10_kernelIfEvPKT_PS0_S0_	108
759	tests/benchmarks/shoc/src/cuda/level2/s3d/ratt2.h	_Z13ratt10_kernelIfEvPKT_PS0_S0_	769
760	tests/benchmarks/shoc/src/cuda/level2/s3d/ratt2.h	_Z13ratt10_kernelIfEvPKT_PS0_S0_	770
761	tests/benchmarks/shoc/src/cuda/level2/s3d/ratt2.h	_Z13ratt10_kernelIfEvPKT_PS0_S0_	771
762	tests/benchmarks/shoc/src/cuda/level2/s3d/ratt2.h	_Z13ratt10_kernelIfEvPKT_PS0_S0_	772
763	tests/benchmarks/shoc/src/cuda/level2/s3d/ratt2.h	_Z13ratt10_kernelIfEvPKT_PS0_S0_	773
764	tests/benchmarks/shoc/src/cuda/level2/s3d/ratt2.h	_Z13ratt10_kernelIfEvPKT_PS0_S0_	774
765	tests/benchmarks/shoc/src/cuda/level2/s3d/ratt2.h	_Z13ratt10_kernelIfEvPKT_PS0_S0_	775
766	tests/benchmarks/shoc/src/cuda/level2/s3d/ratt2.h	_Z13ratt10_kernelIfEvPKT_PS0_S0_	776
767	tests/benchmarks/shoc/src/cuda/level2/s3d/ratt2.h	_Z13ratt10_kernelIfEvPKT_PS0_S0_	777
768	tests/benchmarks/shoc/src/cuda/level2/s3d/ratt2.h	_Z13ratt10_kernelIfEvPKT_PS0_S0_	778
769	tests/benchmarks/shoc/src/cuda/level2/s3d/ratt2.h	_Z13ratt10_kernelIfEvPKT_PS0_S0_	779
770	tests/benchmarks/shoc/src/cuda/level2/s3d/ratt2.h	_Z13ratt10_kernelIfEvPKT_PS0_S0_	780
771	tests/benchmarks/shoc/src/cuda/level2/s3d/ratt2.h	_Z13ratt10_kernelIfEvPKT_PS0_S0_	781
772	tests/benchmarks/shoc/src/cuda/level2/s3d/ratt2.h	_Z13ratt10_kernelIfEvPKT_PS0_S0_	782
773	tests/benchmarks/shoc/src/cuda/level2/s3d/ratt2.h	_Z13ratt10_kernelIfEvPKT_PS0_S0_	783
774	tests/benchmarks/shoc/src/cuda/level2/s3d/ratt2.h	_Z13ratt10_kernelIfEvPKT_PS0_S0_	784
775	tests/benchmarks/shoc/src/cuda/level2/s3d/ratt2.h	_Z13ratt10_kernelIfEvPKT_PS0_S0_	785
776	tests/benchmarks/shoc/src/cuda/level2/s3d/ratt2.h	_Z13ratt10_kernelIfEvPKT_PS0_S0_	786
777	tests/benchmarks/shoc/src/cuda/level2/s3d/ratt2.h	_Z13ratt10_kernelIfEvPKT_PS0_S0_	787
778	tests/benchmarks/shoc/src/cuda/level2/s3d/ratt2.h	_Z13ratt10_kernelIfEvPKT_PS0_S0_	788
779	tests/benchmarks/shoc/src/cuda/level2/s3d/ratx.h	_Z11ratx_kernelIfEvPKT_S2_PS0_S3_S2_S0_	13
780	/storage/users/sislam3/opt/llvm-22/lib/clang/22/include/__clang_cuda_math.h	_Z11ratx_kernelIfEvPKT_S2_PS0_S3_S2_S0_	187
781	tests/benchmarks/shoc/src/cuda/level2/s3d/ratx.h	_Z11ratx_kernelIfEvPKT_S2_PS0_S3_S2_S0_	23
782	tests/benchmarks/shoc/src/cuda/level2/s3d/ratx.h	_Z11ratx_kernelIfEvPKT_S2_PS0_S3_S2_S0_	26
783	tests/benchmarks/shoc/src/cuda/level2/s3d/ratx.h	_Z11ratx_kernelIfEvPKT_S2_PS0_S3_S2_S0_	27
784	tests/benchmarks/shoc/src/cuda/level2/s3d/ratx.h	_Z11ratx_kernelIfEvPKT_S2_PS0_S3_S2_S0_	28
785	tests/benchmarks/shoc/src/cuda/level2/s3d/ratx.h	_Z11ratx_kernelIfEvPKT_S2_PS0_S3_S2_S0_	29
786	tests/benchmarks/shoc/src/cuda/level2/s3d/ratx.h	_Z11ratx_kernelIfEvPKT_S2_PS0_S3_S2_S0_	30
787	tests/benchmarks/shoc/src/cuda/level2/s3d/ratx.h	_Z11ratx_kernelIfEvPKT_S2_PS0_S3_S2_S0_	31
788	tests/benchmarks/shoc/src/cuda/level2/s3d/S3D.h	_Z11ratx_kernelIfEvPKT_S2_PS0_S3_S2_S0_	22
789	tests/benchmarks/shoc/src/cuda/level2/s3d/ratx.h	_Z11ratx_kernelIfEvPKT_S2_PS0_S3_S2_S0_	35
790	tests/benchmarks/shoc/src/cuda/level2/s3d/ratx.h	_Z11ratx_kernelIfEvPKT_S2_PS0_S3_S2_S0_	36
791	/storage/users/sislam3/opt/llvm-22/lib/clang/22/include/__clang_cuda_math.h	_Z11ratx_kernelIfEvPKT_S2_PS0_S3_S2_S0_	136
792	/storage/users/sislam3/opt/llvm-22/lib/clang/22/include/__clang_cuda_math.h	_Z11ratx_kernelIfEvPKT_S2_PS0_S3_S2_S0_	177
793	/storage/users/sislam3/opt/llvm-22/lib/clang/22/include/__clang_cuda_math.h	_Z11ratx_kernelIfEvPKT_S2_PS0_S3_S2_S0_	113
794	tests/benchmarks/shoc/src/cuda/level2/s3d/ratx.h	_Z11ratx_kernelIfEvPKT_S2_PS0_S3_S2_S0_	38
795	/storage/users/sislam3/opt/llvm-22/lib/clang/22/include/__clang_cuda_math.h	_Z11ratx_kernelIfEvPKT_S2_PS0_S3_S2_S0_	108
796	tests/benchmarks/shoc/src/cuda/level2/s3d/ratx.h	_Z11ratx_kernelIfEvPKT_S2_PS0_S3_S2_S0_	39
797	tests/benchmarks/shoc/src/cuda/level2/s3d/ratx.h	_Z11ratx_kernelIfEvPKT_S2_PS0_S3_S2_S0_	41
798	tests/benchmarks/shoc/src/cuda/level2/s3d/ratx.h	_Z11ratx_kernelIfEvPKT_S2_PS0_S3_S2_S0_	42
799	tests/benchmarks/shoc/src/cuda/level2/s3d/ratx.h	_Z11ratx_kernelIfEvPKT_S2_PS0_S3_S2_S0_	43
800	tests/benchmarks/shoc/src/cuda/level2/s3d/ratx.h	_Z11ratx_kernelIfEvPKT_S2_PS0_S3_S2_S0_	44
801	/storage/users/sislam3/opt/llvm-22/lib/clang/22/include/__clang_cuda_math.h	_Z11ratx_kernelIfEvPKT_S2_PS0_S3_S2_S0_	110
802	tests/benchmarks/shoc/src/cuda/level2/s3d/ratx.h	_Z11ratx_kernelIfEvPKT_S2_PS0_S3_S2_S0_	46
803	tests/benchmarks/shoc/src/cuda/level2/s3d/ratx.h	_Z11ratx_kernelIfEvPKT_S2_PS0_S3_S2_S0_	47
804	tests/benchmarks/shoc/src/cuda/level2/s3d/ratx.h	_Z11ratx_kernelIfEvPKT_S2_PS0_S3_S2_S0_	48
805	tests/benchmarks/shoc/src/cuda/level2/s3d/ratx.h	_Z11ratx_kernelIfEvPKT_S2_PS0_S3_S2_S0_	50
806	tests/benchmarks/shoc/src/cuda/level2/s3d/ratx.h	_Z11ratx_kernelIfEvPKT_S2_PS0_S3_S2_S0_	51
807	tests/benchmarks/shoc/src/cuda/level2/s3d/ratx.h	_Z11ratx_kernelIfEvPKT_S2_PS0_S3_S2_S0_	53
808	tests/benchmarks/shoc/src/cuda/level2/s3d/ratx.h	_Z11ratx_kernelIfEvPKT_S2_PS0_S3_S2_S0_	54
809	tests/benchmarks/shoc/src/cuda/level2/s3d/ratx.h	_Z11ratx_kernelIfEvPKT_S2_PS0_S3_S2_S0_	56
810	tests/benchmarks/shoc/src/cuda/level2/s3d/ratx.h	_Z11ratx_kernelIfEvPKT_S2_PS0_S3_S2_S0_	57
811	tests/benchmarks/shoc/src/cuda/level2/s3d/ratx.h	_Z11ratx_kernelIfEvPKT_S2_PS0_S3_S2_S0_	58
812	tests/benchmarks/shoc/src/cuda/level2/s3d/ratx.h	_Z11ratx_kernelIfEvPKT_S2_PS0_S3_S2_S0_	59
813	tests/benchmarks/shoc/src/cuda/level2/s3d/ratx.h	_Z11ratx_kernelIfEvPKT_S2_PS0_S3_S2_S0_	61
814	tests/benchmarks/shoc/src/cuda/level2/s3d/ratx.h	_Z11ratx_kernelIfEvPKT_S2_PS0_S3_S2_S0_	62
815	tests/benchmarks/shoc/src/cuda/level2/s3d/ratx.h	_Z11ratx_kernelIfEvPKT_S2_PS0_S3_S2_S0_	63
816	tests/benchmarks/shoc/src/cuda/level2/s3d/ratx.h	_Z11ratx_kernelIfEvPKT_S2_PS0_S3_S2_S0_	65
817	tests/benchmarks/shoc/src/cuda/level2/s3d/ratx.h	_Z11ratx_kernelIfEvPKT_S2_PS0_S3_S2_S0_	66
818	tests/benchmarks/shoc/src/cuda/level2/s3d/ratx.h	_Z11ratx_kernelIfEvPKT_S2_PS0_S3_S2_S0_	68
819	tests/benchmarks/shoc/src/cuda/level2/s3d/ratx.h	_Z11ratx_kernelIfEvPKT_S2_PS0_S3_S2_S0_	69
820	tests/benchmarks/shoc/src/cuda/level2/s3d/ratx.h	_Z11ratx_kernelIfEvPKT_S2_PS0_S3_S2_S0_	71
821	tests/benchmarks/shoc/src/cuda/level2/s3d/ratx.h	_Z11ratx_kernelIfEvPKT_S2_PS0_S3_S2_S0_	72
822	tests/benchmarks/shoc/src/cuda/level2/s3d/ratx.h	_Z11ratx_kernelIfEvPKT_S2_PS0_S3_S2_S0_	73
823	tests/benchmarks/shoc/src/cuda/level2/s3d/ratx.h	_Z11ratx_kernelIfEvPKT_S2_PS0_S3_S2_S0_	74
824	tests/benchmarks/shoc/src/cuda/level2/s3d/ratx.h	_Z11ratx_kernelIfEvPKT_S2_PS0_S3_S2_S0_	76
825	tests/benchmarks/shoc/src/cuda/level2/s3d/ratx.h	_Z11ratx_kernelIfEvPKT_S2_PS0_S3_S2_S0_	77
826	tests/benchmarks/shoc/src/cuda/level2/s3d/ratx.h	_Z11ratx_kernelIfEvPKT_S2_PS0_S3_S2_S0_	78
827	tests/benchmarks/shoc/src/cuda/level2/s3d/ratx.h	_Z11ratx_kernelIfEvPKT_S2_PS0_S3_S2_S0_	80
828	tests/benchmarks/shoc/src/cuda/level2/s3d/ratx.h	_Z11ratx_kernelIfEvPKT_S2_PS0_S3_S2_S0_	81
829	tests/benchmarks/shoc/src/cuda/level2/s3d/ratx.h	_Z11ratx_kernelIfEvPKT_S2_PS0_S3_S2_S0_	83
830	tests/benchmarks/shoc/src/cuda/level2/s3d/ratx.h	_Z11ratx_kernelIfEvPKT_S2_PS0_S3_S2_S0_	84
831	tests/benchmarks/shoc/src/cuda/level2/s3d/ratx.h	_Z11ratx_kernelIfEvPKT_S2_PS0_S3_S2_S0_	86
832	tests/benchmarks/shoc/src/cuda/level2/s3d/ratx.h	_Z11ratx_kernelIfEvPKT_S2_PS0_S3_S2_S0_	87
833	tests/benchmarks/shoc/src/cuda/level2/s3d/ratx.h	_Z11ratx_kernelIfEvPKT_S2_PS0_S3_S2_S0_	88
834	tests/benchmarks/shoc/src/cuda/level2/s3d/ratx.h	_Z11ratx_kernelIfEvPKT_S2_PS0_S3_S2_S0_	89
835	tests/benchmarks/shoc/src/cuda/level2/s3d/ratx.h	_Z11ratx_kernelIfEvPKT_S2_PS0_S3_S2_S0_	91
836	tests/benchmarks/shoc/src/cuda/level2/s3d/ratx.h	_Z11ratx_kernelIfEvPKT_S2_PS0_S3_S2_S0_	92
837	tests/benchmarks/shoc/src/cuda/level2/s3d/ratx.h	_Z11ratx_kernelIfEvPKT_S2_PS0_S3_S2_S0_	93
838	tests/benchmarks/shoc/src/cuda/level2/s3d/ratx.h	_Z11ratx_kernelIfEvPKT_S2_PS0_S3_S2_S0_	95
839	tests/benchmarks/shoc/src/cuda/level2/s3d/ratx.h	_Z11ratx_kernelIfEvPKT_S2_PS0_S3_S2_S0_	96
840	tests/benchmarks/shoc/src/cuda/level2/s3d/ratx.h	_Z11ratx_kernelIfEvPKT_S2_PS0_S3_S2_S0_	98
841	tests/benchmarks/shoc/src/cuda/level2/s3d/ratx.h	_Z11ratx_kernelIfEvPKT_S2_PS0_S3_S2_S0_	99
842	tests/benchmarks/shoc/src/cuda/level2/s3d/ratx.h	_Z11ratx_kernelIfEvPKT_S2_PS0_S3_S2_S0_	101
843	tests/benchmarks/shoc/src/cuda/level2/s3d/ratx.h	_Z11ratx_kernelIfEvPKT_S2_PS0_S3_S2_S0_	102
844	tests/benchmarks/shoc/src/cuda/level2/s3d/ratx.h	_Z11ratx_kernelIfEvPKT_S2_PS0_S3_S2_S0_	103
845	tests/benchmarks/shoc/src/cuda/level2/s3d/ratx.h	_Z11ratx_kernelIfEvPKT_S2_PS0_S3_S2_S0_	104
846	tests/benchmarks/shoc/src/cuda/level2/s3d/ratx.h	_Z11ratx_kernelIfEvPKT_S2_PS0_S3_S2_S0_	106
847	tests/benchmarks/shoc/src/cuda/level2/s3d/ratx.h	_Z11ratx_kernelIfEvPKT_S2_PS0_S3_S2_S0_	107
848	tests/benchmarks/shoc/src/cuda/level2/s3d/ratx.h	_Z11ratx_kernelIfEvPKT_S2_PS0_S3_S2_S0_	108
849	tests/benchmarks/shoc/src/cuda/level2/s3d/ratx.h	_Z11ratx_kernelIfEvPKT_S2_PS0_S3_S2_S0_	110
850	tests/benchmarks/shoc/src/cuda/level2/s3d/ratx.h	_Z11ratx_kernelIfEvPKT_S2_PS0_S3_S2_S0_	111
851	tests/benchmarks/shoc/src/cuda/level2/s3d/ratx.h	_Z11ratx_kernelIfEvPKT_S2_PS0_S3_S2_S0_	113
852	tests/benchmarks/shoc/src/cuda/level2/s3d/ratx.h	_Z11ratx_kernelIfEvPKT_S2_PS0_S3_S2_S0_	114
853	tests/benchmarks/shoc/src/cuda/level2/s3d/ratx.h	_Z11ratx_kernelIfEvPKT_S2_PS0_S3_S2_S0_	116
854	tests/benchmarks/shoc/src/cuda/level2/s3d/ratx.h	_Z11ratx_kernelIfEvPKT_S2_PS0_S3_S2_S0_	117
855	tests/benchmarks/shoc/src/cuda/level2/s3d/ratx.h	_Z11ratx_kernelIfEvPKT_S2_PS0_S3_S2_S0_	118
856	tests/benchmarks/shoc/src/cuda/level2/s3d/ratx.h	_Z11ratx_kernelIfEvPKT_S2_PS0_S3_S2_S0_	119
857	tests/benchmarks/shoc/src/cuda/level2/s3d/ratx.h	_Z11ratx_kernelIfEvPKT_S2_PS0_S3_S2_S0_	121
858	tests/benchmarks/shoc/src/cuda/level2/s3d/ratx.h	_Z11ratx_kernelIfEvPKT_S2_PS0_S3_S2_S0_	122
859	tests/benchmarks/shoc/src/cuda/level2/s3d/ratx.h	_Z11ratx_kernelIfEvPKT_S2_PS0_S3_S2_S0_	123
860	tests/benchmarks/shoc/src/cuda/level2/s3d/ratx.h	_Z11ratx_kernelIfEvPKT_S2_PS0_S3_S2_S0_	125
861	tests/benchmarks/shoc/src/cuda/level2/s3d/ratx.h	_Z11ratx_kernelIfEvPKT_S2_PS0_S3_S2_S0_	126
862	tests/benchmarks/shoc/src/cuda/level2/s3d/ratx.h	_Z11ratx_kernelIfEvPKT_S2_PS0_S3_S2_S0_	128
863	tests/benchmarks/shoc/src/cuda/level2/s3d/ratx.h	_Z11ratx_kernelIfEvPKT_S2_PS0_S3_S2_S0_	129
864	tests/benchmarks/shoc/src/cuda/level2/s3d/ratx.h	_Z11ratx_kernelIfEvPKT_S2_PS0_S3_S2_S0_	131
865	tests/benchmarks/shoc/src/cuda/level2/s3d/ratx.h	_Z11ratx_kernelIfEvPKT_S2_PS0_S3_S2_S0_	132
866	tests/benchmarks/shoc/src/cuda/level2/s3d/ratx.h	_Z11ratx_kernelIfEvPKT_S2_PS0_S3_S2_S0_	133
867	tests/benchmarks/shoc/src/cuda/level2/s3d/ratx.h	_Z11ratx_kernelIfEvPKT_S2_PS0_S3_S2_S0_	134
868	tests/benchmarks/shoc/src/cuda/level2/s3d/ratx.h	_Z11ratx_kernelIfEvPKT_S2_PS0_S3_S2_S0_	136
869	tests/benchmarks/shoc/src/cuda/level2/s3d/ratx.h	_Z11ratx_kernelIfEvPKT_S2_PS0_S3_S2_S0_	137
870	tests/benchmarks/shoc/src/cuda/level2/s3d/ratx.h	_Z11ratx_kernelIfEvPKT_S2_PS0_S3_S2_S0_	138
871	tests/benchmarks/shoc/src/cuda/level2/s3d/ratx.h	_Z11ratx_kernelIfEvPKT_S2_PS0_S3_S2_S0_	140
872	tests/benchmarks/shoc/src/cuda/level2/s3d/ratx.h	_Z11ratx_kernelIfEvPKT_S2_PS0_S3_S2_S0_	141
873	tests/benchmarks/shoc/src/cuda/level2/s3d/ratx.h	_Z11ratx_kernelIfEvPKT_S2_PS0_S3_S2_S0_	143
874	tests/benchmarks/shoc/src/cuda/level2/s3d/ratx.h	_Z11ratx_kernelIfEvPKT_S2_PS0_S3_S2_S0_	144
875	tests/benchmarks/shoc/src/cuda/level2/s3d/ratx.h	_Z11ratx_kernelIfEvPKT_S2_PS0_S3_S2_S0_	146
876	tests/benchmarks/shoc/src/cuda/level2/s3d/ratx.h	_Z11ratx_kernelIfEvPKT_S2_PS0_S3_S2_S0_	147
877	tests/benchmarks/shoc/src/cuda/level2/s3d/ratx.h	_Z11ratx_kernelIfEvPKT_S2_PS0_S3_S2_S0_	148
878	tests/benchmarks/shoc/src/cuda/level2/s3d/ratx.h	_Z11ratx_kernelIfEvPKT_S2_PS0_S3_S2_S0_	149
879	tests/benchmarks/shoc/src/cuda/level2/s3d/ratx.h	_Z11ratx_kernelIfEvPKT_S2_PS0_S3_S2_S0_	151
880	tests/benchmarks/shoc/src/cuda/level2/s3d/ratx.h	_Z11ratx_kernelIfEvPKT_S2_PS0_S3_S2_S0_	152
881	tests/benchmarks/shoc/src/cuda/level2/s3d/ratx.h	_Z11ratx_kernelIfEvPKT_S2_PS0_S3_S2_S0_	153
882	tests/benchmarks/shoc/src/cuda/level2/s3d/ratx.h	_Z11ratx_kernelIfEvPKT_S2_PS0_S3_S2_S0_	155
883	tests/benchmarks/shoc/src/cuda/level2/s3d/ratx.h	_Z11ratx_kernelIfEvPKT_S2_PS0_S3_S2_S0_	156
884	tests/benchmarks/shoc/src/cuda/level2/s3d/ratx.h	_Z11ratx_kernelIfEvPKT_S2_PS0_S3_S2_S0_	158
885	tests/benchmarks/shoc/src/cuda/level2/s3d/ratx.h	_Z11ratx_kernelIfEvPKT_S2_PS0_S3_S2_S0_	159
886	tests/benchmarks/shoc/src/cuda/level2/s3d/ratx.h	_Z11ratx_kernelIfEvPKT_S2_PS0_S3_S2_S0_	161
887	tests/benchmarks/shoc/src/cuda/level2/s3d/ratx.h	_Z11ratx_kernelIfEvPKT_S2_PS0_S3_S2_S0_	162
888	tests/benchmarks/shoc/src/cuda/level2/s3d/ratx.h	_Z11ratx_kernelIfEvPKT_S2_PS0_S3_S2_S0_	163
889	tests/benchmarks/shoc/src/cuda/level2/s3d/ratx.h	_Z11ratx_kernelIfEvPKT_S2_PS0_S3_S2_S0_	164
890	tests/benchmarks/shoc/src/cuda/level2/s3d/ratx.h	_Z11ratx_kernelIfEvPKT_S2_PS0_S3_S2_S0_	166
891	tests/benchmarks/shoc/src/cuda/level2/s3d/ratx.h	_Z11ratx_kernelIfEvPKT_S2_PS0_S3_S2_S0_	167
892	tests/benchmarks/shoc/src/cuda/level2/s3d/ratx.h	_Z11ratx_kernelIfEvPKT_S2_PS0_S3_S2_S0_	168
893	tests/benchmarks/shoc/src/cuda/level2/s3d/ratx.h	_Z11ratx_kernelIfEvPKT_S2_PS0_S3_S2_S0_	170
894	tests/benchmarks/shoc/src/cuda/level2/s3d/ratx.h	_Z11ratx_kernelIfEvPKT_S2_PS0_S3_S2_S0_	171
895	tests/benchmarks/shoc/src/cuda/level2/s3d/ratx.h	_Z11ratx_kernelIfEvPKT_S2_PS0_S3_S2_S0_	173
896	tests/benchmarks/shoc/src/cuda/level2/s3d/ratx.h	_Z11ratx_kernelIfEvPKT_S2_PS0_S3_S2_S0_	174
897	tests/benchmarks/shoc/src/cuda/level2/s3d/ratx.h	_Z11ratx_kernelIfEvPKT_S2_PS0_S3_S2_S0_	176
898	tests/benchmarks/shoc/src/cuda/level2/s3d/ratx.h	_Z11ratx_kernelIfEvPKT_S2_PS0_S3_S2_S0_	177
899	tests/benchmarks/shoc/src/cuda/level2/s3d/ratx.h	_Z11ratx_kernelIfEvPKT_S2_PS0_S3_S2_S0_	178
900	tests/benchmarks/shoc/src/cuda/level2/s3d/ratx.h	_Z11ratx_kernelIfEvPKT_S2_PS0_S3_S2_S0_	179
901	tests/benchmarks/shoc/src/cuda/level2/s3d/ratx.h	_Z11ratx_kernelIfEvPKT_S2_PS0_S3_S2_S0_	181
902	tests/benchmarks/shoc/src/cuda/level2/s3d/ratx.h	_Z11ratx_kernelIfEvPKT_S2_PS0_S3_S2_S0_	182
903	tests/benchmarks/shoc/src/cuda/level2/s3d/ratx.h	_Z11ratx_kernelIfEvPKT_S2_PS0_S3_S2_S0_	183
904	tests/benchmarks/shoc/src/cuda/level2/s3d/ratx.h	_Z11ratx_kernelIfEvPKT_S2_PS0_S3_S2_S0_	185
905	tests/benchmarks/shoc/src/cuda/level2/s3d/ratx.h	_Z11ratx_kernelIfEvPKT_S2_PS0_S3_S2_S0_	186
906	tests/benchmarks/shoc/src/cuda/level2/s3d/ratx.h	_Z11ratx_kernelIfEvPKT_S2_PS0_S3_S2_S0_	187
907	tests/benchmarks/shoc/src/cuda/level2/s3d/ratx.h	_Z11ratx_kernelIfEvPKT_S2_PS0_S3_S2_S0_	188
908	tests/benchmarks/shoc/src/cuda/level2/s3d/ratx.h	_Z11ratx_kernelIfEvPKT_S2_PS0_S3_S2_S0_	190
909	tests/benchmarks/shoc/src/cuda/level2/s3d/ratx.h	_Z11ratx_kernelIfEvPKT_S2_PS0_S3_S2_S0_	191
910	tests/benchmarks/shoc/src/cuda/level2/s3d/ratx.h	_Z11ratx_kernelIfEvPKT_S2_PS0_S3_S2_S0_	193
911	tests/benchmarks/shoc/src/cuda/level2/s3d/ratx.h	_Z11ratx_kernelIfEvPKT_S2_PS0_S3_S2_S0_	194
912	tests/benchmarks/shoc/src/cuda/level2/s3d/ratx.h	_Z11ratx_kernelIfEvPKT_S2_PS0_S3_S2_S0_	197
913	tests/benchmarks/shoc/src/cuda/level2/s3d/ratx.h	_Z11ratx_kernelIfEvPKT_S2_PS0_S3_S2_S0_	198
914	tests/benchmarks/shoc/src/cuda/level2/s3d/ratx.h	_Z11ratx_kernelIfEvPKT_S2_PS0_S3_S2_S0_	199
915	tests/benchmarks/shoc/src/cuda/level2/s3d/ratx.h	_Z11ratx_kernelIfEvPKT_S2_PS0_S3_S2_S0_	200
916	tests/benchmarks/shoc/src/cuda/level2/s3d/ratx.h	_Z11ratx_kernelIfEvPKT_S2_PS0_S3_S2_S0_	202
917	tests/benchmarks/shoc/src/cuda/level2/s3d/ratx.h	_Z11ratx_kernelIfEvPKT_S2_PS0_S3_S2_S0_	203
918	tests/benchmarks/shoc/src/cuda/level2/s3d/ratx.h	_Z11ratx_kernelIfEvPKT_S2_PS0_S3_S2_S0_	204
919	tests/benchmarks/shoc/src/cuda/level2/s3d/ratx.h	_Z12ratxb_kernelIfEvPKT_S2_PS0_S3_S2_S0_	213
920	/storage/users/sislam3/opt/llvm-22/lib/clang/22/include/__clang_cuda_math.h	_Z12ratxb_kernelIfEvPKT_S2_PS0_S3_S2_S0_	187
921	tests/benchmarks/shoc/src/cuda/level2/s3d/ratx.h	_Z12ratxb_kernelIfEvPKT_S2_PS0_S3_S2_S0_	223
922	tests/benchmarks/shoc/src/cuda/level2/s3d/ratx.h	_Z12ratxb_kernelIfEvPKT_S2_PS0_S3_S2_S0_	226
923	tests/benchmarks/shoc/src/cuda/level2/s3d/ratx.h	_Z12ratxb_kernelIfEvPKT_S2_PS0_S3_S2_S0_	227
924	tests/benchmarks/shoc/src/cuda/level2/s3d/ratx.h	_Z12ratxb_kernelIfEvPKT_S2_PS0_S3_S2_S0_	228
925	tests/benchmarks/shoc/src/cuda/level2/s3d/ratx.h	_Z12ratxb_kernelIfEvPKT_S2_PS0_S3_S2_S0_	229
926	tests/benchmarks/shoc/src/cuda/level2/s3d/ratx.h	_Z12ratxb_kernelIfEvPKT_S2_PS0_S3_S2_S0_	230
927	tests/benchmarks/shoc/src/cuda/level2/s3d/ratx.h	_Z12ratxb_kernelIfEvPKT_S2_PS0_S3_S2_S0_	231
928	tests/benchmarks/shoc/src/cuda/level2/s3d/ratx.h	_Z12ratxb_kernelIfEvPKT_S2_PS0_S3_S2_S0_	232
929	tests/benchmarks/shoc/src/cuda/level2/s3d/ratx.h	_Z12ratxb_kernelIfEvPKT_S2_PS0_S3_S2_S0_	233
930	tests/benchmarks/shoc/src/cuda/level2/s3d/ratx.h	_Z12ratxb_kernelIfEvPKT_S2_PS0_S3_S2_S0_	234
931	tests/benchmarks/shoc/src/cuda/level2/s3d/ratx.h	_Z12ratxb_kernelIfEvPKT_S2_PS0_S3_S2_S0_	235
932	tests/benchmarks/shoc/src/cuda/level2/s3d/ratx.h	_Z12ratxb_kernelIfEvPKT_S2_PS0_S3_S2_S0_	236
933	tests/benchmarks/shoc/src/cuda/level2/s3d/ratx.h	_Z12ratxb_kernelIfEvPKT_S2_PS0_S3_S2_S0_	237
934	tests/benchmarks/shoc/src/cuda/level2/s3d/ratx.h	_Z12ratxb_kernelIfEvPKT_S2_PS0_S3_S2_S0_	238
935	tests/benchmarks/shoc/src/cuda/level2/s3d/ratx.h	_Z12ratxb_kernelIfEvPKT_S2_PS0_S3_S2_S0_	239
936	tests/benchmarks/shoc/src/cuda/level2/s3d/ratx.h	_Z12ratxb_kernelIfEvPKT_S2_PS0_S3_S2_S0_	240
937	tests/benchmarks/shoc/src/cuda/level2/s3d/ratx.h	_Z12ratxb_kernelIfEvPKT_S2_PS0_S3_S2_S0_	241
938	tests/benchmarks/shoc/src/cuda/level2/s3d/ratx.h	_Z12ratxb_kernelIfEvPKT_S2_PS0_S3_S2_S0_	243
939	tests/benchmarks/shoc/src/cuda/level2/s3d/ratx.h	_Z12ratxb_kernelIfEvPKT_S2_PS0_S3_S2_S0_	244
940	tests/benchmarks/shoc/src/cuda/level2/s3d/ratx.h	_Z12ratxb_kernelIfEvPKT_S2_PS0_S3_S2_S0_	245
941	tests/benchmarks/shoc/src/cuda/level2/s3d/ratx.h	_Z12ratxb_kernelIfEvPKT_S2_PS0_S3_S2_S0_	246
942	tests/benchmarks/shoc/src/cuda/level2/s3d/ratx.h	_Z12ratxb_kernelIfEvPKT_S2_PS0_S3_S2_S0_	247
943	tests/benchmarks/shoc/src/cuda/level2/s3d/ratx.h	_Z12ratxb_kernelIfEvPKT_S2_PS0_S3_S2_S0_	248
944	tests/benchmarks/shoc/src/cuda/level2/s3d/ratx.h	_Z12ratxb_kernelIfEvPKT_S2_PS0_S3_S2_S0_	249
945	tests/benchmarks/shoc/src/cuda/level2/s3d/ratx.h	_Z12ratxb_kernelIfEvPKT_S2_PS0_S3_S2_S0_	250
946	tests/benchmarks/shoc/src/cuda/level2/s3d/ratx.h	_Z12ratxb_kernelIfEvPKT_S2_PS0_S3_S2_S0_	251
947	tests/benchmarks/shoc/src/cuda/level2/s3d/ratx.h	_Z12ratxb_kernelIfEvPKT_S2_PS0_S3_S2_S0_	252
948	tests/benchmarks/shoc/src/cuda/level2/s3d/ratx.h	_Z12ratxb_kernelIfEvPKT_S2_PS0_S3_S2_S0_	253
949	tests/benchmarks/shoc/src/cuda/level2/s3d/ratx.h	_Z12ratxb_kernelIfEvPKT_S2_PS0_S3_S2_S0_	254
950	tests/benchmarks/shoc/src/cuda/level2/s3d/ratx.h	_Z12ratxb_kernelIfEvPKT_S2_PS0_S3_S2_S0_	255
951	tests/benchmarks/shoc/src/cuda/level2/s3d/ratx.h	_Z12ratxb_kernelIfEvPKT_S2_PS0_S3_S2_S0_	256
952	tests/benchmarks/shoc/src/cuda/level2/s3d/ratx.h	_Z12ratxb_kernelIfEvPKT_S2_PS0_S3_S2_S0_	257
953	tests/benchmarks/shoc/src/cuda/level2/s3d/ratx.h	_Z12ratxb_kernelIfEvPKT_S2_PS0_S3_S2_S0_	258
954	tests/benchmarks/shoc/src/cuda/level2/s3d/S3D.h	_Z12ratxb_kernelIfEvPKT_S2_PS0_S3_S2_S0_	22
955	tests/benchmarks/shoc/src/cuda/level2/s3d/ratx.h	_Z12ratxb_kernelIfEvPKT_S2_PS0_S3_S2_S0_	261
956	tests/benchmarks/shoc/src/cuda/level2/s3d/ratx.h	_Z12ratxb_kernelIfEvPKT_S2_PS0_S3_S2_S0_	262
957	/storage/users/sislam3/opt/llvm-22/lib/clang/22/include/__clang_cuda_math.h	_Z12ratxb_kernelIfEvPKT_S2_PS0_S3_S2_S0_	136
958	/storage/users/sislam3/opt/llvm-22/lib/clang/22/include/__clang_cuda_math.h	_Z12ratxb_kernelIfEvPKT_S2_PS0_S3_S2_S0_	177
959	/storage/users/sislam3/opt/llvm-22/lib/clang/22/include/__clang_cuda_math.h	_Z12ratxb_kernelIfEvPKT_S2_PS0_S3_S2_S0_	113
960	tests/benchmarks/shoc/src/cuda/level2/s3d/ratx.h	_Z12ratxb_kernelIfEvPKT_S2_PS0_S3_S2_S0_	264
961	/storage/users/sislam3/opt/llvm-22/lib/clang/22/include/__clang_cuda_math.h	_Z12ratxb_kernelIfEvPKT_S2_PS0_S3_S2_S0_	108
962	tests/benchmarks/shoc/src/cuda/level2/s3d/ratx.h	_Z12ratxb_kernelIfEvPKT_S2_PS0_S3_S2_S0_	265
963	tests/benchmarks/shoc/src/cuda/level2/s3d/ratx.h	_Z12ratxb_kernelIfEvPKT_S2_PS0_S3_S2_S0_	267
964	tests/benchmarks/shoc/src/cuda/level2/s3d/ratx.h	_Z12ratxb_kernelIfEvPKT_S2_PS0_S3_S2_S0_	268
965	tests/benchmarks/shoc/src/cuda/level2/s3d/ratx.h	_Z12ratxb_kernelIfEvPKT_S2_PS0_S3_S2_S0_	269
966	tests/benchmarks/shoc/src/cuda/level2/s3d/ratx.h	_Z12ratxb_kernelIfEvPKT_S2_PS0_S3_S2_S0_	270
967	/storage/users/sislam3/opt/llvm-22/lib/clang/22/include/__clang_cuda_math.h	_Z12ratxb_kernelIfEvPKT_S2_PS0_S3_S2_S0_	110
968	tests/benchmarks/shoc/src/cuda/level2/s3d/ratx.h	_Z12ratxb_kernelIfEvPKT_S2_PS0_S3_S2_S0_	272
969	tests/benchmarks/shoc/src/cuda/level2/s3d/ratx.h	_Z12ratxb_kernelIfEvPKT_S2_PS0_S3_S2_S0_	273
970	tests/benchmarks/shoc/src/cuda/level2/s3d/ratx.h	_Z12ratxb_kernelIfEvPKT_S2_PS0_S3_S2_S0_	274
971	tests/benchmarks/shoc/src/cuda/level2/s3d/ratx.h	_Z12ratxb_kernelIfEvPKT_S2_PS0_S3_S2_S0_	276
972	tests/benchmarks/shoc/src/cuda/level2/s3d/ratx.h	_Z12ratxb_kernelIfEvPKT_S2_PS0_S3_S2_S0_	277
973	tests/benchmarks/shoc/src/cuda/level2/s3d/ratx.h	_Z12ratxb_kernelIfEvPKT_S2_PS0_S3_S2_S0_	279
974	tests/benchmarks/shoc/src/cuda/level2/s3d/ratx.h	_Z12ratxb_kernelIfEvPKT_S2_PS0_S3_S2_S0_	280
975	tests/benchmarks/shoc/src/cuda/level2/s3d/ratx.h	_Z12ratxb_kernelIfEvPKT_S2_PS0_S3_S2_S0_	282
976	tests/benchmarks/shoc/src/cuda/level2/s3d/ratx.h	_Z12ratxb_kernelIfEvPKT_S2_PS0_S3_S2_S0_	283
977	tests/benchmarks/shoc/src/cuda/level2/s3d/ratx.h	_Z12ratxb_kernelIfEvPKT_S2_PS0_S3_S2_S0_	284
978	tests/benchmarks/shoc/src/cuda/level2/s3d/ratx.h	_Z12ratxb_kernelIfEvPKT_S2_PS0_S3_S2_S0_	285
979	tests/benchmarks/shoc/src/cuda/level2/s3d/ratx.h	_Z12ratxb_kernelIfEvPKT_S2_PS0_S3_S2_S0_	287
980	tests/benchmarks/shoc/src/cuda/level2/s3d/ratx.h	_Z12ratxb_kernelIfEvPKT_S2_PS0_S3_S2_S0_	288
981	tests/benchmarks/shoc/src/cuda/level2/s3d/ratx.h	_Z12ratxb_kernelIfEvPKT_S2_PS0_S3_S2_S0_	289
982	tests/benchmarks/shoc/src/cuda/level2/s3d/ratx.h	_Z12ratxb_kernelIfEvPKT_S2_PS0_S3_S2_S0_	291
983	tests/benchmarks/shoc/src/cuda/level2/s3d/ratx.h	_Z12ratxb_kernelIfEvPKT_S2_PS0_S3_S2_S0_	292
984	tests/benchmarks/shoc/src/cuda/level2/s3d/ratx.h	_Z12ratxb_kernelIfEvPKT_S2_PS0_S3_S2_S0_	294
985	tests/benchmarks/shoc/src/cuda/level2/s3d/ratx.h	_Z12ratxb_kernelIfEvPKT_S2_PS0_S3_S2_S0_	295
986	tests/benchmarks/shoc/src/cuda/level2/s3d/ratx.h	_Z12ratxb_kernelIfEvPKT_S2_PS0_S3_S2_S0_	297
987	tests/benchmarks/shoc/src/cuda/level2/s3d/ratx.h	_Z12ratxb_kernelIfEvPKT_S2_PS0_S3_S2_S0_	298
988	tests/benchmarks/shoc/src/cuda/level2/s3d/ratx.h	_Z12ratxb_kernelIfEvPKT_S2_PS0_S3_S2_S0_	299
989	tests/benchmarks/shoc/src/cuda/level2/s3d/ratx.h	_Z12ratxb_kernelIfEvPKT_S2_PS0_S3_S2_S0_	300
990	tests/benchmarks/shoc/src/cuda/level2/s3d/ratx.h	_Z12ratxb_kernelIfEvPKT_S2_PS0_S3_S2_S0_	302
991	tests/benchmarks/shoc/src/cuda/level2/s3d/ratx.h	_Z12ratxb_kernelIfEvPKT_S2_PS0_S3_S2_S0_	303
992	tests/benchmarks/shoc/src/cuda/level2/s3d/ratx.h	_Z12ratxb_kernelIfEvPKT_S2_PS0_S3_S2_S0_	304
993	tests/benchmarks/shoc/src/cuda/level2/s3d/ratx.h	_Z12ratxb_kernelIfEvPKT_S2_PS0_S3_S2_S0_	306
994	tests/benchmarks/shoc/src/cuda/level2/s3d/ratx.h	_Z12ratxb_kernelIfEvPKT_S2_PS0_S3_S2_S0_	307
995	tests/benchmarks/shoc/src/cuda/level2/s3d/ratx.h	_Z12ratxb_kernelIfEvPKT_S2_PS0_S3_S2_S0_	309
996	tests/benchmarks/shoc/src/cuda/level2/s3d/ratx.h	_Z12ratxb_kernelIfEvPKT_S2_PS0_S3_S2_S0_	310
997	tests/benchmarks/shoc/src/cuda/level2/s3d/ratx.h	_Z12ratxb_kernelIfEvPKT_S2_PS0_S3_S2_S0_	312
998	tests/benchmarks/shoc/src/cuda/level2/s3d/ratx.h	_Z12ratxb_kernelIfEvPKT_S2_PS0_S3_S2_S0_	313
999	tests/benchmarks/shoc/src/cuda/level2/s3d/ratx.h	_Z12ratxb_kernelIfEvPKT_S2_PS0_S3_S2_S0_	314
1000	tests/benchmarks/shoc/src/cuda/level2/s3d/ratx.h	_Z12ratxb_kernelIfEvPKT_S2_PS0_S3_S2_S0_	315
1001	tests/benchmarks/shoc/src/cuda/level2/s3d/ratx.h	_Z12ratxb_kernelIfEvPKT_S2_PS0_S3_S2_S0_	317
1002	tests/benchmarks/shoc/src/cuda/level2/s3d/ratx.h	_Z12ratxb_kernelIfEvPKT_S2_PS0_S3_S2_S0_	318
1003	tests/benchmarks/shoc/src/cuda/level2/s3d/ratx.h	_Z12ratxb_kernelIfEvPKT_S2_PS0_S3_S2_S0_	319
1004	tests/benchmarks/shoc/src/cuda/level2/s3d/ratx.h	_Z12ratxb_kernelIfEvPKT_S2_PS0_S3_S2_S0_	321
1005	tests/benchmarks/shoc/src/cuda/level2/s3d/ratx.h	_Z12ratxb_kernelIfEvPKT_S2_PS0_S3_S2_S0_	322
1006	tests/benchmarks/shoc/src/cuda/level2/s3d/ratx.h	_Z12ratxb_kernelIfEvPKT_S2_PS0_S3_S2_S0_	324
1007	tests/benchmarks/shoc/src/cuda/level2/s3d/ratx.h	_Z12ratxb_kernelIfEvPKT_S2_PS0_S3_S2_S0_	325
1008	tests/benchmarks/shoc/src/cuda/level2/s3d/ratx.h	_Z12ratxb_kernelIfEvPKT_S2_PS0_S3_S2_S0_	327
1009	tests/benchmarks/shoc/src/cuda/level2/s3d/ratx.h	_Z12ratxb_kernelIfEvPKT_S2_PS0_S3_S2_S0_	328
1010	tests/benchmarks/shoc/src/cuda/level2/s3d/ratx.h	_Z12ratxb_kernelIfEvPKT_S2_PS0_S3_S2_S0_	329
1011	tests/benchmarks/shoc/src/cuda/level2/s3d/ratx.h	_Z12ratxb_kernelIfEvPKT_S2_PS0_S3_S2_S0_	330
1012	tests/benchmarks/shoc/src/cuda/level2/s3d/ratx.h	_Z12ratxb_kernelIfEvPKT_S2_PS0_S3_S2_S0_	332
1013	tests/benchmarks/shoc/src/cuda/level2/s3d/ratx.h	_Z12ratxb_kernelIfEvPKT_S2_PS0_S3_S2_S0_	333
1014	tests/benchmarks/shoc/src/cuda/level2/s3d/ratx.h	_Z12ratxb_kernelIfEvPKT_S2_PS0_S3_S2_S0_	334
1015	tests/benchmarks/shoc/src/cuda/level2/s3d/ratx.h	_Z12ratxb_kernelIfEvPKT_S2_PS0_S3_S2_S0_	336
1016	tests/benchmarks/shoc/src/cuda/level2/s3d/ratx.h	_Z12ratxb_kernelIfEvPKT_S2_PS0_S3_S2_S0_	337
1017	tests/benchmarks/shoc/src/cuda/level2/s3d/ratx.h	_Z12ratxb_kernelIfEvPKT_S2_PS0_S3_S2_S0_	339
1018	tests/benchmarks/shoc/src/cuda/level2/s3d/ratx.h	_Z12ratxb_kernelIfEvPKT_S2_PS0_S3_S2_S0_	340
1019	tests/benchmarks/shoc/src/cuda/level2/s3d/ratx.h	_Z12ratxb_kernelIfEvPKT_S2_PS0_S3_S2_S0_	342
1020	tests/benchmarks/shoc/src/cuda/level2/s3d/ratx.h	_Z12ratxb_kernelIfEvPKT_S2_PS0_S3_S2_S0_	343
1021	tests/benchmarks/shoc/src/cuda/level2/s3d/ratx.h	_Z12ratxb_kernelIfEvPKT_S2_PS0_S3_S2_S0_	344
1022	tests/benchmarks/shoc/src/cuda/level2/s3d/ratx.h	_Z12ratxb_kernelIfEvPKT_S2_PS0_S3_S2_S0_	345
1023	tests/benchmarks/shoc/src/cuda/level2/s3d/ratx.h	_Z12ratxb_kernelIfEvPKT_S2_PS0_S3_S2_S0_	347
1024	tests/benchmarks/shoc/src/cuda/level2/s3d/ratx.h	_Z12ratxb_kernelIfEvPKT_S2_PS0_S3_S2_S0_	348
1025	tests/benchmarks/shoc/src/cuda/level2/s3d/ratx.h	_Z12ratxb_kernelIfEvPKT_S2_PS0_S3_S2_S0_	349
1026	tests/benchmarks/shoc/src/cuda/level2/s3d/ratx.h	_Z12ratxb_kernelIfEvPKT_S2_PS0_S3_S2_S0_	351
1027	tests/benchmarks/shoc/src/cuda/level2/s3d/ratx.h	_Z12ratxb_kernelIfEvPKT_S2_PS0_S3_S2_S0_	352
1028	tests/benchmarks/shoc/src/cuda/level2/s3d/ratx.h	_Z12ratxb_kernelIfEvPKT_S2_PS0_S3_S2_S0_	354
1029	tests/benchmarks/shoc/src/cuda/level2/s3d/ratx.h	_Z12ratxb_kernelIfEvPKT_S2_PS0_S3_S2_S0_	355
1030	tests/benchmarks/shoc/src/cuda/level2/s3d/ratx.h	_Z12ratxb_kernelIfEvPKT_S2_PS0_S3_S2_S0_	357
1031	tests/benchmarks/shoc/src/cuda/level2/s3d/ratx.h	_Z12ratxb_kernelIfEvPKT_S2_PS0_S3_S2_S0_	358
1032	tests/benchmarks/shoc/src/cuda/level2/s3d/ratx.h	_Z12ratxb_kernelIfEvPKT_S2_PS0_S3_S2_S0_	359
1033	tests/benchmarks/shoc/src/cuda/level2/s3d/ratx.h	_Z12ratxb_kernelIfEvPKT_S2_PS0_S3_S2_S0_	360
1034	tests/benchmarks/shoc/src/cuda/level2/s3d/ratx.h	_Z12ratxb_kernelIfEvPKT_S2_PS0_S3_S2_S0_	362
1035	tests/benchmarks/shoc/src/cuda/level2/s3d/ratx.h	_Z12ratxb_kernelIfEvPKT_S2_PS0_S3_S2_S0_	363
1036	tests/benchmarks/shoc/src/cuda/level2/s3d/ratx.h	_Z12ratxb_kernelIfEvPKT_S2_PS0_S3_S2_S0_	364
1037	tests/benchmarks/shoc/src/cuda/level2/s3d/ratx.h	_Z12ratxb_kernelIfEvPKT_S2_PS0_S3_S2_S0_	366
1038	tests/benchmarks/shoc/src/cuda/level2/s3d/ratx.h	_Z12ratxb_kernelIfEvPKT_S2_PS0_S3_S2_S0_	367
1039	tests/benchmarks/shoc/src/cuda/level2/s3d/ratx.h	_Z12ratxb_kernelIfEvPKT_S2_PS0_S3_S2_S0_	369
1040	tests/benchmarks/shoc/src/cuda/level2/s3d/ratx.h	_Z12ratxb_kernelIfEvPKT_S2_PS0_S3_S2_S0_	370
1041	tests/benchmarks/shoc/src/cuda/level2/s3d/ratx.h	_Z12ratxb_kernelIfEvPKT_S2_PS0_S3_S2_S0_	372
1042	tests/benchmarks/shoc/src/cuda/level2/s3d/ratx.h	_Z12ratxb_kernelIfEvPKT_S2_PS0_S3_S2_S0_	373
1043	tests/benchmarks/shoc/src/cuda/level2/s3d/ratx.h	_Z12ratxb_kernelIfEvPKT_S2_PS0_S3_S2_S0_	374
1044	tests/benchmarks/shoc/src/cuda/level2/s3d/ratx.h	_Z12ratxb_kernelIfEvPKT_S2_PS0_S3_S2_S0_	375
1045	tests/benchmarks/shoc/src/cuda/level2/s3d/ratx.h	_Z12ratxb_kernelIfEvPKT_S2_PS0_S3_S2_S0_	377
1046	tests/benchmarks/shoc/src/cuda/level2/s3d/ratx.h	_Z12ratxb_kernelIfEvPKT_S2_PS0_S3_S2_S0_	378
1047	tests/benchmarks/shoc/src/cuda/level2/s3d/ratx.h	_Z12ratxb_kernelIfEvPKT_S2_PS0_S3_S2_S0_	379
1048	tests/benchmarks/shoc/src/cuda/level2/s3d/ratx.h	_Z12ratxb_kernelIfEvPKT_S2_PS0_S3_S2_S0_	381
1049	tests/benchmarks/shoc/src/cuda/level2/s3d/ratx.h	_Z12ratxb_kernelIfEvPKT_S2_PS0_S3_S2_S0_	382
1050	tests/benchmarks/shoc/src/cuda/level2/s3d/ratx.h	_Z12ratxb_kernelIfEvPKT_S2_PS0_S3_S2_S0_	384
1051	tests/benchmarks/shoc/src/cuda/level2/s3d/ratx.h	_Z12ratxb_kernelIfEvPKT_S2_PS0_S3_S2_S0_	385
1052	tests/benchmarks/shoc/src/cuda/level2/s3d/ratx.h	_Z12ratxb_kernelIfEvPKT_S2_PS0_S3_S2_S0_	387
1053	tests/benchmarks/shoc/src/cuda/level2/s3d/ratx.h	_Z12ratxb_kernelIfEvPKT_S2_PS0_S3_S2_S0_	388
1054	tests/benchmarks/shoc/src/cuda/level2/s3d/ratx.h	_Z12ratxb_kernelIfEvPKT_S2_PS0_S3_S2_S0_	389
1055	tests/benchmarks/shoc/src/cuda/level2/s3d/ratx.h	_Z12ratxb_kernelIfEvPKT_S2_PS0_S3_S2_S0_	390
1056	tests/benchmarks/shoc/src/cuda/level2/s3d/ratx.h	_Z12ratxb_kernelIfEvPKT_S2_PS0_S3_S2_S0_	392
1057	tests/benchmarks/shoc/src/cuda/level2/s3d/ratx.h	_Z12ratxb_kernelIfEvPKT_S2_PS0_S3_S2_S0_	393
1058	tests/benchmarks/shoc/src/cuda/level2/s3d/ratx.h	_Z12ratxb_kernelIfEvPKT_S2_PS0_S3_S2_S0_	394
1059	tests/benchmarks/shoc/src/cuda/level2/s3d/ratx.h	_Z12ratx2_kernelIfEvPKT_PS0_S3_	404
1060	tests/benchmarks/shoc/src/cuda/level2/s3d/ratx.h	_Z12ratx2_kernelIfEvPKT_PS0_S3_	405
1061	tests/benchmarks/shoc/src/cuda/level2/s3d/ratx.h	_Z12ratx2_kernelIfEvPKT_PS0_S3_	406
1062	tests/benchmarks/shoc/src/cuda/level2/s3d/ratx.h	_Z12ratx2_kernelIfEvPKT_PS0_S3_	407
1063	tests/benchmarks/shoc/src/cuda/level2/s3d/ratx.h	_Z12ratx2_kernelIfEvPKT_PS0_S3_	408
1064	tests/benchmarks/shoc/src/cuda/level2/s3d/ratx.h	_Z12ratx2_kernelIfEvPKT_PS0_S3_	409
1065	tests/benchmarks/shoc/src/cuda/level2/s3d/ratx.h	_Z12ratx2_kernelIfEvPKT_PS0_S3_	410
1066	tests/benchmarks/shoc/src/cuda/level2/s3d/ratx.h	_Z12ratx2_kernelIfEvPKT_PS0_S3_	411
1067	tests/benchmarks/shoc/src/cuda/level2/s3d/ratx.h	_Z12ratx2_kernelIfEvPKT_PS0_S3_	412
1068	tests/benchmarks/shoc/src/cuda/level2/s3d/ratx.h	_Z12ratx2_kernelIfEvPKT_PS0_S3_	413
1069	tests/benchmarks/shoc/src/cuda/level2/s3d/ratx.h	_Z12ratx2_kernelIfEvPKT_PS0_S3_	414
1070	tests/benchmarks/shoc/src/cuda/level2/s3d/ratx.h	_Z12ratx2_kernelIfEvPKT_PS0_S3_	415
1071	tests/benchmarks/shoc/src/cuda/level2/s3d/ratx.h	_Z12ratx2_kernelIfEvPKT_PS0_S3_	416
1072	tests/benchmarks/shoc/src/cuda/level2/s3d/ratx.h	_Z12ratx2_kernelIfEvPKT_PS0_S3_	417
1073	tests/benchmarks/shoc/src/cuda/level2/s3d/ratx.h	_Z12ratx2_kernelIfEvPKT_PS0_S3_	418
1074	tests/benchmarks/shoc/src/cuda/level2/s3d/ratx.h	_Z12ratx2_kernelIfEvPKT_PS0_S3_	419
1075	tests/benchmarks/shoc/src/cuda/level2/s3d/ratx.h	_Z12ratx2_kernelIfEvPKT_PS0_S3_	420
1076	tests/benchmarks/shoc/src/cuda/level2/s3d/ratx.h	_Z12ratx2_kernelIfEvPKT_PS0_S3_	421
1077	tests/benchmarks/shoc/src/cuda/level2/s3d/ratx.h	_Z12ratx2_kernelIfEvPKT_PS0_S3_	422
1078	tests/benchmarks/shoc/src/cuda/level2/s3d/ratx.h	_Z12ratx2_kernelIfEvPKT_PS0_S3_	423
1079	tests/benchmarks/shoc/src/cuda/level2/s3d/ratx.h	_Z12ratx2_kernelIfEvPKT_PS0_S3_	424
1080	tests/benchmarks/shoc/src/cuda/level2/s3d/ratx.h	_Z12ratx2_kernelIfEvPKT_PS0_S3_	425
1081	tests/benchmarks/shoc/src/cuda/level2/s3d/ratx.h	_Z12ratx2_kernelIfEvPKT_PS0_S3_	426
1082	tests/benchmarks/shoc/src/cuda/level2/s3d/ratx.h	_Z12ratx2_kernelIfEvPKT_PS0_S3_	427
1083	tests/benchmarks/shoc/src/cuda/level2/s3d/ratx.h	_Z12ratx2_kernelIfEvPKT_PS0_S3_	428
1084	tests/benchmarks/shoc/src/cuda/level2/s3d/ratx.h	_Z12ratx2_kernelIfEvPKT_PS0_S3_	429
1085	tests/benchmarks/shoc/src/cuda/level2/s3d/ratx.h	_Z12ratx2_kernelIfEvPKT_PS0_S3_	430
1086	tests/benchmarks/shoc/src/cuda/level2/s3d/ratx.h	_Z12ratx2_kernelIfEvPKT_PS0_S3_	431
1087	tests/benchmarks/shoc/src/cuda/level2/s3d/ratx.h	_Z12ratx2_kernelIfEvPKT_PS0_S3_	432
1088	tests/benchmarks/shoc/src/cuda/level2/s3d/ratx.h	_Z12ratx2_kernelIfEvPKT_PS0_S3_	433
1089	tests/benchmarks/shoc/src/cuda/level2/s3d/ratx.h	_Z12ratx2_kernelIfEvPKT_PS0_S3_	434
1090	tests/benchmarks/shoc/src/cuda/level2/s3d/ratx.h	_Z12ratx2_kernelIfEvPKT_PS0_S3_	435
1091	tests/benchmarks/shoc/src/cuda/level2/s3d/ratx.h	_Z12ratx2_kernelIfEvPKT_PS0_S3_	436
1092	tests/benchmarks/shoc/src/cuda/level2/s3d/ratx.h	_Z12ratx2_kernelIfEvPKT_PS0_S3_	437
1093	tests/benchmarks/shoc/src/cuda/level2/s3d/ratx.h	_Z12ratx2_kernelIfEvPKT_PS0_S3_	438
1094	tests/benchmarks/shoc/src/cuda/level2/s3d/ratx.h	_Z12ratx2_kernelIfEvPKT_PS0_S3_	439
1095	tests/benchmarks/shoc/src/cuda/level2/s3d/ratx.h	_Z12ratx2_kernelIfEvPKT_PS0_S3_	440
1096	tests/benchmarks/shoc/src/cuda/level2/s3d/ratx.h	_Z12ratx2_kernelIfEvPKT_PS0_S3_	441
1097	tests/benchmarks/shoc/src/cuda/level2/s3d/ratx.h	_Z12ratx2_kernelIfEvPKT_PS0_S3_	442
1098	tests/benchmarks/shoc/src/cuda/level2/s3d/ratx.h	_Z12ratx2_kernelIfEvPKT_PS0_S3_	443
1099	tests/benchmarks/shoc/src/cuda/level2/s3d/ratx.h	_Z12ratx2_kernelIfEvPKT_PS0_S3_	444
1100	tests/benchmarks/shoc/src/cuda/level2/s3d/ratx.h	_Z12ratx2_kernelIfEvPKT_PS0_S3_	445
1101	tests/benchmarks/shoc/src/cuda/level2/s3d/ratx.h	_Z12ratx2_kernelIfEvPKT_PS0_S3_	446
1102	tests/benchmarks/shoc/src/cuda/level2/s3d/ratx.h	_Z12ratx2_kernelIfEvPKT_PS0_S3_	447
1103	tests/benchmarks/shoc/src/cuda/level2/s3d/ratx.h	_Z12ratx2_kernelIfEvPKT_PS0_S3_	448
1104	tests/benchmarks/shoc/src/cuda/level2/s3d/ratx.h	_Z12ratx2_kernelIfEvPKT_PS0_S3_	449
1105	tests/benchmarks/shoc/src/cuda/level2/s3d/ratx.h	_Z12ratx2_kernelIfEvPKT_PS0_S3_	450
1106	tests/benchmarks/shoc/src/cuda/level2/s3d/ratx.h	_Z12ratx2_kernelIfEvPKT_PS0_S3_	451
1107	tests/benchmarks/shoc/src/cuda/level2/s3d/ratx.h	_Z12ratx2_kernelIfEvPKT_PS0_S3_	452
1108	tests/benchmarks/shoc/src/cuda/level2/s3d/ratx.h	_Z12ratx2_kernelIfEvPKT_PS0_S3_	453
1109	tests/benchmarks/shoc/src/cuda/level2/s3d/ratx.h	_Z12ratx2_kernelIfEvPKT_PS0_S3_	454
1110	tests/benchmarks/shoc/src/cuda/level2/s3d/ratx.h	_Z12ratx2_kernelIfEvPKT_PS0_S3_	455
1111	tests/benchmarks/shoc/src/cuda/level2/s3d/ratx.h	_Z12ratx2_kernelIfEvPKT_PS0_S3_	456
1112	tests/benchmarks/shoc/src/cuda/level2/s3d/ratx.h	_Z12ratx2_kernelIfEvPKT_PS0_S3_	457
1113	tests/benchmarks/shoc/src/cuda/level2/s3d/ratx.h	_Z12ratx2_kernelIfEvPKT_PS0_S3_	458
1114	tests/benchmarks/shoc/src/cuda/level2/s3d/ratx.h	_Z12ratx2_kernelIfEvPKT_PS0_S3_	459
1115	tests/benchmarks/shoc/src/cuda/level2/s3d/ratx.h	_Z12ratx2_kernelIfEvPKT_PS0_S3_	460
1116	tests/benchmarks/shoc/src/cuda/level2/s3d/ratx.h	_Z12ratx2_kernelIfEvPKT_PS0_S3_	461
1117	tests/benchmarks/shoc/src/cuda/level2/s3d/ratx.h	_Z12ratx2_kernelIfEvPKT_PS0_S3_	462
1118	tests/benchmarks/shoc/src/cuda/level2/s3d/ratx.h	_Z12ratx2_kernelIfEvPKT_PS0_S3_	463
1119	tests/benchmarks/shoc/src/cuda/level2/s3d/ratx.h	_Z12ratx2_kernelIfEvPKT_PS0_S3_	464
1120	tests/benchmarks/shoc/src/cuda/level2/s3d/ratx.h	_Z12ratx2_kernelIfEvPKT_PS0_S3_	465
1121	tests/benchmarks/shoc/src/cuda/level2/s3d/ratx.h	_Z12ratx2_kernelIfEvPKT_PS0_S3_	466
1122	tests/benchmarks/shoc/src/cuda/level2/s3d/ratx.h	_Z12ratx2_kernelIfEvPKT_PS0_S3_	467
1123	tests/benchmarks/shoc/src/cuda/level2/s3d/ratx.h	_Z12ratx2_kernelIfEvPKT_PS0_S3_	468
1124	tests/benchmarks/shoc/src/cuda/level2/s3d/ratx.h	_Z12ratx2_kernelIfEvPKT_PS0_S3_	469
1125	tests/benchmarks/shoc/src/cuda/level2/s3d/ratx.h	_Z12ratx2_kernelIfEvPKT_PS0_S3_	470
1126	tests/benchmarks/shoc/src/cuda/level2/s3d/ratx.h	_Z12ratx2_kernelIfEvPKT_PS0_S3_	471
1127	tests/benchmarks/shoc/src/cuda/level2/s3d/ratx.h	_Z12ratx2_kernelIfEvPKT_PS0_S3_	472
1128	tests/benchmarks/shoc/src/cuda/level2/s3d/ratx.h	_Z12ratx2_kernelIfEvPKT_PS0_S3_	473
1129	tests/benchmarks/shoc/src/cuda/level2/s3d/ratx.h	_Z12ratx2_kernelIfEvPKT_PS0_S3_	474
1130	tests/benchmarks/shoc/src/cuda/level2/s3d/ratx.h	_Z12ratx2_kernelIfEvPKT_PS0_S3_	475
1131	tests/benchmarks/shoc/src/cuda/level2/s3d/ratx.h	_Z12ratx2_kernelIfEvPKT_PS0_S3_	476
1132	tests/benchmarks/shoc/src/cuda/level2/s3d/ratx.h	_Z12ratx2_kernelIfEvPKT_PS0_S3_	477
1133	tests/benchmarks/shoc/src/cuda/level2/s3d/ratx.h	_Z12ratx2_kernelIfEvPKT_PS0_S3_	478
1134	tests/benchmarks/shoc/src/cuda/level2/s3d/ratx.h	_Z12ratx2_kernelIfEvPKT_PS0_S3_	479
1135	tests/benchmarks/shoc/src/cuda/level2/s3d/ratx.h	_Z12ratx2_kernelIfEvPKT_PS0_S3_	480
1136	tests/benchmarks/shoc/src/cuda/level2/s3d/ratx.h	_Z12ratx2_kernelIfEvPKT_PS0_S3_	481
1137	tests/benchmarks/shoc/src/cuda/level2/s3d/ratx.h	_Z12ratx2_kernelIfEvPKT_PS0_S3_	482
1138	tests/benchmarks/shoc/src/cuda/level2/s3d/ratx.h	_Z12ratx2_kernelIfEvPKT_PS0_S3_	483
1139	tests/benchmarks/shoc/src/cuda/level2/s3d/ratx.h	_Z12ratx2_kernelIfEvPKT_PS0_S3_	484
1140	tests/benchmarks/shoc/src/cuda/level2/s3d/ratx.h	_Z12ratx2_kernelIfEvPKT_PS0_S3_	485
1141	tests/benchmarks/shoc/src/cuda/level2/s3d/ratx.h	_Z12ratx2_kernelIfEvPKT_PS0_S3_	486
1142	tests/benchmarks/shoc/src/cuda/level2/s3d/ratx.h	_Z12ratx2_kernelIfEvPKT_PS0_S3_	487
1143	tests/benchmarks/shoc/src/cuda/level2/s3d/ratx.h	_Z12ratx2_kernelIfEvPKT_PS0_S3_	488
1144	tests/benchmarks/shoc/src/cuda/level2/s3d/ratx.h	_Z12ratx2_kernelIfEvPKT_PS0_S3_	489
1145	tests/benchmarks/shoc/src/cuda/level2/s3d/ratx.h	_Z12ratx2_kernelIfEvPKT_PS0_S3_	490
1146	tests/benchmarks/shoc/src/cuda/level2/s3d/ratx.h	_Z12ratx2_kernelIfEvPKT_PS0_S3_	491
1147	tests/benchmarks/shoc/src/cuda/level2/s3d/ratx.h	_Z12ratx2_kernelIfEvPKT_PS0_S3_	492
1148	tests/benchmarks/shoc/src/cuda/level2/s3d/ratx.h	_Z12ratx2_kernelIfEvPKT_PS0_S3_	493
1149	tests/benchmarks/shoc/src/cuda/level2/s3d/ratx.h	_Z12ratx2_kernelIfEvPKT_PS0_S3_	494
1150	tests/benchmarks/shoc/src/cuda/level2/s3d/ratx.h	_Z12ratx2_kernelIfEvPKT_PS0_S3_	495
1151	tests/benchmarks/shoc/src/cuda/level2/s3d/ratx.h	_Z12ratx2_kernelIfEvPKT_PS0_S3_	496
1152	tests/benchmarks/shoc/src/cuda/level2/s3d/ratx.h	_Z12ratx2_kernelIfEvPKT_PS0_S3_	497
1153	tests/benchmarks/shoc/src/cuda/level2/s3d/ratx.h	_Z12ratx2_kernelIfEvPKT_PS0_S3_	498
1154	tests/benchmarks/shoc/src/cuda/level2/s3d/ratx.h	_Z12ratx2_kernelIfEvPKT_PS0_S3_	499
1155	tests/benchmarks/shoc/src/cuda/level2/s3d/ratx.h	_Z12ratx2_kernelIfEvPKT_PS0_S3_	500
1156	tests/benchmarks/shoc/src/cuda/level2/s3d/ratx.h	_Z12ratx2_kernelIfEvPKT_PS0_S3_	501
1157	tests/benchmarks/shoc/src/cuda/level2/s3d/ratx.h	_Z12ratx2_kernelIfEvPKT_PS0_S3_	502
1158	tests/benchmarks/shoc/src/cuda/level2/s3d/ratx.h	_Z12ratx2_kernelIfEvPKT_PS0_S3_	503
1159	tests/benchmarks/shoc/src/cuda/level2/s3d/ratx.h	_Z12ratx2_kernelIfEvPKT_PS0_S3_	504
1160	tests/benchmarks/shoc/src/cuda/level2/s3d/ratx.h	_Z12ratx2_kernelIfEvPKT_PS0_S3_	505
1161	tests/benchmarks/shoc/src/cuda/level2/s3d/ratx.h	_Z12ratx2_kernelIfEvPKT_PS0_S3_	506
1162	tests/benchmarks/shoc/src/cuda/level2/s3d/ratx.h	_Z12ratx2_kernelIfEvPKT_PS0_S3_	507
1163	tests/benchmarks/shoc/src/cuda/level2/s3d/ratx.h	_Z12ratx2_kernelIfEvPKT_PS0_S3_	508
1164	tests/benchmarks/shoc/src/cuda/level2/s3d/ratx.h	_Z12ratx2_kernelIfEvPKT_PS0_S3_	509
1165	tests/benchmarks/shoc/src/cuda/level2/s3d/ratx.h	_Z12ratx2_kernelIfEvPKT_PS0_S3_	510
1166	tests/benchmarks/shoc/src/cuda/level2/s3d/ratx.h	_Z12ratx2_kernelIfEvPKT_PS0_S3_	511
1167	tests/benchmarks/shoc/src/cuda/level2/s3d/ratx.h	_Z12ratx2_kernelIfEvPKT_PS0_S3_	512
1168	tests/benchmarks/shoc/src/cuda/level2/s3d/ratx.h	_Z12ratx2_kernelIfEvPKT_PS0_S3_	513
1169	tests/benchmarks/shoc/src/cuda/level2/s3d/ratx.h	_Z12ratx2_kernelIfEvPKT_PS0_S3_	514
1170	tests/benchmarks/shoc/src/cuda/level2/s3d/ratx.h	_Z12ratx2_kernelIfEvPKT_PS0_S3_	515
1171	tests/benchmarks/shoc/src/cuda/level2/s3d/ratx.h	_Z12ratx2_kernelIfEvPKT_PS0_S3_	516
1172	tests/benchmarks/shoc/src/cuda/level2/s3d/ratx.h	_Z12ratx2_kernelIfEvPKT_PS0_S3_	517
1173	tests/benchmarks/shoc/src/cuda/level2/s3d/ratx.h	_Z12ratx2_kernelIfEvPKT_PS0_S3_	518
1174	tests/benchmarks/shoc/src/cuda/level2/s3d/ratx.h	_Z12ratx2_kernelIfEvPKT_PS0_S3_	519
1175	tests/benchmarks/shoc/src/cuda/level2/s3d/ratx.h	_Z12ratx2_kernelIfEvPKT_PS0_S3_	520
1176	tests/benchmarks/shoc/src/cuda/level2/s3d/ratx.h	_Z12ratx2_kernelIfEvPKT_PS0_S3_	521
1177	tests/benchmarks/shoc/src/cuda/level2/s3d/ratx.h	_Z12ratx2_kernelIfEvPKT_PS0_S3_	522
1178	tests/benchmarks/shoc/src/cuda/level2/s3d/ratx.h	_Z12ratx2_kernelIfEvPKT_PS0_S3_	523
1179	tests/benchmarks/shoc/src/cuda/level2/s3d/ratx.h	_Z12ratx2_kernelIfEvPKT_PS0_S3_	524
1180	tests/benchmarks/shoc/src/cuda/level2/s3d/ratx.h	_Z12ratx2_kernelIfEvPKT_PS0_S3_	525
1181	tests/benchmarks/shoc/src/cuda/level2/s3d/ratx.h	_Z12ratx2_kernelIfEvPKT_PS0_S3_	526
1182	tests/benchmarks/shoc/src/cuda/level2/s3d/ratx.h	_Z12ratx2_kernelIfEvPKT_PS0_S3_	527
1183	tests/benchmarks/shoc/src/cuda/level2/s3d/ratx.h	_Z12ratx2_kernelIfEvPKT_PS0_S3_	528
1184	tests/benchmarks/shoc/src/cuda/level2/s3d/ratx.h	_Z12ratx2_kernelIfEvPKT_PS0_S3_	529
1185	tests/benchmarks/shoc/src/cuda/level2/s3d/ratx.h	_Z12ratx2_kernelIfEvPKT_PS0_S3_	530
1186	tests/benchmarks/shoc/src/cuda/level2/s3d/ratx.h	_Z12ratx2_kernelIfEvPKT_PS0_S3_	531
1187	tests/benchmarks/shoc/src/cuda/level2/s3d/ratx.h	_Z12ratx2_kernelIfEvPKT_PS0_S3_	532
1188	tests/benchmarks/shoc/src/cuda/level2/s3d/ratx.h	_Z12ratx2_kernelIfEvPKT_PS0_S3_	533
1189	tests/benchmarks/shoc/src/cuda/level2/s3d/ratx.h	_Z12ratx2_kernelIfEvPKT_PS0_S3_	534
1190	tests/benchmarks/shoc/src/cuda/level2/s3d/ratx.h	_Z12ratx2_kernelIfEvPKT_PS0_S3_	535
1191	tests/benchmarks/shoc/src/cuda/level2/s3d/ratx.h	_Z12ratx2_kernelIfEvPKT_PS0_S3_	536
1192	tests/benchmarks/shoc/src/cuda/level2/s3d/ratx.h	_Z12ratx2_kernelIfEvPKT_PS0_S3_	537
1193	tests/benchmarks/shoc/src/cuda/level2/s3d/ratx.h	_Z12ratx2_kernelIfEvPKT_PS0_S3_	538
1194	tests/benchmarks/shoc/src/cuda/level2/s3d/ratx.h	_Z12ratx2_kernelIfEvPKT_PS0_S3_	539
1195	tests/benchmarks/shoc/src/cuda/level2/s3d/ratx.h	_Z12ratx2_kernelIfEvPKT_PS0_S3_	540
1196	tests/benchmarks/shoc/src/cuda/level2/s3d/ratx.h	_Z12ratx2_kernelIfEvPKT_PS0_S3_	541
1197	tests/benchmarks/shoc/src/cuda/level2/s3d/ratx.h	_Z12ratx2_kernelIfEvPKT_PS0_S3_	542
1198	tests/benchmarks/shoc/src/cuda/level2/s3d/ratx.h	_Z12ratx2_kernelIfEvPKT_PS0_S3_	543
1199	tests/benchmarks/shoc/src/cuda/level2/s3d/ratx.h	_Z12ratx2_kernelIfEvPKT_PS0_S3_	544
1200	tests/benchmarks/shoc/src/cuda/level2/s3d/ratx.h	_Z12ratx2_kernelIfEvPKT_PS0_S3_	545
1201	tests/benchmarks/shoc/src/cuda/level2/s3d/ratx.h	_Z12ratx2_kernelIfEvPKT_PS0_S3_	546
1202	tests/benchmarks/shoc/src/cuda/level2/s3d/ratx.h	_Z12ratx2_kernelIfEvPKT_PS0_S3_	547
1203	tests/benchmarks/shoc/src/cuda/level2/s3d/ratx.h	_Z12ratx2_kernelIfEvPKT_PS0_S3_	548
1204	tests/benchmarks/shoc/src/cuda/level2/s3d/ratx.h	_Z12ratx2_kernelIfEvPKT_PS0_S3_	549
1205	tests/benchmarks/shoc/src/cuda/level2/s3d/ratx.h	_Z12ratx2_kernelIfEvPKT_PS0_S3_	550
1206	tests/benchmarks/shoc/src/cuda/level2/s3d/ratx.h	_Z12ratx2_kernelIfEvPKT_PS0_S3_	551
1207	tests/benchmarks/shoc/src/cuda/level2/s3d/ratx.h	_Z12ratx2_kernelIfEvPKT_PS0_S3_	552
1208	tests/benchmarks/shoc/src/cuda/level2/s3d/ratx.h	_Z12ratx2_kernelIfEvPKT_PS0_S3_	553
1209	tests/benchmarks/shoc/src/cuda/level2/s3d/ratx.h	_Z12ratx2_kernelIfEvPKT_PS0_S3_	554
1210	tests/benchmarks/shoc/src/cuda/level2/s3d/ratx.h	_Z12ratx2_kernelIfEvPKT_PS0_S3_	555
1211	tests/benchmarks/shoc/src/cuda/level2/s3d/ratx.h	_Z12ratx2_kernelIfEvPKT_PS0_S3_	556
1212	tests/benchmarks/shoc/src/cuda/level2/s3d/ratx.h	_Z12ratx2_kernelIfEvPKT_PS0_S3_	557
1213	tests/benchmarks/shoc/src/cuda/level2/s3d/ratx.h	_Z12ratx2_kernelIfEvPKT_PS0_S3_	558
1214	tests/benchmarks/shoc/src/cuda/level2/s3d/ratx.h	_Z12ratx2_kernelIfEvPKT_PS0_S3_	559
1215	tests/benchmarks/shoc/src/cuda/level2/s3d/ratx.h	_Z12ratx2_kernelIfEvPKT_PS0_S3_	560
1216	tests/benchmarks/shoc/src/cuda/level2/s3d/ratx.h	_Z12ratx2_kernelIfEvPKT_PS0_S3_	561
1217	tests/benchmarks/shoc/src/cuda/level2/s3d/ratx.h	_Z12ratx2_kernelIfEvPKT_PS0_S3_	562
1218	tests/benchmarks/shoc/src/cuda/level2/s3d/ratx.h	_Z12ratx2_kernelIfEvPKT_PS0_S3_	563
1219	tests/benchmarks/shoc/src/cuda/level2/s3d/ratx.h	_Z12ratx2_kernelIfEvPKT_PS0_S3_	564
1220	tests/benchmarks/shoc/src/cuda/level2/s3d/ratx.h	_Z12ratx2_kernelIfEvPKT_PS0_S3_	565
1221	tests/benchmarks/shoc/src/cuda/level2/s3d/ratx.h	_Z12ratx2_kernelIfEvPKT_PS0_S3_	566
1222	tests/benchmarks/shoc/src/cuda/level2/s3d/ratx.h	_Z12ratx2_kernelIfEvPKT_PS0_S3_	567
1223	tests/benchmarks/shoc/src/cuda/level2/s3d/ratx.h	_Z12ratx2_kernelIfEvPKT_PS0_S3_	568
1224	tests/benchmarks/shoc/src/cuda/level2/s3d/ratx.h	_Z12ratx2_kernelIfEvPKT_PS0_S3_	569
1225	tests/benchmarks/shoc/src/cuda/level2/s3d/ratx.h	_Z12ratx2_kernelIfEvPKT_PS0_S3_	570
1226	tests/benchmarks/shoc/src/cuda/level2/s3d/ratx.h	_Z12ratx2_kernelIfEvPKT_PS0_S3_	571
1227	tests/benchmarks/shoc/src/cuda/level2/s3d/ratx.h	_Z12ratx2_kernelIfEvPKT_PS0_S3_	572
1228	tests/benchmarks/shoc/src/cuda/level2/s3d/ratx.h	_Z12ratx2_kernelIfEvPKT_PS0_S3_	573
1229	tests/benchmarks/shoc/src/cuda/level2/s3d/ratx.h	_Z12ratx2_kernelIfEvPKT_PS0_S3_	574
1230	tests/benchmarks/shoc/src/cuda/level2/s3d/ratx.h	_Z12ratx2_kernelIfEvPKT_PS0_S3_	575
1231	tests/benchmarks/shoc/src/cuda/level2/s3d/ratx.h	_Z12ratx2_kernelIfEvPKT_PS0_S3_	576
1232	tests/benchmarks/shoc/src/cuda/level2/s3d/ratx.h	_Z12ratx2_kernelIfEvPKT_PS0_S3_	577
1233	tests/benchmarks/shoc/src/cuda/level2/s3d/ratx.h	_Z12ratx2_kernelIfEvPKT_PS0_S3_	578
1234	tests/benchmarks/shoc/src/cuda/level2/s3d/ratx.h	_Z12ratx2_kernelIfEvPKT_PS0_S3_	579
1235	tests/benchmarks/shoc/src/cuda/level2/s3d/ratx.h	_Z12ratx2_kernelIfEvPKT_PS0_S3_	580
1236	tests/benchmarks/shoc/src/cuda/level2/s3d/ratx.h	_Z12ratx2_kernelIfEvPKT_PS0_S3_	581
1237	tests/benchmarks/shoc/src/cuda/level2/s3d/ratx.h	_Z12ratx2_kernelIfEvPKT_PS0_S3_	582
1238	tests/benchmarks/shoc/src/cuda/level2/s3d/ratx.h	_Z12ratx2_kernelIfEvPKT_PS0_S3_	583
1239	tests/benchmarks/shoc/src/cuda/level2/s3d/ratx.h	_Z12ratx2_kernelIfEvPKT_PS0_S3_	584
1240	tests/benchmarks/shoc/src/cuda/level2/s3d/ratx.h	_Z12ratx2_kernelIfEvPKT_PS0_S3_	585
1241	tests/benchmarks/shoc/src/cuda/level2/s3d/ratx.h	_Z12ratx2_kernelIfEvPKT_PS0_S3_	586
1242	tests/benchmarks/shoc/src/cuda/level2/s3d/ratx.h	_Z12ratx2_kernelIfEvPKT_PS0_S3_	587
1243	tests/benchmarks/shoc/src/cuda/level2/s3d/ratx.h	_Z12ratx2_kernelIfEvPKT_PS0_S3_	588
1244	tests/benchmarks/shoc/src/cuda/level2/s3d/ratx.h	_Z12ratx2_kernelIfEvPKT_PS0_S3_	589
1245	tests/benchmarks/shoc/src/cuda/level2/s3d/ratx.h	_Z12ratx2_kernelIfEvPKT_PS0_S3_	590
1246	tests/benchmarks/shoc/src/cuda/level2/s3d/ratx.h	_Z12ratx2_kernelIfEvPKT_PS0_S3_	591
1247	tests/benchmarks/shoc/src/cuda/level2/s3d/ratx.h	_Z12ratx2_kernelIfEvPKT_PS0_S3_	592
1248	tests/benchmarks/shoc/src/cuda/level2/s3d/ratx.h	_Z12ratx2_kernelIfEvPKT_PS0_S3_	593
1249	tests/benchmarks/shoc/src/cuda/level2/s3d/ratx.h	_Z12ratx2_kernelIfEvPKT_PS0_S3_	594
1250	tests/benchmarks/shoc/src/cuda/level2/s3d/ratx.h	_Z12ratx4_kernelIfEvPKT_PS0_S3_	602
1251	tests/benchmarks/shoc/src/cuda/level2/s3d/ratx.h	_Z12ratx4_kernelIfEvPKT_PS0_S3_	603
1252	tests/benchmarks/shoc/src/cuda/level2/s3d/ratx.h	_Z12ratx4_kernelIfEvPKT_PS0_S3_	604
1253	tests/benchmarks/shoc/src/cuda/level2/s3d/ratx.h	_Z12ratx4_kernelIfEvPKT_PS0_S3_	605
1254	tests/benchmarks/shoc/src/cuda/level2/s3d/ratx.h	_Z12ratx4_kernelIfEvPKT_PS0_S3_	606
1255	tests/benchmarks/shoc/src/cuda/level2/s3d/ratx.h	_Z12ratx4_kernelIfEvPKT_PS0_S3_	607
1256	tests/benchmarks/shoc/src/cuda/level2/s3d/ratx.h	_Z12ratx4_kernelIfEvPKT_PS0_S3_	608
1257	tests/benchmarks/shoc/src/cuda/level2/s3d/ratx.h	_Z12ratx4_kernelIfEvPKT_PS0_S3_	609
1258	tests/benchmarks/shoc/src/cuda/level2/s3d/ratx.h	_Z12ratx4_kernelIfEvPKT_PS0_S3_	610
1259	tests/benchmarks/shoc/src/cuda/level2/s3d/ratx.h	_Z12ratx4_kernelIfEvPKT_PS0_S3_	611
1260	tests/benchmarks/shoc/src/cuda/level2/s3d/ratx.h	_Z12ratx4_kernelIfEvPKT_PS0_S3_	612
1261	tests/benchmarks/shoc/src/cuda/level2/s3d/ratx.h	_Z12ratx4_kernelIfEvPKT_PS0_S3_	613
1262	tests/benchmarks/shoc/src/cuda/level2/s3d/ratx.h	_Z12ratx4_kernelIfEvPKT_PS0_S3_	614
1263	tests/benchmarks/shoc/src/cuda/level2/s3d/ratx.h	_Z12ratx4_kernelIfEvPKT_PS0_S3_	615
1264	tests/benchmarks/shoc/src/cuda/level2/s3d/ratx.h	_Z12ratx4_kernelIfEvPKT_PS0_S3_	616
1265	tests/benchmarks/shoc/src/cuda/level2/s3d/ratx.h	_Z12ratx4_kernelIfEvPKT_PS0_S3_	617
1266	tests/benchmarks/shoc/src/cuda/level2/s3d/ratx.h	_Z12ratx4_kernelIfEvPKT_PS0_S3_	618
1267	tests/benchmarks/shoc/src/cuda/level2/s3d/ratx.h	_Z12ratx4_kernelIfEvPKT_PS0_S3_	619
1268	tests/benchmarks/shoc/src/cuda/level2/s3d/ratx.h	_Z12ratx4_kernelIfEvPKT_PS0_S3_	620
1269	tests/benchmarks/shoc/src/cuda/level2/s3d/ratx.h	_Z12ratx4_kernelIfEvPKT_PS0_S3_	621
1270	tests/benchmarks/shoc/src/cuda/level2/s3d/ratx.h	_Z12ratx4_kernelIfEvPKT_PS0_S3_	622
1271	tests/benchmarks/shoc/src/cuda/level2/s3d/ratx.h	_Z12ratx4_kernelIfEvPKT_PS0_S3_	623
1272	tests/benchmarks/shoc/src/cuda/level2/s3d/ratx.h	_Z12ratx4_kernelIfEvPKT_PS0_S3_	624
1273	tests/benchmarks/shoc/src/cuda/level2/s3d/ratx.h	_Z12ratx4_kernelIfEvPKT_PS0_S3_	625
1274	tests/benchmarks/shoc/src/cuda/level2/s3d/ratx.h	_Z12ratx4_kernelIfEvPKT_PS0_S3_	626
1275	tests/benchmarks/shoc/src/cuda/level2/s3d/ratx.h	_Z12ratx4_kernelIfEvPKT_PS0_S3_	627
1276	tests/benchmarks/shoc/src/cuda/level2/s3d/ratx.h	_Z12ratx4_kernelIfEvPKT_PS0_S3_	628
1277	tests/benchmarks/shoc/src/cuda/level2/s3d/ratx.h	_Z12ratx4_kernelIfEvPKT_PS0_S3_	629
1278	tests/benchmarks/shoc/src/cuda/level2/s3d/ratx.h	_Z12ratx4_kernelIfEvPKT_PS0_S3_	630
1279	tests/benchmarks/shoc/src/cuda/level2/s3d/ratx.h	_Z12ratx4_kernelIfEvPKT_PS0_S3_	631
1280	tests/benchmarks/shoc/src/cuda/level2/s3d/ratx.h	_Z12ratx4_kernelIfEvPKT_PS0_S3_	632
1281	tests/benchmarks/shoc/src/cuda/level2/s3d/ratx.h	_Z12ratx4_kernelIfEvPKT_PS0_S3_	633
1282	tests/benchmarks/shoc/src/cuda/level2/s3d/ratx.h	_Z12ratx4_kernelIfEvPKT_PS0_S3_	634
1283	tests/benchmarks/shoc/src/cuda/level2/s3d/ratx.h	_Z12ratx4_kernelIfEvPKT_PS0_S3_	635
1284	tests/benchmarks/shoc/src/cuda/level2/s3d/ratx.h	_Z12ratx4_kernelIfEvPKT_PS0_S3_	636
1285	tests/benchmarks/shoc/src/cuda/level2/s3d/ratx.h	_Z12ratx4_kernelIfEvPKT_PS0_S3_	637
1286	tests/benchmarks/shoc/src/cuda/level2/s3d/ratx.h	_Z12ratx4_kernelIfEvPKT_PS0_S3_	638
1287	tests/benchmarks/shoc/src/cuda/level2/s3d/ratx.h	_Z12ratx4_kernelIfEvPKT_PS0_S3_	639
1288	tests/benchmarks/shoc/src/cuda/level2/s3d/ratx.h	_Z12ratx4_kernelIfEvPKT_PS0_S3_	640
1289	tests/benchmarks/shoc/src/cuda/level2/s3d/ratx.h	_Z12ratx4_kernelIfEvPKT_PS0_S3_	641
1290	tests/benchmarks/shoc/src/cuda/level2/s3d/ratx.h	_Z12ratx4_kernelIfEvPKT_PS0_S3_	642
1291	tests/benchmarks/shoc/src/cuda/level2/s3d/ratx.h	_Z12ratx4_kernelIfEvPKT_PS0_S3_	643
1292	tests/benchmarks/shoc/src/cuda/level2/s3d/ratx.h	_Z12ratx4_kernelIfEvPKT_PS0_S3_	644
1293	tests/benchmarks/shoc/src/cuda/level2/s3d/ratx.h	_Z12ratx4_kernelIfEvPKT_PS0_S3_	645
1294	tests/benchmarks/shoc/src/cuda/level2/s3d/ratx.h	_Z12ratx4_kernelIfEvPKT_PS0_S3_	646
1295	tests/benchmarks/shoc/src/cuda/level2/s3d/ratx.h	_Z12ratx4_kernelIfEvPKT_PS0_S3_	647
1296	tests/benchmarks/shoc/src/cuda/level2/s3d/ratx.h	_Z12ratx4_kernelIfEvPKT_PS0_S3_	648
1297	tests/benchmarks/shoc/src/cuda/level2/s3d/ratx.h	_Z12ratx4_kernelIfEvPKT_PS0_S3_	649
1298	tests/benchmarks/shoc/src/cuda/level2/s3d/ratx.h	_Z12ratx4_kernelIfEvPKT_PS0_S3_	650
1299	tests/benchmarks/shoc/src/cuda/level2/s3d/ratx.h	_Z12ratx4_kernelIfEvPKT_PS0_S3_	651
1300	tests/benchmarks/shoc/src/cuda/level2/s3d/ratx.h	_Z12ratx4_kernelIfEvPKT_PS0_S3_	652
1301	tests/benchmarks/shoc/src/cuda/level2/s3d/ratx.h	_Z12ratx4_kernelIfEvPKT_PS0_S3_	653
1302	tests/benchmarks/shoc/src/cuda/level2/s3d/ratx.h	_Z12ratx4_kernelIfEvPKT_PS0_S3_	654
1303	tests/benchmarks/shoc/src/cuda/level2/s3d/ratx.h	_Z12ratx4_kernelIfEvPKT_PS0_S3_	655
1304	tests/benchmarks/shoc/src/cuda/level2/s3d/ratx.h	_Z12ratx4_kernelIfEvPKT_PS0_S3_	656
1305	tests/benchmarks/shoc/src/cuda/level2/s3d/ratx.h	_Z12ratx4_kernelIfEvPKT_PS0_S3_	657
1306	tests/benchmarks/shoc/src/cuda/level2/s3d/ratx.h	_Z12ratx4_kernelIfEvPKT_PS0_S3_	658
1307	tests/benchmarks/shoc/src/cuda/level2/s3d/ratx.h	_Z12ratx4_kernelIfEvPKT_PS0_S3_	659
1308	tests/benchmarks/shoc/src/cuda/level2/s3d/ratx.h	_Z12ratx4_kernelIfEvPKT_PS0_S3_	660
1309	tests/benchmarks/shoc/src/cuda/level2/s3d/ratx.h	_Z12ratx4_kernelIfEvPKT_PS0_S3_	661
1310	tests/benchmarks/shoc/src/cuda/level2/s3d/ratx.h	_Z12ratx4_kernelIfEvPKT_PS0_S3_	662
1311	tests/benchmarks/shoc/src/cuda/level2/s3d/ratx.h	_Z12ratx4_kernelIfEvPKT_PS0_S3_	663
1312	tests/benchmarks/shoc/src/cuda/level2/s3d/ratx.h	_Z12ratx4_kernelIfEvPKT_PS0_S3_	664
1313	tests/benchmarks/shoc/src/cuda/level2/s3d/ratx.h	_Z12ratx4_kernelIfEvPKT_PS0_S3_	665
1314	tests/benchmarks/shoc/src/cuda/level2/s3d/ratx.h	_Z12ratx4_kernelIfEvPKT_PS0_S3_	666
1315	tests/benchmarks/shoc/src/cuda/level2/s3d/ratx.h	_Z12ratx4_kernelIfEvPKT_PS0_S3_	667
1316	tests/benchmarks/shoc/src/cuda/level2/s3d/ratx.h	_Z12ratx4_kernelIfEvPKT_PS0_S3_	668
1317	tests/benchmarks/shoc/src/cuda/level2/s3d/ratx.h	_Z12ratx4_kernelIfEvPKT_PS0_S3_	669
1318	tests/benchmarks/shoc/src/cuda/level2/s3d/ratx.h	_Z12ratx4_kernelIfEvPKT_PS0_S3_	670
1319	tests/benchmarks/shoc/src/cuda/level2/s3d/ratx.h	_Z12ratx4_kernelIfEvPKT_PS0_S3_	671
1320	tests/benchmarks/shoc/src/cuda/level2/s3d/ratx.h	_Z12ratx4_kernelIfEvPKT_PS0_S3_	672
1321	tests/benchmarks/shoc/src/cuda/level2/s3d/ratx.h	_Z12ratx4_kernelIfEvPKT_PS0_S3_	673
1322	tests/benchmarks/shoc/src/cuda/level2/s3d/ratx.h	_Z12ratx4_kernelIfEvPKT_PS0_S3_	674
1323	tests/benchmarks/shoc/src/cuda/level2/s3d/ratx.h	_Z12ratx4_kernelIfEvPKT_PS0_S3_	675
1324	tests/benchmarks/shoc/src/cuda/level2/s3d/ratx.h	_Z12ratx4_kernelIfEvPKT_PS0_S3_	676
1325	tests/benchmarks/shoc/src/cuda/level2/s3d/ratx.h	_Z12ratx4_kernelIfEvPKT_PS0_S3_	677
1326	tests/benchmarks/shoc/src/cuda/level2/s3d/ratx.h	_Z12ratx4_kernelIfEvPKT_PS0_S3_	678
1327	tests/benchmarks/shoc/src/cuda/level2/s3d/ratx.h	_Z12ratx4_kernelIfEvPKT_PS0_S3_	679
1328	tests/benchmarks/shoc/src/cuda/level2/s3d/ratx.h	_Z12ratx4_kernelIfEvPKT_PS0_S3_	680
1329	tests/benchmarks/shoc/src/cuda/level2/s3d/ratx.h	_Z12ratx4_kernelIfEvPKT_PS0_S3_	681
1330	tests/benchmarks/shoc/src/cuda/level2/s3d/ratx.h	_Z12ratx4_kernelIfEvPKT_PS0_S3_	682
1331	tests/benchmarks/shoc/src/cuda/level2/s3d/ratx.h	_Z12ratx4_kernelIfEvPKT_PS0_S3_	683
1332	tests/benchmarks/shoc/src/cuda/level2/s3d/ratx.h	_Z12ratx4_kernelIfEvPKT_PS0_S3_	684
1333	tests/benchmarks/shoc/src/cuda/level2/s3d/ratx.h	_Z12ratx4_kernelIfEvPKT_PS0_S3_	685
1334	tests/benchmarks/shoc/src/cuda/level2/s3d/ratx.h	_Z12ratx4_kernelIfEvPKT_PS0_S3_	686
1335	tests/benchmarks/shoc/src/cuda/level2/s3d/ratx.h	_Z12ratx4_kernelIfEvPKT_PS0_S3_	687
1336	tests/benchmarks/shoc/src/cuda/level2/s3d/ratx.h	_Z12ratx4_kernelIfEvPKT_PS0_S3_	688
1337	tests/benchmarks/shoc/src/cuda/level2/s3d/ratx.h	_Z12ratx4_kernelIfEvPKT_PS0_S3_	689
1338	tests/benchmarks/shoc/src/cuda/level2/s3d/ratx.h	_Z12ratx4_kernelIfEvPKT_PS0_S3_	690
1339	tests/benchmarks/shoc/src/cuda/level2/s3d/ratx.h	_Z12ratx4_kernelIfEvPKT_PS0_S3_	691
1340	tests/benchmarks/shoc/src/cuda/level2/s3d/ratx.h	_Z12ratx4_kernelIfEvPKT_PS0_S3_	692
1341	tests/benchmarks/shoc/src/cuda/level2/s3d/ratx.h	_Z12ratx4_kernelIfEvPKT_PS0_S3_	693
1342	tests/benchmarks/shoc/src/cuda/level2/s3d/ratx.h	_Z12ratx4_kernelIfEvPKT_PS0_S3_	694
1343	tests/benchmarks/shoc/src/cuda/level2/s3d/ratx.h	_Z12ratx4_kernelIfEvPKT_PS0_S3_	695
1344	tests/benchmarks/shoc/src/cuda/level2/s3d/ratx.h	_Z12ratx4_kernelIfEvPKT_PS0_S3_	696
1345	tests/benchmarks/shoc/src/cuda/level2/s3d/ratx.h	_Z12ratx4_kernelIfEvPKT_PS0_S3_	697
1346	tests/benchmarks/shoc/src/cuda/level2/s3d/ratx.h	_Z12ratx4_kernelIfEvPKT_PS0_S3_	698
1347	tests/benchmarks/shoc/src/cuda/level2/s3d/ratx.h	_Z12ratx4_kernelIfEvPKT_PS0_S3_	699
1348	tests/benchmarks/shoc/src/cuda/level2/s3d/ratx.h	_Z12ratx4_kernelIfEvPKT_PS0_S3_	700
1349	tests/benchmarks/shoc/src/cuda/level2/s3d/ratx.h	_Z12ratx4_kernelIfEvPKT_PS0_S3_	701
1350	tests/benchmarks/shoc/src/cuda/level2/s3d/ratx.h	_Z12ratx4_kernelIfEvPKT_PS0_S3_	702
1351	tests/benchmarks/shoc/src/cuda/level2/s3d/ratx.h	_Z12ratx4_kernelIfEvPKT_PS0_S3_	703
1352	tests/benchmarks/shoc/src/cuda/level2/s3d/ratx.h	_Z12ratx4_kernelIfEvPKT_PS0_S3_	704
1353	tests/benchmarks/shoc/src/cuda/level2/s3d/ratx.h	_Z12ratx4_kernelIfEvPKT_PS0_S3_	705
1354	tests/benchmarks/shoc/src/cuda/level2/s3d/ratx.h	_Z12ratx4_kernelIfEvPKT_PS0_S3_	706
1355	tests/benchmarks/shoc/src/cuda/level2/s3d/ratx.h	_Z12ratx4_kernelIfEvPKT_PS0_S3_	707
1356	tests/benchmarks/shoc/src/cuda/level2/s3d/ratx.h	_Z12ratx4_kernelIfEvPKT_PS0_S3_	708
1357	tests/benchmarks/shoc/src/cuda/level2/s3d/ratx.h	_Z12ratx4_kernelIfEvPKT_PS0_S3_	709
1358	tests/benchmarks/shoc/src/cuda/level2/s3d/ratx.h	_Z12ratx4_kernelIfEvPKT_PS0_S3_	710
1359	tests/benchmarks/shoc/src/cuda/level2/s3d/ratx.h	_Z12ratx4_kernelIfEvPKT_PS0_S3_	711
1360	tests/benchmarks/shoc/src/cuda/level2/s3d/ratx.h	_Z12ratx4_kernelIfEvPKT_PS0_S3_	712
1361	tests/benchmarks/shoc/src/cuda/level2/s3d/ratx.h	_Z12ratx4_kernelIfEvPKT_PS0_S3_	713
1362	tests/benchmarks/shoc/src/cuda/level2/s3d/ratx.h	_Z12ratx4_kernelIfEvPKT_PS0_S3_	714
1363	tests/benchmarks/shoc/src/cuda/level2/s3d/ratx.h	_Z12ratx4_kernelIfEvPKT_PS0_S3_	715
1364	tests/benchmarks/shoc/src/cuda/level2/s3d/ratx.h	_Z12ratx4_kernelIfEvPKT_PS0_S3_	716
1365	tests/benchmarks/shoc/src/cuda/level2/s3d/ratx.h	_Z12ratx4_kernelIfEvPKT_PS0_S3_	717
1366	tests/benchmarks/shoc/src/cuda/level2/s3d/ratx.h	_Z12ratx4_kernelIfEvPKT_PS0_S3_	718
1367	tests/benchmarks/shoc/src/cuda/level2/s3d/ratx.h	_Z12ratx4_kernelIfEvPKT_PS0_S3_	719
1368	tests/benchmarks/shoc/src/cuda/level2/s3d/ratx.h	_Z12ratx4_kernelIfEvPKT_PS0_S3_	720
1369	tests/benchmarks/shoc/src/cuda/level2/s3d/ratx.h	_Z12ratx4_kernelIfEvPKT_PS0_S3_	721
1370	tests/benchmarks/shoc/src/cuda/level2/s3d/ratx.h	_Z12ratx4_kernelIfEvPKT_PS0_S3_	722
1371	tests/benchmarks/shoc/src/cuda/level2/s3d/ratx.h	_Z12ratx4_kernelIfEvPKT_PS0_S3_	723
1372	tests/benchmarks/shoc/src/cuda/level2/s3d/ratx.h	_Z12ratx4_kernelIfEvPKT_PS0_S3_	724
1373	tests/benchmarks/shoc/src/cuda/level2/s3d/ratx.h	_Z12ratx4_kernelIfEvPKT_PS0_S3_	725
1374	tests/benchmarks/shoc/src/cuda/level2/s3d/ratx.h	_Z12ratx4_kernelIfEvPKT_PS0_S3_	726
1375	tests/benchmarks/shoc/src/cuda/level2/s3d/ratx.h	_Z12ratx4_kernelIfEvPKT_PS0_S3_	727
1376	tests/benchmarks/shoc/src/cuda/level2/s3d/ratx.h	_Z12ratx4_kernelIfEvPKT_PS0_S3_	728
1377	tests/benchmarks/shoc/src/cuda/level2/s3d/ratx.h	_Z12ratx4_kernelIfEvPKT_PS0_S3_	729
1378	tests/benchmarks/shoc/src/cuda/level2/s3d/ratx.h	_Z12ratx4_kernelIfEvPKT_PS0_S3_	730
1379	tests/benchmarks/shoc/src/cuda/level2/s3d/ratx.h	_Z12ratx4_kernelIfEvPKT_PS0_S3_	731
1380	tests/benchmarks/shoc/src/cuda/level2/s3d/ratx.h	_Z12ratx4_kernelIfEvPKT_PS0_S3_	732
1381	tests/benchmarks/shoc/src/cuda/level2/s3d/ratx.h	_Z12ratx4_kernelIfEvPKT_PS0_S3_	733
1382	tests/benchmarks/shoc/src/cuda/level2/s3d/ratx.h	_Z12ratx4_kernelIfEvPKT_PS0_S3_	734
1383	tests/benchmarks/shoc/src/cuda/level2/s3d/ratx.h	_Z12ratx4_kernelIfEvPKT_PS0_S3_	735
1384	tests/benchmarks/shoc/src/cuda/level2/s3d/ratx.h	_Z12ratx4_kernelIfEvPKT_PS0_S3_	736
1385	tests/benchmarks/shoc/src/cuda/level2/s3d/ratx.h	_Z12ratx4_kernelIfEvPKT_PS0_S3_	737
1386	tests/benchmarks/shoc/src/cuda/level2/s3d/ratx.h	_Z12ratx4_kernelIfEvPKT_PS0_S3_	738
1387	tests/benchmarks/shoc/src/cuda/level2/s3d/ratx.h	_Z12ratx4_kernelIfEvPKT_PS0_S3_	739
1388	tests/benchmarks/shoc/src/cuda/level2/s3d/ratx.h	_Z12ratx4_kernelIfEvPKT_PS0_S3_	740
1389	tests/benchmarks/shoc/src/cuda/level2/s3d/ratx.h	_Z12ratx4_kernelIfEvPKT_PS0_S3_	741
1390	tests/benchmarks/shoc/src/cuda/level2/s3d/ratx.h	_Z12ratx4_kernelIfEvPKT_PS0_S3_	742
1391	tests/benchmarks/shoc/src/cuda/level2/s3d/ratx.h	_Z12ratx4_kernelIfEvPKT_PS0_S3_	743
1392	tests/benchmarks/shoc/src/cuda/level2/s3d/ratx.h	_Z12ratx4_kernelIfEvPKT_PS0_S3_	744
1393	tests/benchmarks/shoc/src/cuda/level2/s3d/ratx.h	_Z12ratx4_kernelIfEvPKT_PS0_S3_	745
1394	tests/benchmarks/shoc/src/cuda/level2/s3d/ratx.h	_Z12ratx4_kernelIfEvPKT_PS0_S3_	746
1395	tests/benchmarks/shoc/src/cuda/level2/s3d/ratx.h	_Z12ratx4_kernelIfEvPKT_PS0_S3_	747
1396	tests/benchmarks/shoc/src/cuda/level2/s3d/ratx.h	_Z12ratx4_kernelIfEvPKT_PS0_S3_	748
1397	tests/benchmarks/shoc/src/cuda/level2/s3d/ratx.h	_Z12ratx4_kernelIfEvPKT_PS0_S3_	749
1398	tests/benchmarks/shoc/src/cuda/level2/s3d/ratx.h	_Z12ratx4_kernelIfEvPKT_PS0_S3_	750
1399	tests/benchmarks/shoc/src/cuda/level2/s3d/ratx.h	_Z12ratx4_kernelIfEvPKT_PS0_S3_	751
1400	tests/benchmarks/shoc/src/cuda/level2/s3d/ratx.h	_Z12ratx4_kernelIfEvPKT_PS0_S3_	752
1401	tests/benchmarks/shoc/src/cuda/level2/s3d/ratx.h	_Z12ratx4_kernelIfEvPKT_PS0_S3_	753
1402	tests/benchmarks/shoc/src/cuda/level2/s3d/ratx.h	_Z12ratx4_kernelIfEvPKT_PS0_S3_	754
1403	tests/benchmarks/shoc/src/cuda/level2/s3d/ratx.h	_Z12ratx4_kernelIfEvPKT_PS0_S3_	755
1404	tests/benchmarks/shoc/src/cuda/level2/s3d/ratx.h	_Z12ratx4_kernelIfEvPKT_PS0_S3_	756
1405	tests/benchmarks/shoc/src/cuda/level2/s3d/ratx.h	_Z12ratx4_kernelIfEvPKT_PS0_S3_	757
1406	tests/benchmarks/shoc/src/cuda/level2/s3d/ratx.h	_Z12ratx4_kernelIfEvPKT_PS0_S3_	758
1407	tests/benchmarks/shoc/src/cuda/level2/s3d/ratx.h	_Z12ratx4_kernelIfEvPKT_PS0_S3_	759
1408	tests/benchmarks/shoc/src/cuda/level2/s3d/ratx.h	_Z12ratx4_kernelIfEvPKT_PS0_S3_	760
1409	tests/benchmarks/shoc/src/cuda/level2/s3d/ratx.h	_Z12ratx4_kernelIfEvPKT_PS0_S3_	761
1410	tests/benchmarks/shoc/src/cuda/level2/s3d/ratx.h	_Z12ratx4_kernelIfEvPKT_PS0_S3_	762
1411	tests/benchmarks/shoc/src/cuda/level2/s3d/ratx.h	_Z12ratx4_kernelIfEvPKT_PS0_S3_	763
1412	tests/benchmarks/shoc/src/cuda/level2/s3d/ratx.h	_Z12ratx4_kernelIfEvPKT_PS0_S3_	764
1413	tests/benchmarks/shoc/src/cuda/level2/s3d/ratx.h	_Z12ratx4_kernelIfEvPKT_PS0_S3_	765
1414	tests/benchmarks/shoc/src/cuda/level2/s3d/ratx.h	_Z12ratx4_kernelIfEvPKT_PS0_S3_	766
1415	tests/benchmarks/shoc/src/cuda/level2/s3d/ratx.h	_Z12ratx4_kernelIfEvPKT_PS0_S3_	767
1416	tests/benchmarks/shoc/src/cuda/level2/s3d/ratx.h	_Z12ratx4_kernelIfEvPKT_PS0_S3_	768
1417	tests/benchmarks/shoc/src/cuda/level2/s3d/ratx.h	_Z12ratx4_kernelIfEvPKT_PS0_S3_	769
1418	tests/benchmarks/shoc/src/cuda/level2/s3d/ratx.h	_Z12ratx4_kernelIfEvPKT_PS0_S3_	770
1419	tests/benchmarks/shoc/src/cuda/level2/s3d/ratx.h	_Z12ratx4_kernelIfEvPKT_PS0_S3_	771
1420	tests/benchmarks/shoc/src/cuda/level2/s3d/ratx.h	_Z12ratx4_kernelIfEvPKT_PS0_S3_	772
1421	tests/benchmarks/shoc/src/cuda/level2/s3d/ratx.h	_Z12ratx4_kernelIfEvPKT_PS0_S3_	773
1422	tests/benchmarks/shoc/src/cuda/level2/s3d/ratx.h	_Z12ratx4_kernelIfEvPKT_PS0_S3_	774
1423	tests/benchmarks/shoc/src/cuda/level2/s3d/ratx.h	_Z12ratx4_kernelIfEvPKT_PS0_S3_	775
1424	tests/benchmarks/shoc/src/cuda/level2/s3d/ratx.h	_Z12ratx4_kernelIfEvPKT_PS0_S3_	776
1425	tests/benchmarks/shoc/src/cuda/level2/s3d/ratx.h	_Z12ratx4_kernelIfEvPKT_PS0_S3_	777
1426	tests/benchmarks/shoc/src/cuda/level2/s3d/ratx.h	_Z12ratx4_kernelIfEvPKT_PS0_S3_	778
1427	tests/benchmarks/shoc/src/cuda/level2/s3d/ratx.h	_Z12ratx4_kernelIfEvPKT_PS0_S3_	779
1428	tests/benchmarks/shoc/src/cuda/level2/s3d/ratx.h	_Z12ratx4_kernelIfEvPKT_PS0_S3_	780
1429	tests/benchmarks/shoc/src/cuda/level2/s3d/ratx.h	_Z12ratx4_kernelIfEvPKT_PS0_S3_	781
1430	tests/benchmarks/shoc/src/cuda/level2/s3d/ratx.h	_Z12ratx4_kernelIfEvPKT_PS0_S3_	782
1431	tests/benchmarks/shoc/src/cuda/level2/s3d/ratx.h	_Z12ratx4_kernelIfEvPKT_PS0_S3_	783
1432	tests/benchmarks/shoc/src/cuda/level2/s3d/ratx.h	_Z12ratx4_kernelIfEvPKT_PS0_S3_	784
1433	tests/benchmarks/shoc/src/cuda/level2/s3d/ratx.h	_Z12ratx4_kernelIfEvPKT_PS0_S3_	785
1434	tests/benchmarks/shoc/src/cuda/level2/s3d/ratx.h	_Z12ratx4_kernelIfEvPKT_PS0_S3_	786
1435	tests/benchmarks/shoc/src/cuda/level2/s3d/ratx.h	_Z12ratx4_kernelIfEvPKT_PS0_S3_	787
1436	tests/benchmarks/shoc/src/cuda/level2/s3d/ratx.h	_Z12ratx4_kernelIfEvPKT_PS0_S3_	788
1437	tests/benchmarks/shoc/src/cuda/level2/s3d/ratx.h	_Z12ratx4_kernelIfEvPKT_PS0_S3_	789
1438	tests/benchmarks/shoc/src/cuda/level2/s3d/ratx.h	_Z12ratx4_kernelIfEvPKT_PS0_S3_	790
1439	tests/benchmarks/shoc/src/cuda/level2/s3d/ratx.h	_Z12ratx4_kernelIfEvPKT_PS0_S3_	791
1440	tests/benchmarks/shoc/src/cuda/level2/s3d/ratx.h	_Z12ratx4_kernelIfEvPKT_PS0_S3_	792
1441	tests/benchmarks/shoc/src/cuda/level2/s3d/qssa.h	_Z11qssa_kernelIfEvPT_S1_S1_	21
1442	tests/benchmarks/shoc/src/cuda/level2/s3d/qssa.h	_Z11qssa_kernelIfEvPT_S1_S1_	22
1443	tests/benchmarks/shoc/src/cuda/level2/s3d/qssa.h	_Z11qssa_kernelIfEvPT_S1_S1_	23
1444	tests/benchmarks/shoc/src/cuda/level2/s3d/qssa.h	_Z11qssa_kernelIfEvPT_S1_S1_	24
1445	tests/benchmarks/shoc/src/cuda/level2/s3d/qssa.h	_Z11qssa_kernelIfEvPT_S1_S1_	25
1446	tests/benchmarks/shoc/src/cuda/level2/s3d/S3D.h	_Z11qssa_kernelIfEvPT_S1_S1_	22
1447	tests/benchmarks/shoc/src/cuda/level2/s3d/qssa.h	_Z11qssa_kernelIfEvPT_S1_S1_	26
1448	tests/benchmarks/shoc/src/cuda/level2/s3d/qssa.h	_Z11qssa_kernelIfEvPT_S1_S1_	28
1449	tests/benchmarks/shoc/src/cuda/level2/s3d/qssa.h	_Z11qssa_kernelIfEvPT_S1_S1_	31
1450	tests/benchmarks/shoc/src/cuda/level2/s3d/qssa.h	_Z11qssa_kernelIfEvPT_S1_S1_	32
1451	tests/benchmarks/shoc/src/cuda/level2/s3d/qssa.h	_Z11qssa_kernelIfEvPT_S1_S1_	33
1452	tests/benchmarks/shoc/src/cuda/level2/s3d/qssa.h	_Z11qssa_kernelIfEvPT_S1_S1_	34
1453	tests/benchmarks/shoc/src/cuda/level2/s3d/qssa.h	_Z11qssa_kernelIfEvPT_S1_S1_	35
1454	tests/benchmarks/shoc/src/cuda/level2/s3d/qssa.h	_Z11qssa_kernelIfEvPT_S1_S1_	36
1455	tests/benchmarks/shoc/src/cuda/level2/s3d/qssa.h	_Z11qssa_kernelIfEvPT_S1_S1_	37
1456	tests/benchmarks/shoc/src/cuda/level2/s3d/qssa.h	_Z11qssa_kernelIfEvPT_S1_S1_	38
1457	tests/benchmarks/shoc/src/cuda/level2/s3d/qssa.h	_Z11qssa_kernelIfEvPT_S1_S1_	39
1458	tests/benchmarks/shoc/src/cuda/level2/s3d/qssa.h	_Z11qssa_kernelIfEvPT_S1_S1_	40
1459	tests/benchmarks/shoc/src/cuda/level2/s3d/qssa.h	_Z11qssa_kernelIfEvPT_S1_S1_	41
1460	tests/benchmarks/shoc/src/cuda/level2/s3d/qssa.h	_Z11qssa_kernelIfEvPT_S1_S1_	42
1461	tests/benchmarks/shoc/src/cuda/level2/s3d/qssa.h	_Z11qssa_kernelIfEvPT_S1_S1_	45
1462	tests/benchmarks/shoc/src/cuda/level2/s3d/qssa.h	_Z11qssa_kernelIfEvPT_S1_S1_	46
1463	tests/benchmarks/shoc/src/cuda/level2/s3d/qssa.h	_Z11qssa_kernelIfEvPT_S1_S1_	47
1464	tests/benchmarks/shoc/src/cuda/level2/s3d/qssa.h	_Z11qssa_kernelIfEvPT_S1_S1_	48
1465	tests/benchmarks/shoc/src/cuda/level2/s3d/qssa.h	_Z11qssa_kernelIfEvPT_S1_S1_	49
1466	tests/benchmarks/shoc/src/cuda/level2/s3d/qssa.h	_Z11qssa_kernelIfEvPT_S1_S1_	50
1467	tests/benchmarks/shoc/src/cuda/level2/s3d/qssa.h	_Z11qssa_kernelIfEvPT_S1_S1_	52
1468	tests/benchmarks/shoc/src/cuda/level2/s3d/qssa.h	_Z11qssa_kernelIfEvPT_S1_S1_	58
1469	tests/benchmarks/shoc/src/cuda/level2/s3d/qssa.h	_Z11qssa_kernelIfEvPT_S1_S1_	59
1470	tests/benchmarks/shoc/src/cuda/level2/s3d/qssa.h	_Z11qssa_kernelIfEvPT_S1_S1_	60
1471	tests/benchmarks/shoc/src/cuda/level2/s3d/qssa.h	_Z11qssa_kernelIfEvPT_S1_S1_	61
1472	tests/benchmarks/shoc/src/cuda/level2/s3d/qssa.h	_Z11qssa_kernelIfEvPT_S1_S1_	62
1473	tests/benchmarks/shoc/src/cuda/level2/s3d/qssa.h	_Z11qssa_kernelIfEvPT_S1_S1_	63
1474	tests/benchmarks/shoc/src/cuda/level2/s3d/qssa.h	_Z11qssa_kernelIfEvPT_S1_S1_	64
1475	tests/benchmarks/shoc/src/cuda/level2/s3d/qssa.h	_Z11qssa_kernelIfEvPT_S1_S1_	65
1476	tests/benchmarks/shoc/src/cuda/level2/s3d/qssa.h	_Z11qssa_kernelIfEvPT_S1_S1_	66
1477	tests/benchmarks/shoc/src/cuda/level2/s3d/qssa.h	_Z11qssa_kernelIfEvPT_S1_S1_	67
1478	tests/benchmarks/shoc/src/cuda/level2/s3d/qssa.h	_Z11qssa_kernelIfEvPT_S1_S1_	68
1479	tests/benchmarks/shoc/src/cuda/level2/s3d/qssa.h	_Z11qssa_kernelIfEvPT_S1_S1_	70
1480	tests/benchmarks/shoc/src/cuda/level2/s3d/qssa.h	_Z11qssa_kernelIfEvPT_S1_S1_	74
1481	tests/benchmarks/shoc/src/cuda/level2/s3d/qssa.h	_Z11qssa_kernelIfEvPT_S1_S1_	75
1482	tests/benchmarks/shoc/src/cuda/level2/s3d/qssa.h	_Z11qssa_kernelIfEvPT_S1_S1_	76
1483	tests/benchmarks/shoc/src/cuda/level2/s3d/qssa.h	_Z11qssa_kernelIfEvPT_S1_S1_	77
1484	tests/benchmarks/shoc/src/cuda/level2/s3d/qssa.h	_Z11qssa_kernelIfEvPT_S1_S1_	80
1485	tests/benchmarks/shoc/src/cuda/level2/s3d/qssa.h	_Z11qssa_kernelIfEvPT_S1_S1_	81
1486	tests/benchmarks/shoc/src/cuda/level2/s3d/qssa.h	_Z11qssa_kernelIfEvPT_S1_S1_	82
1487	tests/benchmarks/shoc/src/cuda/level2/s3d/qssa.h	_Z11qssa_kernelIfEvPT_S1_S1_	83
1488	tests/benchmarks/shoc/src/cuda/level2/s3d/qssa.h	_Z11qssa_kernelIfEvPT_S1_S1_	87
1489	tests/benchmarks/shoc/src/cuda/level2/s3d/qssa.h	_Z11qssa_kernelIfEvPT_S1_S1_	88
1490	tests/benchmarks/shoc/src/cuda/level2/s3d/qssa.h	_Z11qssa_kernelIfEvPT_S1_S1_	89
1491	tests/benchmarks/shoc/src/cuda/level2/s3d/qssa.h	_Z11qssa_kernelIfEvPT_S1_S1_	90
1492	tests/benchmarks/shoc/src/cuda/level2/s3d/qssa.h	_Z11qssa_kernelIfEvPT_S1_S1_	91
1493	tests/benchmarks/shoc/src/cuda/level2/s3d/qssa.h	_Z11qssa_kernelIfEvPT_S1_S1_	92
1494	tests/benchmarks/shoc/src/cuda/level2/s3d/qssa.h	_Z11qssa_kernelIfEvPT_S1_S1_	93
1495	tests/benchmarks/shoc/src/cuda/level2/s3d/qssa.h	_Z11qssa_kernelIfEvPT_S1_S1_	94
1496	tests/benchmarks/shoc/src/cuda/level2/s3d/qssa.h	_Z11qssa_kernelIfEvPT_S1_S1_	95
1497	tests/benchmarks/shoc/src/cuda/level2/s3d/qssa.h	_Z11qssa_kernelIfEvPT_S1_S1_	98
1498	tests/benchmarks/shoc/src/cuda/level2/s3d/qssa.h	_Z11qssa_kernelIfEvPT_S1_S1_	100
1499	tests/benchmarks/shoc/src/cuda/level2/s3d/qssa.h	_Z11qssa_kernelIfEvPT_S1_S1_	102
1500	tests/benchmarks/shoc/src/cuda/level2/s3d/qssa.h	_Z11qssa_kernelIfEvPT_S1_S1_	103
1501	tests/benchmarks/shoc/src/cuda/level2/s3d/qssa.h	_Z11qssa_kernelIfEvPT_S1_S1_	104
1502	tests/benchmarks/shoc/src/cuda/level2/s3d/qssa.h	_Z11qssa_kernelIfEvPT_S1_S1_	105
1503	tests/benchmarks/shoc/src/cuda/level2/s3d/qssa.h	_Z11qssa_kernelIfEvPT_S1_S1_	106
1504	tests/benchmarks/shoc/src/cuda/level2/s3d/qssa.h	_Z11qssa_kernelIfEvPT_S1_S1_	107
1505	tests/benchmarks/shoc/src/cuda/level2/s3d/qssa.h	_Z11qssa_kernelIfEvPT_S1_S1_	108
1506	tests/benchmarks/shoc/src/cuda/level2/s3d/qssa.h	_Z11qssa_kernelIfEvPT_S1_S1_	109
1507	tests/benchmarks/shoc/src/cuda/level2/s3d/qssa.h	_Z11qssa_kernelIfEvPT_S1_S1_	112
1508	tests/benchmarks/shoc/src/cuda/level2/s3d/qssa.h	_Z11qssa_kernelIfEvPT_S1_S1_	114
1509	tests/benchmarks/shoc/src/cuda/level2/s3d/qssa.h	_Z11qssa_kernelIfEvPT_S1_S1_	115
1510	tests/benchmarks/shoc/src/cuda/level2/s3d/qssa.h	_Z11qssa_kernelIfEvPT_S1_S1_	116
1511	tests/benchmarks/shoc/src/cuda/level2/s3d/qssa.h	_Z11qssa_kernelIfEvPT_S1_S1_	117
1512	tests/benchmarks/shoc/src/cuda/level2/s3d/qssa.h	_Z11qssa_kernelIfEvPT_S1_S1_	119
1513	tests/benchmarks/shoc/src/cuda/level2/s3d/qssa.h	_Z11qssa_kernelIfEvPT_S1_S1_	121
1514	tests/benchmarks/shoc/src/cuda/level2/s3d/qssa.h	_Z11qssa_kernelIfEvPT_S1_S1_	122
1515	tests/benchmarks/shoc/src/cuda/level2/s3d/qssa.h	_Z11qssa_kernelIfEvPT_S1_S1_	123
1516	tests/benchmarks/shoc/src/cuda/level2/s3d/qssa.h	_Z11qssa_kernelIfEvPT_S1_S1_	124
1517	tests/benchmarks/shoc/src/cuda/level2/s3d/qssa.h	_Z11qssa_kernelIfEvPT_S1_S1_	125
1518	tests/benchmarks/shoc/src/cuda/level2/s3d/qssa.h	_Z12qssab_kernelIfEvPT_S1_S1_	136
1519	tests/benchmarks/shoc/src/cuda/level2/s3d/qssa.h	_Z12qssab_kernelIfEvPT_S1_S1_	137
1520	tests/benchmarks/shoc/src/cuda/level2/s3d/S3D.h	_Z12qssab_kernelIfEvPT_S1_S1_	22
1521	tests/benchmarks/shoc/src/cuda/level2/s3d/qssa.h	_Z12qssab_kernelIfEvPT_S1_S1_	141
1522	tests/benchmarks/shoc/src/cuda/level2/s3d/qssa.h	_Z12qssab_kernelIfEvPT_S1_S1_	142
1523	tests/benchmarks/shoc/src/cuda/level2/s3d/qssa.h	_Z12qssab_kernelIfEvPT_S1_S1_	149
1524	tests/benchmarks/shoc/src/cuda/level2/s3d/qssa.h	_Z12qssab_kernelIfEvPT_S1_S1_	150
1525	tests/benchmarks/shoc/src/cuda/level2/s3d/qssa.h	_Z12qssab_kernelIfEvPT_S1_S1_	151
1526	tests/benchmarks/shoc/src/cuda/level2/s3d/qssa.h	_Z12qssab_kernelIfEvPT_S1_S1_	158
1527	tests/benchmarks/shoc/src/cuda/level2/s3d/qssa.h	_Z12qssab_kernelIfEvPT_S1_S1_	159
1528	tests/benchmarks/shoc/src/cuda/level2/s3d/qssa.h	_Z12qssab_kernelIfEvPT_S1_S1_	160
1529	tests/benchmarks/shoc/src/cuda/level2/s3d/qssa.h	_Z12qssab_kernelIfEvPT_S1_S1_	166
1530	tests/benchmarks/shoc/src/cuda/level2/s3d/qssa.h	_Z12qssab_kernelIfEvPT_S1_S1_	167
1531	tests/benchmarks/shoc/src/cuda/level2/s3d/qssa.h	_Z12qssab_kernelIfEvPT_S1_S1_	168
1532	tests/benchmarks/shoc/src/cuda/level2/s3d/qssa.h	_Z12qssab_kernelIfEvPT_S1_S1_	169
1533	tests/benchmarks/shoc/src/cuda/level2/s3d/qssa.h	_Z12qssab_kernelIfEvPT_S1_S1_	176
1534	tests/benchmarks/shoc/src/cuda/level2/s3d/qssa.h	_Z12qssab_kernelIfEvPT_S1_S1_	177
1535	tests/benchmarks/shoc/src/cuda/level2/s3d/qssa.h	_Z12qssab_kernelIfEvPT_S1_S1_	178
1536	tests/benchmarks/shoc/src/cuda/level2/s3d/qssa.h	_Z12qssab_kernelIfEvPT_S1_S1_	179
1537	tests/benchmarks/shoc/src/cuda/level2/s3d/qssa.h	_Z12qssab_kernelIfEvPT_S1_S1_	185
1538	tests/benchmarks/shoc/src/cuda/level2/s3d/qssa.h	_Z12qssab_kernelIfEvPT_S1_S1_	186
1539	tests/benchmarks/shoc/src/cuda/level2/s3d/qssa.h	_Z12qssab_kernelIfEvPT_S1_S1_	187
1540	tests/benchmarks/shoc/src/cuda/level2/s3d/qssa.h	_Z12qssab_kernelIfEvPT_S1_S1_	188
1541	tests/benchmarks/shoc/src/cuda/level2/s3d/qssa.h	_Z12qssab_kernelIfEvPT_S1_S1_	194
1542	tests/benchmarks/shoc/src/cuda/level2/s3d/qssa.h	_Z12qssab_kernelIfEvPT_S1_S1_	195
1543	tests/benchmarks/shoc/src/cuda/level2/s3d/qssa.h	_Z12qssab_kernelIfEvPT_S1_S1_	196
1544	tests/benchmarks/shoc/src/cuda/level2/s3d/qssa.h	_Z12qssab_kernelIfEvPT_S1_S1_	202
1545	tests/benchmarks/shoc/src/cuda/level2/s3d/qssa.h	_Z12qssab_kernelIfEvPT_S1_S1_	203
1546	tests/benchmarks/shoc/src/cuda/level2/s3d/qssa.h	_Z12qssab_kernelIfEvPT_S1_S1_	204
1547	tests/benchmarks/shoc/src/cuda/level2/s3d/qssa.h	_Z12qssab_kernelIfEvPT_S1_S1_	210
1548	tests/benchmarks/shoc/src/cuda/level2/s3d/qssa.h	_Z12qssab_kernelIfEvPT_S1_S1_	211
1549	tests/benchmarks/shoc/src/cuda/level2/s3d/qssa.h	_Z12qssab_kernelIfEvPT_S1_S1_	212
1550	tests/benchmarks/shoc/src/cuda/level2/s3d/qssa.h	_Z12qssab_kernelIfEvPT_S1_S1_	213
1551	tests/benchmarks/shoc/src/cuda/level2/s3d/qssa.h	_Z12qssab_kernelIfEvPT_S1_S1_	214
1552	tests/benchmarks/shoc/src/cuda/level2/s3d/qssa.h	_Z12qssab_kernelIfEvPT_S1_S1_	219
1553	tests/benchmarks/shoc/src/cuda/level2/s3d/qssa.h	_Z12qssab_kernelIfEvPT_S1_S1_	220
1554	tests/benchmarks/shoc/src/cuda/level2/s3d/qssa.h	_Z12qssab_kernelIfEvPT_S1_S1_	221
1555	tests/benchmarks/shoc/src/cuda/level2/s3d/qssa.h	_Z12qssab_kernelIfEvPT_S1_S1_	222
1556	tests/benchmarks/shoc/src/cuda/level2/s3d/qssa.h	_Z12qssab_kernelIfEvPT_S1_S1_	223
1557	tests/benchmarks/shoc/src/cuda/level2/s3d/qssa.h	_Z12qssab_kernelIfEvPT_S1_S1_	228
1558	tests/benchmarks/shoc/src/cuda/level2/s3d/qssa.h	_Z12qssab_kernelIfEvPT_S1_S1_	229
1559	tests/benchmarks/shoc/src/cuda/level2/s3d/qssa.h	_Z12qssab_kernelIfEvPT_S1_S1_	230
1560	tests/benchmarks/shoc/src/cuda/level2/s3d/qssa.h	_Z12qssab_kernelIfEvPT_S1_S1_	231
1561	tests/benchmarks/shoc/src/cuda/level2/s3d/qssa.h	_Z12qssab_kernelIfEvPT_S1_S1_	232
1562	tests/benchmarks/shoc/src/cuda/level2/s3d/qssa.h	_Z12qssab_kernelIfEvPT_S1_S1_	237
1563	tests/benchmarks/shoc/src/cuda/level2/s3d/qssa.h	_Z12qssab_kernelIfEvPT_S1_S1_	238
1564	tests/benchmarks/shoc/src/cuda/level2/s3d/qssa.h	_Z12qssab_kernelIfEvPT_S1_S1_	239
1565	tests/benchmarks/shoc/src/cuda/level2/s3d/qssa.h	_Z12qssab_kernelIfEvPT_S1_S1_	240
1566	tests/benchmarks/shoc/src/cuda/level2/s3d/qssa.h	_Z12qssab_kernelIfEvPT_S1_S1_	241
1567	tests/benchmarks/shoc/src/cuda/level2/s3d/qssa.h	_Z12qssab_kernelIfEvPT_S1_S1_	246
1568	tests/benchmarks/shoc/src/cuda/level2/s3d/qssa.h	_Z12qssab_kernelIfEvPT_S1_S1_	247
1569	tests/benchmarks/shoc/src/cuda/level2/s3d/qssa.h	_Z12qssab_kernelIfEvPT_S1_S1_	248
1570	tests/benchmarks/shoc/src/cuda/level2/s3d/qssa.h	_Z12qssab_kernelIfEvPT_S1_S1_	249
1571	tests/benchmarks/shoc/src/cuda/level2/s3d/qssa.h	_Z12qssab_kernelIfEvPT_S1_S1_	253
1572	tests/benchmarks/shoc/src/cuda/level2/s3d/qssa.h	_Z12qssab_kernelIfEvPT_S1_S1_	254
1573	tests/benchmarks/shoc/src/cuda/level2/s3d/qssa.h	_Z12qssab_kernelIfEvPT_S1_S1_	255
1574	tests/benchmarks/shoc/src/cuda/level2/s3d/qssa.h	_Z12qssab_kernelIfEvPT_S1_S1_	256
1575	tests/benchmarks/shoc/src/cuda/level2/s3d/qssa.h	_Z12qssab_kernelIfEvPT_S1_S1_	260
1576	tests/benchmarks/shoc/src/cuda/level2/s3d/qssa.h	_Z12qssab_kernelIfEvPT_S1_S1_	261
1577	tests/benchmarks/shoc/src/cuda/level2/s3d/qssa.h	_Z12qssab_kernelIfEvPT_S1_S1_	262
1578	tests/benchmarks/shoc/src/cuda/level2/s3d/qssa.h	_Z12qssab_kernelIfEvPT_S1_S1_	263
1579	tests/benchmarks/shoc/src/cuda/level2/s3d/qssa.h	_Z12qssab_kernelIfEvPT_S1_S1_	267
1580	tests/benchmarks/shoc/src/cuda/level2/s3d/qssa.h	_Z12qssab_kernelIfEvPT_S1_S1_	268
1581	tests/benchmarks/shoc/src/cuda/level2/s3d/qssa.h	_Z12qssab_kernelIfEvPT_S1_S1_	269
1582	tests/benchmarks/shoc/src/cuda/level2/s3d/qssa.h	_Z12qssab_kernelIfEvPT_S1_S1_	272
1583	tests/benchmarks/shoc/src/cuda/level2/s3d/qssa.h	_Z12qssab_kernelIfEvPT_S1_S1_	273
1584	tests/benchmarks/shoc/src/cuda/level2/s3d/qssa.h	_Z12qssab_kernelIfEvPT_S1_S1_	274
1585	tests/benchmarks/shoc/src/cuda/level2/s3d/qssa.h	_Z12qssab_kernelIfEvPT_S1_S1_	277
1586	tests/benchmarks/shoc/src/cuda/level2/s3d/qssa.h	_Z12qssab_kernelIfEvPT_S1_S1_	278
1587	tests/benchmarks/shoc/src/cuda/level2/s3d/qssa2.h	_Z12qssa2_kernelIfEvPT_S1_PKS0_	13
1588	tests/benchmarks/shoc/src/cuda/level2/s3d/qssa2.h	_Z12qssa2_kernelIfEvPT_S1_PKS0_	14
1589	tests/benchmarks/shoc/src/cuda/level2/s3d/qssa2.h	_Z12qssa2_kernelIfEvPT_S1_PKS0_	15
1590	tests/benchmarks/shoc/src/cuda/level2/s3d/qssa2.h	_Z12qssa2_kernelIfEvPT_S1_PKS0_	16
1591	tests/benchmarks/shoc/src/cuda/level2/s3d/qssa2.h	_Z12qssa2_kernelIfEvPT_S1_PKS0_	17
1592	tests/benchmarks/shoc/src/cuda/level2/s3d/qssa2.h	_Z12qssa2_kernelIfEvPT_S1_PKS0_	18
1593	tests/benchmarks/shoc/src/cuda/level2/s3d/qssa2.h	_Z12qssa2_kernelIfEvPT_S1_PKS0_	19
1594	tests/benchmarks/shoc/src/cuda/level2/s3d/qssa2.h	_Z12qssa2_kernelIfEvPT_S1_PKS0_	20
1595	tests/benchmarks/shoc/src/cuda/level2/s3d/qssa2.h	_Z12qssa2_kernelIfEvPT_S1_PKS0_	21
1596	tests/benchmarks/shoc/src/cuda/level2/s3d/qssa2.h	_Z12qssa2_kernelIfEvPT_S1_PKS0_	23
1597	tests/benchmarks/shoc/src/cuda/level2/s3d/qssa2.h	_Z12qssa2_kernelIfEvPT_S1_PKS0_	24
1598	tests/benchmarks/shoc/src/cuda/level2/s3d/qssa2.h	_Z12qssa2_kernelIfEvPT_S1_PKS0_	25
1599	tests/benchmarks/shoc/src/cuda/level2/s3d/qssa2.h	_Z12qssa2_kernelIfEvPT_S1_PKS0_	26
1600	tests/benchmarks/shoc/src/cuda/level2/s3d/qssa2.h	_Z12qssa2_kernelIfEvPT_S1_PKS0_	27
1601	tests/benchmarks/shoc/src/cuda/level2/s3d/qssa2.h	_Z12qssa2_kernelIfEvPT_S1_PKS0_	28
1602	tests/benchmarks/shoc/src/cuda/level2/s3d/qssa2.h	_Z12qssa2_kernelIfEvPT_S1_PKS0_	29
1603	tests/benchmarks/shoc/src/cuda/level2/s3d/qssa2.h	_Z12qssa2_kernelIfEvPT_S1_PKS0_	30
1604	tests/benchmarks/shoc/src/cuda/level2/s3d/qssa2.h	_Z12qssa2_kernelIfEvPT_S1_PKS0_	31
1605	tests/benchmarks/shoc/src/cuda/level2/s3d/qssa2.h	_Z12qssa2_kernelIfEvPT_S1_PKS0_	32
1606	tests/benchmarks/shoc/src/cuda/level2/s3d/qssa2.h	_Z12qssa2_kernelIfEvPT_S1_PKS0_	33
1607	tests/benchmarks/shoc/src/cuda/level2/s3d/qssa2.h	_Z12qssa2_kernelIfEvPT_S1_PKS0_	34
1608	tests/benchmarks/shoc/src/cuda/level2/s3d/qssa2.h	_Z12qssa2_kernelIfEvPT_S1_PKS0_	35
1609	tests/benchmarks/shoc/src/cuda/level2/s3d/qssa2.h	_Z12qssa2_kernelIfEvPT_S1_PKS0_	36
1610	tests/benchmarks/shoc/src/cuda/level2/s3d/qssa2.h	_Z12qssa2_kernelIfEvPT_S1_PKS0_	37
1611	tests/benchmarks/shoc/src/cuda/level2/s3d/qssa2.h	_Z12qssa2_kernelIfEvPT_S1_PKS0_	38
1612	tests/benchmarks/shoc/src/cuda/level2/s3d/qssa2.h	_Z12qssa2_kernelIfEvPT_S1_PKS0_	39
1613	tests/benchmarks/shoc/src/cuda/level2/s3d/qssa2.h	_Z12qssa2_kernelIfEvPT_S1_PKS0_	40
1614	tests/benchmarks/shoc/src/cuda/level2/s3d/qssa2.h	_Z12qssa2_kernelIfEvPT_S1_PKS0_	41
1615	tests/benchmarks/shoc/src/cuda/level2/s3d/qssa2.h	_Z12qssa2_kernelIfEvPT_S1_PKS0_	42
1616	tests/benchmarks/shoc/src/cuda/level2/s3d/qssa2.h	_Z12qssa2_kernelIfEvPT_S1_PKS0_	43
1617	tests/benchmarks/shoc/src/cuda/level2/s3d/qssa2.h	_Z12qssa2_kernelIfEvPT_S1_PKS0_	44
1618	tests/benchmarks/shoc/src/cuda/level2/s3d/qssa2.h	_Z12qssa2_kernelIfEvPT_S1_PKS0_	45
1619	tests/benchmarks/shoc/src/cuda/level2/s3d/qssa2.h	_Z12qssa2_kernelIfEvPT_S1_PKS0_	46
1620	tests/benchmarks/shoc/src/cuda/level2/s3d/qssa2.h	_Z12qssa2_kernelIfEvPT_S1_PKS0_	47
1621	tests/benchmarks/shoc/src/cuda/level2/s3d/qssa2.h	_Z12qssa2_kernelIfEvPT_S1_PKS0_	48
1622	tests/benchmarks/shoc/src/cuda/level2/s3d/qssa2.h	_Z12qssa2_kernelIfEvPT_S1_PKS0_	49
1623	tests/benchmarks/shoc/src/cuda/level2/s3d/qssa2.h	_Z12qssa2_kernelIfEvPT_S1_PKS0_	50
1624	tests/benchmarks/shoc/src/cuda/level2/s3d/qssa2.h	_Z12qssa2_kernelIfEvPT_S1_PKS0_	51
1625	tests/benchmarks/shoc/src/cuda/level2/s3d/qssa2.h	_Z12qssa2_kernelIfEvPT_S1_PKS0_	52
1626	tests/benchmarks/shoc/src/cuda/level2/s3d/qssa2.h	_Z12qssa2_kernelIfEvPT_S1_PKS0_	53
1627	tests/benchmarks/shoc/src/cuda/level2/s3d/qssa2.h	_Z12qssa2_kernelIfEvPT_S1_PKS0_	54
1628	tests/benchmarks/shoc/src/cuda/level2/s3d/qssa2.h	_Z12qssa2_kernelIfEvPT_S1_PKS0_	55
1629	tests/benchmarks/shoc/src/cuda/level2/s3d/qssa2.h	_Z12qssa2_kernelIfEvPT_S1_PKS0_	56
1630	tests/benchmarks/shoc/src/cuda/level2/s3d/qssa2.h	_Z12qssa2_kernelIfEvPT_S1_PKS0_	57
1631	tests/benchmarks/shoc/src/cuda/level2/s3d/qssa2.h	_Z12qssa2_kernelIfEvPT_S1_PKS0_	58
1632	tests/benchmarks/shoc/src/cuda/level2/s3d/qssa2.h	_Z12qssa2_kernelIfEvPT_S1_PKS0_	59
1633	tests/benchmarks/shoc/src/cuda/level2/s3d/qssa2.h	_Z12qssa2_kernelIfEvPT_S1_PKS0_	60
1634	tests/benchmarks/shoc/src/cuda/level2/s3d/qssa2.h	_Z12qssa2_kernelIfEvPT_S1_PKS0_	61
1635	tests/benchmarks/shoc/src/cuda/level2/s3d/qssa2.h	_Z12qssa2_kernelIfEvPT_S1_PKS0_	62
1636	tests/benchmarks/shoc/src/cuda/level2/s3d/qssa2.h	_Z12qssa2_kernelIfEvPT_S1_PKS0_	63
1637	tests/benchmarks/shoc/src/cuda/level2/s3d/qssa2.h	_Z12qssa2_kernelIfEvPT_S1_PKS0_	64
1638	tests/benchmarks/shoc/src/cuda/level2/s3d/qssa2.h	_Z12qssa2_kernelIfEvPT_S1_PKS0_	65
1639	tests/benchmarks/shoc/src/cuda/level2/s3d/qssa2.h	_Z12qssa2_kernelIfEvPT_S1_PKS0_	66
1640	tests/benchmarks/shoc/src/cuda/level2/s3d/qssa2.h	_Z12qssa2_kernelIfEvPT_S1_PKS0_	67
1641	tests/benchmarks/shoc/src/cuda/level2/s3d/qssa2.h	_Z12qssa2_kernelIfEvPT_S1_PKS0_	68
1642	tests/benchmarks/shoc/src/cuda/level2/s3d/qssa2.h	_Z12qssa2_kernelIfEvPT_S1_PKS0_	69
1643	tests/benchmarks/shoc/src/cuda/level2/s3d/qssa2.h	_Z12qssa2_kernelIfEvPT_S1_PKS0_	70
1644	tests/benchmarks/shoc/src/cuda/level2/s3d/qssa2.h	_Z12qssa2_kernelIfEvPT_S1_PKS0_	71
1645	tests/benchmarks/shoc/src/cuda/level2/s3d/qssa2.h	_Z12qssa2_kernelIfEvPT_S1_PKS0_	72
1646	tests/benchmarks/shoc/src/cuda/level2/s3d/qssa2.h	_Z12qssa2_kernelIfEvPT_S1_PKS0_	73
1647	tests/benchmarks/shoc/src/cuda/level2/s3d/qssa2.h	_Z12qssa2_kernelIfEvPT_S1_PKS0_	74
1648	tests/benchmarks/shoc/src/cuda/level2/s3d/qssa2.h	_Z12qssa2_kernelIfEvPT_S1_PKS0_	75
1649	tests/benchmarks/shoc/src/cuda/level2/s3d/qssa2.h	_Z12qssa2_kernelIfEvPT_S1_PKS0_	76
1650	tests/benchmarks/shoc/src/cuda/level2/s3d/qssa2.h	_Z12qssa2_kernelIfEvPT_S1_PKS0_	77
1651	tests/benchmarks/shoc/src/cuda/level2/s3d/qssa2.h	_Z12qssa2_kernelIfEvPT_S1_PKS0_	78
1652	tests/benchmarks/shoc/src/cuda/level2/s3d/qssa2.h	_Z12qssa2_kernelIfEvPT_S1_PKS0_	79
1653	tests/benchmarks/shoc/src/cuda/level2/s3d/qssa2.h	_Z12qssa2_kernelIfEvPT_S1_PKS0_	80
1654	tests/benchmarks/shoc/src/cuda/level2/s3d/qssa2.h	_Z12qssa2_kernelIfEvPT_S1_PKS0_	81
1655	tests/benchmarks/shoc/src/cuda/level2/s3d/qssa2.h	_Z12qssa2_kernelIfEvPT_S1_PKS0_	82
1656	tests/benchmarks/shoc/src/cuda/level2/s3d/qssa2.h	_Z12qssa2_kernelIfEvPT_S1_PKS0_	83
1657	tests/benchmarks/shoc/src/cuda/level2/s3d/qssa2.h	_Z12qssa2_kernelIfEvPT_S1_PKS0_	84
1658	tests/benchmarks/shoc/src/cuda/level2/s3d/qssa2.h	_Z12qssa2_kernelIfEvPT_S1_PKS0_	85
1659	tests/benchmarks/shoc/src/cuda/level2/s3d/qssa2.h	_Z12qssa2_kernelIfEvPT_S1_PKS0_	86
1660	tests/benchmarks/shoc/src/cuda/level2/s3d/qssa2.h	_Z12qssa2_kernelIfEvPT_S1_PKS0_	87
1661	tests/benchmarks/shoc/src/cuda/level2/s3d/qssa2.h	_Z12qssa2_kernelIfEvPT_S1_PKS0_	88
1662	tests/benchmarks/shoc/src/cuda/level2/s3d/qssa2.h	_Z12qssa2_kernelIfEvPT_S1_PKS0_	89
1663	tests/benchmarks/shoc/src/cuda/level2/s3d/qssa2.h	_Z12qssa2_kernelIfEvPT_S1_PKS0_	90
1664	tests/benchmarks/shoc/src/cuda/level2/s3d/qssa2.h	_Z12qssa2_kernelIfEvPT_S1_PKS0_	91
1665	tests/benchmarks/shoc/src/cuda/level2/s3d/qssa2.h	_Z12qssa2_kernelIfEvPT_S1_PKS0_	92
1666	tests/benchmarks/shoc/src/cuda/level2/s3d/qssa2.h	_Z12qssa2_kernelIfEvPT_S1_PKS0_	93
1667	tests/benchmarks/shoc/src/cuda/level2/s3d/qssa2.h	_Z12qssa2_kernelIfEvPT_S1_PKS0_	94
1668	tests/benchmarks/shoc/src/cuda/level2/s3d/qssa2.h	_Z12qssa2_kernelIfEvPT_S1_PKS0_	95
1669	tests/benchmarks/shoc/src/cuda/level2/s3d/qssa2.h	_Z12qssa2_kernelIfEvPT_S1_PKS0_	96
1670	tests/benchmarks/shoc/src/cuda/level2/s3d/qssa2.h	_Z12qssa2_kernelIfEvPT_S1_PKS0_	97
1671	tests/benchmarks/shoc/src/cuda/level2/s3d/qssa2.h	_Z12qssa2_kernelIfEvPT_S1_PKS0_	98
1672	tests/benchmarks/shoc/src/cuda/level2/s3d/qssa2.h	_Z12qssa2_kernelIfEvPT_S1_PKS0_	99
1673	tests/benchmarks/shoc/src/cuda/level2/s3d/qssa2.h	_Z12qssa2_kernelIfEvPT_S1_PKS0_	100
1674	tests/benchmarks/shoc/src/cuda/level2/s3d/qssa2.h	_Z12qssa2_kernelIfEvPT_S1_PKS0_	101
1675	tests/benchmarks/shoc/src/cuda/level2/s3d/qssa2.h	_Z12qssa2_kernelIfEvPT_S1_PKS0_	102
1676	tests/benchmarks/shoc/src/cuda/level2/s3d/qssa2.h	_Z12qssa2_kernelIfEvPT_S1_PKS0_	103
1677	tests/benchmarks/shoc/src/cuda/level2/s3d/qssa2.h	_Z12qssa2_kernelIfEvPT_S1_PKS0_	104
1678	tests/benchmarks/shoc/src/cuda/level2/s3d/qssa2.h	_Z12qssa2_kernelIfEvPT_S1_PKS0_	105
1679	tests/benchmarks/shoc/src/cuda/level2/s3d/qssa2.h	_Z12qssa2_kernelIfEvPT_S1_PKS0_	106
1680	tests/benchmarks/shoc/src/cuda/level2/s3d/qssa2.h	_Z12qssa2_kernelIfEvPT_S1_PKS0_	107
1681	tests/benchmarks/shoc/src/cuda/level2/s3d/qssa2.h	_Z12qssa2_kernelIfEvPT_S1_PKS0_	108
1682	tests/benchmarks/shoc/src/cuda/level2/s3d/qssa2.h	_Z12qssa2_kernelIfEvPT_S1_PKS0_	109
1683	tests/benchmarks/shoc/src/cuda/level2/s3d/qssa2.h	_Z12qssa2_kernelIfEvPT_S1_PKS0_	110
1684	tests/benchmarks/shoc/src/cuda/level2/s3d/qssa2.h	_Z12qssa2_kernelIfEvPT_S1_PKS0_	111
1685	tests/benchmarks/shoc/src/cuda/level2/s3d/qssa2.h	_Z12qssa2_kernelIfEvPT_S1_PKS0_	112
1686	tests/benchmarks/shoc/src/cuda/level2/s3d/qssa2.h	_Z12qssa2_kernelIfEvPT_S1_PKS0_	113
1687	tests/benchmarks/shoc/src/cuda/level2/s3d/qssa2.h	_Z12qssa2_kernelIfEvPT_S1_PKS0_	114
1688	tests/benchmarks/shoc/src/cuda/level2/s3d/qssa2.h	_Z12qssa2_kernelIfEvPT_S1_PKS0_	115
1689	tests/benchmarks/shoc/src/cuda/level2/s3d/qssa2.h	_Z12qssa2_kernelIfEvPT_S1_PKS0_	116
1690	tests/benchmarks/shoc/src/cuda/level2/s3d/qssa2.h	_Z12qssa2_kernelIfEvPT_S1_PKS0_	117
1691	tests/benchmarks/shoc/src/cuda/level2/s3d/qssa2.h	_Z12qssa2_kernelIfEvPT_S1_PKS0_	118
1692	tests/benchmarks/shoc/src/cuda/level2/s3d/qssa2.h	_Z12qssa2_kernelIfEvPT_S1_PKS0_	119
1693	tests/benchmarks/shoc/src/cuda/level2/s3d/qssa2.h	_Z12qssa2_kernelIfEvPT_S1_PKS0_	120
1694	tests/benchmarks/shoc/src/cuda/level2/s3d/qssa2.h	_Z12qssa2_kernelIfEvPT_S1_PKS0_	121
1695	tests/benchmarks/shoc/src/cuda/level2/s3d/qssa2.h	_Z12qssa2_kernelIfEvPT_S1_PKS0_	122
1696	tests/benchmarks/shoc/src/cuda/level2/s3d/qssa2.h	_Z12qssa2_kernelIfEvPT_S1_PKS0_	123
1697	tests/benchmarks/shoc/src/cuda/level2/s3d/qssa2.h	_Z12qssa2_kernelIfEvPT_S1_PKS0_	124
1698	tests/benchmarks/shoc/src/cuda/level2/s3d/qssa2.h	_Z12qssa2_kernelIfEvPT_S1_PKS0_	125
1699	tests/benchmarks/shoc/src/cuda/level2/s3d/qssa2.h	_Z12qssa2_kernelIfEvPT_S1_PKS0_	126
1700	tests/benchmarks/shoc/src/cuda/level2/s3d/qssa2.h	_Z12qssa2_kernelIfEvPT_S1_PKS0_	127
1701	tests/benchmarks/shoc/src/cuda/level2/s3d/qssa2.h	_Z12qssa2_kernelIfEvPT_S1_PKS0_	128
1702	tests/benchmarks/shoc/src/cuda/level2/s3d/qssa2.h	_Z12qssa2_kernelIfEvPT_S1_PKS0_	129
1703	tests/benchmarks/shoc/src/cuda/level2/s3d/qssa2.h	_Z12qssa2_kernelIfEvPT_S1_PKS0_	130
1704	tests/benchmarks/shoc/src/cuda/level2/s3d/qssa2.h	_Z12qssa2_kernelIfEvPT_S1_PKS0_	131
1705	tests/benchmarks/shoc/src/cuda/level2/s3d/qssa2.h	_Z12qssa2_kernelIfEvPT_S1_PKS0_	132
1706	tests/benchmarks/shoc/src/cuda/level2/s3d/qssa2.h	_Z12qssa2_kernelIfEvPT_S1_PKS0_	133
1707	tests/benchmarks/shoc/src/cuda/level2/s3d/qssa2.h	_Z12qssa2_kernelIfEvPT_S1_PKS0_	134
1708	tests/benchmarks/shoc/src/cuda/level2/s3d/qssa2.h	_Z12qssa2_kernelIfEvPT_S1_PKS0_	135
1709	tests/benchmarks/shoc/src/cuda/level2/s3d/qssa2.h	_Z12qssa2_kernelIfEvPT_S1_PKS0_	136
1710	tests/benchmarks/shoc/src/cuda/level2/s3d/qssa2.h	_Z12qssa2_kernelIfEvPT_S1_PKS0_	137
1711	tests/benchmarks/shoc/src/cuda/level2/s3d/qssa2.h	_Z12qssa2_kernelIfEvPT_S1_PKS0_	138
1712	tests/benchmarks/shoc/src/cuda/level2/s3d/qssa2.h	_Z12qssa2_kernelIfEvPT_S1_PKS0_	139
1713	tests/benchmarks/shoc/src/cuda/level2/s3d/qssa2.h	_Z12qssa2_kernelIfEvPT_S1_PKS0_	140
1714	tests/benchmarks/shoc/src/cuda/level2/s3d/qssa2.h	_Z12qssa2_kernelIfEvPT_S1_PKS0_	141
1715	tests/benchmarks/shoc/src/cuda/level2/s3d/qssa2.h	_Z12qssa2_kernelIfEvPT_S1_PKS0_	142
1716	tests/benchmarks/shoc/src/cuda/level2/s3d/qssa2.h	_Z12qssa2_kernelIfEvPT_S1_PKS0_	143
1717	tests/benchmarks/shoc/src/cuda/level2/s3d/qssa2.h	_Z12qssa2_kernelIfEvPT_S1_PKS0_	144
1718	tests/benchmarks/shoc/src/cuda/level2/s3d/qssa2.h	_Z12qssa2_kernelIfEvPT_S1_PKS0_	145
1719	tests/benchmarks/shoc/src/cuda/level2/s3d/qssa2.h	_Z12qssa2_kernelIfEvPT_S1_PKS0_	146
1720	tests/benchmarks/shoc/src/cuda/level2/s3d/qssa2.h	_Z12qssa2_kernelIfEvPT_S1_PKS0_	147
1721	tests/benchmarks/shoc/src/cuda/level2/s3d/qssa2.h	_Z12qssa2_kernelIfEvPT_S1_PKS0_	148
1722	tests/benchmarks/shoc/src/cuda/level2/s3d/qssa2.h	_Z12qssa2_kernelIfEvPT_S1_PKS0_	149
1723	tests/benchmarks/shoc/src/cuda/level2/s3d/qssa2.h	_Z12qssa2_kernelIfEvPT_S1_PKS0_	150
1724	tests/benchmarks/shoc/src/cuda/level2/s3d/qssa2.h	_Z12qssa2_kernelIfEvPT_S1_PKS0_	151
1725	tests/benchmarks/shoc/src/cuda/level2/s3d/qssa2.h	_Z12qssa2_kernelIfEvPT_S1_PKS0_	152
1726	tests/benchmarks/shoc/src/cuda/level2/s3d/qssa2.h	_Z12qssa2_kernelIfEvPT_S1_PKS0_	153
1727	tests/benchmarks/shoc/src/cuda/level2/s3d/qssa2.h	_Z12qssa2_kernelIfEvPT_S1_PKS0_	154
1728	tests/benchmarks/shoc/src/cuda/level2/s3d/qssa2.h	_Z12qssa2_kernelIfEvPT_S1_PKS0_	155
1729	tests/benchmarks/shoc/src/cuda/level2/s3d/qssa2.h	_Z12qssa2_kernelIfEvPT_S1_PKS0_	156
1730	tests/benchmarks/shoc/src/cuda/level2/s3d/qssa2.h	_Z12qssa2_kernelIfEvPT_S1_PKS0_	157
1731	tests/benchmarks/shoc/src/cuda/level2/s3d/qssa2.h	_Z12qssa2_kernelIfEvPT_S1_PKS0_	158
1732	tests/benchmarks/shoc/src/cuda/level2/s3d/qssa2.h	_Z12qssa2_kernelIfEvPT_S1_PKS0_	159
1733	tests/benchmarks/shoc/src/cuda/level2/s3d/qssa2.h	_Z12qssa2_kernelIfEvPT_S1_PKS0_	160
1734	tests/benchmarks/shoc/src/cuda/level2/s3d/qssa2.h	_Z12qssa2_kernelIfEvPT_S1_PKS0_	161
1735	tests/benchmarks/shoc/src/cuda/level2/s3d/qssa2.h	_Z12qssa2_kernelIfEvPT_S1_PKS0_	162
1736	tests/benchmarks/shoc/src/cuda/level2/s3d/qssa2.h	_Z12qssa2_kernelIfEvPT_S1_PKS0_	163
1737	tests/benchmarks/shoc/src/cuda/level2/s3d/qssa2.h	_Z12qssa2_kernelIfEvPT_S1_PKS0_	164
1738	tests/benchmarks/shoc/src/cuda/level2/s3d/qssa2.h	_Z12qssa2_kernelIfEvPT_S1_PKS0_	165
1739	tests/benchmarks/shoc/src/cuda/level2/s3d/qssa2.h	_Z12qssa2_kernelIfEvPT_S1_PKS0_	166
1740	tests/benchmarks/shoc/src/cuda/level2/s3d/qssa2.h	_Z12qssa2_kernelIfEvPT_S1_PKS0_	167
1741	tests/benchmarks/shoc/src/cuda/level2/s3d/qssa2.h	_Z12qssa2_kernelIfEvPT_S1_PKS0_	168
1742	tests/benchmarks/shoc/src/cuda/level2/s3d/qssa2.h	_Z12qssa2_kernelIfEvPT_S1_PKS0_	169
1743	tests/benchmarks/shoc/src/cuda/level2/s3d/qssa2.h	_Z12qssa2_kernelIfEvPT_S1_PKS0_	170
1744	tests/benchmarks/shoc/src/cuda/level2/s3d/qssa2.h	_Z12qssa2_kernelIfEvPT_S1_PKS0_	171
1745	tests/benchmarks/shoc/src/cuda/level2/s3d/qssa2.h	_Z12qssa2_kernelIfEvPT_S1_PKS0_	172
1746	tests/benchmarks/shoc/src/cuda/level2/s3d/qssa2.h	_Z12qssa2_kernelIfEvPT_S1_PKS0_	173
1747	tests/benchmarks/shoc/src/cuda/level2/s3d/qssa2.h	_Z12qssa2_kernelIfEvPT_S1_PKS0_	174
1748	tests/benchmarks/shoc/src/cuda/level2/s3d/qssa2.h	_Z12qssa2_kernelIfEvPT_S1_PKS0_	175
1749	tests/benchmarks/shoc/src/cuda/level2/s3d/qssa2.h	_Z12qssa2_kernelIfEvPT_S1_PKS0_	176
1750	tests/benchmarks/shoc/src/cuda/level2/s3d/qssa2.h	_Z12qssa2_kernelIfEvPT_S1_PKS0_	177
1751	tests/benchmarks/shoc/src/cuda/level2/s3d/qssa2.h	_Z12qssa2_kernelIfEvPT_S1_PKS0_	178
1752	tests/benchmarks/shoc/src/cuda/level2/s3d/qssa2.h	_Z12qssa2_kernelIfEvPT_S1_PKS0_	179
1753	tests/benchmarks/shoc/src/cuda/level2/s3d/qssa2.h	_Z12qssa2_kernelIfEvPT_S1_PKS0_	180
1754	tests/benchmarks/shoc/src/cuda/level2/s3d/qssa2.h	_Z12qssa2_kernelIfEvPT_S1_PKS0_	181
1755	tests/benchmarks/shoc/src/cuda/level2/s3d/qssa2.h	_Z12qssa2_kernelIfEvPT_S1_PKS0_	182
1756	tests/benchmarks/shoc/src/cuda/level2/s3d/qssa2.h	_Z12qssa2_kernelIfEvPT_S1_PKS0_	183
1757	tests/benchmarks/shoc/src/cuda/level2/s3d/qssa2.h	_Z12qssa2_kernelIfEvPT_S1_PKS0_	184
1758	tests/benchmarks/shoc/src/cuda/level2/s3d/qssa2.h	_Z12qssa2_kernelIfEvPT_S1_PKS0_	185
1759	tests/benchmarks/shoc/src/cuda/level2/s3d/qssa2.h	_Z12qssa2_kernelIfEvPT_S1_PKS0_	186
1760	tests/benchmarks/shoc/src/cuda/level2/s3d/qssa2.h	_Z12qssa2_kernelIfEvPT_S1_PKS0_	187
1761	tests/benchmarks/shoc/src/cuda/level2/s3d/qssa2.h	_Z12qssa2_kernelIfEvPT_S1_PKS0_	188
1762	tests/benchmarks/shoc/src/cuda/level2/s3d/rdwdot.h	_Z13rdwdot_kernelIfEvPKT_S2_PS0_S0_S2_	16
1763	tests/benchmarks/shoc/src/cuda/level2/s3d/rdwdot.h	_Z13rdwdot_kernelIfEvPKT_S2_PS0_S0_S2_	17
1764	tests/benchmarks/shoc/src/cuda/level2/s3d/rdwdot.h	_Z13rdwdot_kernelIfEvPKT_S2_PS0_S0_S2_	19
1765	tests/benchmarks/shoc/src/cuda/level2/s3d/rdwdot.h	_Z13rdwdot_kernelIfEvPKT_S2_PS0_S0_S2_	20
1766	tests/benchmarks/shoc/src/cuda/level2/s3d/rdwdot.h	_Z13rdwdot_kernelIfEvPKT_S2_PS0_S0_S2_	21
1767	tests/benchmarks/shoc/src/cuda/level2/s3d/rdwdot.h	_Z13rdwdot_kernelIfEvPKT_S2_PS0_S0_S2_	22
1768	tests/benchmarks/shoc/src/cuda/level2/s3d/rdwdot.h	_Z13rdwdot_kernelIfEvPKT_S2_PS0_S0_S2_	23
1769	tests/benchmarks/shoc/src/cuda/level2/s3d/rdwdot.h	_Z13rdwdot_kernelIfEvPKT_S2_PS0_S0_S2_	24
1770	tests/benchmarks/shoc/src/cuda/level2/s3d/rdwdot.h	_Z13rdwdot_kernelIfEvPKT_S2_PS0_S0_S2_	25
1771	tests/benchmarks/shoc/src/cuda/level2/s3d/rdwdot.h	_Z13rdwdot_kernelIfEvPKT_S2_PS0_S0_S2_	26
1772	tests/benchmarks/shoc/src/cuda/level2/s3d/rdwdot.h	_Z13rdwdot_kernelIfEvPKT_S2_PS0_S0_S2_	27
1773	tests/benchmarks/shoc/src/cuda/level2/s3d/rdwdot.h	_Z13rdwdot_kernelIfEvPKT_S2_PS0_S0_S2_	28
1774	tests/benchmarks/shoc/src/cuda/level2/s3d/rdwdot.h	_Z13rdwdot_kernelIfEvPKT_S2_PS0_S0_S2_	29
1775	tests/benchmarks/shoc/src/cuda/level2/s3d/rdwdot.h	_Z13rdwdot_kernelIfEvPKT_S2_PS0_S0_S2_	30
1776	tests/benchmarks/shoc/src/cuda/level2/s3d/rdwdot.h	_Z13rdwdot_kernelIfEvPKT_S2_PS0_S0_S2_	31
1777	tests/benchmarks/shoc/src/cuda/level2/s3d/rdwdot.h	_Z13rdwdot_kernelIfEvPKT_S2_PS0_S0_S2_	32
1778	tests/benchmarks/shoc/src/cuda/level2/s3d/rdwdot.h	_Z13rdwdot_kernelIfEvPKT_S2_PS0_S0_S2_	33
1779	tests/benchmarks/shoc/src/cuda/level2/s3d/rdwdot.h	_Z13rdwdot_kernelIfEvPKT_S2_PS0_S0_S2_	34
1780	tests/benchmarks/shoc/src/cuda/level2/s3d/rdwdot.h	_Z13rdwdot_kernelIfEvPKT_S2_PS0_S0_S2_	35
1781	tests/benchmarks/shoc/src/cuda/level2/s3d/rdwdot.h	_Z13rdwdot_kernelIfEvPKT_S2_PS0_S0_S2_	36
1782	tests/benchmarks/shoc/src/cuda/level2/s3d/rdwdot.h	_Z13rdwdot_kernelIfEvPKT_S2_PS0_S0_S2_	37
1783	tests/benchmarks/shoc/src/cuda/level2/s3d/rdwdot.h	_Z13rdwdot_kernelIfEvPKT_S2_PS0_S0_S2_	38
1784	tests/benchmarks/shoc/src/cuda/level2/s3d/rdwdot.h	_Z14rdwdot2_kernelIfEvPKT_S2_PS0_S0_S2_	48
1785	tests/benchmarks/shoc/src/cuda/level2/s3d/rdwdot.h	_Z14rdwdot2_kernelIfEvPKT_S2_PS0_S0_S2_	49
1786	tests/benchmarks/shoc/src/cuda/level2/s3d/rdwdot.h	_Z14rdwdot2_kernelIfEvPKT_S2_PS0_S0_S2_	50
1787	tests/benchmarks/shoc/src/cuda/level2/s3d/rdwdot.h	_Z14rdwdot2_kernelIfEvPKT_S2_PS0_S0_S2_	51
1788	tests/benchmarks/shoc/src/cuda/level2/s3d/rdwdot.h	_Z14rdwdot2_kernelIfEvPKT_S2_PS0_S0_S2_	52
1789	tests/benchmarks/shoc/src/cuda/level2/s3d/rdwdot.h	_Z14rdwdot2_kernelIfEvPKT_S2_PS0_S0_S2_	54
1790	tests/benchmarks/shoc/src/cuda/level2/s3d/rdwdot.h	_Z14rdwdot2_kernelIfEvPKT_S2_PS0_S0_S2_	55
1791	tests/benchmarks/shoc/src/cuda/level2/s3d/rdwdot.h	_Z14rdwdot2_kernelIfEvPKT_S2_PS0_S0_S2_	56
1792	tests/benchmarks/shoc/src/cuda/level2/s3d/rdwdot.h	_Z14rdwdot2_kernelIfEvPKT_S2_PS0_S0_S2_	57
1793	tests/benchmarks/shoc/src/cuda/level2/s3d/rdwdot.h	_Z14rdwdot3_kernelIfEvPKT_S2_PS0_S0_S2_	69
1794	tests/benchmarks/shoc/src/cuda/level2/s3d/rdwdot.h	_Z14rdwdot3_kernelIfEvPKT_S2_PS0_S0_S2_	71
1795	tests/benchmarks/shoc/src/cuda/level2/s3d/rdwdot.h	_Z14rdwdot3_kernelIfEvPKT_S2_PS0_S0_S2_	72
1796	tests/benchmarks/shoc/src/cuda/level2/s3d/rdwdot.h	_Z14rdwdot3_kernelIfEvPKT_S2_PS0_S0_S2_	73
1797	tests/benchmarks/shoc/src/cuda/level2/s3d/rdwdot.h	_Z14rdwdot3_kernelIfEvPKT_S2_PS0_S0_S2_	74
1798	tests/benchmarks/shoc/src/cuda/level2/s3d/rdwdot.h	_Z14rdwdot3_kernelIfEvPKT_S2_PS0_S0_S2_	75
1799	tests/benchmarks/shoc/src/cuda/level2/s3d/rdwdot.h	_Z14rdwdot3_kernelIfEvPKT_S2_PS0_S0_S2_	76
1800	tests/benchmarks/shoc/src/cuda/level2/s3d/rdwdot.h	_Z14rdwdot3_kernelIfEvPKT_S2_PS0_S0_S2_	77
1801	tests/benchmarks/shoc/src/cuda/level2/s3d/rdwdot.h	_Z14rdwdot3_kernelIfEvPKT_S2_PS0_S0_S2_	78
1802	tests/benchmarks/shoc/src/cuda/level2/s3d/rdwdot.h	_Z14rdwdot3_kernelIfEvPKT_S2_PS0_S0_S2_	79
1803	tests/benchmarks/shoc/src/cuda/level2/s3d/rdwdot.h	_Z14rdwdot3_kernelIfEvPKT_S2_PS0_S0_S2_	80
1804	tests/benchmarks/shoc/src/cuda/level2/s3d/rdwdot.h	_Z14rdwdot3_kernelIfEvPKT_S2_PS0_S0_S2_	81
1805	tests/benchmarks/shoc/src/cuda/level2/s3d/rdwdot.h	_Z14rdwdot3_kernelIfEvPKT_S2_PS0_S0_S2_	82
1806	tests/benchmarks/shoc/src/cuda/level2/s3d/rdwdot.h	_Z14rdwdot3_kernelIfEvPKT_S2_PS0_S0_S2_	84
1807	tests/benchmarks/shoc/src/cuda/level2/s3d/rdwdot.h	_Z14rdwdot3_kernelIfEvPKT_S2_PS0_S0_S2_	85
1808	tests/benchmarks/shoc/src/cuda/level2/s3d/rdwdot.h	_Z14rdwdot3_kernelIfEvPKT_S2_PS0_S0_S2_	86
1809	tests/benchmarks/shoc/src/cuda/level2/s3d/rdwdot.h	_Z14rdwdot3_kernelIfEvPKT_S2_PS0_S0_S2_	87
1810	tests/benchmarks/shoc/src/cuda/level2/s3d/rdwdot.h	_Z14rdwdot3_kernelIfEvPKT_S2_PS0_S0_S2_	88
1811	tests/benchmarks/shoc/src/cuda/level2/s3d/rdwdot.h	_Z14rdwdot3_kernelIfEvPKT_S2_PS0_S0_S2_	89
1812	tests/benchmarks/shoc/src/cuda/level2/s3d/rdwdot.h	_Z14rdwdot3_kernelIfEvPKT_S2_PS0_S0_S2_	90
1813	tests/benchmarks/shoc/src/cuda/level2/s3d/rdwdot.h	_Z14rdwdot3_kernelIfEvPKT_S2_PS0_S0_S2_	91
1814	tests/benchmarks/shoc/src/cuda/level2/s3d/rdwdot.h	_Z14rdwdot3_kernelIfEvPKT_S2_PS0_S0_S2_	92
1815	tests/benchmarks/shoc/src/cuda/level2/s3d/rdwdot.h	_Z14rdwdot3_kernelIfEvPKT_S2_PS0_S0_S2_	93
1816	tests/benchmarks/shoc/src/cuda/level2/s3d/rdwdot.h	_Z14rdwdot3_kernelIfEvPKT_S2_PS0_S0_S2_	95
1817	tests/benchmarks/shoc/src/cuda/level2/s3d/rdwdot.h	_Z14rdwdot3_kernelIfEvPKT_S2_PS0_S0_S2_	96
1818	tests/benchmarks/shoc/src/cuda/level2/s3d/rdwdot.h	_Z14rdwdot3_kernelIfEvPKT_S2_PS0_S0_S2_	97
1819	tests/benchmarks/shoc/src/cuda/level2/s3d/rdwdot.h	_Z14rdwdot3_kernelIfEvPKT_S2_PS0_S0_S2_	98
1820	tests/benchmarks/shoc/src/cuda/level2/s3d/rdwdot.h	_Z14rdwdot3_kernelIfEvPKT_S2_PS0_S0_S2_	99
1821	tests/benchmarks/shoc/src/cuda/level2/s3d/rdwdot.h	_Z14rdwdot3_kernelIfEvPKT_S2_PS0_S0_S2_	100
1822	tests/benchmarks/shoc/src/cuda/level2/s3d/rdwdot.h	_Z14rdwdot3_kernelIfEvPKT_S2_PS0_S0_S2_	101
1823	tests/benchmarks/shoc/src/cuda/level2/s3d/rdwdot.h	_Z14rdwdot3_kernelIfEvPKT_S2_PS0_S0_S2_	102
1824	tests/benchmarks/shoc/src/cuda/level2/s3d/rdwdot.h	_Z14rdwdot6_kernelIfEvPKT_S2_PS0_S0_S2_	112
1825	tests/benchmarks/shoc/src/cuda/level2/s3d/rdwdot.h	_Z14rdwdot6_kernelIfEvPKT_S2_PS0_S0_S2_	113
1826	tests/benchmarks/shoc/src/cuda/level2/s3d/rdwdot.h	_Z14rdwdot6_kernelIfEvPKT_S2_PS0_S0_S2_	114
1827	tests/benchmarks/shoc/src/cuda/level2/s3d/rdwdot.h	_Z14rdwdot6_kernelIfEvPKT_S2_PS0_S0_S2_	115
1828	tests/benchmarks/shoc/src/cuda/level2/s3d/rdwdot.h	_Z14rdwdot6_kernelIfEvPKT_S2_PS0_S0_S2_	116
1829	tests/benchmarks/shoc/src/cuda/level2/s3d/rdwdot.h	_Z14rdwdot6_kernelIfEvPKT_S2_PS0_S0_S2_	117
1830	tests/benchmarks/shoc/src/cuda/level2/s3d/rdwdot.h	_Z14rdwdot6_kernelIfEvPKT_S2_PS0_S0_S2_	118
1831	tests/benchmarks/shoc/src/cuda/level2/s3d/rdwdot.h	_Z14rdwdot6_kernelIfEvPKT_S2_PS0_S0_S2_	119
1832	tests/benchmarks/shoc/src/cuda/level2/s3d/rdwdot.h	_Z14rdwdot6_kernelIfEvPKT_S2_PS0_S0_S2_	120
1833	tests/benchmarks/shoc/src/cuda/level2/s3d/rdwdot.h	_Z14rdwdot6_kernelIfEvPKT_S2_PS0_S0_S2_	121
1834	tests/benchmarks/shoc/src/cuda/level2/s3d/rdwdot.h	_Z14rdwdot6_kernelIfEvPKT_S2_PS0_S0_S2_	122
1835	tests/benchmarks/shoc/src/cuda/level2/s3d/rdwdot.h	_Z14rdwdot6_kernelIfEvPKT_S2_PS0_S0_S2_	123
1836	tests/benchmarks/shoc/src/cuda/level2/s3d/rdwdot.h	_Z14rdwdot6_kernelIfEvPKT_S2_PS0_S0_S2_	124
1837	tests/benchmarks/shoc/src/cuda/level2/s3d/rdwdot.h	_Z14rdwdot7_kernelIfEvPKT_S2_PS0_S0_S2_	134
1838	tests/benchmarks/shoc/src/cuda/level2/s3d/rdwdot.h	_Z14rdwdot7_kernelIfEvPKT_S2_PS0_S0_S2_	135
1839	tests/benchmarks/shoc/src/cuda/level2/s3d/rdwdot.h	_Z14rdwdot7_kernelIfEvPKT_S2_PS0_S0_S2_	136
1840	tests/benchmarks/shoc/src/cuda/level2/s3d/rdwdot.h	_Z14rdwdot7_kernelIfEvPKT_S2_PS0_S0_S2_	137
1841	tests/benchmarks/shoc/src/cuda/level2/s3d/rdwdot.h	_Z14rdwdot7_kernelIfEvPKT_S2_PS0_S0_S2_	138
1842	tests/benchmarks/shoc/src/cuda/level2/s3d/rdwdot.h	_Z14rdwdot7_kernelIfEvPKT_S2_PS0_S0_S2_	139
1843	tests/benchmarks/shoc/src/cuda/level2/s3d/rdwdot.h	_Z14rdwdot7_kernelIfEvPKT_S2_PS0_S0_S2_	140
1844	tests/benchmarks/shoc/src/cuda/level2/s3d/rdwdot.h	_Z14rdwdot7_kernelIfEvPKT_S2_PS0_S0_S2_	141
1845	tests/benchmarks/shoc/src/cuda/level2/s3d/rdwdot.h	_Z14rdwdot7_kernelIfEvPKT_S2_PS0_S0_S2_	142
1846	tests/benchmarks/shoc/src/cuda/level2/s3d/rdwdot.h	_Z14rdwdot7_kernelIfEvPKT_S2_PS0_S0_S2_	143
1847	tests/benchmarks/shoc/src/cuda/level2/s3d/rdwdot.h	_Z14rdwdot7_kernelIfEvPKT_S2_PS0_S0_S2_	144
1848	tests/benchmarks/shoc/src/cuda/level2/s3d/rdwdot.h	_Z14rdwdot7_kernelIfEvPKT_S2_PS0_S0_S2_	145
1849	tests/benchmarks/shoc/src/cuda/level2/s3d/rdwdot.h	_Z14rdwdot7_kernelIfEvPKT_S2_PS0_S0_S2_	146
1850	tests/benchmarks/shoc/src/cuda/level2/s3d/rdwdot.h	_Z14rdwdot7_kernelIfEvPKT_S2_PS0_S0_S2_	147
1851	tests/benchmarks/shoc/src/cuda/level2/s3d/rdwdot.h	_Z14rdwdot7_kernelIfEvPKT_S2_PS0_S0_S2_	148
1852	tests/benchmarks/shoc/src/cuda/level2/s3d/rdwdot.h	_Z14rdwdot7_kernelIfEvPKT_S2_PS0_S0_S2_	149
1853	tests/benchmarks/shoc/src/cuda/level2/s3d/rdwdot.h	_Z14rdwdot7_kernelIfEvPKT_S2_PS0_S0_S2_	150
1854	tests/benchmarks/shoc/src/cuda/level2/s3d/rdwdot.h	_Z14rdwdot7_kernelIfEvPKT_S2_PS0_S0_S2_	151
1855	tests/benchmarks/shoc/src/cuda/level2/s3d/rdwdot.h	_Z14rdwdot8_kernelIfEvPKT_S2_PS0_S0_S2_	161
1856	tests/benchmarks/shoc/src/cuda/level2/s3d/rdwdot.h	_Z14rdwdot8_kernelIfEvPKT_S2_PS0_S0_S2_	162
1857	tests/benchmarks/shoc/src/cuda/level2/s3d/rdwdot.h	_Z14rdwdot8_kernelIfEvPKT_S2_PS0_S0_S2_	163
1858	tests/benchmarks/shoc/src/cuda/level2/s3d/rdwdot.h	_Z14rdwdot8_kernelIfEvPKT_S2_PS0_S0_S2_	165
1859	tests/benchmarks/shoc/src/cuda/level2/s3d/rdwdot.h	_Z14rdwdot8_kernelIfEvPKT_S2_PS0_S0_S2_	166
1860	tests/benchmarks/shoc/src/cuda/level2/s3d/rdwdot.h	_Z14rdwdot8_kernelIfEvPKT_S2_PS0_S0_S2_	167
1861	tests/benchmarks/shoc/src/cuda/level2/s3d/rdwdot.h	_Z14rdwdot8_kernelIfEvPKT_S2_PS0_S0_S2_	168
1862	tests/benchmarks/shoc/src/cuda/level2/s3d/rdwdot.h	_Z14rdwdot8_kernelIfEvPKT_S2_PS0_S0_S2_	169
1863	tests/benchmarks/shoc/src/cuda/level2/s3d/rdwdot.h	_Z14rdwdot8_kernelIfEvPKT_S2_PS0_S0_S2_	170
1864	tests/benchmarks/shoc/src/cuda/level2/s3d/rdwdot.h	_Z14rdwdot8_kernelIfEvPKT_S2_PS0_S0_S2_	171
1865	tests/benchmarks/shoc/src/cuda/level2/s3d/rdwdot.h	_Z14rdwdot8_kernelIfEvPKT_S2_PS0_S0_S2_	172
1866	tests/benchmarks/shoc/src/cuda/level2/s3d/rdwdot.h	_Z14rdwdot8_kernelIfEvPKT_S2_PS0_S0_S2_	173
1867	tests/benchmarks/shoc/src/cuda/level2/s3d/rdwdot.h	_Z14rdwdot8_kernelIfEvPKT_S2_PS0_S0_S2_	174
1868	tests/benchmarks/shoc/src/cuda/level2/s3d/rdwdot.h	_Z14rdwdot8_kernelIfEvPKT_S2_PS0_S0_S2_	175
1869	tests/benchmarks/shoc/src/cuda/level2/s3d/rdwdot.h	_Z14rdwdot8_kernelIfEvPKT_S2_PS0_S0_S2_	176
1870	tests/benchmarks/shoc/src/cuda/level2/s3d/rdwdot.h	_Z14rdwdot8_kernelIfEvPKT_S2_PS0_S0_S2_	177
1871	tests/benchmarks/shoc/src/cuda/level2/s3d/rdwdot.h	_Z14rdwdot8_kernelIfEvPKT_S2_PS0_S0_S2_	178
1872	tests/benchmarks/shoc/src/cuda/level2/s3d/rdwdot.h	_Z14rdwdot9_kernelIfEvPKT_S2_PS0_S0_S2_	187
1873	tests/benchmarks/shoc/src/cuda/level2/s3d/rdwdot.h	_Z14rdwdot9_kernelIfEvPKT_S2_PS0_S0_S2_	188
1874	tests/benchmarks/shoc/src/cuda/level2/s3d/rdwdot.h	_Z14rdwdot9_kernelIfEvPKT_S2_PS0_S0_S2_	189
1875	tests/benchmarks/shoc/src/cuda/level2/s3d/rdwdot.h	_Z14rdwdot9_kernelIfEvPKT_S2_PS0_S0_S2_	190
1876	tests/benchmarks/shoc/src/cuda/level2/s3d/rdwdot.h	_Z14rdwdot9_kernelIfEvPKT_S2_PS0_S0_S2_	191
1877	tests/benchmarks/shoc/src/cuda/level2/s3d/rdwdot.h	_Z14rdwdot9_kernelIfEvPKT_S2_PS0_S0_S2_	192
1878	tests/benchmarks/shoc/src/cuda/level2/s3d/rdwdot.h	_Z14rdwdot9_kernelIfEvPKT_S2_PS0_S0_S2_	193
1879	tests/benchmarks/shoc/src/cuda/level2/s3d/rdwdot.h	_Z14rdwdot9_kernelIfEvPKT_S2_PS0_S0_S2_	194
1880	tests/benchmarks/shoc/src/cuda/level2/s3d/rdwdot.h	_Z14rdwdot9_kernelIfEvPKT_S2_PS0_S0_S2_	195
1881	tests/benchmarks/shoc/src/cuda/level2/s3d/rdwdot.h	_Z14rdwdot9_kernelIfEvPKT_S2_PS0_S0_S2_	196
1882	tests/benchmarks/shoc/src/cuda/level2/s3d/rdwdot.h	_Z14rdwdot9_kernelIfEvPKT_S2_PS0_S0_S2_	197
1883	tests/benchmarks/shoc/src/cuda/level2/s3d/rdwdot.h	_Z14rdwdot9_kernelIfEvPKT_S2_PS0_S0_S2_	198
1884	tests/benchmarks/shoc/src/cuda/level2/s3d/rdwdot.h	_Z14rdwdot9_kernelIfEvPKT_S2_PS0_S0_S2_	199
1885	tests/benchmarks/shoc/src/cuda/level2/s3d/rdwdot.h	_Z14rdwdot9_kernelIfEvPKT_S2_PS0_S0_S2_	200
1886	tests/benchmarks/shoc/src/cuda/level2/s3d/rdwdot.h	_Z14rdwdot9_kernelIfEvPKT_S2_PS0_S0_S2_	201
1887	tests/benchmarks/shoc/src/cuda/level2/s3d/rdwdot.h	_Z14rdwdot9_kernelIfEvPKT_S2_PS0_S0_S2_	202
1888	tests/benchmarks/shoc/src/cuda/level2/s3d/rdwdot.h	_Z15rdwdot10_kernelIfEvPKT_S2_PS0_S0_S2_	212
1889	tests/benchmarks/shoc/src/cuda/level2/s3d/rdwdot.h	_Z15rdwdot10_kernelIfEvPKT_S2_PS0_S0_S2_	213
1890	tests/benchmarks/shoc/src/cuda/level2/s3d/rdwdot.h	_Z15rdwdot10_kernelIfEvPKT_S2_PS0_S0_S2_	214
1891	tests/benchmarks/shoc/src/cuda/level2/s3d/rdwdot.h	_Z15rdwdot10_kernelIfEvPKT_S2_PS0_S0_S2_	215
1892	tests/benchmarks/shoc/src/cuda/level2/s3d/rdwdot.h	_Z15rdwdot10_kernelIfEvPKT_S2_PS0_S0_S2_	217
1893	tests/benchmarks/shoc/src/cuda/level2/s3d/rdwdot.h	_Z15rdwdot10_kernelIfEvPKT_S2_PS0_S0_S2_	218
1894	tests/benchmarks/shoc/src/cuda/level2/s3d/rdwdot.h	_Z15rdwdot10_kernelIfEvPKT_S2_PS0_S0_S2_	219
1895	tests/benchmarks/shoc/src/cuda/level2/s3d/rdwdot.h	_Z15rdwdot10_kernelIfEvPKT_S2_PS0_S0_S2_	220
1896	tests/benchmarks/shoc/src/cuda/level2/s3d/rdwdot.h	_Z15rdwdot10_kernelIfEvPKT_S2_PS0_S0_S2_	221
1897	tests/benchmarks/shoc/src/cuda/level2/s3d/rdwdot.h	_Z15rdwdot10_kernelIfEvPKT_S2_PS0_S0_S2_	222
1898	tests/benchmarks/shoc/src/cuda/level2/s3d/rdwdot.h	_Z15rdwdot10_kernelIfEvPKT_S2_PS0_S0_S2_	223
1899	tests/benchmarks/shoc/src/cuda/level2/s3d/rdwdot.h	_Z15rdwdot10_kernelIfEvPKT_S2_PS0_S0_S2_	225
1900	tests/benchmarks/shoc/src/cuda/level2/s3d/rdwdot.h	_Z15rdwdot10_kernelIfEvPKT_S2_PS0_S0_S2_	226
1901	tests/benchmarks/shoc/src/cuda/level2/s3d/rdwdot.h	_Z15rdwdot10_kernelIfEvPKT_S2_PS0_S0_S2_	227
1902	tests/benchmarks/shoc/src/cuda/level2/s3d/rdwdot.h	_Z15rdwdot10_kernelIfEvPKT_S2_PS0_S0_S2_	228
1903	tests/benchmarks/shoc/src/cuda/level2/s3d/rdwdot.h	_Z15rdwdot10_kernelIfEvPKT_S2_PS0_S0_S2_	229
1904	tests/benchmarks/shoc/src/cuda/level2/s3d/rdwdot.h	_Z15rdwdot10_kernelIfEvPKT_S2_PS0_S0_S2_	230
1905	tests/benchmarks/shoc/src/cuda/level2/s3d/rdwdot.h	_Z15rdwdot10_kernelIfEvPKT_S2_PS0_S0_S2_	231
1906	tests/benchmarks/shoc/src/cuda/level2/s3d/rdwdot.h	_Z15rdwdot10_kernelIfEvPKT_S2_PS0_S0_S2_	232
1907	tests/benchmarks/shoc/src/cuda/level2/s3d/rdwdot.h	_Z15rdwdot10_kernelIfEvPKT_S2_PS0_S0_S2_	233
1908	tests/benchmarks/shoc/src/cuda/level2/s3d/rdwdot.h	_Z15rdwdot10_kernelIfEvPKT_S2_PS0_S0_S2_	234
1909	tests/benchmarks/shoc/src/cuda/level2/s3d/rdwdot.h	_Z15rdwdot10_kernelIfEvPKT_S2_PS0_S0_S2_	235
1910	tests/benchmarks/shoc/src/cuda/level2/s3d/rdwdot.h	_Z15rdwdot10_kernelIfEvPKT_S2_PS0_S0_S2_	237
1911	tests/benchmarks/shoc/src/cuda/level2/s3d/rdwdot.h	_Z15rdwdot10_kernelIfEvPKT_S2_PS0_S0_S2_	238
1912	tests/benchmarks/shoc/src/cuda/level2/s3d/rdwdot.h	_Z15rdwdot10_kernelIfEvPKT_S2_PS0_S0_S2_	239
1913	tests/benchmarks/shoc/src/cuda/level2/s3d/rdwdot.h	_Z15rdwdot10_kernelIfEvPKT_S2_PS0_S0_S2_	240
1914	tests/benchmarks/shoc/src/cuda/level2/s3d/rdwdot.h	_Z15rdwdot10_kernelIfEvPKT_S2_PS0_S0_S2_	241
1915	tests/benchmarks/shoc/src/cuda/level2/s3d/rdwdot.h	_Z15rdwdot10_kernelIfEvPKT_S2_PS0_S0_S2_	242
1916	tests/benchmarks/shoc/src/cuda/level2/s3d/rdwdot.h	_Z15rdwdot10_kernelIfEvPKT_S2_PS0_S0_S2_	243
1917	tests/benchmarks/shoc/src/cuda/level2/s3d/rdwdot.h	_Z15rdwdot10_kernelIfEvPKT_S2_PS0_S0_S2_	244
1918	tests/benchmarks/shoc/src/cuda/level2/s3d/rdwdot.h	_Z15rdwdot10_kernelIfEvPKT_S2_PS0_S0_S2_	245
1919	tests/benchmarks/shoc/src/cuda/level2/s3d/rdwdot.h	_Z15rdwdot10_kernelIfEvPKT_S2_PS0_S0_S2_	246
1920	tests/benchmarks/shoc/src/cuda/level2/s3d/rdwdot.h	_Z15rdwdot10_kernelIfEvPKT_S2_PS0_S0_S2_	247
1921	tests/benchmarks/shoc/src/cuda/level2/s3d/rdwdot.h	_Z15rdwdot10_kernelIfEvPKT_S2_PS0_S0_S2_	248
1922	tests/benchmarks/shoc/src/cuda/level2/s3d/rdwdot.h	_Z15rdwdot10_kernelIfEvPKT_S2_PS0_S0_S2_	249
1923	tests/benchmarks/shoc/src/cuda/level2/s3d/rdwdot.h	_Z15rdwdot10_kernelIfEvPKT_S2_PS0_S0_S2_	250
1924	tests/benchmarks/shoc/src/cuda/level2/s3d/ratt.h	_Z11ratt_kernelIdEvPKT_PS0_S0_	12
1925	/storage/users/sislam3/opt/llvm-22/lib/clang/22/include/__clang_cuda_math.h	_Z11ratt_kernelIdEvPKT_PS0_S0_	175
1926	tests/benchmarks/shoc/src/cuda/level2/s3d/ratt.h	_Z11ratt_kernelIdEvPKT_PS0_S0_	15
1927	tests/benchmarks/shoc/src/cuda/level2/s3d/ratt.h	_Z11ratt_kernelIdEvPKT_PS0_S0_	16
1928	tests/benchmarks/shoc/src/cuda/level2/s3d/ratt.h	_Z11ratt_kernelIdEvPKT_PS0_S0_	19
1929	/storage/users/sislam3/opt/llvm-22/lib/clang/22/include/__clang_cuda_math.h	_Z11ratt_kernelIdEvPKT_PS0_S0_	108
1930	tests/benchmarks/shoc/src/cuda/level2/s3d/ratt.h	_Z11ratt_kernelIdEvPKT_PS0_S0_	20
1931	tests/benchmarks/shoc/src/cuda/level2/s3d/ratt.h	_Z11ratt_kernelIdEvPKT_PS0_S0_	21
1932	tests/benchmarks/shoc/src/cuda/level2/s3d/ratt.h	_Z11ratt_kernelIdEvPKT_PS0_S0_	22
1933	tests/benchmarks/shoc/src/cuda/level2/s3d/ratt.h	_Z11ratt_kernelIdEvPKT_PS0_S0_	23
1934	tests/benchmarks/shoc/src/cuda/level2/s3d/ratt.h	_Z11ratt_kernelIdEvPKT_PS0_S0_	24
1935	tests/benchmarks/shoc/src/cuda/level2/s3d/ratt.h	_Z11ratt_kernelIdEvPKT_PS0_S0_	25
1936	tests/benchmarks/shoc/src/cuda/level2/s3d/ratt.h	_Z11ratt_kernelIdEvPKT_PS0_S0_	26
1937	tests/benchmarks/shoc/src/cuda/level2/s3d/ratt.h	_Z11ratt_kernelIdEvPKT_PS0_S0_	27
1938	tests/benchmarks/shoc/src/cuda/level2/s3d/ratt.h	_Z11ratt_kernelIdEvPKT_PS0_S0_	28
1939	tests/benchmarks/shoc/src/cuda/level2/s3d/ratt.h	_Z11ratt_kernelIdEvPKT_PS0_S0_	29
1940	tests/benchmarks/shoc/src/cuda/level2/s3d/ratt.h	_Z11ratt_kernelIdEvPKT_PS0_S0_	30
1941	tests/benchmarks/shoc/src/cuda/level2/s3d/ratt.h	_Z11ratt_kernelIdEvPKT_PS0_S0_	31
1942	tests/benchmarks/shoc/src/cuda/level2/s3d/ratt.h	_Z11ratt_kernelIdEvPKT_PS0_S0_	32
1943	tests/benchmarks/shoc/src/cuda/level2/s3d/ratt.h	_Z11ratt_kernelIdEvPKT_PS0_S0_	33
1944	tests/benchmarks/shoc/src/cuda/level2/s3d/ratt.h	_Z11ratt_kernelIdEvPKT_PS0_S0_	34
1945	tests/benchmarks/shoc/src/cuda/level2/s3d/ratt.h	_Z11ratt_kernelIdEvPKT_PS0_S0_	35
1946	tests/benchmarks/shoc/src/cuda/level2/s3d/ratt.h	_Z11ratt_kernelIdEvPKT_PS0_S0_	36
1947	tests/benchmarks/shoc/src/cuda/level2/s3d/ratt.h	_Z11ratt_kernelIdEvPKT_PS0_S0_	37
1948	tests/benchmarks/shoc/src/cuda/level2/s3d/ratt.h	_Z11ratt_kernelIdEvPKT_PS0_S0_	39
1949	tests/benchmarks/shoc/src/cuda/level2/s3d/ratt.h	_Z11ratt_kernelIdEvPKT_PS0_S0_	40
1950	tests/benchmarks/shoc/src/cuda/level2/s3d/ratt.h	_Z11ratt_kernelIdEvPKT_PS0_S0_	41
1951	tests/benchmarks/shoc/src/cuda/level2/s3d/ratt.h	_Z11ratt_kernelIdEvPKT_PS0_S0_	42
1952	tests/benchmarks/shoc/src/cuda/level2/s3d/ratt.h	_Z11ratt_kernelIdEvPKT_PS0_S0_	43
1953	tests/benchmarks/shoc/src/cuda/level2/s3d/ratt.h	_Z11ratt_kernelIdEvPKT_PS0_S0_	44
1954	tests/benchmarks/shoc/src/cuda/level2/s3d/ratt.h	_Z11ratt_kernelIdEvPKT_PS0_S0_	45
1955	tests/benchmarks/shoc/src/cuda/level2/s3d/ratt.h	_Z11ratt_kernelIdEvPKT_PS0_S0_	46
1956	tests/benchmarks/shoc/src/cuda/level2/s3d/ratt.h	_Z11ratt_kernelIdEvPKT_PS0_S0_	47
1957	tests/benchmarks/shoc/src/cuda/level2/s3d/ratt.h	_Z11ratt_kernelIdEvPKT_PS0_S0_	48
1958	tests/benchmarks/shoc/src/cuda/level2/s3d/ratt.h	_Z11ratt_kernelIdEvPKT_PS0_S0_	49
1959	tests/benchmarks/shoc/src/cuda/level2/s3d/ratt.h	_Z11ratt_kernelIdEvPKT_PS0_S0_	50
1960	tests/benchmarks/shoc/src/cuda/level2/s3d/ratt.h	_Z11ratt_kernelIdEvPKT_PS0_S0_	51
1961	tests/benchmarks/shoc/src/cuda/level2/s3d/ratt.h	_Z11ratt_kernelIdEvPKT_PS0_S0_	54
1962	tests/benchmarks/shoc/src/cuda/level2/s3d/ratt.h	_Z11ratt_kernelIdEvPKT_PS0_S0_	55
1963	tests/benchmarks/shoc/src/cuda/level2/s3d/ratt.h	_Z11ratt_kernelIdEvPKT_PS0_S0_	58
1964	tests/benchmarks/shoc/src/cuda/level2/s3d/ratt.h	_Z11ratt_kernelIdEvPKT_PS0_S0_	59
1965	tests/benchmarks/shoc/src/cuda/level2/s3d/ratt.h	_Z11ratt_kernelIdEvPKT_PS0_S0_	64
1966	tests/benchmarks/shoc/src/cuda/level2/s3d/ratt.h	_Z11ratt_kernelIdEvPKT_PS0_S0_	65
1967	tests/benchmarks/shoc/src/cuda/level2/s3d/ratt.h	_Z11ratt_kernelIdEvPKT_PS0_S0_	66
1968	tests/benchmarks/shoc/src/cuda/level2/s3d/ratt.h	_Z11ratt_kernelIdEvPKT_PS0_S0_	67
1969	tests/benchmarks/shoc/src/cuda/level2/s3d/ratt.h	_Z11ratt_kernelIdEvPKT_PS0_S0_	69
1970	tests/benchmarks/shoc/src/cuda/level2/s3d/ratt.h	_Z11ratt_kernelIdEvPKT_PS0_S0_	70
1971	tests/benchmarks/shoc/src/cuda/level2/s3d/ratt.h	_Z11ratt_kernelIdEvPKT_PS0_S0_	71
1972	tests/benchmarks/shoc/src/cuda/level2/s3d/ratt.h	_Z11ratt_kernelIdEvPKT_PS0_S0_	73
1973	tests/benchmarks/shoc/src/cuda/level2/s3d/ratt.h	_Z11ratt_kernelIdEvPKT_PS0_S0_	75
1974	tests/benchmarks/shoc/src/cuda/level2/s3d/ratt.h	_Z11ratt_kernelIdEvPKT_PS0_S0_	78
1975	tests/benchmarks/shoc/src/cuda/level2/s3d/ratt.h	_Z11ratt_kernelIdEvPKT_PS0_S0_	90
1976	tests/benchmarks/shoc/src/cuda/level2/s3d/ratt.h	_Z11ratt_kernelIdEvPKT_PS0_S0_	91
1977	tests/benchmarks/shoc/src/cuda/level2/s3d/ratt.h	_Z11ratt_kernelIdEvPKT_PS0_S0_	92
1978	tests/benchmarks/shoc/src/cuda/level2/s3d/ratt.h	_Z11ratt_kernelIdEvPKT_PS0_S0_	93
1979	tests/benchmarks/shoc/src/cuda/level2/s3d/ratt.h	_Z11ratt_kernelIdEvPKT_PS0_S0_	94
1980	tests/benchmarks/shoc/src/cuda/level2/s3d/ratt.h	_Z11ratt_kernelIdEvPKT_PS0_S0_	95
1981	tests/benchmarks/shoc/src/cuda/level2/s3d/ratt.h	_Z11ratt_kernelIdEvPKT_PS0_S0_	96
1982	tests/benchmarks/shoc/src/cuda/level2/s3d/ratt.h	_Z11ratt_kernelIdEvPKT_PS0_S0_	97
1983	tests/benchmarks/shoc/src/cuda/level2/s3d/ratt.h	_Z11ratt_kernelIdEvPKT_PS0_S0_	98
1984	tests/benchmarks/shoc/src/cuda/level2/s3d/ratt.h	_Z11ratt_kernelIdEvPKT_PS0_S0_	99
1985	tests/benchmarks/shoc/src/cuda/level2/s3d/ratt.h	_Z11ratt_kernelIdEvPKT_PS0_S0_	100
1986	tests/benchmarks/shoc/src/cuda/level2/s3d/ratt.h	_Z11ratt_kernelIdEvPKT_PS0_S0_	102
1987	tests/benchmarks/shoc/src/cuda/level2/s3d/ratt.h	_Z11ratt_kernelIdEvPKT_PS0_S0_	104
1988	tests/benchmarks/shoc/src/cuda/level2/s3d/ratt.h	_Z11ratt_kernelIdEvPKT_PS0_S0_	105
1989	tests/benchmarks/shoc/src/cuda/level2/s3d/ratt.h	_Z11ratt_kernelIdEvPKT_PS0_S0_	108
1990	tests/benchmarks/shoc/src/cuda/level2/s3d/ratt.h	_Z11ratt_kernelIdEvPKT_PS0_S0_	112
1991	tests/benchmarks/shoc/src/cuda/level2/s3d/ratt.h	_Z11ratt_kernelIdEvPKT_PS0_S0_	114
1992	tests/benchmarks/shoc/src/cuda/level2/s3d/ratt.h	_Z11ratt_kernelIdEvPKT_PS0_S0_	115
1993	tests/benchmarks/shoc/src/cuda/level2/s3d/ratt.h	_Z11ratt_kernelIdEvPKT_PS0_S0_	116
1994	tests/benchmarks/shoc/src/cuda/level2/s3d/ratt.h	_Z11ratt_kernelIdEvPKT_PS0_S0_	117
1995	tests/benchmarks/shoc/src/cuda/level2/s3d/ratt.h	_Z11ratt_kernelIdEvPKT_PS0_S0_	118
1996	tests/benchmarks/shoc/src/cuda/level2/s3d/ratt.h	_Z11ratt_kernelIdEvPKT_PS0_S0_	125
1997	tests/benchmarks/shoc/src/cuda/level2/s3d/ratt.h	_Z11ratt_kernelIdEvPKT_PS0_S0_	126
1998	tests/benchmarks/shoc/src/cuda/level2/s3d/ratt.h	_Z11ratt_kernelIdEvPKT_PS0_S0_	127
1999	tests/benchmarks/shoc/src/cuda/level2/s3d/ratt.h	_Z11ratt_kernelIdEvPKT_PS0_S0_	128
2000	tests/benchmarks/shoc/src/cuda/level2/s3d/ratt.h	_Z11ratt_kernelIdEvPKT_PS0_S0_	130
2001	tests/benchmarks/shoc/src/cuda/level2/s3d/ratt.h	_Z11ratt_kernelIdEvPKT_PS0_S0_	133
2002	tests/benchmarks/shoc/src/cuda/level2/s3d/ratt.h	_Z11ratt_kernelIdEvPKT_PS0_S0_	137
2003	tests/benchmarks/shoc/src/cuda/level2/s3d/ratt.h	_Z11ratt_kernelIdEvPKT_PS0_S0_	138
2004	tests/benchmarks/shoc/src/cuda/level2/s3d/ratt.h	_Z11ratt_kernelIdEvPKT_PS0_S0_	139
2005	tests/benchmarks/shoc/src/cuda/level2/s3d/ratt.h	_Z11ratt_kernelIdEvPKT_PS0_S0_	140
2006	tests/benchmarks/shoc/src/cuda/level2/s3d/ratt.h	_Z11ratt_kernelIdEvPKT_PS0_S0_	141
2007	tests/benchmarks/shoc/src/cuda/level2/s3d/ratt.h	_Z11ratt_kernelIdEvPKT_PS0_S0_	142
2008	tests/benchmarks/shoc/src/cuda/level2/s3d/ratt.h	_Z11ratt_kernelIdEvPKT_PS0_S0_	143
2009	tests/benchmarks/shoc/src/cuda/level2/s3d/ratt.h	_Z11ratt_kernelIdEvPKT_PS0_S0_	144
2010	tests/benchmarks/shoc/src/cuda/level2/s3d/ratt.h	_Z11ratt_kernelIdEvPKT_PS0_S0_	145
2011	tests/benchmarks/shoc/src/cuda/level2/s3d/ratt.h	_Z11ratt_kernelIdEvPKT_PS0_S0_	150
2012	tests/benchmarks/shoc/src/cuda/level2/s3d/ratt.h	_Z11ratt_kernelIdEvPKT_PS0_S0_	151
2013	tests/benchmarks/shoc/src/cuda/level2/s3d/ratt.h	_Z11ratt_kernelIdEvPKT_PS0_S0_	152
2014	tests/benchmarks/shoc/src/cuda/level2/s3d/ratt.h	_Z11ratt_kernelIdEvPKT_PS0_S0_	153
2015	tests/benchmarks/shoc/src/cuda/level2/s3d/ratt.h	_Z11ratt_kernelIdEvPKT_PS0_S0_	154
2016	tests/benchmarks/shoc/src/cuda/level2/s3d/ratt.h	_Z11ratt_kernelIdEvPKT_PS0_S0_	155
2017	tests/benchmarks/shoc/src/cuda/level2/s3d/ratt.h	_Z11ratt_kernelIdEvPKT_PS0_S0_	156
2018	tests/benchmarks/shoc/src/cuda/level2/s3d/ratt.h	_Z11ratt_kernelIdEvPKT_PS0_S0_	157
2019	tests/benchmarks/shoc/src/cuda/level2/s3d/ratt.h	_Z11ratt_kernelIdEvPKT_PS0_S0_	163
2020	tests/benchmarks/shoc/src/cuda/level2/s3d/ratt.h	_Z11ratt_kernelIdEvPKT_PS0_S0_	164
2021	tests/benchmarks/shoc/src/cuda/level2/s3d/ratt.h	_Z11ratt_kernelIdEvPKT_PS0_S0_	165
2022	tests/benchmarks/shoc/src/cuda/level2/s3d/ratt.h	_Z11ratt_kernelIdEvPKT_PS0_S0_	167
2023	tests/benchmarks/shoc/src/cuda/level2/s3d/ratt.h	_Z11ratt_kernelIdEvPKT_PS0_S0_	171
2024	tests/benchmarks/shoc/src/cuda/level2/s3d/ratt.h	_Z11ratt_kernelIdEvPKT_PS0_S0_	172
2025	tests/benchmarks/shoc/src/cuda/level2/s3d/ratt.h	_Z11ratt_kernelIdEvPKT_PS0_S0_	175
2026	tests/benchmarks/shoc/src/cuda/level2/s3d/ratt.h	_Z11ratt_kernelIdEvPKT_PS0_S0_	176
2027	tests/benchmarks/shoc/src/cuda/level2/s3d/ratt.h	_Z11ratt_kernelIdEvPKT_PS0_S0_	177
2028	tests/benchmarks/shoc/src/cuda/level2/s3d/ratt.h	_Z11ratt_kernelIdEvPKT_PS0_S0_	180
2029	tests/benchmarks/shoc/src/cuda/level2/s3d/ratt.h	_Z11ratt_kernelIdEvPKT_PS0_S0_	181
2030	tests/benchmarks/shoc/src/cuda/level2/s3d/ratt.h	_Z11ratt_kernelIdEvPKT_PS0_S0_	182
2031	tests/benchmarks/shoc/src/cuda/level2/s3d/ratt.h	_Z11ratt_kernelIdEvPKT_PS0_S0_	183
2032	tests/benchmarks/shoc/src/cuda/level2/s3d/ratt.h	_Z11ratt_kernelIdEvPKT_PS0_S0_	184
2033	tests/benchmarks/shoc/src/cuda/level2/s3d/ratt.h	_Z11ratt_kernelIdEvPKT_PS0_S0_	185
2034	tests/benchmarks/shoc/src/cuda/level2/s3d/ratt.h	_Z11ratt_kernelIdEvPKT_PS0_S0_	186
2035	tests/benchmarks/shoc/src/cuda/level2/s3d/ratt.h	_Z11ratt_kernelIdEvPKT_PS0_S0_	187
2036	tests/benchmarks/shoc/src/cuda/level2/s3d/ratt.h	_Z11ratt_kernelIdEvPKT_PS0_S0_	188
2037	tests/benchmarks/shoc/src/cuda/level2/s3d/ratt.h	_Z11ratt_kernelIdEvPKT_PS0_S0_	189
2038	tests/benchmarks/shoc/src/cuda/level2/s3d/ratt.h	_Z11ratt_kernelIdEvPKT_PS0_S0_	190
2039	tests/benchmarks/shoc/src/cuda/level2/s3d/ratt.h	_Z11ratt_kernelIdEvPKT_PS0_S0_	191
2040	tests/benchmarks/shoc/src/cuda/level2/s3d/ratt.h	_Z11ratt_kernelIdEvPKT_PS0_S0_	194
2041	tests/benchmarks/shoc/src/cuda/level2/s3d/ratt.h	_Z11ratt_kernelIdEvPKT_PS0_S0_	195
2042	tests/benchmarks/shoc/src/cuda/level2/s3d/ratt.h	_Z11ratt_kernelIdEvPKT_PS0_S0_	196
2043	tests/benchmarks/shoc/src/cuda/level2/s3d/ratt.h	_Z11ratt_kernelIdEvPKT_PS0_S0_	204
2044	tests/benchmarks/shoc/src/cuda/level2/s3d/ratt.h	_Z11ratt_kernelIdEvPKT_PS0_S0_	206
2045	tests/benchmarks/shoc/src/cuda/level2/s3d/ratt.h	_Z11ratt_kernelIdEvPKT_PS0_S0_	207
2046	tests/benchmarks/shoc/src/cuda/level2/s3d/ratt.h	_Z11ratt_kernelIdEvPKT_PS0_S0_	208
2047	tests/benchmarks/shoc/src/cuda/level2/s3d/ratt.h	_Z11ratt_kernelIdEvPKT_PS0_S0_	209
2048	tests/benchmarks/shoc/src/cuda/level2/s3d/ratt.h	_Z11ratt_kernelIdEvPKT_PS0_S0_	210
2049	tests/benchmarks/shoc/src/cuda/level2/s3d/ratt.h	_Z11ratt_kernelIdEvPKT_PS0_S0_	215
2050	tests/benchmarks/shoc/src/cuda/level2/s3d/ratt.h	_Z11ratt_kernelIdEvPKT_PS0_S0_	216
2051	tests/benchmarks/shoc/src/cuda/level2/s3d/ratt.h	_Z11ratt_kernelIdEvPKT_PS0_S0_	217
2052	tests/benchmarks/shoc/src/cuda/level2/s3d/ratt.h	_Z11ratt_kernelIdEvPKT_PS0_S0_	218
2053	tests/benchmarks/shoc/src/cuda/level2/s3d/ratt.h	_Z11ratt_kernelIdEvPKT_PS0_S0_	219
2054	tests/benchmarks/shoc/src/cuda/level2/s3d/ratt.h	_Z11ratt_kernelIdEvPKT_PS0_S0_	220
2055	tests/benchmarks/shoc/src/cuda/level2/s3d/ratt.h	_Z11ratt_kernelIdEvPKT_PS0_S0_	221
2056	tests/benchmarks/shoc/src/cuda/level2/s3d/ratt.h	_Z11ratt_kernelIdEvPKT_PS0_S0_	222
2057	tests/benchmarks/shoc/src/cuda/level2/s3d/ratt.h	_Z11ratt_kernelIdEvPKT_PS0_S0_	223
2058	tests/benchmarks/shoc/src/cuda/level2/s3d/ratt.h	_Z11ratt_kernelIdEvPKT_PS0_S0_	224
2059	tests/benchmarks/shoc/src/cuda/level2/s3d/ratt.h	_Z11ratt_kernelIdEvPKT_PS0_S0_	231
2060	tests/benchmarks/shoc/src/cuda/level2/s3d/ratt.h	_Z12rdsmh_kernelIdEvPKT_PS0_S0_	246
2061	/storage/users/sislam3/opt/llvm-22/lib/clang/22/include/__clang_cuda_math.h	_Z12rdsmh_kernelIdEvPKT_PS0_S0_	175
2062	tests/benchmarks/shoc/src/cuda/level2/s3d/ratt.h	_Z12rdsmh_kernelIdEvPKT_PS0_S0_	248
2063	tests/benchmarks/shoc/src/cuda/level2/s3d/ratt.h	_Z12rdsmh_kernelIdEvPKT_PS0_S0_	250
2064	tests/benchmarks/shoc/src/cuda/level2/s3d/ratt.h	_Z12rdsmh_kernelIdEvPKT_PS0_S0_	254
2065	tests/benchmarks/shoc/src/cuda/level2/s3d/ratt.h	_Z12rdsmh_kernelIdEvPKT_PS0_S0_	255
2066	/storage/users/sislam3/opt/llvm-22/lib/clang/22/include/__clang_cuda_math.h	_Z12rdsmh_kernelIdEvPKT_PS0_S0_	108
2067	tests/benchmarks/shoc/src/cuda/level2/s3d/ratt.h	_Z12rdsmh_kernelIdEvPKT_PS0_S0_	258
2068	tests/benchmarks/shoc/src/cuda/level2/s3d/ratt.h	_Z12rdsmh_kernelIdEvPKT_PS0_S0_	259
2069	tests/benchmarks/shoc/src/cuda/level2/s3d/ratt.h	_Z12rdsmh_kernelIdEvPKT_PS0_S0_	262
2070	tests/benchmarks/shoc/src/cuda/level2/s3d/ratt.h	_Z12rdsmh_kernelIdEvPKT_PS0_S0_	263
2071	tests/benchmarks/shoc/src/cuda/level2/s3d/ratt.h	_Z12rdsmh_kernelIdEvPKT_PS0_S0_	266
2072	tests/benchmarks/shoc/src/cuda/level2/s3d/ratt.h	_Z12rdsmh_kernelIdEvPKT_PS0_S0_	267
2073	tests/benchmarks/shoc/src/cuda/level2/s3d/ratt.h	_Z12rdsmh_kernelIdEvPKT_PS0_S0_	270
2074	tests/benchmarks/shoc/src/cuda/level2/s3d/ratt.h	_Z12rdsmh_kernelIdEvPKT_PS0_S0_	271
2075	tests/benchmarks/shoc/src/cuda/level2/s3d/ratt.h	_Z12rdsmh_kernelIdEvPKT_PS0_S0_	274
2076	tests/benchmarks/shoc/src/cuda/level2/s3d/ratt.h	_Z12rdsmh_kernelIdEvPKT_PS0_S0_	275
2077	tests/benchmarks/shoc/src/cuda/level2/s3d/ratt.h	_Z12rdsmh_kernelIdEvPKT_PS0_S0_	278
2078	tests/benchmarks/shoc/src/cuda/level2/s3d/ratt.h	_Z12rdsmh_kernelIdEvPKT_PS0_S0_	279
2079	tests/benchmarks/shoc/src/cuda/level2/s3d/ratt.h	_Z12rdsmh_kernelIdEvPKT_PS0_S0_	282
2080	tests/benchmarks/shoc/src/cuda/level2/s3d/ratt.h	_Z12rdsmh_kernelIdEvPKT_PS0_S0_	283
2081	tests/benchmarks/shoc/src/cuda/level2/s3d/ratt.h	_Z12rdsmh_kernelIdEvPKT_PS0_S0_	286
2082	tests/benchmarks/shoc/src/cuda/level2/s3d/ratt.h	_Z12rdsmh_kernelIdEvPKT_PS0_S0_	287
2083	tests/benchmarks/shoc/src/cuda/level2/s3d/ratt.h	_Z12rdsmh_kernelIdEvPKT_PS0_S0_	290
2084	tests/benchmarks/shoc/src/cuda/level2/s3d/ratt.h	_Z12rdsmh_kernelIdEvPKT_PS0_S0_	291
2085	tests/benchmarks/shoc/src/cuda/level2/s3d/ratt.h	_Z12rdsmh_kernelIdEvPKT_PS0_S0_	294
2086	tests/benchmarks/shoc/src/cuda/level2/s3d/ratt.h	_Z12rdsmh_kernelIdEvPKT_PS0_S0_	295
2087	tests/benchmarks/shoc/src/cuda/level2/s3d/ratt.h	_Z12rdsmh_kernelIdEvPKT_PS0_S0_	298
2088	tests/benchmarks/shoc/src/cuda/level2/s3d/ratt.h	_Z12rdsmh_kernelIdEvPKT_PS0_S0_	299
2089	tests/benchmarks/shoc/src/cuda/level2/s3d/ratt.h	_Z12rdsmh_kernelIdEvPKT_PS0_S0_	302
2090	tests/benchmarks/shoc/src/cuda/level2/s3d/ratt.h	_Z12rdsmh_kernelIdEvPKT_PS0_S0_	303
2091	tests/benchmarks/shoc/src/cuda/level2/s3d/ratt.h	_Z12rdsmh_kernelIdEvPKT_PS0_S0_	306
2092	tests/benchmarks/shoc/src/cuda/level2/s3d/ratt.h	_Z12rdsmh_kernelIdEvPKT_PS0_S0_	307
2093	tests/benchmarks/shoc/src/cuda/level2/s3d/ratt.h	_Z12rdsmh_kernelIdEvPKT_PS0_S0_	310
2094	tests/benchmarks/shoc/src/cuda/level2/s3d/ratt.h	_Z12rdsmh_kernelIdEvPKT_PS0_S0_	311
2095	tests/benchmarks/shoc/src/cuda/level2/s3d/ratt.h	_Z12rdsmh_kernelIdEvPKT_PS0_S0_	314
2096	tests/benchmarks/shoc/src/cuda/level2/s3d/ratt.h	_Z12rdsmh_kernelIdEvPKT_PS0_S0_	315
2097	tests/benchmarks/shoc/src/cuda/level2/s3d/ratt.h	_Z12rdsmh_kernelIdEvPKT_PS0_S0_	318
2098	tests/benchmarks/shoc/src/cuda/level2/s3d/ratt.h	_Z12rdsmh_kernelIdEvPKT_PS0_S0_	319
2099	tests/benchmarks/shoc/src/cuda/level2/s3d/ratt.h	_Z12rdsmh_kernelIdEvPKT_PS0_S0_	322
2100	tests/benchmarks/shoc/src/cuda/level2/s3d/ratt.h	_Z12rdsmh_kernelIdEvPKT_PS0_S0_	323
2101	tests/benchmarks/shoc/src/cuda/level2/s3d/ratt.h	_Z12rdsmh_kernelIdEvPKT_PS0_S0_	326
2102	tests/benchmarks/shoc/src/cuda/level2/s3d/ratt.h	_Z12rdsmh_kernelIdEvPKT_PS0_S0_	327
2103	tests/benchmarks/shoc/src/cuda/level2/s3d/ratt.h	_Z12rdsmh_kernelIdEvPKT_PS0_S0_	330
2104	tests/benchmarks/shoc/src/cuda/level2/s3d/ratt.h	_Z12rdsmh_kernelIdEvPKT_PS0_S0_	331
2105	tests/benchmarks/shoc/src/cuda/level2/s3d/ratt.h	_Z12rdsmh_kernelIdEvPKT_PS0_S0_	334
2106	tests/benchmarks/shoc/src/cuda/level2/s3d/ratt.h	_Z12rdsmh_kernelIdEvPKT_PS0_S0_	335
2107	tests/benchmarks/shoc/src/cuda/level2/s3d/ratt.h	_Z12rdsmh_kernelIdEvPKT_PS0_S0_	338
2108	tests/benchmarks/shoc/src/cuda/level2/s3d/ratt.h	_Z12rdsmh_kernelIdEvPKT_PS0_S0_	339
2109	tests/benchmarks/shoc/src/cuda/level2/s3d/ratt.h	_Z12rdsmh_kernelIdEvPKT_PS0_S0_	342
2110	tests/benchmarks/shoc/src/cuda/level2/s3d/ratt.h	_Z12rdsmh_kernelIdEvPKT_PS0_S0_	343
2111	tests/benchmarks/shoc/src/cuda/level2/s3d/ratt.h	_Z12rdsmh_kernelIdEvPKT_PS0_S0_	346
2112	tests/benchmarks/shoc/src/cuda/level2/s3d/ratt.h	_Z12rdsmh_kernelIdEvPKT_PS0_S0_	347
2113	tests/benchmarks/shoc/src/cuda/level2/s3d/ratt.h	_Z12rdsmh_kernelIdEvPKT_PS0_S0_	350
2114	tests/benchmarks/shoc/src/cuda/level2/s3d/ratt.h	_Z12rdsmh_kernelIdEvPKT_PS0_S0_	351
2115	tests/benchmarks/shoc/src/cuda/level2/s3d/ratt.h	_Z12rdsmh_kernelIdEvPKT_PS0_S0_	354
2116	tests/benchmarks/shoc/src/cuda/level2/s3d/ratt.h	_Z12rdsmh_kernelIdEvPKT_PS0_S0_	355
2117	tests/benchmarks/shoc/src/cuda/level2/s3d/ratt.h	_Z12rdsmh_kernelIdEvPKT_PS0_S0_	358
2118	tests/benchmarks/shoc/src/cuda/level2/s3d/ratt.h	_Z12rdsmh_kernelIdEvPKT_PS0_S0_	359
2119	tests/benchmarks/shoc/src/cuda/level2/s3d/ratt.h	_Z12rdsmh_kernelIdEvPKT_PS0_S0_	362
2120	tests/benchmarks/shoc/src/cuda/level2/s3d/ratt.h	_Z12rdsmh_kernelIdEvPKT_PS0_S0_	363
2121	tests/benchmarks/shoc/src/cuda/level2/s3d/ratt.h	_Z12rdsmh_kernelIdEvPKT_PS0_S0_	366
2122	tests/benchmarks/shoc/src/cuda/level2/s3d/ratt.h	_Z12rdsmh_kernelIdEvPKT_PS0_S0_	367
2123	tests/benchmarks/shoc/src/cuda/level2/s3d/ratt.h	_Z12rdsmh_kernelIdEvPKT_PS0_S0_	370
2124	tests/benchmarks/shoc/src/cuda/level2/s3d/ratt.h	_Z12rdsmh_kernelIdEvPKT_PS0_S0_	371
2125	tests/benchmarks/shoc/src/cuda/level2/s3d/ratt.h	_Z12rdsmh_kernelIdEvPKT_PS0_S0_	374
2126	tests/benchmarks/shoc/src/cuda/level2/s3d/ratt.h	_Z12rdsmh_kernelIdEvPKT_PS0_S0_	375
2127	tests/benchmarks/shoc/src/cuda/level2/s3d/ratt.h	_Z12rdsmh_kernelIdEvPKT_PS0_S0_	381
2128	tests/benchmarks/shoc/src/cuda/level2/s3d/ratt.h	_Z12rdsmh_kernelIdEvPKT_PS0_S0_	382
2129	tests/benchmarks/shoc/src/cuda/level2/s3d/ratt.h	_Z12rdsmh_kernelIdEvPKT_PS0_S0_	385
2130	tests/benchmarks/shoc/src/cuda/level2/s3d/ratt.h	_Z12rdsmh_kernelIdEvPKT_PS0_S0_	386
2131	tests/benchmarks/shoc/src/cuda/level2/s3d/ratt.h	_Z12rdsmh_kernelIdEvPKT_PS0_S0_	389
2132	tests/benchmarks/shoc/src/cuda/level2/s3d/ratt.h	_Z12rdsmh_kernelIdEvPKT_PS0_S0_	390
2133	tests/benchmarks/shoc/src/cuda/level2/s3d/ratt.h	_Z12rdsmh_kernelIdEvPKT_PS0_S0_	393
2134	tests/benchmarks/shoc/src/cuda/level2/s3d/ratt.h	_Z12rdsmh_kernelIdEvPKT_PS0_S0_	394
2135	tests/benchmarks/shoc/src/cuda/level2/s3d/ratt.h	_Z12rdsmh_kernelIdEvPKT_PS0_S0_	397
2136	tests/benchmarks/shoc/src/cuda/level2/s3d/ratt.h	_Z12rdsmh_kernelIdEvPKT_PS0_S0_	398
2137	tests/benchmarks/shoc/src/cuda/level2/s3d/ratt.h	_Z12rdsmh_kernelIdEvPKT_PS0_S0_	401
2138	tests/benchmarks/shoc/src/cuda/level2/s3d/ratt.h	_Z12rdsmh_kernelIdEvPKT_PS0_S0_	402
2139	tests/benchmarks/shoc/src/cuda/level2/s3d/ratt.h	_Z12rdsmh_kernelIdEvPKT_PS0_S0_	405
2140	tests/benchmarks/shoc/src/cuda/level2/s3d/ratt.h	_Z12rdsmh_kernelIdEvPKT_PS0_S0_	406
2141	tests/benchmarks/shoc/src/cuda/level2/s3d/ratt.h	_Z12rdsmh_kernelIdEvPKT_PS0_S0_	409
2142	tests/benchmarks/shoc/src/cuda/level2/s3d/ratt.h	_Z12rdsmh_kernelIdEvPKT_PS0_S0_	410
2143	tests/benchmarks/shoc/src/cuda/level2/s3d/ratt.h	_Z12rdsmh_kernelIdEvPKT_PS0_S0_	413
2144	tests/benchmarks/shoc/src/cuda/level2/s3d/ratt.h	_Z12rdsmh_kernelIdEvPKT_PS0_S0_	414
2145	tests/benchmarks/shoc/src/cuda/level2/s3d/ratt.h	_Z12rdsmh_kernelIdEvPKT_PS0_S0_	417
2146	tests/benchmarks/shoc/src/cuda/level2/s3d/ratt.h	_Z12rdsmh_kernelIdEvPKT_PS0_S0_	418
2147	tests/benchmarks/shoc/src/cuda/level2/s3d/ratt.h	_Z12rdsmh_kernelIdEvPKT_PS0_S0_	421
2148	tests/benchmarks/shoc/src/cuda/level2/s3d/ratt.h	_Z12rdsmh_kernelIdEvPKT_PS0_S0_	422
2149	tests/benchmarks/shoc/src/cuda/level2/s3d/ratt.h	_Z12rdsmh_kernelIdEvPKT_PS0_S0_	425
2150	tests/benchmarks/shoc/src/cuda/level2/s3d/ratt.h	_Z12rdsmh_kernelIdEvPKT_PS0_S0_	426
2151	tests/benchmarks/shoc/src/cuda/level2/s3d/ratt.h	_Z12rdsmh_kernelIdEvPKT_PS0_S0_	429
2152	tests/benchmarks/shoc/src/cuda/level2/s3d/ratt.h	_Z12rdsmh_kernelIdEvPKT_PS0_S0_	430
2153	tests/benchmarks/shoc/src/cuda/level2/s3d/ratt.h	_Z12rdsmh_kernelIdEvPKT_PS0_S0_	433
2154	tests/benchmarks/shoc/src/cuda/level2/s3d/ratt.h	_Z12rdsmh_kernelIdEvPKT_PS0_S0_	434
2155	tests/benchmarks/shoc/src/cuda/level2/s3d/ratt.h	_Z12rdsmh_kernelIdEvPKT_PS0_S0_	437
2156	tests/benchmarks/shoc/src/cuda/level2/s3d/ratt.h	_Z12rdsmh_kernelIdEvPKT_PS0_S0_	438
2157	tests/benchmarks/shoc/src/cuda/level2/s3d/ratt.h	_Z12rdsmh_kernelIdEvPKT_PS0_S0_	441
2158	tests/benchmarks/shoc/src/cuda/level2/s3d/ratt.h	_Z12rdsmh_kernelIdEvPKT_PS0_S0_	442
2159	tests/benchmarks/shoc/src/cuda/level2/s3d/ratt.h	_Z12rdsmh_kernelIdEvPKT_PS0_S0_	445
2160	tests/benchmarks/shoc/src/cuda/level2/s3d/ratt.h	_Z12rdsmh_kernelIdEvPKT_PS0_S0_	446
2161	tests/benchmarks/shoc/src/cuda/level2/s3d/ratt.h	_Z12rdsmh_kernelIdEvPKT_PS0_S0_	449
2162	tests/benchmarks/shoc/src/cuda/level2/s3d/ratt.h	_Z12rdsmh_kernelIdEvPKT_PS0_S0_	450
2163	tests/benchmarks/shoc/src/cuda/level2/s3d/ratt.h	_Z12rdsmh_kernelIdEvPKT_PS0_S0_	453
2164	tests/benchmarks/shoc/src/cuda/level2/s3d/ratt.h	_Z12rdsmh_kernelIdEvPKT_PS0_S0_	454
2165	tests/benchmarks/shoc/src/cuda/level2/s3d/ratt.h	_Z12rdsmh_kernelIdEvPKT_PS0_S0_	457
2166	tests/benchmarks/shoc/src/cuda/level2/s3d/ratt.h	_Z12rdsmh_kernelIdEvPKT_PS0_S0_	458
2167	tests/benchmarks/shoc/src/cuda/level2/s3d/ratt.h	_Z12rdsmh_kernelIdEvPKT_PS0_S0_	461
2168	tests/benchmarks/shoc/src/cuda/level2/s3d/ratt.h	_Z12rdsmh_kernelIdEvPKT_PS0_S0_	462
2169	tests/benchmarks/shoc/src/cuda/level2/s3d/ratt.h	_Z12rdsmh_kernelIdEvPKT_PS0_S0_	465
2170	tests/benchmarks/shoc/src/cuda/level2/s3d/ratt.h	_Z12rdsmh_kernelIdEvPKT_PS0_S0_	466
2171	tests/benchmarks/shoc/src/cuda/level2/s3d/ratt.h	_Z12rdsmh_kernelIdEvPKT_PS0_S0_	469
2172	tests/benchmarks/shoc/src/cuda/level2/s3d/ratt.h	_Z12rdsmh_kernelIdEvPKT_PS0_S0_	470
2173	tests/benchmarks/shoc/src/cuda/level2/s3d/ratt.h	_Z12rdsmh_kernelIdEvPKT_PS0_S0_	473
2174	tests/benchmarks/shoc/src/cuda/level2/s3d/ratt.h	_Z12rdsmh_kernelIdEvPKT_PS0_S0_	474
2175	tests/benchmarks/shoc/src/cuda/level2/s3d/ratt.h	_Z12rdsmh_kernelIdEvPKT_PS0_S0_	477
2176	tests/benchmarks/shoc/src/cuda/level2/s3d/ratt.h	_Z12rdsmh_kernelIdEvPKT_PS0_S0_	478
2177	tests/benchmarks/shoc/src/cuda/level2/s3d/ratt.h	_Z12rdsmh_kernelIdEvPKT_PS0_S0_	481
2178	tests/benchmarks/shoc/src/cuda/level2/s3d/ratt.h	_Z12rdsmh_kernelIdEvPKT_PS0_S0_	482
2179	tests/benchmarks/shoc/src/cuda/level2/s3d/ratt.h	_Z12rdsmh_kernelIdEvPKT_PS0_S0_	485
2180	tests/benchmarks/shoc/src/cuda/level2/s3d/ratt.h	_Z12rdsmh_kernelIdEvPKT_PS0_S0_	486
2181	tests/benchmarks/shoc/src/cuda/level2/s3d/ratt.h	_Z12rdsmh_kernelIdEvPKT_PS0_S0_	489
2182	tests/benchmarks/shoc/src/cuda/level2/s3d/ratt.h	_Z12rdsmh_kernelIdEvPKT_PS0_S0_	490
2183	tests/benchmarks/shoc/src/cuda/level2/s3d/ratt.h	_Z12rdsmh_kernelIdEvPKT_PS0_S0_	493
2184	tests/benchmarks/shoc/src/cuda/level2/s3d/ratt.h	_Z12rdsmh_kernelIdEvPKT_PS0_S0_	494
2185	tests/benchmarks/shoc/src/cuda/level2/s3d/ratt.h	_Z12rdsmh_kernelIdEvPKT_PS0_S0_	497
2186	tests/benchmarks/shoc/src/cuda/level2/s3d/ratt.h	_Z12rdsmh_kernelIdEvPKT_PS0_S0_	498
2187	tests/benchmarks/shoc/src/cuda/level2/s3d/ratt.h	_Z12rdsmh_kernelIdEvPKT_PS0_S0_	501
2188	tests/benchmarks/shoc/src/cuda/level2/s3d/ratt.h	_Z12rdsmh_kernelIdEvPKT_PS0_S0_	502
2189	tests/benchmarks/shoc/src/cuda/level2/s3d/ratt.h	_Z5polyxIdddddET_S0_T0_T1_T2_T3_	237
2190	tests/benchmarks/shoc/src/cuda/level2/s3d/gr_base.h	_Z7gr_baseIdEvPKT_S2_S2_PS0_S0_S0_	12
2191	tests/benchmarks/shoc/src/cuda/level2/s3d/gr_base.h	_Z7gr_baseIdEvPKT_S2_S2_PS0_S0_S0_	13
2192	tests/benchmarks/shoc/src/cuda/level2/s3d/gr_base.h	_Z7gr_baseIdEvPKT_S2_S2_PS0_S0_S0_	20
2193	tests/benchmarks/shoc/src/cuda/level2/s3d/gr_base.h	_Z7gr_baseIdEvPKT_S2_S2_PS0_S0_S0_	21
2194	tests/benchmarks/shoc/src/cuda/level2/s3d/gr_base.h	_Z7gr_baseIdEvPKT_S2_S2_PS0_S0_S0_	22
2195	tests/benchmarks/shoc/src/cuda/level2/s3d/gr_base.h	_Z7gr_baseIdEvPKT_S2_S2_PS0_S0_S0_	23
2196	tests/benchmarks/shoc/src/cuda/level2/s3d/gr_base.h	_Z7gr_baseIdEvPKT_S2_S2_PS0_S0_S0_	24
2197	tests/benchmarks/shoc/src/cuda/level2/s3d/gr_base.h	_Z7gr_baseIdEvPKT_S2_S2_PS0_S0_S0_	25
2198	tests/benchmarks/shoc/src/cuda/level2/s3d/gr_base.h	_Z7gr_baseIdEvPKT_S2_S2_PS0_S0_S0_	26
2199	tests/benchmarks/shoc/src/cuda/level2/s3d/gr_base.h	_Z7gr_baseIdEvPKT_S2_S2_PS0_S0_S0_	27
2200	tests/benchmarks/shoc/src/cuda/level2/s3d/gr_base.h	_Z7gr_baseIdEvPKT_S2_S2_PS0_S0_S0_	28
2201	tests/benchmarks/shoc/src/cuda/level2/s3d/gr_base.h	_Z7gr_baseIdEvPKT_S2_S2_PS0_S0_S0_	29
2202	tests/benchmarks/shoc/src/cuda/level2/s3d/gr_base.h	_Z7gr_baseIdEvPKT_S2_S2_PS0_S0_S0_	30
2203	tests/benchmarks/shoc/src/cuda/level2/s3d/gr_base.h	_Z7gr_baseIdEvPKT_S2_S2_PS0_S0_S0_	31
2204	tests/benchmarks/shoc/src/cuda/level2/s3d/gr_base.h	_Z7gr_baseIdEvPKT_S2_S2_PS0_S0_S0_	32
2205	tests/benchmarks/shoc/src/cuda/level2/s3d/gr_base.h	_Z7gr_baseIdEvPKT_S2_S2_PS0_S0_S0_	33
2206	tests/benchmarks/shoc/src/cuda/level2/s3d/gr_base.h	_Z7gr_baseIdEvPKT_S2_S2_PS0_S0_S0_	34
2207	tests/benchmarks/shoc/src/cuda/level2/s3d/gr_base.h	_Z7gr_baseIdEvPKT_S2_S2_PS0_S0_S0_	35
2208	tests/benchmarks/shoc/src/cuda/level2/s3d/gr_base.h	_Z7gr_baseIdEvPKT_S2_S2_PS0_S0_S0_	36
2209	tests/benchmarks/shoc/src/cuda/level2/s3d/gr_base.h	_Z7gr_baseIdEvPKT_S2_S2_PS0_S0_S0_	37
2210	tests/benchmarks/shoc/src/cuda/level2/s3d/gr_base.h	_Z7gr_baseIdEvPKT_S2_S2_PS0_S0_S0_	38
2211	tests/benchmarks/shoc/src/cuda/level2/s3d/gr_base.h	_Z7gr_baseIdEvPKT_S2_S2_PS0_S0_S0_	39
2212	tests/benchmarks/shoc/src/cuda/level2/s3d/gr_base.h	_Z7gr_baseIdEvPKT_S2_S2_PS0_S0_S0_	40
2213	tests/benchmarks/shoc/src/cuda/level2/s3d/gr_base.h	_Z7gr_baseIdEvPKT_S2_S2_PS0_S0_S0_	41
2214	tests/benchmarks/shoc/src/cuda/level2/s3d/gr_base.h	_Z7gr_baseIdEvPKT_S2_S2_PS0_S0_S0_	42
2215	tests/benchmarks/shoc/src/cuda/level2/s3d/gr_base.h	_Z7gr_baseIdEvPKT_S2_S2_PS0_S0_S0_	43
2216	tests/benchmarks/shoc/src/cuda/level2/s3d/gr_base.h	_Z7gr_baseIdEvPKT_S2_S2_PS0_S0_S0_	44
2217	tests/benchmarks/shoc/src/cuda/level2/s3d/gr_base.h	_Z7gr_baseIdEvPKT_S2_S2_PS0_S0_S0_	45
2218	tests/benchmarks/shoc/src/cuda/level2/s3d/gr_base.h	_Z7gr_baseIdEvPKT_S2_S2_PS0_S0_S0_	46
2219	tests/benchmarks/shoc/src/cuda/level2/s3d/gr_base.h	_Z7gr_baseIdEvPKT_S2_S2_PS0_S0_S0_	47
2220	tests/benchmarks/shoc/src/cuda/level2/s3d/gr_base.h	_Z7gr_baseIdEvPKT_S2_S2_PS0_S0_S0_	48
2221	tests/benchmarks/shoc/src/cuda/level2/s3d/gr_base.h	_Z7gr_baseIdEvPKT_S2_S2_PS0_S0_S0_	49
2222	tests/benchmarks/shoc/src/cuda/level2/s3d/gr_base.h	_Z7gr_baseIdEvPKT_S2_S2_PS0_S0_S0_	50
2223	tests/benchmarks/shoc/src/cuda/level2/s3d/gr_base.h	_Z7gr_baseIdEvPKT_S2_S2_PS0_S0_S0_	51
2224	tests/benchmarks/shoc/src/cuda/level2/s3d/gr_base.h	_Z7gr_baseIdEvPKT_S2_S2_PS0_S0_S0_	52
2225	tests/benchmarks/shoc/src/cuda/level2/s3d/gr_base.h	_Z7gr_baseIdEvPKT_S2_S2_PS0_S0_S0_	53
2226	tests/benchmarks/shoc/src/cuda/level2/s3d/gr_base.h	_Z7gr_baseIdEvPKT_S2_S2_PS0_S0_S0_	54
2227	tests/benchmarks/shoc/src/cuda/level2/s3d/gr_base.h	_Z7gr_baseIdEvPKT_S2_S2_PS0_S0_S0_	55
2228	tests/benchmarks/shoc/src/cuda/level2/s3d/gr_base.h	_Z7gr_baseIdEvPKT_S2_S2_PS0_S0_S0_	56
2229	tests/benchmarks/shoc/src/cuda/level2/s3d/gr_base.h	_Z7gr_baseIdEvPKT_S2_S2_PS0_S0_S0_	57
2230	tests/benchmarks/shoc/src/cuda/level2/s3d/gr_base.h	_Z7gr_baseIdEvPKT_S2_S2_PS0_S0_S0_	58
2231	tests/benchmarks/shoc/src/cuda/level2/s3d/gr_base.h	_Z7gr_baseIdEvPKT_S2_S2_PS0_S0_S0_	59
2232	tests/benchmarks/shoc/src/cuda/level2/s3d/gr_base.h	_Z7gr_baseIdEvPKT_S2_S2_PS0_S0_S0_	60
2233	tests/benchmarks/shoc/src/cuda/level2/s3d/gr_base.h	_Z7gr_baseIdEvPKT_S2_S2_PS0_S0_S0_	61
2234	tests/benchmarks/shoc/src/cuda/level2/s3d/gr_base.h	_Z7gr_baseIdEvPKT_S2_S2_PS0_S0_S0_	62
2235	tests/benchmarks/shoc/src/cuda/level2/s3d/gr_base.h	_Z7gr_baseIdEvPKT_S2_S2_PS0_S0_S0_	63
2236	tests/benchmarks/shoc/src/cuda/level2/s3d/gr_base.h	_Z7gr_baseIdEvPKT_S2_S2_PS0_S0_S0_	65
2237	tests/benchmarks/shoc/src/cuda/level2/s3d/S3D.h	_Z7gr_baseIdEvPKT_S2_S2_PS0_S0_S0_	22
2238	/storage/users/sislam3/opt/llvm-22/lib/clang/22/include/__clang_cuda_math.h	_Z7gr_baseIdEvPKT_S2_S2_PS0_S0_S0_	135
2239	tests/benchmarks/shoc/src/cuda/level2/s3d/gr_base.h	_Z7gr_baseIdEvPKT_S2_S2_PS0_S0_S0_	69
2240	tests/benchmarks/shoc/src/cuda/level2/s3d/ratt2.h	_Z12ratt2_kernelIdEvPKT_S2_PS0_S2_S0_	15
2241	/storage/users/sislam3/opt/llvm-22/lib/clang/22/include/__clang_cuda_math.h	_Z12ratt2_kernelIdEvPKT_S2_PS0_S2_S0_	175
2242	tests/benchmarks/shoc/src/cuda/level2/s3d/ratt2.h	_Z12ratt2_kernelIdEvPKT_S2_PS0_S2_S0_	22
2243	tests/benchmarks/shoc/src/cuda/level2/s3d/S3D.h	_Z12ratt2_kernelIdEvPKT_S2_PS0_S2_S0_	22
2244	tests/benchmarks/shoc/src/cuda/level2/s3d/ratt2.h	_Z12ratt2_kernelIdEvPKT_S2_PS0_S2_S0_	26
2245	tests/benchmarks/shoc/src/cuda/level2/s3d/ratt2.h	_Z12ratt2_kernelIdEvPKT_S2_PS0_S2_S0_	27
2246	tests/benchmarks/shoc/src/cuda/level2/s3d/ratt2.h	_Z12ratt2_kernelIdEvPKT_S2_PS0_S2_S0_	29
2247	tests/benchmarks/shoc/src/cuda/level2/s3d/ratt2.h	_Z12ratt2_kernelIdEvPKT_S2_PS0_S2_S0_	30
2248	tests/benchmarks/shoc/src/cuda/level2/s3d/ratt2.h	_Z12ratt2_kernelIdEvPKT_S2_PS0_S2_S0_	32
2249	tests/benchmarks/shoc/src/cuda/level2/s3d/ratt2.h	_Z12ratt2_kernelIdEvPKT_S2_PS0_S2_S0_	33
2250	tests/benchmarks/shoc/src/cuda/level2/s3d/ratt2.h	_Z12ratt2_kernelIdEvPKT_S2_PS0_S2_S0_	35
2251	tests/benchmarks/shoc/src/cuda/level2/s3d/ratt2.h	_Z12ratt2_kernelIdEvPKT_S2_PS0_S2_S0_	36
2252	tests/benchmarks/shoc/src/cuda/level2/s3d/ratt2.h	_Z12ratt2_kernelIdEvPKT_S2_PS0_S2_S0_	38
2253	tests/benchmarks/shoc/src/cuda/level2/s3d/ratt2.h	_Z12ratt2_kernelIdEvPKT_S2_PS0_S2_S0_	39
2254	tests/benchmarks/shoc/src/cuda/level2/s3d/ratt2.h	_Z12ratt2_kernelIdEvPKT_S2_PS0_S2_S0_	41
2255	tests/benchmarks/shoc/src/cuda/level2/s3d/ratt2.h	_Z12ratt2_kernelIdEvPKT_S2_PS0_S2_S0_	42
2256	tests/benchmarks/shoc/src/cuda/level2/s3d/ratt2.h	_Z12ratt2_kernelIdEvPKT_S2_PS0_S2_S0_	44
2257	tests/benchmarks/shoc/src/cuda/level2/s3d/ratt2.h	_Z12ratt2_kernelIdEvPKT_S2_PS0_S2_S0_	45
2258	tests/benchmarks/shoc/src/cuda/level2/s3d/ratt2.h	_Z12ratt2_kernelIdEvPKT_S2_PS0_S2_S0_	47
2259	tests/benchmarks/shoc/src/cuda/level2/s3d/ratt2.h	_Z12ratt2_kernelIdEvPKT_S2_PS0_S2_S0_	48
2260	tests/benchmarks/shoc/src/cuda/level2/s3d/ratt2.h	_Z12ratt2_kernelIdEvPKT_S2_PS0_S2_S0_	50
2261	tests/benchmarks/shoc/src/cuda/level2/s3d/ratt2.h	_Z12ratt2_kernelIdEvPKT_S2_PS0_S2_S0_	51
2262	tests/benchmarks/shoc/src/cuda/level2/s3d/ratt2.h	_Z12ratt2_kernelIdEvPKT_S2_PS0_S2_S0_	53
2263	tests/benchmarks/shoc/src/cuda/level2/s3d/ratt2.h	_Z12ratt2_kernelIdEvPKT_S2_PS0_S2_S0_	54
2264	tests/benchmarks/shoc/src/cuda/level2/s3d/ratt2.h	_Z12ratt2_kernelIdEvPKT_S2_PS0_S2_S0_	56
2265	tests/benchmarks/shoc/src/cuda/level2/s3d/ratt2.h	_Z12ratt2_kernelIdEvPKT_S2_PS0_S2_S0_	57
2266	tests/benchmarks/shoc/src/cuda/level2/s3d/ratt2.h	_Z12ratt2_kernelIdEvPKT_S2_PS0_S2_S0_	59
2267	tests/benchmarks/shoc/src/cuda/level2/s3d/ratt2.h	_Z12ratt2_kernelIdEvPKT_S2_PS0_S2_S0_	60
2268	tests/benchmarks/shoc/src/cuda/level2/s3d/ratt2.h	_Z12ratt2_kernelIdEvPKT_S2_PS0_S2_S0_	62
2269	tests/benchmarks/shoc/src/cuda/level2/s3d/ratt2.h	_Z12ratt2_kernelIdEvPKT_S2_PS0_S2_S0_	63
2270	tests/benchmarks/shoc/src/cuda/level2/s3d/ratt2.h	_Z12ratt2_kernelIdEvPKT_S2_PS0_S2_S0_	65
2271	tests/benchmarks/shoc/src/cuda/level2/s3d/ratt2.h	_Z12ratt2_kernelIdEvPKT_S2_PS0_S2_S0_	66
2272	tests/benchmarks/shoc/src/cuda/level2/s3d/ratt2.h	_Z12ratt2_kernelIdEvPKT_S2_PS0_S2_S0_	68
2273	tests/benchmarks/shoc/src/cuda/level2/s3d/ratt2.h	_Z12ratt2_kernelIdEvPKT_S2_PS0_S2_S0_	69
2274	tests/benchmarks/shoc/src/cuda/level2/s3d/ratt2.h	_Z12ratt2_kernelIdEvPKT_S2_PS0_S2_S0_	71
2275	tests/benchmarks/shoc/src/cuda/level2/s3d/ratt2.h	_Z12ratt2_kernelIdEvPKT_S2_PS0_S2_S0_	72
2276	tests/benchmarks/shoc/src/cuda/level2/s3d/ratt2.h	_Z12ratt2_kernelIdEvPKT_S2_PS0_S2_S0_	74
2277	tests/benchmarks/shoc/src/cuda/level2/s3d/ratt2.h	_Z12ratt2_kernelIdEvPKT_S2_PS0_S2_S0_	75
2278	tests/benchmarks/shoc/src/cuda/level2/s3d/ratt2.h	_Z12ratt2_kernelIdEvPKT_S2_PS0_S2_S0_	77
2279	tests/benchmarks/shoc/src/cuda/level2/s3d/ratt2.h	_Z12ratt2_kernelIdEvPKT_S2_PS0_S2_S0_	78
2280	tests/benchmarks/shoc/src/cuda/level2/s3d/ratt2.h	_Z12ratt2_kernelIdEvPKT_S2_PS0_S2_S0_	80
2281	tests/benchmarks/shoc/src/cuda/level2/s3d/ratt2.h	_Z12ratt2_kernelIdEvPKT_S2_PS0_S2_S0_	81
2282	tests/benchmarks/shoc/src/cuda/level2/s3d/ratt2.h	_Z12ratt2_kernelIdEvPKT_S2_PS0_S2_S0_	83
2283	tests/benchmarks/shoc/src/cuda/level2/s3d/ratt2.h	_Z12ratt2_kernelIdEvPKT_S2_PS0_S2_S0_	84
2284	tests/benchmarks/shoc/src/cuda/level2/s3d/ratt2.h	_Z12ratt2_kernelIdEvPKT_S2_PS0_S2_S0_	86
2285	tests/benchmarks/shoc/src/cuda/level2/s3d/ratt2.h	_Z12ratt2_kernelIdEvPKT_S2_PS0_S2_S0_	87
2286	tests/benchmarks/shoc/src/cuda/level2/s3d/ratt2.h	_Z12ratt2_kernelIdEvPKT_S2_PS0_S2_S0_	89
2287	tests/benchmarks/shoc/src/cuda/level2/s3d/ratt2.h	_Z12ratt2_kernelIdEvPKT_S2_PS0_S2_S0_	90
2288	tests/benchmarks/shoc/src/cuda/level2/s3d/ratt2.h	_Z12ratt2_kernelIdEvPKT_S2_PS0_S2_S0_	92
2289	tests/benchmarks/shoc/src/cuda/level2/s3d/ratt2.h	_Z12ratt2_kernelIdEvPKT_S2_PS0_S2_S0_	93
2290	tests/benchmarks/shoc/src/cuda/level2/s3d/ratt2.h	_Z12ratt2_kernelIdEvPKT_S2_PS0_S2_S0_	95
2291	tests/benchmarks/shoc/src/cuda/level2/s3d/ratt2.h	_Z12ratt2_kernelIdEvPKT_S2_PS0_S2_S0_	96
2292	tests/benchmarks/shoc/src/cuda/level2/s3d/ratt2.h	_Z12ratt2_kernelIdEvPKT_S2_PS0_S2_S0_	98
2293	tests/benchmarks/shoc/src/cuda/level2/s3d/ratt2.h	_Z12ratt2_kernelIdEvPKT_S2_PS0_S2_S0_	99
2294	tests/benchmarks/shoc/src/cuda/level2/s3d/ratt2.h	_Z12ratt3_kernelIdEvPKT_S2_PS0_S2_S0_	109
2295	/storage/users/sislam3/opt/llvm-22/lib/clang/22/include/__clang_cuda_math.h	_Z12ratt3_kernelIdEvPKT_S2_PS0_S2_S0_	175
2296	tests/benchmarks/shoc/src/cuda/level2/s3d/ratt2.h	_Z12ratt3_kernelIdEvPKT_S2_PS0_S2_S0_	114
2297	tests/benchmarks/shoc/src/cuda/level2/s3d/S3D.h	_Z12ratt3_kernelIdEvPKT_S2_PS0_S2_S0_	22
2298	tests/benchmarks/shoc/src/cuda/level2/s3d/ratt2.h	_Z12ratt3_kernelIdEvPKT_S2_PS0_S2_S0_	118
2299	tests/benchmarks/shoc/src/cuda/level2/s3d/ratt2.h	_Z12ratt3_kernelIdEvPKT_S2_PS0_S2_S0_	119
2300	tests/benchmarks/shoc/src/cuda/level2/s3d/ratt2.h	_Z12ratt3_kernelIdEvPKT_S2_PS0_S2_S0_	121
2301	tests/benchmarks/shoc/src/cuda/level2/s3d/ratt2.h	_Z12ratt3_kernelIdEvPKT_S2_PS0_S2_S0_	122
2302	tests/benchmarks/shoc/src/cuda/level2/s3d/ratt2.h	_Z12ratt3_kernelIdEvPKT_S2_PS0_S2_S0_	124
2303	tests/benchmarks/shoc/src/cuda/level2/s3d/ratt2.h	_Z12ratt3_kernelIdEvPKT_S2_PS0_S2_S0_	125
2304	tests/benchmarks/shoc/src/cuda/level2/s3d/ratt2.h	_Z12ratt3_kernelIdEvPKT_S2_PS0_S2_S0_	127
2305	tests/benchmarks/shoc/src/cuda/level2/s3d/ratt2.h	_Z12ratt3_kernelIdEvPKT_S2_PS0_S2_S0_	128
2306	tests/benchmarks/shoc/src/cuda/level2/s3d/ratt2.h	_Z12ratt3_kernelIdEvPKT_S2_PS0_S2_S0_	130
2307	tests/benchmarks/shoc/src/cuda/level2/s3d/ratt2.h	_Z12ratt3_kernelIdEvPKT_S2_PS0_S2_S0_	131
2308	tests/benchmarks/shoc/src/cuda/level2/s3d/ratt2.h	_Z12ratt3_kernelIdEvPKT_S2_PS0_S2_S0_	133
2309	tests/benchmarks/shoc/src/cuda/level2/s3d/ratt2.h	_Z12ratt3_kernelIdEvPKT_S2_PS0_S2_S0_	134
2310	tests/benchmarks/shoc/src/cuda/level2/s3d/ratt2.h	_Z12ratt3_kernelIdEvPKT_S2_PS0_S2_S0_	136
2311	tests/benchmarks/shoc/src/cuda/level2/s3d/ratt2.h	_Z12ratt3_kernelIdEvPKT_S2_PS0_S2_S0_	137
2312	tests/benchmarks/shoc/src/cuda/level2/s3d/ratt2.h	_Z12ratt3_kernelIdEvPKT_S2_PS0_S2_S0_	139
2313	tests/benchmarks/shoc/src/cuda/level2/s3d/ratt2.h	_Z12ratt3_kernelIdEvPKT_S2_PS0_S2_S0_	140
2314	tests/benchmarks/shoc/src/cuda/level2/s3d/ratt2.h	_Z12ratt3_kernelIdEvPKT_S2_PS0_S2_S0_	142
2315	tests/benchmarks/shoc/src/cuda/level2/s3d/ratt2.h	_Z12ratt3_kernelIdEvPKT_S2_PS0_S2_S0_	143
2316	tests/benchmarks/shoc/src/cuda/level2/s3d/ratt2.h	_Z12ratt3_kernelIdEvPKT_S2_PS0_S2_S0_	145
2317	tests/benchmarks/shoc/src/cuda/level2/s3d/ratt2.h	_Z12ratt3_kernelIdEvPKT_S2_PS0_S2_S0_	146
2318	tests/benchmarks/shoc/src/cuda/level2/s3d/ratt2.h	_Z12ratt3_kernelIdEvPKT_S2_PS0_S2_S0_	148
2319	tests/benchmarks/shoc/src/cuda/level2/s3d/ratt2.h	_Z12ratt3_kernelIdEvPKT_S2_PS0_S2_S0_	149
2320	tests/benchmarks/shoc/src/cuda/level2/s3d/ratt2.h	_Z12ratt3_kernelIdEvPKT_S2_PS0_S2_S0_	151
2321	tests/benchmarks/shoc/src/cuda/level2/s3d/ratt2.h	_Z12ratt3_kernelIdEvPKT_S2_PS0_S2_S0_	152
2322	tests/benchmarks/shoc/src/cuda/level2/s3d/ratt2.h	_Z12ratt3_kernelIdEvPKT_S2_PS0_S2_S0_	154
2323	tests/benchmarks/shoc/src/cuda/level2/s3d/ratt2.h	_Z12ratt3_kernelIdEvPKT_S2_PS0_S2_S0_	155
2324	tests/benchmarks/shoc/src/cuda/level2/s3d/ratt2.h	_Z12ratt3_kernelIdEvPKT_S2_PS0_S2_S0_	157
2325	tests/benchmarks/shoc/src/cuda/level2/s3d/ratt2.h	_Z12ratt3_kernelIdEvPKT_S2_PS0_S2_S0_	158
2326	tests/benchmarks/shoc/src/cuda/level2/s3d/ratt2.h	_Z12ratt3_kernelIdEvPKT_S2_PS0_S2_S0_	160
2327	tests/benchmarks/shoc/src/cuda/level2/s3d/ratt2.h	_Z12ratt3_kernelIdEvPKT_S2_PS0_S2_S0_	161
2328	tests/benchmarks/shoc/src/cuda/level2/s3d/ratt2.h	_Z12ratt3_kernelIdEvPKT_S2_PS0_S2_S0_	163
2329	tests/benchmarks/shoc/src/cuda/level2/s3d/ratt2.h	_Z12ratt3_kernelIdEvPKT_S2_PS0_S2_S0_	164
2330	tests/benchmarks/shoc/src/cuda/level2/s3d/ratt2.h	_Z12ratt3_kernelIdEvPKT_S2_PS0_S2_S0_	166
2331	tests/benchmarks/shoc/src/cuda/level2/s3d/ratt2.h	_Z12ratt3_kernelIdEvPKT_S2_PS0_S2_S0_	167
2332	tests/benchmarks/shoc/src/cuda/level2/s3d/ratt2.h	_Z12ratt3_kernelIdEvPKT_S2_PS0_S2_S0_	169
2333	tests/benchmarks/shoc/src/cuda/level2/s3d/ratt2.h	_Z12ratt3_kernelIdEvPKT_S2_PS0_S2_S0_	170
2334	tests/benchmarks/shoc/src/cuda/level2/s3d/ratt2.h	_Z12ratt3_kernelIdEvPKT_S2_PS0_S2_S0_	172
2335	tests/benchmarks/shoc/src/cuda/level2/s3d/ratt2.h	_Z12ratt3_kernelIdEvPKT_S2_PS0_S2_S0_	173
2336	tests/benchmarks/shoc/src/cuda/level2/s3d/ratt2.h	_Z12ratt3_kernelIdEvPKT_S2_PS0_S2_S0_	175
2337	tests/benchmarks/shoc/src/cuda/level2/s3d/ratt2.h	_Z12ratt3_kernelIdEvPKT_S2_PS0_S2_S0_	176
2338	tests/benchmarks/shoc/src/cuda/level2/s3d/ratt2.h	_Z12ratt3_kernelIdEvPKT_S2_PS0_S2_S0_	178
2339	tests/benchmarks/shoc/src/cuda/level2/s3d/ratt2.h	_Z12ratt3_kernelIdEvPKT_S2_PS0_S2_S0_	179
2340	tests/benchmarks/shoc/src/cuda/level2/s3d/ratt2.h	_Z12ratt3_kernelIdEvPKT_S2_PS0_S2_S0_	181
2341	tests/benchmarks/shoc/src/cuda/level2/s3d/ratt2.h	_Z12ratt3_kernelIdEvPKT_S2_PS0_S2_S0_	182
2342	tests/benchmarks/shoc/src/cuda/level2/s3d/ratt2.h	_Z12ratt3_kernelIdEvPKT_S2_PS0_S2_S0_	184
2343	tests/benchmarks/shoc/src/cuda/level2/s3d/ratt2.h	_Z12ratt3_kernelIdEvPKT_S2_PS0_S2_S0_	185
2344	tests/benchmarks/shoc/src/cuda/level2/s3d/ratt2.h	_Z12ratt3_kernelIdEvPKT_S2_PS0_S2_S0_	187
2345	tests/benchmarks/shoc/src/cuda/level2/s3d/ratt2.h	_Z12ratt3_kernelIdEvPKT_S2_PS0_S2_S0_	188
2346	tests/benchmarks/shoc/src/cuda/level2/s3d/ratt2.h	_Z12ratt3_kernelIdEvPKT_S2_PS0_S2_S0_	190
2347	tests/benchmarks/shoc/src/cuda/level2/s3d/ratt2.h	_Z12ratt3_kernelIdEvPKT_S2_PS0_S2_S0_	191
2348	tests/benchmarks/shoc/src/cuda/level2/s3d/ratt2.h	_Z12ratt4_kernelIdEvPKT_S2_PS0_S2_S0_	201
2349	/storage/users/sislam3/opt/llvm-22/lib/clang/22/include/__clang_cuda_math.h	_Z12ratt4_kernelIdEvPKT_S2_PS0_S2_S0_	175
2350	tests/benchmarks/shoc/src/cuda/level2/s3d/ratt2.h	_Z12ratt4_kernelIdEvPKT_S2_PS0_S2_S0_	206
2351	tests/benchmarks/shoc/src/cuda/level2/s3d/S3D.h	_Z12ratt4_kernelIdEvPKT_S2_PS0_S2_S0_	22
2352	tests/benchmarks/shoc/src/cuda/level2/s3d/ratt2.h	_Z12ratt4_kernelIdEvPKT_S2_PS0_S2_S0_	209
2353	tests/benchmarks/shoc/src/cuda/level2/s3d/ratt2.h	_Z12ratt4_kernelIdEvPKT_S2_PS0_S2_S0_	210
2354	tests/benchmarks/shoc/src/cuda/level2/s3d/ratt2.h	_Z12ratt4_kernelIdEvPKT_S2_PS0_S2_S0_	212
2355	tests/benchmarks/shoc/src/cuda/level2/s3d/ratt2.h	_Z12ratt4_kernelIdEvPKT_S2_PS0_S2_S0_	213
2356	tests/benchmarks/shoc/src/cuda/level2/s3d/ratt2.h	_Z12ratt4_kernelIdEvPKT_S2_PS0_S2_S0_	215
2357	tests/benchmarks/shoc/src/cuda/level2/s3d/ratt2.h	_Z12ratt4_kernelIdEvPKT_S2_PS0_S2_S0_	216
2358	tests/benchmarks/shoc/src/cuda/level2/s3d/ratt2.h	_Z12ratt4_kernelIdEvPKT_S2_PS0_S2_S0_	218
2359	tests/benchmarks/shoc/src/cuda/level2/s3d/ratt2.h	_Z12ratt4_kernelIdEvPKT_S2_PS0_S2_S0_	219
2360	tests/benchmarks/shoc/src/cuda/level2/s3d/ratt2.h	_Z12ratt4_kernelIdEvPKT_S2_PS0_S2_S0_	221
2361	tests/benchmarks/shoc/src/cuda/level2/s3d/ratt2.h	_Z12ratt4_kernelIdEvPKT_S2_PS0_S2_S0_	222
2362	tests/benchmarks/shoc/src/cuda/level2/s3d/ratt2.h	_Z12ratt4_kernelIdEvPKT_S2_PS0_S2_S0_	224
2363	tests/benchmarks/shoc/src/cuda/level2/s3d/ratt2.h	_Z12ratt4_kernelIdEvPKT_S2_PS0_S2_S0_	225
2364	tests/benchmarks/shoc/src/cuda/level2/s3d/ratt2.h	_Z12ratt4_kernelIdEvPKT_S2_PS0_S2_S0_	227
2365	tests/benchmarks/shoc/src/cuda/level2/s3d/ratt2.h	_Z12ratt4_kernelIdEvPKT_S2_PS0_S2_S0_	228
2366	tests/benchmarks/shoc/src/cuda/level2/s3d/ratt2.h	_Z12ratt4_kernelIdEvPKT_S2_PS0_S2_S0_	230
2367	tests/benchmarks/shoc/src/cuda/level2/s3d/ratt2.h	_Z12ratt4_kernelIdEvPKT_S2_PS0_S2_S0_	231
2368	tests/benchmarks/shoc/src/cuda/level2/s3d/ratt2.h	_Z12ratt4_kernelIdEvPKT_S2_PS0_S2_S0_	234
2369	tests/benchmarks/shoc/src/cuda/level2/s3d/ratt2.h	_Z12ratt4_kernelIdEvPKT_S2_PS0_S2_S0_	236
2370	tests/benchmarks/shoc/src/cuda/level2/s3d/ratt2.h	_Z12ratt4_kernelIdEvPKT_S2_PS0_S2_S0_	237
2371	tests/benchmarks/shoc/src/cuda/level2/s3d/ratt2.h	_Z12ratt4_kernelIdEvPKT_S2_PS0_S2_S0_	239
2372	tests/benchmarks/shoc/src/cuda/level2/s3d/ratt2.h	_Z12ratt4_kernelIdEvPKT_S2_PS0_S2_S0_	240
2373	tests/benchmarks/shoc/src/cuda/level2/s3d/ratt2.h	_Z12ratt4_kernelIdEvPKT_S2_PS0_S2_S0_	242
2374	tests/benchmarks/shoc/src/cuda/level2/s3d/ratt2.h	_Z12ratt4_kernelIdEvPKT_S2_PS0_S2_S0_	243
2375	tests/benchmarks/shoc/src/cuda/level2/s3d/ratt2.h	_Z12ratt4_kernelIdEvPKT_S2_PS0_S2_S0_	245
2376	tests/benchmarks/shoc/src/cuda/level2/s3d/ratt2.h	_Z12ratt4_kernelIdEvPKT_S2_PS0_S2_S0_	246
2377	tests/benchmarks/shoc/src/cuda/level2/s3d/ratt2.h	_Z12ratt4_kernelIdEvPKT_S2_PS0_S2_S0_	248
2378	tests/benchmarks/shoc/src/cuda/level2/s3d/ratt2.h	_Z12ratt4_kernelIdEvPKT_S2_PS0_S2_S0_	249
2379	tests/benchmarks/shoc/src/cuda/level2/s3d/ratt2.h	_Z12ratt4_kernelIdEvPKT_S2_PS0_S2_S0_	251
2380	tests/benchmarks/shoc/src/cuda/level2/s3d/ratt2.h	_Z12ratt4_kernelIdEvPKT_S2_PS0_S2_S0_	252
2381	tests/benchmarks/shoc/src/cuda/level2/s3d/ratt2.h	_Z12ratt4_kernelIdEvPKT_S2_PS0_S2_S0_	254
2382	tests/benchmarks/shoc/src/cuda/level2/s3d/ratt2.h	_Z12ratt4_kernelIdEvPKT_S2_PS0_S2_S0_	255
2383	tests/benchmarks/shoc/src/cuda/level2/s3d/ratt2.h	_Z12ratt4_kernelIdEvPKT_S2_PS0_S2_S0_	258
2384	tests/benchmarks/shoc/src/cuda/level2/s3d/ratt2.h	_Z12ratt4_kernelIdEvPKT_S2_PS0_S2_S0_	261
2385	tests/benchmarks/shoc/src/cuda/level2/s3d/ratt2.h	_Z12ratt4_kernelIdEvPKT_S2_PS0_S2_S0_	264
2386	tests/benchmarks/shoc/src/cuda/level2/s3d/ratt2.h	_Z12ratt4_kernelIdEvPKT_S2_PS0_S2_S0_	266
2387	tests/benchmarks/shoc/src/cuda/level2/s3d/ratt2.h	_Z12ratt4_kernelIdEvPKT_S2_PS0_S2_S0_	267
2388	tests/benchmarks/shoc/src/cuda/level2/s3d/ratt2.h	_Z12ratt4_kernelIdEvPKT_S2_PS0_S2_S0_	269
2389	tests/benchmarks/shoc/src/cuda/level2/s3d/ratt2.h	_Z12ratt4_kernelIdEvPKT_S2_PS0_S2_S0_	270
2390	tests/benchmarks/shoc/src/cuda/level2/s3d/ratt2.h	_Z12ratt4_kernelIdEvPKT_S2_PS0_S2_S0_	272
2391	tests/benchmarks/shoc/src/cuda/level2/s3d/ratt2.h	_Z12ratt4_kernelIdEvPKT_S2_PS0_S2_S0_	273
2392	tests/benchmarks/shoc/src/cuda/level2/s3d/ratt2.h	_Z12ratt4_kernelIdEvPKT_S2_PS0_S2_S0_	275
2393	tests/benchmarks/shoc/src/cuda/level2/s3d/ratt2.h	_Z12ratt4_kernelIdEvPKT_S2_PS0_S2_S0_	276
2394	tests/benchmarks/shoc/src/cuda/level2/s3d/ratt2.h	_Z12ratt4_kernelIdEvPKT_S2_PS0_S2_S0_	278
2395	tests/benchmarks/shoc/src/cuda/level2/s3d/ratt2.h	_Z12ratt4_kernelIdEvPKT_S2_PS0_S2_S0_	279
2396	tests/benchmarks/shoc/src/cuda/level2/s3d/ratt2.h	_Z12ratt4_kernelIdEvPKT_S2_PS0_S2_S0_	281
2397	tests/benchmarks/shoc/src/cuda/level2/s3d/ratt2.h	_Z12ratt4_kernelIdEvPKT_S2_PS0_S2_S0_	282
2398	tests/benchmarks/shoc/src/cuda/level2/s3d/ratt2.h	_Z12ratt5_kernelIdEvPKT_S2_PS0_S2_S0_	292
2399	/storage/users/sislam3/opt/llvm-22/lib/clang/22/include/__clang_cuda_math.h	_Z12ratt5_kernelIdEvPKT_S2_PS0_S2_S0_	175
2400	tests/benchmarks/shoc/src/cuda/level2/s3d/ratt2.h	_Z12ratt5_kernelIdEvPKT_S2_PS0_S2_S0_	297
2401	tests/benchmarks/shoc/src/cuda/level2/s3d/S3D.h	_Z12ratt5_kernelIdEvPKT_S2_PS0_S2_S0_	22
2402	tests/benchmarks/shoc/src/cuda/level2/s3d/ratt2.h	_Z12ratt5_kernelIdEvPKT_S2_PS0_S2_S0_	301
2403	tests/benchmarks/shoc/src/cuda/level2/s3d/ratt2.h	_Z12ratt5_kernelIdEvPKT_S2_PS0_S2_S0_	302
2404	tests/benchmarks/shoc/src/cuda/level2/s3d/ratt2.h	_Z12ratt5_kernelIdEvPKT_S2_PS0_S2_S0_	304
2405	tests/benchmarks/shoc/src/cuda/level2/s3d/ratt2.h	_Z12ratt5_kernelIdEvPKT_S2_PS0_S2_S0_	305
2406	tests/benchmarks/shoc/src/cuda/level2/s3d/ratt2.h	_Z12ratt5_kernelIdEvPKT_S2_PS0_S2_S0_	307
2407	tests/benchmarks/shoc/src/cuda/level2/s3d/ratt2.h	_Z12ratt5_kernelIdEvPKT_S2_PS0_S2_S0_	308
2408	tests/benchmarks/shoc/src/cuda/level2/s3d/ratt2.h	_Z12ratt5_kernelIdEvPKT_S2_PS0_S2_S0_	310
2409	tests/benchmarks/shoc/src/cuda/level2/s3d/ratt2.h	_Z12ratt5_kernelIdEvPKT_S2_PS0_S2_S0_	311
2410	tests/benchmarks/shoc/src/cuda/level2/s3d/ratt2.h	_Z12ratt5_kernelIdEvPKT_S2_PS0_S2_S0_	313
2411	tests/benchmarks/shoc/src/cuda/level2/s3d/ratt2.h	_Z12ratt5_kernelIdEvPKT_S2_PS0_S2_S0_	314
2412	tests/benchmarks/shoc/src/cuda/level2/s3d/ratt2.h	_Z12ratt5_kernelIdEvPKT_S2_PS0_S2_S0_	316
2413	tests/benchmarks/shoc/src/cuda/level2/s3d/ratt2.h	_Z12ratt5_kernelIdEvPKT_S2_PS0_S2_S0_	317
2414	tests/benchmarks/shoc/src/cuda/level2/s3d/ratt2.h	_Z12ratt5_kernelIdEvPKT_S2_PS0_S2_S0_	319
2415	tests/benchmarks/shoc/src/cuda/level2/s3d/ratt2.h	_Z12ratt5_kernelIdEvPKT_S2_PS0_S2_S0_	320
2416	tests/benchmarks/shoc/src/cuda/level2/s3d/ratt2.h	_Z12ratt5_kernelIdEvPKT_S2_PS0_S2_S0_	322
2417	tests/benchmarks/shoc/src/cuda/level2/s3d/ratt2.h	_Z12ratt5_kernelIdEvPKT_S2_PS0_S2_S0_	323
2418	tests/benchmarks/shoc/src/cuda/level2/s3d/ratt2.h	_Z12ratt5_kernelIdEvPKT_S2_PS0_S2_S0_	325
2419	tests/benchmarks/shoc/src/cuda/level2/s3d/ratt2.h	_Z12ratt5_kernelIdEvPKT_S2_PS0_S2_S0_	326
2420	tests/benchmarks/shoc/src/cuda/level2/s3d/ratt2.h	_Z12ratt5_kernelIdEvPKT_S2_PS0_S2_S0_	328
2421	tests/benchmarks/shoc/src/cuda/level2/s3d/ratt2.h	_Z12ratt5_kernelIdEvPKT_S2_PS0_S2_S0_	329
2422	tests/benchmarks/shoc/src/cuda/level2/s3d/ratt2.h	_Z12ratt5_kernelIdEvPKT_S2_PS0_S2_S0_	331
2423	tests/benchmarks/shoc/src/cuda/level2/s3d/ratt2.h	_Z12ratt5_kernelIdEvPKT_S2_PS0_S2_S0_	332
2424	tests/benchmarks/shoc/src/cuda/level2/s3d/ratt2.h	_Z12ratt5_kernelIdEvPKT_S2_PS0_S2_S0_	334
2425	tests/benchmarks/shoc/src/cuda/level2/s3d/ratt2.h	_Z12ratt5_kernelIdEvPKT_S2_PS0_S2_S0_	335
2426	tests/benchmarks/shoc/src/cuda/level2/s3d/ratt2.h	_Z12ratt5_kernelIdEvPKT_S2_PS0_S2_S0_	337
2427	tests/benchmarks/shoc/src/cuda/level2/s3d/ratt2.h	_Z12ratt5_kernelIdEvPKT_S2_PS0_S2_S0_	338
2428	tests/benchmarks/shoc/src/cuda/level2/s3d/ratt2.h	_Z12ratt5_kernelIdEvPKT_S2_PS0_S2_S0_	340
2429	tests/benchmarks/shoc/src/cuda/level2/s3d/ratt2.h	_Z12ratt5_kernelIdEvPKT_S2_PS0_S2_S0_	341
2430	tests/benchmarks/shoc/src/cuda/level2/s3d/ratt2.h	_Z12ratt5_kernelIdEvPKT_S2_PS0_S2_S0_	343
2431	tests/benchmarks/shoc/src/cuda/level2/s3d/ratt2.h	_Z12ratt5_kernelIdEvPKT_S2_PS0_S2_S0_	344
2432	tests/benchmarks/shoc/src/cuda/level2/s3d/ratt2.h	_Z12ratt5_kernelIdEvPKT_S2_PS0_S2_S0_	346
2433	tests/benchmarks/shoc/src/cuda/level2/s3d/ratt2.h	_Z12ratt5_kernelIdEvPKT_S2_PS0_S2_S0_	347
2434	tests/benchmarks/shoc/src/cuda/level2/s3d/ratt2.h	_Z12ratt5_kernelIdEvPKT_S2_PS0_S2_S0_	349
2435	tests/benchmarks/shoc/src/cuda/level2/s3d/ratt2.h	_Z12ratt5_kernelIdEvPKT_S2_PS0_S2_S0_	350
2436	tests/benchmarks/shoc/src/cuda/level2/s3d/ratt2.h	_Z12ratt5_kernelIdEvPKT_S2_PS0_S2_S0_	352
2437	tests/benchmarks/shoc/src/cuda/level2/s3d/ratt2.h	_Z12ratt5_kernelIdEvPKT_S2_PS0_S2_S0_	353
2438	tests/benchmarks/shoc/src/cuda/level2/s3d/ratt2.h	_Z12ratt5_kernelIdEvPKT_S2_PS0_S2_S0_	355
2439	tests/benchmarks/shoc/src/cuda/level2/s3d/ratt2.h	_Z12ratt5_kernelIdEvPKT_S2_PS0_S2_S0_	356
2440	tests/benchmarks/shoc/src/cuda/level2/s3d/ratt2.h	_Z12ratt5_kernelIdEvPKT_S2_PS0_S2_S0_	358
2441	tests/benchmarks/shoc/src/cuda/level2/s3d/ratt2.h	_Z12ratt5_kernelIdEvPKT_S2_PS0_S2_S0_	359
2442	tests/benchmarks/shoc/src/cuda/level2/s3d/ratt2.h	_Z12ratt5_kernelIdEvPKT_S2_PS0_S2_S0_	361
2443	tests/benchmarks/shoc/src/cuda/level2/s3d/ratt2.h	_Z12ratt5_kernelIdEvPKT_S2_PS0_S2_S0_	362
2444	tests/benchmarks/shoc/src/cuda/level2/s3d/ratt2.h	_Z12ratt5_kernelIdEvPKT_S2_PS0_S2_S0_	364
2445	tests/benchmarks/shoc/src/cuda/level2/s3d/ratt2.h	_Z12ratt5_kernelIdEvPKT_S2_PS0_S2_S0_	365
2446	tests/benchmarks/shoc/src/cuda/level2/s3d/ratt2.h	_Z12ratt5_kernelIdEvPKT_S2_PS0_S2_S0_	367
2447	tests/benchmarks/shoc/src/cuda/level2/s3d/ratt2.h	_Z12ratt5_kernelIdEvPKT_S2_PS0_S2_S0_	368
2448	tests/benchmarks/shoc/src/cuda/level2/s3d/ratt2.h	_Z12ratt5_kernelIdEvPKT_S2_PS0_S2_S0_	370
2449	tests/benchmarks/shoc/src/cuda/level2/s3d/ratt2.h	_Z12ratt5_kernelIdEvPKT_S2_PS0_S2_S0_	371
2450	tests/benchmarks/shoc/src/cuda/level2/s3d/ratt2.h	_Z12ratt5_kernelIdEvPKT_S2_PS0_S2_S0_	373
2451	tests/benchmarks/shoc/src/cuda/level2/s3d/ratt2.h	_Z12ratt5_kernelIdEvPKT_S2_PS0_S2_S0_	374
2452	tests/benchmarks/shoc/src/cuda/level2/s3d/ratt2.h	_Z12ratt6_kernelIdEvPKT_S2_PS0_S2_S0_	385
2453	/storage/users/sislam3/opt/llvm-22/lib/clang/22/include/__clang_cuda_math.h	_Z12ratt6_kernelIdEvPKT_S2_PS0_S2_S0_	175
2454	tests/benchmarks/shoc/src/cuda/level2/s3d/ratt2.h	_Z12ratt6_kernelIdEvPKT_S2_PS0_S2_S0_	390
2455	tests/benchmarks/shoc/src/cuda/level2/s3d/S3D.h	_Z12ratt6_kernelIdEvPKT_S2_PS0_S2_S0_	22
2456	tests/benchmarks/shoc/src/cuda/level2/s3d/ratt2.h	_Z12ratt6_kernelIdEvPKT_S2_PS0_S2_S0_	393
2457	tests/benchmarks/shoc/src/cuda/level2/s3d/ratt2.h	_Z12ratt6_kernelIdEvPKT_S2_PS0_S2_S0_	394
2458	tests/benchmarks/shoc/src/cuda/level2/s3d/ratt2.h	_Z12ratt6_kernelIdEvPKT_S2_PS0_S2_S0_	396
2459	tests/benchmarks/shoc/src/cuda/level2/s3d/ratt2.h	_Z12ratt6_kernelIdEvPKT_S2_PS0_S2_S0_	397
2460	tests/benchmarks/shoc/src/cuda/level2/s3d/ratt2.h	_Z12ratt6_kernelIdEvPKT_S2_PS0_S2_S0_	399
2461	tests/benchmarks/shoc/src/cuda/level2/s3d/ratt2.h	_Z12ratt6_kernelIdEvPKT_S2_PS0_S2_S0_	400
2462	tests/benchmarks/shoc/src/cuda/level2/s3d/ratt2.h	_Z12ratt6_kernelIdEvPKT_S2_PS0_S2_S0_	402
2463	tests/benchmarks/shoc/src/cuda/level2/s3d/ratt2.h	_Z12ratt6_kernelIdEvPKT_S2_PS0_S2_S0_	403
2464	tests/benchmarks/shoc/src/cuda/level2/s3d/ratt2.h	_Z12ratt6_kernelIdEvPKT_S2_PS0_S2_S0_	405
2465	tests/benchmarks/shoc/src/cuda/level2/s3d/ratt2.h	_Z12ratt6_kernelIdEvPKT_S2_PS0_S2_S0_	406
2466	tests/benchmarks/shoc/src/cuda/level2/s3d/ratt2.h	_Z12ratt6_kernelIdEvPKT_S2_PS0_S2_S0_	408
2467	tests/benchmarks/shoc/src/cuda/level2/s3d/ratt2.h	_Z12ratt6_kernelIdEvPKT_S2_PS0_S2_S0_	409
2468	tests/benchmarks/shoc/src/cuda/level2/s3d/ratt2.h	_Z12ratt6_kernelIdEvPKT_S2_PS0_S2_S0_	411
2469	tests/benchmarks/shoc/src/cuda/level2/s3d/ratt2.h	_Z12ratt6_kernelIdEvPKT_S2_PS0_S2_S0_	412
2470	tests/benchmarks/shoc/src/cuda/level2/s3d/ratt2.h	_Z12ratt6_kernelIdEvPKT_S2_PS0_S2_S0_	414
2471	tests/benchmarks/shoc/src/cuda/level2/s3d/ratt2.h	_Z12ratt6_kernelIdEvPKT_S2_PS0_S2_S0_	415
2472	tests/benchmarks/shoc/src/cuda/level2/s3d/ratt2.h	_Z12ratt6_kernelIdEvPKT_S2_PS0_S2_S0_	417
2473	tests/benchmarks/shoc/src/cuda/level2/s3d/ratt2.h	_Z12ratt6_kernelIdEvPKT_S2_PS0_S2_S0_	418
2474	tests/benchmarks/shoc/src/cuda/level2/s3d/ratt2.h	_Z12ratt6_kernelIdEvPKT_S2_PS0_S2_S0_	420
2475	tests/benchmarks/shoc/src/cuda/level2/s3d/ratt2.h	_Z12ratt6_kernelIdEvPKT_S2_PS0_S2_S0_	421
2476	tests/benchmarks/shoc/src/cuda/level2/s3d/ratt2.h	_Z12ratt6_kernelIdEvPKT_S2_PS0_S2_S0_	423
2477	tests/benchmarks/shoc/src/cuda/level2/s3d/ratt2.h	_Z12ratt6_kernelIdEvPKT_S2_PS0_S2_S0_	424
2478	tests/benchmarks/shoc/src/cuda/level2/s3d/ratt2.h	_Z12ratt6_kernelIdEvPKT_S2_PS0_S2_S0_	426
2479	tests/benchmarks/shoc/src/cuda/level2/s3d/ratt2.h	_Z12ratt6_kernelIdEvPKT_S2_PS0_S2_S0_	427
2480	tests/benchmarks/shoc/src/cuda/level2/s3d/ratt2.h	_Z12ratt6_kernelIdEvPKT_S2_PS0_S2_S0_	429
2481	tests/benchmarks/shoc/src/cuda/level2/s3d/ratt2.h	_Z12ratt6_kernelIdEvPKT_S2_PS0_S2_S0_	430
2482	tests/benchmarks/shoc/src/cuda/level2/s3d/ratt2.h	_Z12ratt6_kernelIdEvPKT_S2_PS0_S2_S0_	433
2483	tests/benchmarks/shoc/src/cuda/level2/s3d/ratt2.h	_Z12ratt6_kernelIdEvPKT_S2_PS0_S2_S0_	435
2484	tests/benchmarks/shoc/src/cuda/level2/s3d/ratt2.h	_Z12ratt6_kernelIdEvPKT_S2_PS0_S2_S0_	436
2485	tests/benchmarks/shoc/src/cuda/level2/s3d/ratt2.h	_Z12ratt6_kernelIdEvPKT_S2_PS0_S2_S0_	438
2486	tests/benchmarks/shoc/src/cuda/level2/s3d/ratt2.h	_Z12ratt6_kernelIdEvPKT_S2_PS0_S2_S0_	439
2487	tests/benchmarks/shoc/src/cuda/level2/s3d/ratt2.h	_Z12ratt6_kernelIdEvPKT_S2_PS0_S2_S0_	441
2488	tests/benchmarks/shoc/src/cuda/level2/s3d/ratt2.h	_Z12ratt6_kernelIdEvPKT_S2_PS0_S2_S0_	442
2489	tests/benchmarks/shoc/src/cuda/level2/s3d/ratt2.h	_Z12ratt6_kernelIdEvPKT_S2_PS0_S2_S0_	444
2490	tests/benchmarks/shoc/src/cuda/level2/s3d/ratt2.h	_Z12ratt6_kernelIdEvPKT_S2_PS0_S2_S0_	445
2491	tests/benchmarks/shoc/src/cuda/level2/s3d/ratt2.h	_Z12ratt6_kernelIdEvPKT_S2_PS0_S2_S0_	447
2492	tests/benchmarks/shoc/src/cuda/level2/s3d/ratt2.h	_Z12ratt6_kernelIdEvPKT_S2_PS0_S2_S0_	448
2493	tests/benchmarks/shoc/src/cuda/level2/s3d/ratt2.h	_Z12ratt6_kernelIdEvPKT_S2_PS0_S2_S0_	450
2494	tests/benchmarks/shoc/src/cuda/level2/s3d/ratt2.h	_Z12ratt6_kernelIdEvPKT_S2_PS0_S2_S0_	451
2495	tests/benchmarks/shoc/src/cuda/level2/s3d/ratt2.h	_Z12ratt6_kernelIdEvPKT_S2_PS0_S2_S0_	453
2496	tests/benchmarks/shoc/src/cuda/level2/s3d/ratt2.h	_Z12ratt6_kernelIdEvPKT_S2_PS0_S2_S0_	454
2497	tests/benchmarks/shoc/src/cuda/level2/s3d/ratt2.h	_Z12ratt6_kernelIdEvPKT_S2_PS0_S2_S0_	457
2498	tests/benchmarks/shoc/src/cuda/level2/s3d/ratt2.h	_Z12ratt6_kernelIdEvPKT_S2_PS0_S2_S0_	459
2499	tests/benchmarks/shoc/src/cuda/level2/s3d/ratt2.h	_Z12ratt6_kernelIdEvPKT_S2_PS0_S2_S0_	460
2500	tests/benchmarks/shoc/src/cuda/level2/s3d/ratt2.h	_Z12ratt6_kernelIdEvPKT_S2_PS0_S2_S0_	462
2501	tests/benchmarks/shoc/src/cuda/level2/s3d/ratt2.h	_Z12ratt6_kernelIdEvPKT_S2_PS0_S2_S0_	463
2502	tests/benchmarks/shoc/src/cuda/level2/s3d/ratt2.h	_Z12ratt6_kernelIdEvPKT_S2_PS0_S2_S0_	465
2503	tests/benchmarks/shoc/src/cuda/level2/s3d/ratt2.h	_Z12ratt6_kernelIdEvPKT_S2_PS0_S2_S0_	466
2504	tests/benchmarks/shoc/src/cuda/level2/s3d/ratt2.h	_Z12ratt7_kernelIdEvPKT_S2_PS0_S2_S0_	475
2505	/storage/users/sislam3/opt/llvm-22/lib/clang/22/include/__clang_cuda_math.h	_Z12ratt7_kernelIdEvPKT_S2_PS0_S2_S0_	175
2506	tests/benchmarks/shoc/src/cuda/level2/s3d/ratt2.h	_Z12ratt7_kernelIdEvPKT_S2_PS0_S2_S0_	480
2507	tests/benchmarks/shoc/src/cuda/level2/s3d/S3D.h	_Z12ratt7_kernelIdEvPKT_S2_PS0_S2_S0_	22
2508	tests/benchmarks/shoc/src/cuda/level2/s3d/ratt2.h	_Z12ratt7_kernelIdEvPKT_S2_PS0_S2_S0_	483
2509	tests/benchmarks/shoc/src/cuda/level2/s3d/ratt2.h	_Z12ratt7_kernelIdEvPKT_S2_PS0_S2_S0_	484
2510	tests/benchmarks/shoc/src/cuda/level2/s3d/ratt2.h	_Z12ratt7_kernelIdEvPKT_S2_PS0_S2_S0_	486
2511	tests/benchmarks/shoc/src/cuda/level2/s3d/ratt2.h	_Z12ratt7_kernelIdEvPKT_S2_PS0_S2_S0_	487
2512	tests/benchmarks/shoc/src/cuda/level2/s3d/ratt2.h	_Z12ratt7_kernelIdEvPKT_S2_PS0_S2_S0_	489
2513	tests/benchmarks/shoc/src/cuda/level2/s3d/ratt2.h	_Z12ratt7_kernelIdEvPKT_S2_PS0_S2_S0_	490
2514	tests/benchmarks/shoc/src/cuda/level2/s3d/ratt2.h	_Z12ratt7_kernelIdEvPKT_S2_PS0_S2_S0_	492
2515	tests/benchmarks/shoc/src/cuda/level2/s3d/ratt2.h	_Z12ratt7_kernelIdEvPKT_S2_PS0_S2_S0_	493
2516	tests/benchmarks/shoc/src/cuda/level2/s3d/ratt2.h	_Z12ratt7_kernelIdEvPKT_S2_PS0_S2_S0_	495
2517	tests/benchmarks/shoc/src/cuda/level2/s3d/ratt2.h	_Z12ratt7_kernelIdEvPKT_S2_PS0_S2_S0_	496
2518	tests/benchmarks/shoc/src/cuda/level2/s3d/ratt2.h	_Z12ratt7_kernelIdEvPKT_S2_PS0_S2_S0_	498
2519	tests/benchmarks/shoc/src/cuda/level2/s3d/ratt2.h	_Z12ratt7_kernelIdEvPKT_S2_PS0_S2_S0_	499
2520	tests/benchmarks/shoc/src/cuda/level2/s3d/ratt2.h	_Z12ratt7_kernelIdEvPKT_S2_PS0_S2_S0_	501
2521	tests/benchmarks/shoc/src/cuda/level2/s3d/ratt2.h	_Z12ratt7_kernelIdEvPKT_S2_PS0_S2_S0_	502
2522	tests/benchmarks/shoc/src/cuda/level2/s3d/ratt2.h	_Z12ratt7_kernelIdEvPKT_S2_PS0_S2_S0_	504
2523	tests/benchmarks/shoc/src/cuda/level2/s3d/ratt2.h	_Z12ratt7_kernelIdEvPKT_S2_PS0_S2_S0_	505
2524	tests/benchmarks/shoc/src/cuda/level2/s3d/ratt2.h	_Z12ratt7_kernelIdEvPKT_S2_PS0_S2_S0_	507
2525	tests/benchmarks/shoc/src/cuda/level2/s3d/ratt2.h	_Z12ratt7_kernelIdEvPKT_S2_PS0_S2_S0_	508
2526	tests/benchmarks/shoc/src/cuda/level2/s3d/ratt2.h	_Z12ratt7_kernelIdEvPKT_S2_PS0_S2_S0_	510
2527	tests/benchmarks/shoc/src/cuda/level2/s3d/ratt2.h	_Z12ratt7_kernelIdEvPKT_S2_PS0_S2_S0_	511
2528	tests/benchmarks/shoc/src/cuda/level2/s3d/ratt2.h	_Z12ratt7_kernelIdEvPKT_S2_PS0_S2_S0_	513
2529	tests/benchmarks/shoc/src/cuda/level2/s3d/ratt2.h	_Z12ratt7_kernelIdEvPKT_S2_PS0_S2_S0_	514
2530	tests/benchmarks/shoc/src/cuda/level2/s3d/ratt2.h	_Z12ratt7_kernelIdEvPKT_S2_PS0_S2_S0_	516
2531	tests/benchmarks/shoc/src/cuda/level2/s3d/ratt2.h	_Z12ratt7_kernelIdEvPKT_S2_PS0_S2_S0_	517
2532	tests/benchmarks/shoc/src/cuda/level2/s3d/ratt2.h	_Z12ratt7_kernelIdEvPKT_S2_PS0_S2_S0_	519
2533	tests/benchmarks/shoc/src/cuda/level2/s3d/ratt2.h	_Z12ratt7_kernelIdEvPKT_S2_PS0_S2_S0_	520
2534	tests/benchmarks/shoc/src/cuda/level2/s3d/ratt2.h	_Z12ratt7_kernelIdEvPKT_S2_PS0_S2_S0_	522
2535	tests/benchmarks/shoc/src/cuda/level2/s3d/ratt2.h	_Z12ratt7_kernelIdEvPKT_S2_PS0_S2_S0_	523
2536	tests/benchmarks/shoc/src/cuda/level2/s3d/ratt2.h	_Z12ratt7_kernelIdEvPKT_S2_PS0_S2_S0_	525
2537	tests/benchmarks/shoc/src/cuda/level2/s3d/ratt2.h	_Z12ratt7_kernelIdEvPKT_S2_PS0_S2_S0_	526
2538	tests/benchmarks/shoc/src/cuda/level2/s3d/ratt2.h	_Z12ratt7_kernelIdEvPKT_S2_PS0_S2_S0_	528
2539	tests/benchmarks/shoc/src/cuda/level2/s3d/ratt2.h	_Z12ratt7_kernelIdEvPKT_S2_PS0_S2_S0_	529
2540	tests/benchmarks/shoc/src/cuda/level2/s3d/ratt2.h	_Z12ratt7_kernelIdEvPKT_S2_PS0_S2_S0_	531
2541	tests/benchmarks/shoc/src/cuda/level2/s3d/ratt2.h	_Z12ratt7_kernelIdEvPKT_S2_PS0_S2_S0_	532
2542	tests/benchmarks/shoc/src/cuda/level2/s3d/ratt2.h	_Z12ratt7_kernelIdEvPKT_S2_PS0_S2_S0_	534
2543	tests/benchmarks/shoc/src/cuda/level2/s3d/ratt2.h	_Z12ratt7_kernelIdEvPKT_S2_PS0_S2_S0_	535
2544	tests/benchmarks/shoc/src/cuda/level2/s3d/ratt2.h	_Z12ratt7_kernelIdEvPKT_S2_PS0_S2_S0_	537
2545	tests/benchmarks/shoc/src/cuda/level2/s3d/ratt2.h	_Z12ratt7_kernelIdEvPKT_S2_PS0_S2_S0_	538
2546	tests/benchmarks/shoc/src/cuda/level2/s3d/ratt2.h	_Z12ratt7_kernelIdEvPKT_S2_PS0_S2_S0_	540
2547	tests/benchmarks/shoc/src/cuda/level2/s3d/ratt2.h	_Z12ratt7_kernelIdEvPKT_S2_PS0_S2_S0_	541
2548	tests/benchmarks/shoc/src/cuda/level2/s3d/ratt2.h	_Z12ratt7_kernelIdEvPKT_S2_PS0_S2_S0_	543
2549	tests/benchmarks/shoc/src/cuda/level2/s3d/ratt2.h	_Z12ratt7_kernelIdEvPKT_S2_PS0_S2_S0_	544
2550	tests/benchmarks/shoc/src/cuda/level2/s3d/ratt2.h	_Z12ratt7_kernelIdEvPKT_S2_PS0_S2_S0_	546
2551	tests/benchmarks/shoc/src/cuda/level2/s3d/ratt2.h	_Z12ratt7_kernelIdEvPKT_S2_PS0_S2_S0_	547
2552	tests/benchmarks/shoc/src/cuda/level2/s3d/ratt2.h	_Z12ratt7_kernelIdEvPKT_S2_PS0_S2_S0_	549
2553	tests/benchmarks/shoc/src/cuda/level2/s3d/ratt2.h	_Z12ratt7_kernelIdEvPKT_S2_PS0_S2_S0_	550
2554	tests/benchmarks/shoc/src/cuda/level2/s3d/ratt2.h	_Z12ratt7_kernelIdEvPKT_S2_PS0_S2_S0_	552
2555	tests/benchmarks/shoc/src/cuda/level2/s3d/ratt2.h	_Z12ratt7_kernelIdEvPKT_S2_PS0_S2_S0_	553
2556	tests/benchmarks/shoc/src/cuda/level2/s3d/ratt2.h	_Z12ratt7_kernelIdEvPKT_S2_PS0_S2_S0_	555
2557	tests/benchmarks/shoc/src/cuda/level2/s3d/ratt2.h	_Z12ratt7_kernelIdEvPKT_S2_PS0_S2_S0_	556
2558	tests/benchmarks/shoc/src/cuda/level2/s3d/ratt2.h	_Z12ratt8_kernelIdEvPKT_S2_PS0_S2_S0_	566
2559	/storage/users/sislam3/opt/llvm-22/lib/clang/22/include/__clang_cuda_math.h	_Z12ratt8_kernelIdEvPKT_S2_PS0_S2_S0_	175
2560	tests/benchmarks/shoc/src/cuda/level2/s3d/ratt2.h	_Z12ratt8_kernelIdEvPKT_S2_PS0_S2_S0_	571
2561	tests/benchmarks/shoc/src/cuda/level2/s3d/S3D.h	_Z12ratt8_kernelIdEvPKT_S2_PS0_S2_S0_	22
2562	tests/benchmarks/shoc/src/cuda/level2/s3d/ratt2.h	_Z12ratt8_kernelIdEvPKT_S2_PS0_S2_S0_	574
2563	tests/benchmarks/shoc/src/cuda/level2/s3d/ratt2.h	_Z12ratt8_kernelIdEvPKT_S2_PS0_S2_S0_	575
2564	tests/benchmarks/shoc/src/cuda/level2/s3d/ratt2.h	_Z12ratt8_kernelIdEvPKT_S2_PS0_S2_S0_	577
2565	tests/benchmarks/shoc/src/cuda/level2/s3d/ratt2.h	_Z12ratt8_kernelIdEvPKT_S2_PS0_S2_S0_	578
2566	tests/benchmarks/shoc/src/cuda/level2/s3d/ratt2.h	_Z12ratt8_kernelIdEvPKT_S2_PS0_S2_S0_	580
2567	tests/benchmarks/shoc/src/cuda/level2/s3d/ratt2.h	_Z12ratt8_kernelIdEvPKT_S2_PS0_S2_S0_	581
2568	tests/benchmarks/shoc/src/cuda/level2/s3d/ratt2.h	_Z12ratt8_kernelIdEvPKT_S2_PS0_S2_S0_	583
2569	tests/benchmarks/shoc/src/cuda/level2/s3d/ratt2.h	_Z12ratt8_kernelIdEvPKT_S2_PS0_S2_S0_	584
2570	tests/benchmarks/shoc/src/cuda/level2/s3d/ratt2.h	_Z12ratt8_kernelIdEvPKT_S2_PS0_S2_S0_	586
2571	tests/benchmarks/shoc/src/cuda/level2/s3d/ratt2.h	_Z12ratt8_kernelIdEvPKT_S2_PS0_S2_S0_	587
2572	tests/benchmarks/shoc/src/cuda/level2/s3d/ratt2.h	_Z12ratt8_kernelIdEvPKT_S2_PS0_S2_S0_	589
2573	tests/benchmarks/shoc/src/cuda/level2/s3d/ratt2.h	_Z12ratt8_kernelIdEvPKT_S2_PS0_S2_S0_	590
2574	tests/benchmarks/shoc/src/cuda/level2/s3d/ratt2.h	_Z12ratt8_kernelIdEvPKT_S2_PS0_S2_S0_	592
2575	tests/benchmarks/shoc/src/cuda/level2/s3d/ratt2.h	_Z12ratt8_kernelIdEvPKT_S2_PS0_S2_S0_	593
2576	tests/benchmarks/shoc/src/cuda/level2/s3d/ratt2.h	_Z12ratt8_kernelIdEvPKT_S2_PS0_S2_S0_	595
2577	tests/benchmarks/shoc/src/cuda/level2/s3d/ratt2.h	_Z12ratt8_kernelIdEvPKT_S2_PS0_S2_S0_	596
2578	tests/benchmarks/shoc/src/cuda/level2/s3d/ratt2.h	_Z12ratt8_kernelIdEvPKT_S2_PS0_S2_S0_	598
2579	tests/benchmarks/shoc/src/cuda/level2/s3d/ratt2.h	_Z12ratt8_kernelIdEvPKT_S2_PS0_S2_S0_	599
2580	tests/benchmarks/shoc/src/cuda/level2/s3d/ratt2.h	_Z12ratt8_kernelIdEvPKT_S2_PS0_S2_S0_	601
2581	tests/benchmarks/shoc/src/cuda/level2/s3d/ratt2.h	_Z12ratt8_kernelIdEvPKT_S2_PS0_S2_S0_	602
2582	tests/benchmarks/shoc/src/cuda/level2/s3d/ratt2.h	_Z12ratt8_kernelIdEvPKT_S2_PS0_S2_S0_	604
2583	tests/benchmarks/shoc/src/cuda/level2/s3d/ratt2.h	_Z12ratt8_kernelIdEvPKT_S2_PS0_S2_S0_	605
2584	tests/benchmarks/shoc/src/cuda/level2/s3d/ratt2.h	_Z12ratt8_kernelIdEvPKT_S2_PS0_S2_S0_	607
2585	tests/benchmarks/shoc/src/cuda/level2/s3d/ratt2.h	_Z12ratt8_kernelIdEvPKT_S2_PS0_S2_S0_	608
2586	tests/benchmarks/shoc/src/cuda/level2/s3d/ratt2.h	_Z12ratt8_kernelIdEvPKT_S2_PS0_S2_S0_	610
2587	tests/benchmarks/shoc/src/cuda/level2/s3d/ratt2.h	_Z12ratt8_kernelIdEvPKT_S2_PS0_S2_S0_	611
2588	tests/benchmarks/shoc/src/cuda/level2/s3d/ratt2.h	_Z12ratt8_kernelIdEvPKT_S2_PS0_S2_S0_	613
2589	tests/benchmarks/shoc/src/cuda/level2/s3d/ratt2.h	_Z12ratt8_kernelIdEvPKT_S2_PS0_S2_S0_	614
2590	tests/benchmarks/shoc/src/cuda/level2/s3d/ratt2.h	_Z12ratt8_kernelIdEvPKT_S2_PS0_S2_S0_	616
2591	tests/benchmarks/shoc/src/cuda/level2/s3d/ratt2.h	_Z12ratt8_kernelIdEvPKT_S2_PS0_S2_S0_	617
2592	tests/benchmarks/shoc/src/cuda/level2/s3d/ratt2.h	_Z12ratt8_kernelIdEvPKT_S2_PS0_S2_S0_	619
2593	tests/benchmarks/shoc/src/cuda/level2/s3d/ratt2.h	_Z12ratt8_kernelIdEvPKT_S2_PS0_S2_S0_	620
2594	tests/benchmarks/shoc/src/cuda/level2/s3d/ratt2.h	_Z12ratt8_kernelIdEvPKT_S2_PS0_S2_S0_	622
2595	tests/benchmarks/shoc/src/cuda/level2/s3d/ratt2.h	_Z12ratt8_kernelIdEvPKT_S2_PS0_S2_S0_	623
2596	tests/benchmarks/shoc/src/cuda/level2/s3d/ratt2.h	_Z12ratt8_kernelIdEvPKT_S2_PS0_S2_S0_	625
2597	tests/benchmarks/shoc/src/cuda/level2/s3d/ratt2.h	_Z12ratt8_kernelIdEvPKT_S2_PS0_S2_S0_	626
2598	tests/benchmarks/shoc/src/cuda/level2/s3d/ratt2.h	_Z12ratt8_kernelIdEvPKT_S2_PS0_S2_S0_	628
2599	tests/benchmarks/shoc/src/cuda/level2/s3d/ratt2.h	_Z12ratt8_kernelIdEvPKT_S2_PS0_S2_S0_	629
2600	tests/benchmarks/shoc/src/cuda/level2/s3d/ratt2.h	_Z12ratt8_kernelIdEvPKT_S2_PS0_S2_S0_	631
2601	tests/benchmarks/shoc/src/cuda/level2/s3d/ratt2.h	_Z12ratt8_kernelIdEvPKT_S2_PS0_S2_S0_	632
2602	tests/benchmarks/shoc/src/cuda/level2/s3d/ratt2.h	_Z12ratt8_kernelIdEvPKT_S2_PS0_S2_S0_	634
2603	tests/benchmarks/shoc/src/cuda/level2/s3d/ratt2.h	_Z12ratt8_kernelIdEvPKT_S2_PS0_S2_S0_	635
2604	tests/benchmarks/shoc/src/cuda/level2/s3d/ratt2.h	_Z12ratt8_kernelIdEvPKT_S2_PS0_S2_S0_	637
2605	tests/benchmarks/shoc/src/cuda/level2/s3d/ratt2.h	_Z12ratt8_kernelIdEvPKT_S2_PS0_S2_S0_	638
2606	tests/benchmarks/shoc/src/cuda/level2/s3d/ratt2.h	_Z12ratt8_kernelIdEvPKT_S2_PS0_S2_S0_	640
2607	tests/benchmarks/shoc/src/cuda/level2/s3d/ratt2.h	_Z12ratt8_kernelIdEvPKT_S2_PS0_S2_S0_	641
2608	tests/benchmarks/shoc/src/cuda/level2/s3d/ratt2.h	_Z12ratt8_kernelIdEvPKT_S2_PS0_S2_S0_	643
2609	tests/benchmarks/shoc/src/cuda/level2/s3d/ratt2.h	_Z12ratt8_kernelIdEvPKT_S2_PS0_S2_S0_	644
2610	tests/benchmarks/shoc/src/cuda/level2/s3d/ratt2.h	_Z12ratt8_kernelIdEvPKT_S2_PS0_S2_S0_	646
2611	tests/benchmarks/shoc/src/cuda/level2/s3d/ratt2.h	_Z12ratt8_kernelIdEvPKT_S2_PS0_S2_S0_	647
2612	tests/benchmarks/shoc/src/cuda/level2/s3d/ratt2.h	_Z12ratt9_kernelIdEvPKT_S2_PS0_S2_S0_	657
2613	/storage/users/sislam3/opt/llvm-22/lib/clang/22/include/__clang_cuda_math.h	_Z12ratt9_kernelIdEvPKT_S2_PS0_S2_S0_	175
2614	tests/benchmarks/shoc/src/cuda/level2/s3d/ratt2.h	_Z12ratt9_kernelIdEvPKT_S2_PS0_S2_S0_	662
2615	tests/benchmarks/shoc/src/cuda/level2/s3d/S3D.h	_Z12ratt9_kernelIdEvPKT_S2_PS0_S2_S0_	22
2616	tests/benchmarks/shoc/src/cuda/level2/s3d/ratt2.h	_Z12ratt9_kernelIdEvPKT_S2_PS0_S2_S0_	665
2617	tests/benchmarks/shoc/src/cuda/level2/s3d/ratt2.h	_Z12ratt9_kernelIdEvPKT_S2_PS0_S2_S0_	666
2618	tests/benchmarks/shoc/src/cuda/level2/s3d/ratt2.h	_Z12ratt9_kernelIdEvPKT_S2_PS0_S2_S0_	668
2619	tests/benchmarks/shoc/src/cuda/level2/s3d/ratt2.h	_Z12ratt9_kernelIdEvPKT_S2_PS0_S2_S0_	669
2620	tests/benchmarks/shoc/src/cuda/level2/s3d/ratt2.h	_Z12ratt9_kernelIdEvPKT_S2_PS0_S2_S0_	671
2621	tests/benchmarks/shoc/src/cuda/level2/s3d/ratt2.h	_Z12ratt9_kernelIdEvPKT_S2_PS0_S2_S0_	672
2622	tests/benchmarks/shoc/src/cuda/level2/s3d/ratt2.h	_Z12ratt9_kernelIdEvPKT_S2_PS0_S2_S0_	674
2623	tests/benchmarks/shoc/src/cuda/level2/s3d/ratt2.h	_Z12ratt9_kernelIdEvPKT_S2_PS0_S2_S0_	675
2624	tests/benchmarks/shoc/src/cuda/level2/s3d/ratt2.h	_Z12ratt9_kernelIdEvPKT_S2_PS0_S2_S0_	677
2625	tests/benchmarks/shoc/src/cuda/level2/s3d/ratt2.h	_Z12ratt9_kernelIdEvPKT_S2_PS0_S2_S0_	678
2626	tests/benchmarks/shoc/src/cuda/level2/s3d/ratt2.h	_Z12ratt9_kernelIdEvPKT_S2_PS0_S2_S0_	680
2627	tests/benchmarks/shoc/src/cuda/level2/s3d/ratt2.h	_Z12ratt9_kernelIdEvPKT_S2_PS0_S2_S0_	681
2628	tests/benchmarks/shoc/src/cuda/level2/s3d/ratt2.h	_Z12ratt9_kernelIdEvPKT_S2_PS0_S2_S0_	683
2629	tests/benchmarks/shoc/src/cuda/level2/s3d/ratt2.h	_Z12ratt9_kernelIdEvPKT_S2_PS0_S2_S0_	684
2630	tests/benchmarks/shoc/src/cuda/level2/s3d/ratt2.h	_Z12ratt9_kernelIdEvPKT_S2_PS0_S2_S0_	686
2631	tests/benchmarks/shoc/src/cuda/level2/s3d/ratt2.h	_Z12ratt9_kernelIdEvPKT_S2_PS0_S2_S0_	687
2632	tests/benchmarks/shoc/src/cuda/level2/s3d/ratt2.h	_Z12ratt9_kernelIdEvPKT_S2_PS0_S2_S0_	689
2633	tests/benchmarks/shoc/src/cuda/level2/s3d/ratt2.h	_Z12ratt9_kernelIdEvPKT_S2_PS0_S2_S0_	690
2634	tests/benchmarks/shoc/src/cuda/level2/s3d/ratt2.h	_Z12ratt9_kernelIdEvPKT_S2_PS0_S2_S0_	692
2635	tests/benchmarks/shoc/src/cuda/level2/s3d/ratt2.h	_Z12ratt9_kernelIdEvPKT_S2_PS0_S2_S0_	693
2636	tests/benchmarks/shoc/src/cuda/level2/s3d/ratt2.h	_Z12ratt9_kernelIdEvPKT_S2_PS0_S2_S0_	695
2637	tests/benchmarks/shoc/src/cuda/level2/s3d/ratt2.h	_Z12ratt9_kernelIdEvPKT_S2_PS0_S2_S0_	696
2638	tests/benchmarks/shoc/src/cuda/level2/s3d/ratt2.h	_Z12ratt9_kernelIdEvPKT_S2_PS0_S2_S0_	698
2639	tests/benchmarks/shoc/src/cuda/level2/s3d/ratt2.h	_Z12ratt9_kernelIdEvPKT_S2_PS0_S2_S0_	699
2640	tests/benchmarks/shoc/src/cuda/level2/s3d/ratt2.h	_Z12ratt9_kernelIdEvPKT_S2_PS0_S2_S0_	701
2641	tests/benchmarks/shoc/src/cuda/level2/s3d/ratt2.h	_Z12ratt9_kernelIdEvPKT_S2_PS0_S2_S0_	702
2642	tests/benchmarks/shoc/src/cuda/level2/s3d/ratt2.h	_Z12ratt9_kernelIdEvPKT_S2_PS0_S2_S0_	704
2643	tests/benchmarks/shoc/src/cuda/level2/s3d/ratt2.h	_Z12ratt9_kernelIdEvPKT_S2_PS0_S2_S0_	705
2644	tests/benchmarks/shoc/src/cuda/level2/s3d/ratt2.h	_Z12ratt9_kernelIdEvPKT_S2_PS0_S2_S0_	707
2645	tests/benchmarks/shoc/src/cuda/level2/s3d/ratt2.h	_Z12ratt9_kernelIdEvPKT_S2_PS0_S2_S0_	708
2646	tests/benchmarks/shoc/src/cuda/level2/s3d/ratt2.h	_Z12ratt9_kernelIdEvPKT_S2_PS0_S2_S0_	710
2647	tests/benchmarks/shoc/src/cuda/level2/s3d/ratt2.h	_Z12ratt9_kernelIdEvPKT_S2_PS0_S2_S0_	711
2648	tests/benchmarks/shoc/src/cuda/level2/s3d/ratt2.h	_Z12ratt9_kernelIdEvPKT_S2_PS0_S2_S0_	713
2649	tests/benchmarks/shoc/src/cuda/level2/s3d/ratt2.h	_Z12ratt9_kernelIdEvPKT_S2_PS0_S2_S0_	714
2650	tests/benchmarks/shoc/src/cuda/level2/s3d/ratt2.h	_Z12ratt9_kernelIdEvPKT_S2_PS0_S2_S0_	716
2651	tests/benchmarks/shoc/src/cuda/level2/s3d/ratt2.h	_Z12ratt9_kernelIdEvPKT_S2_PS0_S2_S0_	717
2652	tests/benchmarks/shoc/src/cuda/level2/s3d/ratt2.h	_Z12ratt9_kernelIdEvPKT_S2_PS0_S2_S0_	719
2653	tests/benchmarks/shoc/src/cuda/level2/s3d/ratt2.h	_Z12ratt9_kernelIdEvPKT_S2_PS0_S2_S0_	720
2654	tests/benchmarks/shoc/src/cuda/level2/s3d/ratt2.h	_Z12ratt9_kernelIdEvPKT_S2_PS0_S2_S0_	722
2655	tests/benchmarks/shoc/src/cuda/level2/s3d/ratt2.h	_Z12ratt9_kernelIdEvPKT_S2_PS0_S2_S0_	723
2656	tests/benchmarks/shoc/src/cuda/level2/s3d/ratt2.h	_Z12ratt9_kernelIdEvPKT_S2_PS0_S2_S0_	725
2657	tests/benchmarks/shoc/src/cuda/level2/s3d/ratt2.h	_Z12ratt9_kernelIdEvPKT_S2_PS0_S2_S0_	726
2658	tests/benchmarks/shoc/src/cuda/level2/s3d/ratt2.h	_Z12ratt9_kernelIdEvPKT_S2_PS0_S2_S0_	728
2659	tests/benchmarks/shoc/src/cuda/level2/s3d/ratt2.h	_Z12ratt9_kernelIdEvPKT_S2_PS0_S2_S0_	729
2660	tests/benchmarks/shoc/src/cuda/level2/s3d/ratt2.h	_Z12ratt9_kernelIdEvPKT_S2_PS0_S2_S0_	731
2661	tests/benchmarks/shoc/src/cuda/level2/s3d/ratt2.h	_Z12ratt9_kernelIdEvPKT_S2_PS0_S2_S0_	732
2662	tests/benchmarks/shoc/src/cuda/level2/s3d/ratt2.h	_Z12ratt9_kernelIdEvPKT_S2_PS0_S2_S0_	734
2663	tests/benchmarks/shoc/src/cuda/level2/s3d/ratt2.h	_Z12ratt9_kernelIdEvPKT_S2_PS0_S2_S0_	735
2664	tests/benchmarks/shoc/src/cuda/level2/s3d/ratt2.h	_Z12ratt9_kernelIdEvPKT_S2_PS0_S2_S0_	737
2665	tests/benchmarks/shoc/src/cuda/level2/s3d/ratt2.h	_Z12ratt9_kernelIdEvPKT_S2_PS0_S2_S0_	738
2666	tests/benchmarks/shoc/src/cuda/level2/s3d/ratt2.h	_Z12ratt9_kernelIdEvPKT_S2_PS0_S2_S0_	740
2667	tests/benchmarks/shoc/src/cuda/level2/s3d/ratt2.h	_Z12ratt9_kernelIdEvPKT_S2_PS0_S2_S0_	741
2668	tests/benchmarks/shoc/src/cuda/level2/s3d/ratt2.h	_Z12ratt9_kernelIdEvPKT_S2_PS0_S2_S0_	743
2669	tests/benchmarks/shoc/src/cuda/level2/s3d/ratt2.h	_Z12ratt9_kernelIdEvPKT_S2_PS0_S2_S0_	744
2670	tests/benchmarks/shoc/src/cuda/level2/s3d/ratt2.h	_Z12ratt9_kernelIdEvPKT_S2_PS0_S2_S0_	746
2671	tests/benchmarks/shoc/src/cuda/level2/s3d/ratt2.h	_Z12ratt9_kernelIdEvPKT_S2_PS0_S2_S0_	747
2672	tests/benchmarks/shoc/src/cuda/level2/s3d/ratt2.h	_Z12ratt9_kernelIdEvPKT_S2_PS0_S2_S0_	749
2673	tests/benchmarks/shoc/src/cuda/level2/s3d/ratt2.h	_Z12ratt9_kernelIdEvPKT_S2_PS0_S2_S0_	750
2674	tests/benchmarks/shoc/src/cuda/level2/s3d/ratt2.h	_Z12ratt9_kernelIdEvPKT_S2_PS0_S2_S0_	752
2675	tests/benchmarks/shoc/src/cuda/level2/s3d/ratt2.h	_Z12ratt9_kernelIdEvPKT_S2_PS0_S2_S0_	753
2676	tests/benchmarks/shoc/src/cuda/level2/s3d/ratt2.h	_Z12ratt9_kernelIdEvPKT_S2_PS0_S2_S0_	755
2677	tests/benchmarks/shoc/src/cuda/level2/s3d/ratt2.h	_Z12ratt9_kernelIdEvPKT_S2_PS0_S2_S0_	756
2678	tests/benchmarks/shoc/src/cuda/level2/s3d/ratt2.h	_Z13ratt10_kernelIdEvPKT_PS0_S0_	765
2679	/storage/users/sislam3/opt/llvm-22/lib/clang/22/include/__clang_cuda_math.h	_Z13ratt10_kernelIdEvPKT_PS0_S0_	175
2680	tests/benchmarks/shoc/src/cuda/level2/s3d/ratt2.h	_Z13ratt10_kernelIdEvPKT_PS0_S0_	768
2681	tests/benchmarks/shoc/src/cuda/level2/s3d/S3D.h	_Z13ratt10_kernelIdEvPKT_PS0_S0_	22
2682	/storage/users/sislam3/opt/llvm-22/lib/clang/22/include/__clang_cuda_math.h	_Z13ratt10_kernelIdEvPKT_PS0_S0_	108
2683	tests/benchmarks/shoc/src/cuda/level2/s3d/ratt2.h	_Z13ratt10_kernelIdEvPKT_PS0_S0_	769
2684	tests/benchmarks/shoc/src/cuda/level2/s3d/ratt2.h	_Z13ratt10_kernelIdEvPKT_PS0_S0_	770
2685	tests/benchmarks/shoc/src/cuda/level2/s3d/ratt2.h	_Z13ratt10_kernelIdEvPKT_PS0_S0_	771
2686	tests/benchmarks/shoc/src/cuda/level2/s3d/ratt2.h	_Z13ratt10_kernelIdEvPKT_PS0_S0_	772
2687	tests/benchmarks/shoc/src/cuda/level2/s3d/ratt2.h	_Z13ratt10_kernelIdEvPKT_PS0_S0_	773
2688	tests/benchmarks/shoc/src/cuda/level2/s3d/ratt2.h	_Z13ratt10_kernelIdEvPKT_PS0_S0_	774
2689	tests/benchmarks/shoc/src/cuda/level2/s3d/ratt2.h	_Z13ratt10_kernelIdEvPKT_PS0_S0_	775
2690	tests/benchmarks/shoc/src/cuda/level2/s3d/ratt2.h	_Z13ratt10_kernelIdEvPKT_PS0_S0_	776
2691	tests/benchmarks/shoc/src/cuda/level2/s3d/ratt2.h	_Z13ratt10_kernelIdEvPKT_PS0_S0_	777
2692	tests/benchmarks/shoc/src/cuda/level2/s3d/ratt2.h	_Z13ratt10_kernelIdEvPKT_PS0_S0_	778
2693	tests/benchmarks/shoc/src/cuda/level2/s3d/ratt2.h	_Z13ratt10_kernelIdEvPKT_PS0_S0_	779
2694	tests/benchmarks/shoc/src/cuda/level2/s3d/ratt2.h	_Z13ratt10_kernelIdEvPKT_PS0_S0_	780
2695	tests/benchmarks/shoc/src/cuda/level2/s3d/ratt2.h	_Z13ratt10_kernelIdEvPKT_PS0_S0_	781
2696	tests/benchmarks/shoc/src/cuda/level2/s3d/ratt2.h	_Z13ratt10_kernelIdEvPKT_PS0_S0_	782
2697	tests/benchmarks/shoc/src/cuda/level2/s3d/ratt2.h	_Z13ratt10_kernelIdEvPKT_PS0_S0_	783
2698	tests/benchmarks/shoc/src/cuda/level2/s3d/ratt2.h	_Z13ratt10_kernelIdEvPKT_PS0_S0_	784
2699	tests/benchmarks/shoc/src/cuda/level2/s3d/ratt2.h	_Z13ratt10_kernelIdEvPKT_PS0_S0_	785
2700	tests/benchmarks/shoc/src/cuda/level2/s3d/ratt2.h	_Z13ratt10_kernelIdEvPKT_PS0_S0_	786
2701	tests/benchmarks/shoc/src/cuda/level2/s3d/ratt2.h	_Z13ratt10_kernelIdEvPKT_PS0_S0_	787
2702	tests/benchmarks/shoc/src/cuda/level2/s3d/ratt2.h	_Z13ratt10_kernelIdEvPKT_PS0_S0_	788
2703	tests/benchmarks/shoc/src/cuda/level2/s3d/ratx.h	_Z11ratx_kernelIdEvPKT_S2_PS0_S3_S2_S0_	13
2704	/storage/users/sislam3/opt/llvm-22/lib/clang/22/include/__clang_cuda_math.h	_Z11ratx_kernelIdEvPKT_S2_PS0_S3_S2_S0_	175
2705	tests/benchmarks/shoc/src/cuda/level2/s3d/ratx.h	_Z11ratx_kernelIdEvPKT_S2_PS0_S3_S2_S0_	23
2706	tests/benchmarks/shoc/src/cuda/level2/s3d/ratx.h	_Z11ratx_kernelIdEvPKT_S2_PS0_S3_S2_S0_	26
2707	tests/benchmarks/shoc/src/cuda/level2/s3d/ratx.h	_Z11ratx_kernelIdEvPKT_S2_PS0_S3_S2_S0_	27
2708	tests/benchmarks/shoc/src/cuda/level2/s3d/ratx.h	_Z11ratx_kernelIdEvPKT_S2_PS0_S3_S2_S0_	28
2709	tests/benchmarks/shoc/src/cuda/level2/s3d/ratx.h	_Z11ratx_kernelIdEvPKT_S2_PS0_S3_S2_S0_	29
2710	tests/benchmarks/shoc/src/cuda/level2/s3d/ratx.h	_Z11ratx_kernelIdEvPKT_S2_PS0_S3_S2_S0_	30
2711	tests/benchmarks/shoc/src/cuda/level2/s3d/ratx.h	_Z11ratx_kernelIdEvPKT_S2_PS0_S3_S2_S0_	31
2712	tests/benchmarks/shoc/src/cuda/level2/s3d/S3D.h	_Z11ratx_kernelIdEvPKT_S2_PS0_S3_S2_S0_	22
2713	tests/benchmarks/shoc/src/cuda/level2/s3d/ratx.h	_Z11ratx_kernelIdEvPKT_S2_PS0_S3_S2_S0_	35
2714	tests/benchmarks/shoc/src/cuda/level2/s3d/ratx.h	_Z11ratx_kernelIdEvPKT_S2_PS0_S3_S2_S0_	36
2715	/storage/users/sislam3/opt/llvm-22/lib/clang/22/include/__clang_cuda_math.h	_Z11ratx_kernelIdEvPKT_S2_PS0_S3_S2_S0_	135
2716	/storage/users/sislam3/opt/llvm-22/lib/clang/22/include/__clang_cuda_math.h	_Z11ratx_kernelIdEvPKT_S2_PS0_S3_S2_S0_	176
2717	/storage/users/sislam3/opt/llvm-22/lib/clang/22/include/__clang_cuda_math.h	_Z11ratx_kernelIdEvPKT_S2_PS0_S3_S2_S0_	108
2718	tests/benchmarks/shoc/src/cuda/level2/s3d/ratx.h	_Z11ratx_kernelIdEvPKT_S2_PS0_S3_S2_S0_	38
2719	tests/benchmarks/shoc/src/cuda/level2/s3d/ratx.h	_Z11ratx_kernelIdEvPKT_S2_PS0_S3_S2_S0_	39
2720	tests/benchmarks/shoc/src/cuda/level2/s3d/ratx.h	_Z11ratx_kernelIdEvPKT_S2_PS0_S3_S2_S0_	41
2721	tests/benchmarks/shoc/src/cuda/level2/s3d/ratx.h	_Z11ratx_kernelIdEvPKT_S2_PS0_S3_S2_S0_	42
2722	tests/benchmarks/shoc/src/cuda/level2/s3d/ratx.h	_Z11ratx_kernelIdEvPKT_S2_PS0_S3_S2_S0_	43
2723	tests/benchmarks/shoc/src/cuda/level2/s3d/ratx.h	_Z11ratx_kernelIdEvPKT_S2_PS0_S3_S2_S0_	44
2724	/storage/users/sislam3/opt/llvm-22/lib/clang/22/include/__clang_cuda_math.h	_Z11ratx_kernelIdEvPKT_S2_PS0_S3_S2_S0_	109
2725	tests/benchmarks/shoc/src/cuda/level2/s3d/ratx.h	_Z11ratx_kernelIdEvPKT_S2_PS0_S3_S2_S0_	46
2726	tests/benchmarks/shoc/src/cuda/level2/s3d/ratx.h	_Z11ratx_kernelIdEvPKT_S2_PS0_S3_S2_S0_	47
2727	tests/benchmarks/shoc/src/cuda/level2/s3d/ratx.h	_Z11ratx_kernelIdEvPKT_S2_PS0_S3_S2_S0_	48
2728	tests/benchmarks/shoc/src/cuda/level2/s3d/ratx.h	_Z11ratx_kernelIdEvPKT_S2_PS0_S3_S2_S0_	50
2729	tests/benchmarks/shoc/src/cuda/level2/s3d/ratx.h	_Z11ratx_kernelIdEvPKT_S2_PS0_S3_S2_S0_	51
2730	tests/benchmarks/shoc/src/cuda/level2/s3d/ratx.h	_Z11ratx_kernelIdEvPKT_S2_PS0_S3_S2_S0_	53
2731	tests/benchmarks/shoc/src/cuda/level2/s3d/ratx.h	_Z11ratx_kernelIdEvPKT_S2_PS0_S3_S2_S0_	54
2732	tests/benchmarks/shoc/src/cuda/level2/s3d/ratx.h	_Z11ratx_kernelIdEvPKT_S2_PS0_S3_S2_S0_	56
2733	tests/benchmarks/shoc/src/cuda/level2/s3d/ratx.h	_Z11ratx_kernelIdEvPKT_S2_PS0_S3_S2_S0_	57
2734	tests/benchmarks/shoc/src/cuda/level2/s3d/ratx.h	_Z11ratx_kernelIdEvPKT_S2_PS0_S3_S2_S0_	58
2735	tests/benchmarks/shoc/src/cuda/level2/s3d/ratx.h	_Z11ratx_kernelIdEvPKT_S2_PS0_S3_S2_S0_	59
2736	tests/benchmarks/shoc/src/cuda/level2/s3d/ratx.h	_Z11ratx_kernelIdEvPKT_S2_PS0_S3_S2_S0_	61
2737	tests/benchmarks/shoc/src/cuda/level2/s3d/ratx.h	_Z11ratx_kernelIdEvPKT_S2_PS0_S3_S2_S0_	62
2738	tests/benchmarks/shoc/src/cuda/level2/s3d/ratx.h	_Z11ratx_kernelIdEvPKT_S2_PS0_S3_S2_S0_	63
2739	tests/benchmarks/shoc/src/cuda/level2/s3d/ratx.h	_Z11ratx_kernelIdEvPKT_S2_PS0_S3_S2_S0_	65
2740	tests/benchmarks/shoc/src/cuda/level2/s3d/ratx.h	_Z11ratx_kernelIdEvPKT_S2_PS0_S3_S2_S0_	66
2741	tests/benchmarks/shoc/src/cuda/level2/s3d/ratx.h	_Z11ratx_kernelIdEvPKT_S2_PS0_S3_S2_S0_	68
2742	tests/benchmarks/shoc/src/cuda/level2/s3d/ratx.h	_Z11ratx_kernelIdEvPKT_S2_PS0_S3_S2_S0_	69
2743	tests/benchmarks/shoc/src/cuda/level2/s3d/ratx.h	_Z11ratx_kernelIdEvPKT_S2_PS0_S3_S2_S0_	71
2744	tests/benchmarks/shoc/src/cuda/level2/s3d/ratx.h	_Z11ratx_kernelIdEvPKT_S2_PS0_S3_S2_S0_	72
2745	tests/benchmarks/shoc/src/cuda/level2/s3d/ratx.h	_Z11ratx_kernelIdEvPKT_S2_PS0_S3_S2_S0_	73
2746	tests/benchmarks/shoc/src/cuda/level2/s3d/ratx.h	_Z11ratx_kernelIdEvPKT_S2_PS0_S3_S2_S0_	74
2747	tests/benchmarks/shoc/src/cuda/level2/s3d/ratx.h	_Z11ratx_kernelIdEvPKT_S2_PS0_S3_S2_S0_	76
2748	tests/benchmarks/shoc/src/cuda/level2/s3d/ratx.h	_Z11ratx_kernelIdEvPKT_S2_PS0_S3_S2_S0_	77
2749	tests/benchmarks/shoc/src/cuda/level2/s3d/ratx.h	_Z11ratx_kernelIdEvPKT_S2_PS0_S3_S2_S0_	78
2750	tests/benchmarks/shoc/src/cuda/level2/s3d/ratx.h	_Z11ratx_kernelIdEvPKT_S2_PS0_S3_S2_S0_	80
2751	tests/benchmarks/shoc/src/cuda/level2/s3d/ratx.h	_Z11ratx_kernelIdEvPKT_S2_PS0_S3_S2_S0_	81
2752	tests/benchmarks/shoc/src/cuda/level2/s3d/ratx.h	_Z11ratx_kernelIdEvPKT_S2_PS0_S3_S2_S0_	83
2753	tests/benchmarks/shoc/src/cuda/level2/s3d/ratx.h	_Z11ratx_kernelIdEvPKT_S2_PS0_S3_S2_S0_	84
2754	tests/benchmarks/shoc/src/cuda/level2/s3d/ratx.h	_Z11ratx_kernelIdEvPKT_S2_PS0_S3_S2_S0_	86
2755	tests/benchmarks/shoc/src/cuda/level2/s3d/ratx.h	_Z11ratx_kernelIdEvPKT_S2_PS0_S3_S2_S0_	87
2756	tests/benchmarks/shoc/src/cuda/level2/s3d/ratx.h	_Z11ratx_kernelIdEvPKT_S2_PS0_S3_S2_S0_	88
2757	tests/benchmarks/shoc/src/cuda/level2/s3d/ratx.h	_Z11ratx_kernelIdEvPKT_S2_PS0_S3_S2_S0_	89
2758	tests/benchmarks/shoc/src/cuda/level2/s3d/ratx.h	_Z11ratx_kernelIdEvPKT_S2_PS0_S3_S2_S0_	91
2759	tests/benchmarks/shoc/src/cuda/level2/s3d/ratx.h	_Z11ratx_kernelIdEvPKT_S2_PS0_S3_S2_S0_	92
2760	tests/benchmarks/shoc/src/cuda/level2/s3d/ratx.h	_Z11ratx_kernelIdEvPKT_S2_PS0_S3_S2_S0_	93
2761	tests/benchmarks/shoc/src/cuda/level2/s3d/ratx.h	_Z11ratx_kernelIdEvPKT_S2_PS0_S3_S2_S0_	95
2762	tests/benchmarks/shoc/src/cuda/level2/s3d/ratx.h	_Z11ratx_kernelIdEvPKT_S2_PS0_S3_S2_S0_	96
2763	tests/benchmarks/shoc/src/cuda/level2/s3d/ratx.h	_Z11ratx_kernelIdEvPKT_S2_PS0_S3_S2_S0_	98
2764	tests/benchmarks/shoc/src/cuda/level2/s3d/ratx.h	_Z11ratx_kernelIdEvPKT_S2_PS0_S3_S2_S0_	99
2765	tests/benchmarks/shoc/src/cuda/level2/s3d/ratx.h	_Z11ratx_kernelIdEvPKT_S2_PS0_S3_S2_S0_	101
2766	tests/benchmarks/shoc/src/cuda/level2/s3d/ratx.h	_Z11ratx_kernelIdEvPKT_S2_PS0_S3_S2_S0_	102
2767	tests/benchmarks/shoc/src/cuda/level2/s3d/ratx.h	_Z11ratx_kernelIdEvPKT_S2_PS0_S3_S2_S0_	103
2768	tests/benchmarks/shoc/src/cuda/level2/s3d/ratx.h	_Z11ratx_kernelIdEvPKT_S2_PS0_S3_S2_S0_	104
2769	tests/benchmarks/shoc/src/cuda/level2/s3d/ratx.h	_Z11ratx_kernelIdEvPKT_S2_PS0_S3_S2_S0_	106
2770	tests/benchmarks/shoc/src/cuda/level2/s3d/ratx.h	_Z11ratx_kernelIdEvPKT_S2_PS0_S3_S2_S0_	107
2771	tests/benchmarks/shoc/src/cuda/level2/s3d/ratx.h	_Z11ratx_kernelIdEvPKT_S2_PS0_S3_S2_S0_	108
2772	tests/benchmarks/shoc/src/cuda/level2/s3d/ratx.h	_Z11ratx_kernelIdEvPKT_S2_PS0_S3_S2_S0_	110
2773	tests/benchmarks/shoc/src/cuda/level2/s3d/ratx.h	_Z11ratx_kernelIdEvPKT_S2_PS0_S3_S2_S0_	111
2774	tests/benchmarks/shoc/src/cuda/level2/s3d/ratx.h	_Z11ratx_kernelIdEvPKT_S2_PS0_S3_S2_S0_	113
2775	tests/benchmarks/shoc/src/cuda/level2/s3d/ratx.h	_Z11ratx_kernelIdEvPKT_S2_PS0_S3_S2_S0_	114
2776	tests/benchmarks/shoc/src/cuda/level2/s3d/ratx.h	_Z11ratx_kernelIdEvPKT_S2_PS0_S3_S2_S0_	116
2777	tests/benchmarks/shoc/src/cuda/level2/s3d/ratx.h	_Z11ratx_kernelIdEvPKT_S2_PS0_S3_S2_S0_	117
2778	tests/benchmarks/shoc/src/cuda/level2/s3d/ratx.h	_Z11ratx_kernelIdEvPKT_S2_PS0_S3_S2_S0_	118
2779	tests/benchmarks/shoc/src/cuda/level2/s3d/ratx.h	_Z11ratx_kernelIdEvPKT_S2_PS0_S3_S2_S0_	119
2780	tests/benchmarks/shoc/src/cuda/level2/s3d/ratx.h	_Z11ratx_kernelIdEvPKT_S2_PS0_S3_S2_S0_	121
2781	tests/benchmarks/shoc/src/cuda/level2/s3d/ratx.h	_Z11ratx_kernelIdEvPKT_S2_PS0_S3_S2_S0_	122
2782	tests/benchmarks/shoc/src/cuda/level2/s3d/ratx.h	_Z11ratx_kernelIdEvPKT_S2_PS0_S3_S2_S0_	123
2783	tests/benchmarks/shoc/src/cuda/level2/s3d/ratx.h	_Z11ratx_kernelIdEvPKT_S2_PS0_S3_S2_S0_	125
2784	tests/benchmarks/shoc/src/cuda/level2/s3d/ratx.h	_Z11ratx_kernelIdEvPKT_S2_PS0_S3_S2_S0_	126
2785	tests/benchmarks/shoc/src/cuda/level2/s3d/ratx.h	_Z11ratx_kernelIdEvPKT_S2_PS0_S3_S2_S0_	128
2786	tests/benchmarks/shoc/src/cuda/level2/s3d/ratx.h	_Z11ratx_kernelIdEvPKT_S2_PS0_S3_S2_S0_	129
2787	tests/benchmarks/shoc/src/cuda/level2/s3d/ratx.h	_Z11ratx_kernelIdEvPKT_S2_PS0_S3_S2_S0_	131
2788	tests/benchmarks/shoc/src/cuda/level2/s3d/ratx.h	_Z11ratx_kernelIdEvPKT_S2_PS0_S3_S2_S0_	132
2789	tests/benchmarks/shoc/src/cuda/level2/s3d/ratx.h	_Z11ratx_kernelIdEvPKT_S2_PS0_S3_S2_S0_	133
2790	tests/benchmarks/shoc/src/cuda/level2/s3d/ratx.h	_Z11ratx_kernelIdEvPKT_S2_PS0_S3_S2_S0_	134
2791	tests/benchmarks/shoc/src/cuda/level2/s3d/ratx.h	_Z11ratx_kernelIdEvPKT_S2_PS0_S3_S2_S0_	136
2792	tests/benchmarks/shoc/src/cuda/level2/s3d/ratx.h	_Z11ratx_kernelIdEvPKT_S2_PS0_S3_S2_S0_	137
2793	tests/benchmarks/shoc/src/cuda/level2/s3d/ratx.h	_Z11ratx_kernelIdEvPKT_S2_PS0_S3_S2_S0_	138
2794	tests/benchmarks/shoc/src/cuda/level2/s3d/ratx.h	_Z11ratx_kernelIdEvPKT_S2_PS0_S3_S2_S0_	140
2795	tests/benchmarks/shoc/src/cuda/level2/s3d/ratx.h	_Z11ratx_kernelIdEvPKT_S2_PS0_S3_S2_S0_	141
2796	tests/benchmarks/shoc/src/cuda/level2/s3d/ratx.h	_Z11ratx_kernelIdEvPKT_S2_PS0_S3_S2_S0_	143
2797	tests/benchmarks/shoc/src/cuda/level2/s3d/ratx.h	_Z11ratx_kernelIdEvPKT_S2_PS0_S3_S2_S0_	144
2798	tests/benchmarks/shoc/src/cuda/level2/s3d/ratx.h	_Z11ratx_kernelIdEvPKT_S2_PS0_S3_S2_S0_	146
2799	tests/benchmarks/shoc/src/cuda/level2/s3d/ratx.h	_Z11ratx_kernelIdEvPKT_S2_PS0_S3_S2_S0_	147
2800	tests/benchmarks/shoc/src/cuda/level2/s3d/ratx.h	_Z11ratx_kernelIdEvPKT_S2_PS0_S3_S2_S0_	148
2801	tests/benchmarks/shoc/src/cuda/level2/s3d/ratx.h	_Z11ratx_kernelIdEvPKT_S2_PS0_S3_S2_S0_	149
2802	tests/benchmarks/shoc/src/cuda/level2/s3d/ratx.h	_Z11ratx_kernelIdEvPKT_S2_PS0_S3_S2_S0_	151
2803	tests/benchmarks/shoc/src/cuda/level2/s3d/ratx.h	_Z11ratx_kernelIdEvPKT_S2_PS0_S3_S2_S0_	152
2804	tests/benchmarks/shoc/src/cuda/level2/s3d/ratx.h	_Z11ratx_kernelIdEvPKT_S2_PS0_S3_S2_S0_	153
2805	tests/benchmarks/shoc/src/cuda/level2/s3d/ratx.h	_Z11ratx_kernelIdEvPKT_S2_PS0_S3_S2_S0_	155
2806	tests/benchmarks/shoc/src/cuda/level2/s3d/ratx.h	_Z11ratx_kernelIdEvPKT_S2_PS0_S3_S2_S0_	156
2807	tests/benchmarks/shoc/src/cuda/level2/s3d/ratx.h	_Z11ratx_kernelIdEvPKT_S2_PS0_S3_S2_S0_	158
2808	tests/benchmarks/shoc/src/cuda/level2/s3d/ratx.h	_Z11ratx_kernelIdEvPKT_S2_PS0_S3_S2_S0_	159
2809	tests/benchmarks/shoc/src/cuda/level2/s3d/ratx.h	_Z11ratx_kernelIdEvPKT_S2_PS0_S3_S2_S0_	161
2810	tests/benchmarks/shoc/src/cuda/level2/s3d/ratx.h	_Z11ratx_kernelIdEvPKT_S2_PS0_S3_S2_S0_	162
2811	tests/benchmarks/shoc/src/cuda/level2/s3d/ratx.h	_Z11ratx_kernelIdEvPKT_S2_PS0_S3_S2_S0_	163
2812	tests/benchmarks/shoc/src/cuda/level2/s3d/ratx.h	_Z11ratx_kernelIdEvPKT_S2_PS0_S3_S2_S0_	164
2813	tests/benchmarks/shoc/src/cuda/level2/s3d/ratx.h	_Z11ratx_kernelIdEvPKT_S2_PS0_S3_S2_S0_	166
2814	tests/benchmarks/shoc/src/cuda/level2/s3d/ratx.h	_Z11ratx_kernelIdEvPKT_S2_PS0_S3_S2_S0_	167
2815	tests/benchmarks/shoc/src/cuda/level2/s3d/ratx.h	_Z11ratx_kernelIdEvPKT_S2_PS0_S3_S2_S0_	168
2816	tests/benchmarks/shoc/src/cuda/level2/s3d/ratx.h	_Z11ratx_kernelIdEvPKT_S2_PS0_S3_S2_S0_	170
2817	tests/benchmarks/shoc/src/cuda/level2/s3d/ratx.h	_Z11ratx_kernelIdEvPKT_S2_PS0_S3_S2_S0_	171
2818	tests/benchmarks/shoc/src/cuda/level2/s3d/ratx.h	_Z11ratx_kernelIdEvPKT_S2_PS0_S3_S2_S0_	173
2819	tests/benchmarks/shoc/src/cuda/level2/s3d/ratx.h	_Z11ratx_kernelIdEvPKT_S2_PS0_S3_S2_S0_	174
2820	tests/benchmarks/shoc/src/cuda/level2/s3d/ratx.h	_Z11ratx_kernelIdEvPKT_S2_PS0_S3_S2_S0_	176
2821	tests/benchmarks/shoc/src/cuda/level2/s3d/ratx.h	_Z11ratx_kernelIdEvPKT_S2_PS0_S3_S2_S0_	177
2822	tests/benchmarks/shoc/src/cuda/level2/s3d/ratx.h	_Z11ratx_kernelIdEvPKT_S2_PS0_S3_S2_S0_	178
2823	tests/benchmarks/shoc/src/cuda/level2/s3d/ratx.h	_Z11ratx_kernelIdEvPKT_S2_PS0_S3_S2_S0_	179
2824	tests/benchmarks/shoc/src/cuda/level2/s3d/ratx.h	_Z11ratx_kernelIdEvPKT_S2_PS0_S3_S2_S0_	181
2825	tests/benchmarks/shoc/src/cuda/level2/s3d/ratx.h	_Z11ratx_kernelIdEvPKT_S2_PS0_S3_S2_S0_	182
2826	tests/benchmarks/shoc/src/cuda/level2/s3d/ratx.h	_Z11ratx_kernelIdEvPKT_S2_PS0_S3_S2_S0_	183
2827	tests/benchmarks/shoc/src/cuda/level2/s3d/ratx.h	_Z11ratx_kernelIdEvPKT_S2_PS0_S3_S2_S0_	185
2828	tests/benchmarks/shoc/src/cuda/level2/s3d/ratx.h	_Z11ratx_kernelIdEvPKT_S2_PS0_S3_S2_S0_	186
2829	tests/benchmarks/shoc/src/cuda/level2/s3d/ratx.h	_Z11ratx_kernelIdEvPKT_S2_PS0_S3_S2_S0_	187
2830	tests/benchmarks/shoc/src/cuda/level2/s3d/ratx.h	_Z11ratx_kernelIdEvPKT_S2_PS0_S3_S2_S0_	188
2831	tests/benchmarks/shoc/src/cuda/level2/s3d/ratx.h	_Z11ratx_kernelIdEvPKT_S2_PS0_S3_S2_S0_	190
2832	tests/benchmarks/shoc/src/cuda/level2/s3d/ratx.h	_Z11ratx_kernelIdEvPKT_S2_PS0_S3_S2_S0_	191
2833	tests/benchmarks/shoc/src/cuda/level2/s3d/ratx.h	_Z11ratx_kernelIdEvPKT_S2_PS0_S3_S2_S0_	193
2834	tests/benchmarks/shoc/src/cuda/level2/s3d/ratx.h	_Z11ratx_kernelIdEvPKT_S2_PS0_S3_S2_S0_	194
2835	tests/benchmarks/shoc/src/cuda/level2/s3d/ratx.h	_Z11ratx_kernelIdEvPKT_S2_PS0_S3_S2_S0_	197
2836	tests/benchmarks/shoc/src/cuda/level2/s3d/ratx.h	_Z11ratx_kernelIdEvPKT_S2_PS0_S3_S2_S0_	198
2837	tests/benchmarks/shoc/src/cuda/level2/s3d/ratx.h	_Z11ratx_kernelIdEvPKT_S2_PS0_S3_S2_S0_	199
2838	tests/benchmarks/shoc/src/cuda/level2/s3d/ratx.h	_Z11ratx_kernelIdEvPKT_S2_PS0_S3_S2_S0_	200
2839	tests/benchmarks/shoc/src/cuda/level2/s3d/ratx.h	_Z11ratx_kernelIdEvPKT_S2_PS0_S3_S2_S0_	202
2840	tests/benchmarks/shoc/src/cuda/level2/s3d/ratx.h	_Z11ratx_kernelIdEvPKT_S2_PS0_S3_S2_S0_	203
2841	tests/benchmarks/shoc/src/cuda/level2/s3d/ratx.h	_Z11ratx_kernelIdEvPKT_S2_PS0_S3_S2_S0_	204
2842	tests/benchmarks/shoc/src/cuda/level2/s3d/ratx.h	_Z12ratxb_kernelIdEvPKT_S2_PS0_S3_S2_S0_	213
2843	/storage/users/sislam3/opt/llvm-22/lib/clang/22/include/__clang_cuda_math.h	_Z12ratxb_kernelIdEvPKT_S2_PS0_S3_S2_S0_	175
2844	tests/benchmarks/shoc/src/cuda/level2/s3d/ratx.h	_Z12ratxb_kernelIdEvPKT_S2_PS0_S3_S2_S0_	223
2845	tests/benchmarks/shoc/src/cuda/level2/s3d/ratx.h	_Z12ratxb_kernelIdEvPKT_S2_PS0_S3_S2_S0_	226
2846	tests/benchmarks/shoc/src/cuda/level2/s3d/ratx.h	_Z12ratxb_kernelIdEvPKT_S2_PS0_S3_S2_S0_	227
2847	tests/benchmarks/shoc/src/cuda/level2/s3d/ratx.h	_Z12ratxb_kernelIdEvPKT_S2_PS0_S3_S2_S0_	228
2848	tests/benchmarks/shoc/src/cuda/level2/s3d/ratx.h	_Z12ratxb_kernelIdEvPKT_S2_PS0_S3_S2_S0_	229
2849	tests/benchmarks/shoc/src/cuda/level2/s3d/ratx.h	_Z12ratxb_kernelIdEvPKT_S2_PS0_S3_S2_S0_	230
2850	tests/benchmarks/shoc/src/cuda/level2/s3d/ratx.h	_Z12ratxb_kernelIdEvPKT_S2_PS0_S3_S2_S0_	231
2851	tests/benchmarks/shoc/src/cuda/level2/s3d/ratx.h	_Z12ratxb_kernelIdEvPKT_S2_PS0_S3_S2_S0_	232
2852	tests/benchmarks/shoc/src/cuda/level2/s3d/ratx.h	_Z12ratxb_kernelIdEvPKT_S2_PS0_S3_S2_S0_	233
2853	tests/benchmarks/shoc/src/cuda/level2/s3d/ratx.h	_Z12ratxb_kernelIdEvPKT_S2_PS0_S3_S2_S0_	234
2854	tests/benchmarks/shoc/src/cuda/level2/s3d/ratx.h	_Z12ratxb_kernelIdEvPKT_S2_PS0_S3_S2_S0_	235
2855	tests/benchmarks/shoc/src/cuda/level2/s3d/ratx.h	_Z12ratxb_kernelIdEvPKT_S2_PS0_S3_S2_S0_	236
2856	tests/benchmarks/shoc/src/cuda/level2/s3d/ratx.h	_Z12ratxb_kernelIdEvPKT_S2_PS0_S3_S2_S0_	237
2857	tests/benchmarks/shoc/src/cuda/level2/s3d/ratx.h	_Z12ratxb_kernelIdEvPKT_S2_PS0_S3_S2_S0_	238
2858	tests/benchmarks/shoc/src/cuda/level2/s3d/ratx.h	_Z12ratxb_kernelIdEvPKT_S2_PS0_S3_S2_S0_	239
2859	tests/benchmarks/shoc/src/cuda/level2/s3d/ratx.h	_Z12ratxb_kernelIdEvPKT_S2_PS0_S3_S2_S0_	240
2860	tests/benchmarks/shoc/src/cuda/level2/s3d/ratx.h	_Z12ratxb_kernelIdEvPKT_S2_PS0_S3_S2_S0_	241
2861	tests/benchmarks/shoc/src/cuda/level2/s3d/ratx.h	_Z12ratxb_kernelIdEvPKT_S2_PS0_S3_S2_S0_	243
2862	tests/benchmarks/shoc/src/cuda/level2/s3d/ratx.h	_Z12ratxb_kernelIdEvPKT_S2_PS0_S3_S2_S0_	244
2863	tests/benchmarks/shoc/src/cuda/level2/s3d/ratx.h	_Z12ratxb_kernelIdEvPKT_S2_PS0_S3_S2_S0_	245
2864	tests/benchmarks/shoc/src/cuda/level2/s3d/ratx.h	_Z12ratxb_kernelIdEvPKT_S2_PS0_S3_S2_S0_	246
2865	tests/benchmarks/shoc/src/cuda/level2/s3d/ratx.h	_Z12ratxb_kernelIdEvPKT_S2_PS0_S3_S2_S0_	247
2866	tests/benchmarks/shoc/src/cuda/level2/s3d/ratx.h	_Z12ratxb_kernelIdEvPKT_S2_PS0_S3_S2_S0_	248
2867	tests/benchmarks/shoc/src/cuda/level2/s3d/ratx.h	_Z12ratxb_kernelIdEvPKT_S2_PS0_S3_S2_S0_	249
2868	tests/benchmarks/shoc/src/cuda/level2/s3d/ratx.h	_Z12ratxb_kernelIdEvPKT_S2_PS0_S3_S2_S0_	250
2869	tests/benchmarks/shoc/src/cuda/level2/s3d/ratx.h	_Z12ratxb_kernelIdEvPKT_S2_PS0_S3_S2_S0_	251
2870	tests/benchmarks/shoc/src/cuda/level2/s3d/ratx.h	_Z12ratxb_kernelIdEvPKT_S2_PS0_S3_S2_S0_	252
2871	tests/benchmarks/shoc/src/cuda/level2/s3d/ratx.h	_Z12ratxb_kernelIdEvPKT_S2_PS0_S3_S2_S0_	253
2872	tests/benchmarks/shoc/src/cuda/level2/s3d/ratx.h	_Z12ratxb_kernelIdEvPKT_S2_PS0_S3_S2_S0_	254
2873	tests/benchmarks/shoc/src/cuda/level2/s3d/ratx.h	_Z12ratxb_kernelIdEvPKT_S2_PS0_S3_S2_S0_	255
2874	tests/benchmarks/shoc/src/cuda/level2/s3d/ratx.h	_Z12ratxb_kernelIdEvPKT_S2_PS0_S3_S2_S0_	256
2875	tests/benchmarks/shoc/src/cuda/level2/s3d/ratx.h	_Z12ratxb_kernelIdEvPKT_S2_PS0_S3_S2_S0_	257
2876	tests/benchmarks/shoc/src/cuda/level2/s3d/ratx.h	_Z12ratxb_kernelIdEvPKT_S2_PS0_S3_S2_S0_	258
2877	tests/benchmarks/shoc/src/cuda/level2/s3d/S3D.h	_Z12ratxb_kernelIdEvPKT_S2_PS0_S3_S2_S0_	22
2878	tests/benchmarks/shoc/src/cuda/level2/s3d/ratx.h	_Z12ratxb_kernelIdEvPKT_S2_PS0_S3_S2_S0_	261
2879	tests/benchmarks/shoc/src/cuda/level2/s3d/ratx.h	_Z12ratxb_kernelIdEvPKT_S2_PS0_S3_S2_S0_	262
2880	/storage/users/sislam3/opt/llvm-22/lib/clang/22/include/__clang_cuda_math.h	_Z12ratxb_kernelIdEvPKT_S2_PS0_S3_S2_S0_	135
2881	/storage/users/sislam3/opt/llvm-22/lib/clang/22/include/__clang_cuda_math.h	_Z12ratxb_kernelIdEvPKT_S2_PS0_S3_S2_S0_	176
2882	/storage/users/sislam3/opt/llvm-22/lib/clang/22/include/__clang_cuda_math.h	_Z12ratxb_kernelIdEvPKT_S2_PS0_S3_S2_S0_	108
2883	tests/benchmarks/shoc/src/cuda/level2/s3d/ratx.h	_Z12ratxb_kernelIdEvPKT_S2_PS0_S3_S2_S0_	264
2884	tests/benchmarks/shoc/src/cuda/level2/s3d/ratx.h	_Z12ratxb_kernelIdEvPKT_S2_PS0_S3_S2_S0_	265
2885	tests/benchmarks/shoc/src/cuda/level2/s3d/ratx.h	_Z12ratxb_kernelIdEvPKT_S2_PS0_S3_S2_S0_	267
2886	tests/benchmarks/shoc/src/cuda/level2/s3d/ratx.h	_Z12ratxb_kernelIdEvPKT_S2_PS0_S3_S2_S0_	268
2887	tests/benchmarks/shoc/src/cuda/level2/s3d/ratx.h	_Z12ratxb_kernelIdEvPKT_S2_PS0_S3_S2_S0_	269
2888	tests/benchmarks/shoc/src/cuda/level2/s3d/ratx.h	_Z12ratxb_kernelIdEvPKT_S2_PS0_S3_S2_S0_	270
2889	/storage/users/sislam3/opt/llvm-22/lib/clang/22/include/__clang_cuda_math.h	_Z12ratxb_kernelIdEvPKT_S2_PS0_S3_S2_S0_	109
2890	tests/benchmarks/shoc/src/cuda/level2/s3d/ratx.h	_Z12ratxb_kernelIdEvPKT_S2_PS0_S3_S2_S0_	272
2891	tests/benchmarks/shoc/src/cuda/level2/s3d/ratx.h	_Z12ratxb_kernelIdEvPKT_S2_PS0_S3_S2_S0_	273
2892	tests/benchmarks/shoc/src/cuda/level2/s3d/ratx.h	_Z12ratxb_kernelIdEvPKT_S2_PS0_S3_S2_S0_	274
2893	tests/benchmarks/shoc/src/cuda/level2/s3d/ratx.h	_Z12ratxb_kernelIdEvPKT_S2_PS0_S3_S2_S0_	276
2894	tests/benchmarks/shoc/src/cuda/level2/s3d/ratx.h	_Z12ratxb_kernelIdEvPKT_S2_PS0_S3_S2_S0_	277
2895	tests/benchmarks/shoc/src/cuda/level2/s3d/ratx.h	_Z12ratxb_kernelIdEvPKT_S2_PS0_S3_S2_S0_	279
2896	tests/benchmarks/shoc/src/cuda/level2/s3d/ratx.h	_Z12ratxb_kernelIdEvPKT_S2_PS0_S3_S2_S0_	280
2897	tests/benchmarks/shoc/src/cuda/level2/s3d/ratx.h	_Z12ratxb_kernelIdEvPKT_S2_PS0_S3_S2_S0_	282
2898	tests/benchmarks/shoc/src/cuda/level2/s3d/ratx.h	_Z12ratxb_kernelIdEvPKT_S2_PS0_S3_S2_S0_	283
2899	tests/benchmarks/shoc/src/cuda/level2/s3d/ratx.h	_Z12ratxb_kernelIdEvPKT_S2_PS0_S3_S2_S0_	284
2900	tests/benchmarks/shoc/src/cuda/level2/s3d/ratx.h	_Z12ratxb_kernelIdEvPKT_S2_PS0_S3_S2_S0_	285
2901	tests/benchmarks/shoc/src/cuda/level2/s3d/ratx.h	_Z12ratxb_kernelIdEvPKT_S2_PS0_S3_S2_S0_	287
2902	tests/benchmarks/shoc/src/cuda/level2/s3d/ratx.h	_Z12ratxb_kernelIdEvPKT_S2_PS0_S3_S2_S0_	288
2903	tests/benchmarks/shoc/src/cuda/level2/s3d/ratx.h	_Z12ratxb_kernelIdEvPKT_S2_PS0_S3_S2_S0_	289
2904	tests/benchmarks/shoc/src/cuda/level2/s3d/ratx.h	_Z12ratxb_kernelIdEvPKT_S2_PS0_S3_S2_S0_	291
2905	tests/benchmarks/shoc/src/cuda/level2/s3d/ratx.h	_Z12ratxb_kernelIdEvPKT_S2_PS0_S3_S2_S0_	292
2906	tests/benchmarks/shoc/src/cuda/level2/s3d/ratx.h	_Z12ratxb_kernelIdEvPKT_S2_PS0_S3_S2_S0_	294
2907	tests/benchmarks/shoc/src/cuda/level2/s3d/ratx.h	_Z12ratxb_kernelIdEvPKT_S2_PS0_S3_S2_S0_	295
2908	tests/benchmarks/shoc/src/cuda/level2/s3d/ratx.h	_Z12ratxb_kernelIdEvPKT_S2_PS0_S3_S2_S0_	297
2909	tests/benchmarks/shoc/src/cuda/level2/s3d/ratx.h	_Z12ratxb_kernelIdEvPKT_S2_PS0_S3_S2_S0_	298
2910	tests/benchmarks/shoc/src/cuda/level2/s3d/ratx.h	_Z12ratxb_kernelIdEvPKT_S2_PS0_S3_S2_S0_	299
2911	tests/benchmarks/shoc/src/cuda/level2/s3d/ratx.h	_Z12ratxb_kernelIdEvPKT_S2_PS0_S3_S2_S0_	300
2912	tests/benchmarks/shoc/src/cuda/level2/s3d/ratx.h	_Z12ratxb_kernelIdEvPKT_S2_PS0_S3_S2_S0_	302
2913	tests/benchmarks/shoc/src/cuda/level2/s3d/ratx.h	_Z12ratxb_kernelIdEvPKT_S2_PS0_S3_S2_S0_	303
2914	tests/benchmarks/shoc/src/cuda/level2/s3d/ratx.h	_Z12ratxb_kernelIdEvPKT_S2_PS0_S3_S2_S0_	304
2915	tests/benchmarks/shoc/src/cuda/level2/s3d/ratx.h	_Z12ratxb_kernelIdEvPKT_S2_PS0_S3_S2_S0_	306
2916	tests/benchmarks/shoc/src/cuda/level2/s3d/ratx.h	_Z12ratxb_kernelIdEvPKT_S2_PS0_S3_S2_S0_	307
2917	tests/benchmarks/shoc/src/cuda/level2/s3d/ratx.h	_Z12ratxb_kernelIdEvPKT_S2_PS0_S3_S2_S0_	309
2918	tests/benchmarks/shoc/src/cuda/level2/s3d/ratx.h	_Z12ratxb_kernelIdEvPKT_S2_PS0_S3_S2_S0_	310
2919	tests/benchmarks/shoc/src/cuda/level2/s3d/ratx.h	_Z12ratxb_kernelIdEvPKT_S2_PS0_S3_S2_S0_	312
2920	tests/benchmarks/shoc/src/cuda/level2/s3d/ratx.h	_Z12ratxb_kernelIdEvPKT_S2_PS0_S3_S2_S0_	313
2921	tests/benchmarks/shoc/src/cuda/level2/s3d/ratx.h	_Z12ratxb_kernelIdEvPKT_S2_PS0_S3_S2_S0_	314
2922	tests/benchmarks/shoc/src/cuda/level2/s3d/ratx.h	_Z12ratxb_kernelIdEvPKT_S2_PS0_S3_S2_S0_	315
2923	tests/benchmarks/shoc/src/cuda/level2/s3d/ratx.h	_Z12ratxb_kernelIdEvPKT_S2_PS0_S3_S2_S0_	317
2924	tests/benchmarks/shoc/src/cuda/level2/s3d/ratx.h	_Z12ratxb_kernelIdEvPKT_S2_PS0_S3_S2_S0_	318
2925	tests/benchmarks/shoc/src/cuda/level2/s3d/ratx.h	_Z12ratxb_kernelIdEvPKT_S2_PS0_S3_S2_S0_	319
2926	tests/benchmarks/shoc/src/cuda/level2/s3d/ratx.h	_Z12ratxb_kernelIdEvPKT_S2_PS0_S3_S2_S0_	321
2927	tests/benchmarks/shoc/src/cuda/level2/s3d/ratx.h	_Z12ratxb_kernelIdEvPKT_S2_PS0_S3_S2_S0_	322
2928	tests/benchmarks/shoc/src/cuda/level2/s3d/ratx.h	_Z12ratxb_kernelIdEvPKT_S2_PS0_S3_S2_S0_	324
2929	tests/benchmarks/shoc/src/cuda/level2/s3d/ratx.h	_Z12ratxb_kernelIdEvPKT_S2_PS0_S3_S2_S0_	325
2930	tests/benchmarks/shoc/src/cuda/level2/s3d/ratx.h	_Z12ratxb_kernelIdEvPKT_S2_PS0_S3_S2_S0_	327
2931	tests/benchmarks/shoc/src/cuda/level2/s3d/ratx.h	_Z12ratxb_kernelIdEvPKT_S2_PS0_S3_S2_S0_	328
2932	tests/benchmarks/shoc/src/cuda/level2/s3d/ratx.h	_Z12ratxb_kernelIdEvPKT_S2_PS0_S3_S2_S0_	329
2933	tests/benchmarks/shoc/src/cuda/level2/s3d/ratx.h	_Z12ratxb_kernelIdEvPKT_S2_PS0_S3_S2_S0_	330
2934	tests/benchmarks/shoc/src/cuda/level2/s3d/ratx.h	_Z12ratxb_kernelIdEvPKT_S2_PS0_S3_S2_S0_	332
2935	tests/benchmarks/shoc/src/cuda/level2/s3d/ratx.h	_Z12ratxb_kernelIdEvPKT_S2_PS0_S3_S2_S0_	333
2936	tests/benchmarks/shoc/src/cuda/level2/s3d/ratx.h	_Z12ratxb_kernelIdEvPKT_S2_PS0_S3_S2_S0_	334
2937	tests/benchmarks/shoc/src/cuda/level2/s3d/ratx.h	_Z12ratxb_kernelIdEvPKT_S2_PS0_S3_S2_S0_	336
2938	tests/benchmarks/shoc/src/cuda/level2/s3d/ratx.h	_Z12ratxb_kernelIdEvPKT_S2_PS0_S3_S2_S0_	337
2939	tests/benchmarks/shoc/src/cuda/level2/s3d/ratx.h	_Z12ratxb_kernelIdEvPKT_S2_PS0_S3_S2_S0_	339
2940	tests/benchmarks/shoc/src/cuda/level2/s3d/ratx.h	_Z12ratxb_kernelIdEvPKT_S2_PS0_S3_S2_S0_	340
2941	tests/benchmarks/shoc/src/cuda/level2/s3d/ratx.h	_Z12ratxb_kernelIdEvPKT_S2_PS0_S3_S2_S0_	342
2942	tests/benchmarks/shoc/src/cuda/level2/s3d/ratx.h	_Z12ratxb_kernelIdEvPKT_S2_PS0_S3_S2_S0_	343
2943	tests/benchmarks/shoc/src/cuda/level2/s3d/ratx.h	_Z12ratxb_kernelIdEvPKT_S2_PS0_S3_S2_S0_	344
2944	tests/benchmarks/shoc/src/cuda/level2/s3d/ratx.h	_Z12ratxb_kernelIdEvPKT_S2_PS0_S3_S2_S0_	345
2945	tests/benchmarks/shoc/src/cuda/level2/s3d/ratx.h	_Z12ratxb_kernelIdEvPKT_S2_PS0_S3_S2_S0_	347
2946	tests/benchmarks/shoc/src/cuda/level2/s3d/ratx.h	_Z12ratxb_kernelIdEvPKT_S2_PS0_S3_S2_S0_	348
2947	tests/benchmarks/shoc/src/cuda/level2/s3d/ratx.h	_Z12ratxb_kernelIdEvPKT_S2_PS0_S3_S2_S0_	349
2948	tests/benchmarks/shoc/src/cuda/level2/s3d/ratx.h	_Z12ratxb_kernelIdEvPKT_S2_PS0_S3_S2_S0_	351
2949	tests/benchmarks/shoc/src/cuda/level2/s3d/ratx.h	_Z12ratxb_kernelIdEvPKT_S2_PS0_S3_S2_S0_	352
2950	tests/benchmarks/shoc/src/cuda/level2/s3d/ratx.h	_Z12ratxb_kernelIdEvPKT_S2_PS0_S3_S2_S0_	354
2951	tests/benchmarks/shoc/src/cuda/level2/s3d/ratx.h	_Z12ratxb_kernelIdEvPKT_S2_PS0_S3_S2_S0_	355
2952	tests/benchmarks/shoc/src/cuda/level2/s3d/ratx.h	_Z12ratxb_kernelIdEvPKT_S2_PS0_S3_S2_S0_	357
2953	tests/benchmarks/shoc/src/cuda/level2/s3d/ratx.h	_Z12ratxb_kernelIdEvPKT_S2_PS0_S3_S2_S0_	358
2954	tests/benchmarks/shoc/src/cuda/level2/s3d/ratx.h	_Z12ratxb_kernelIdEvPKT_S2_PS0_S3_S2_S0_	359
2955	tests/benchmarks/shoc/src/cuda/level2/s3d/ratx.h	_Z12ratxb_kernelIdEvPKT_S2_PS0_S3_S2_S0_	360
2956	tests/benchmarks/shoc/src/cuda/level2/s3d/ratx.h	_Z12ratxb_kernelIdEvPKT_S2_PS0_S3_S2_S0_	362
2957	tests/benchmarks/shoc/src/cuda/level2/s3d/ratx.h	_Z12ratxb_kernelIdEvPKT_S2_PS0_S3_S2_S0_	363
2958	tests/benchmarks/shoc/src/cuda/level2/s3d/ratx.h	_Z12ratxb_kernelIdEvPKT_S2_PS0_S3_S2_S0_	364
2959	tests/benchmarks/shoc/src/cuda/level2/s3d/ratx.h	_Z12ratxb_kernelIdEvPKT_S2_PS0_S3_S2_S0_	366
2960	tests/benchmarks/shoc/src/cuda/level2/s3d/ratx.h	_Z12ratxb_kernelIdEvPKT_S2_PS0_S3_S2_S0_	367
2961	tests/benchmarks/shoc/src/cuda/level2/s3d/ratx.h	_Z12ratxb_kernelIdEvPKT_S2_PS0_S3_S2_S0_	369
2962	tests/benchmarks/shoc/src/cuda/level2/s3d/ratx.h	_Z12ratxb_kernelIdEvPKT_S2_PS0_S3_S2_S0_	370
2963	tests/benchmarks/shoc/src/cuda/level2/s3d/ratx.h	_Z12ratxb_kernelIdEvPKT_S2_PS0_S3_S2_S0_	372
2964	tests/benchmarks/shoc/src/cuda/level2/s3d/ratx.h	_Z12ratxb_kernelIdEvPKT_S2_PS0_S3_S2_S0_	373
2965	tests/benchmarks/shoc/src/cuda/level2/s3d/ratx.h	_Z12ratxb_kernelIdEvPKT_S2_PS0_S3_S2_S0_	374
2966	tests/benchmarks/shoc/src/cuda/level2/s3d/ratx.h	_Z12ratxb_kernelIdEvPKT_S2_PS0_S3_S2_S0_	375
2967	tests/benchmarks/shoc/src/cuda/level2/s3d/ratx.h	_Z12ratxb_kernelIdEvPKT_S2_PS0_S3_S2_S0_	377
2968	tests/benchmarks/shoc/src/cuda/level2/s3d/ratx.h	_Z12ratxb_kernelIdEvPKT_S2_PS0_S3_S2_S0_	378
2969	tests/benchmarks/shoc/src/cuda/level2/s3d/ratx.h	_Z12ratxb_kernelIdEvPKT_S2_PS0_S3_S2_S0_	379
2970	tests/benchmarks/shoc/src/cuda/level2/s3d/ratx.h	_Z12ratxb_kernelIdEvPKT_S2_PS0_S3_S2_S0_	381
2971	tests/benchmarks/shoc/src/cuda/level2/s3d/ratx.h	_Z12ratxb_kernelIdEvPKT_S2_PS0_S3_S2_S0_	382
2972	tests/benchmarks/shoc/src/cuda/level2/s3d/ratx.h	_Z12ratxb_kernelIdEvPKT_S2_PS0_S3_S2_S0_	384
2973	tests/benchmarks/shoc/src/cuda/level2/s3d/ratx.h	_Z12ratxb_kernelIdEvPKT_S2_PS0_S3_S2_S0_	385
2974	tests/benchmarks/shoc/src/cuda/level2/s3d/ratx.h	_Z12ratxb_kernelIdEvPKT_S2_PS0_S3_S2_S0_	387
2975	tests/benchmarks/shoc/src/cuda/level2/s3d/ratx.h	_Z12ratxb_kernelIdEvPKT_S2_PS0_S3_S2_S0_	388
2976	tests/benchmarks/shoc/src/cuda/level2/s3d/ratx.h	_Z12ratxb_kernelIdEvPKT_S2_PS0_S3_S2_S0_	389
2977	tests/benchmarks/shoc/src/cuda/level2/s3d/ratx.h	_Z12ratxb_kernelIdEvPKT_S2_PS0_S3_S2_S0_	390
2978	tests/benchmarks/shoc/src/cuda/level2/s3d/ratx.h	_Z12ratxb_kernelIdEvPKT_S2_PS0_S3_S2_S0_	392
2979	tests/benchmarks/shoc/src/cuda/level2/s3d/ratx.h	_Z12ratxb_kernelIdEvPKT_S2_PS0_S3_S2_S0_	393
2980	tests/benchmarks/shoc/src/cuda/level2/s3d/ratx.h	_Z12ratxb_kernelIdEvPKT_S2_PS0_S3_S2_S0_	394
2981	tests/benchmarks/shoc/src/cuda/level2/s3d/ratx.h	_Z12ratx2_kernelIdEvPKT_PS0_S3_	404
2982	tests/benchmarks/shoc/src/cuda/level2/s3d/ratx.h	_Z12ratx2_kernelIdEvPKT_PS0_S3_	405
2983	tests/benchmarks/shoc/src/cuda/level2/s3d/ratx.h	_Z12ratx2_kernelIdEvPKT_PS0_S3_	406
2984	tests/benchmarks/shoc/src/cuda/level2/s3d/ratx.h	_Z12ratx2_kernelIdEvPKT_PS0_S3_	407
2985	tests/benchmarks/shoc/src/cuda/level2/s3d/ratx.h	_Z12ratx2_kernelIdEvPKT_PS0_S3_	408
2986	tests/benchmarks/shoc/src/cuda/level2/s3d/ratx.h	_Z12ratx2_kernelIdEvPKT_PS0_S3_	409
2987	tests/benchmarks/shoc/src/cuda/level2/s3d/ratx.h	_Z12ratx2_kernelIdEvPKT_PS0_S3_	410
2988	tests/benchmarks/shoc/src/cuda/level2/s3d/ratx.h	_Z12ratx2_kernelIdEvPKT_PS0_S3_	411
2989	tests/benchmarks/shoc/src/cuda/level2/s3d/ratx.h	_Z12ratx2_kernelIdEvPKT_PS0_S3_	412
2990	tests/benchmarks/shoc/src/cuda/level2/s3d/ratx.h	_Z12ratx2_kernelIdEvPKT_PS0_S3_	413
2991	tests/benchmarks/shoc/src/cuda/level2/s3d/ratx.h	_Z12ratx2_kernelIdEvPKT_PS0_S3_	414
2992	tests/benchmarks/shoc/src/cuda/level2/s3d/ratx.h	_Z12ratx2_kernelIdEvPKT_PS0_S3_	415
2993	tests/benchmarks/shoc/src/cuda/level2/s3d/ratx.h	_Z12ratx2_kernelIdEvPKT_PS0_S3_	416
2994	tests/benchmarks/shoc/src/cuda/level2/s3d/ratx.h	_Z12ratx2_kernelIdEvPKT_PS0_S3_	417
2995	tests/benchmarks/shoc/src/cuda/level2/s3d/ratx.h	_Z12ratx2_kernelIdEvPKT_PS0_S3_	418
2996	tests/benchmarks/shoc/src/cuda/level2/s3d/ratx.h	_Z12ratx2_kernelIdEvPKT_PS0_S3_	419
2997	tests/benchmarks/shoc/src/cuda/level2/s3d/ratx.h	_Z12ratx2_kernelIdEvPKT_PS0_S3_	420
2998	tests/benchmarks/shoc/src/cuda/level2/s3d/ratx.h	_Z12ratx2_kernelIdEvPKT_PS0_S3_	421
2999	tests/benchmarks/shoc/src/cuda/level2/s3d/ratx.h	_Z12ratx2_kernelIdEvPKT_PS0_S3_	422
3000	tests/benchmarks/shoc/src/cuda/level2/s3d/ratx.h	_Z12ratx2_kernelIdEvPKT_PS0_S3_	423
3001	tests/benchmarks/shoc/src/cuda/level2/s3d/ratx.h	_Z12ratx2_kernelIdEvPKT_PS0_S3_	424
3002	tests/benchmarks/shoc/src/cuda/level2/s3d/ratx.h	_Z12ratx2_kernelIdEvPKT_PS0_S3_	425
3003	tests/benchmarks/shoc/src/cuda/level2/s3d/ratx.h	_Z12ratx2_kernelIdEvPKT_PS0_S3_	426
3004	tests/benchmarks/shoc/src/cuda/level2/s3d/ratx.h	_Z12ratx2_kernelIdEvPKT_PS0_S3_	427
3005	tests/benchmarks/shoc/src/cuda/level2/s3d/ratx.h	_Z12ratx2_kernelIdEvPKT_PS0_S3_	428
3006	tests/benchmarks/shoc/src/cuda/level2/s3d/ratx.h	_Z12ratx2_kernelIdEvPKT_PS0_S3_	429
3007	tests/benchmarks/shoc/src/cuda/level2/s3d/ratx.h	_Z12ratx2_kernelIdEvPKT_PS0_S3_	430
3008	tests/benchmarks/shoc/src/cuda/level2/s3d/ratx.h	_Z12ratx2_kernelIdEvPKT_PS0_S3_	431
3009	tests/benchmarks/shoc/src/cuda/level2/s3d/ratx.h	_Z12ratx2_kernelIdEvPKT_PS0_S3_	432
3010	tests/benchmarks/shoc/src/cuda/level2/s3d/ratx.h	_Z12ratx2_kernelIdEvPKT_PS0_S3_	433
3011	tests/benchmarks/shoc/src/cuda/level2/s3d/ratx.h	_Z12ratx2_kernelIdEvPKT_PS0_S3_	434
3012	tests/benchmarks/shoc/src/cuda/level2/s3d/ratx.h	_Z12ratx2_kernelIdEvPKT_PS0_S3_	435
3013	tests/benchmarks/shoc/src/cuda/level2/s3d/ratx.h	_Z12ratx2_kernelIdEvPKT_PS0_S3_	436
3014	tests/benchmarks/shoc/src/cuda/level2/s3d/ratx.h	_Z12ratx2_kernelIdEvPKT_PS0_S3_	437
3015	tests/benchmarks/shoc/src/cuda/level2/s3d/ratx.h	_Z12ratx2_kernelIdEvPKT_PS0_S3_	438
3016	tests/benchmarks/shoc/src/cuda/level2/s3d/ratx.h	_Z12ratx2_kernelIdEvPKT_PS0_S3_	439
3017	tests/benchmarks/shoc/src/cuda/level2/s3d/ratx.h	_Z12ratx2_kernelIdEvPKT_PS0_S3_	440
3018	tests/benchmarks/shoc/src/cuda/level2/s3d/ratx.h	_Z12ratx2_kernelIdEvPKT_PS0_S3_	441
3019	tests/benchmarks/shoc/src/cuda/level2/s3d/ratx.h	_Z12ratx2_kernelIdEvPKT_PS0_S3_	442
3020	tests/benchmarks/shoc/src/cuda/level2/s3d/ratx.h	_Z12ratx2_kernelIdEvPKT_PS0_S3_	443
3021	tests/benchmarks/shoc/src/cuda/level2/s3d/ratx.h	_Z12ratx2_kernelIdEvPKT_PS0_S3_	444
3022	tests/benchmarks/shoc/src/cuda/level2/s3d/ratx.h	_Z12ratx2_kernelIdEvPKT_PS0_S3_	445
3023	tests/benchmarks/shoc/src/cuda/level2/s3d/ratx.h	_Z12ratx2_kernelIdEvPKT_PS0_S3_	446
3024	tests/benchmarks/shoc/src/cuda/level2/s3d/ratx.h	_Z12ratx2_kernelIdEvPKT_PS0_S3_	447
3025	tests/benchmarks/shoc/src/cuda/level2/s3d/ratx.h	_Z12ratx2_kernelIdEvPKT_PS0_S3_	448
3026	tests/benchmarks/shoc/src/cuda/level2/s3d/ratx.h	_Z12ratx2_kernelIdEvPKT_PS0_S3_	449
3027	tests/benchmarks/shoc/src/cuda/level2/s3d/ratx.h	_Z12ratx2_kernelIdEvPKT_PS0_S3_	450
3028	tests/benchmarks/shoc/src/cuda/level2/s3d/ratx.h	_Z12ratx2_kernelIdEvPKT_PS0_S3_	451
3029	tests/benchmarks/shoc/src/cuda/level2/s3d/ratx.h	_Z12ratx2_kernelIdEvPKT_PS0_S3_	452
3030	tests/benchmarks/shoc/src/cuda/level2/s3d/ratx.h	_Z12ratx2_kernelIdEvPKT_PS0_S3_	453
3031	tests/benchmarks/shoc/src/cuda/level2/s3d/ratx.h	_Z12ratx2_kernelIdEvPKT_PS0_S3_	454
3032	tests/benchmarks/shoc/src/cuda/level2/s3d/ratx.h	_Z12ratx2_kernelIdEvPKT_PS0_S3_	455
3033	tests/benchmarks/shoc/src/cuda/level2/s3d/ratx.h	_Z12ratx2_kernelIdEvPKT_PS0_S3_	456
3034	tests/benchmarks/shoc/src/cuda/level2/s3d/ratx.h	_Z12ratx2_kernelIdEvPKT_PS0_S3_	457
3035	tests/benchmarks/shoc/src/cuda/level2/s3d/ratx.h	_Z12ratx2_kernelIdEvPKT_PS0_S3_	458
3036	tests/benchmarks/shoc/src/cuda/level2/s3d/ratx.h	_Z12ratx2_kernelIdEvPKT_PS0_S3_	459
3037	tests/benchmarks/shoc/src/cuda/level2/s3d/ratx.h	_Z12ratx2_kernelIdEvPKT_PS0_S3_	460
3038	tests/benchmarks/shoc/src/cuda/level2/s3d/ratx.h	_Z12ratx2_kernelIdEvPKT_PS0_S3_	461
3039	tests/benchmarks/shoc/src/cuda/level2/s3d/ratx.h	_Z12ratx2_kernelIdEvPKT_PS0_S3_	462
3040	tests/benchmarks/shoc/src/cuda/level2/s3d/ratx.h	_Z12ratx2_kernelIdEvPKT_PS0_S3_	463
3041	tests/benchmarks/shoc/src/cuda/level2/s3d/ratx.h	_Z12ratx2_kernelIdEvPKT_PS0_S3_	464
3042	tests/benchmarks/shoc/src/cuda/level2/s3d/ratx.h	_Z12ratx2_kernelIdEvPKT_PS0_S3_	465
3043	tests/benchmarks/shoc/src/cuda/level2/s3d/ratx.h	_Z12ratx2_kernelIdEvPKT_PS0_S3_	466
3044	tests/benchmarks/shoc/src/cuda/level2/s3d/ratx.h	_Z12ratx2_kernelIdEvPKT_PS0_S3_	467
3045	tests/benchmarks/shoc/src/cuda/level2/s3d/ratx.h	_Z12ratx2_kernelIdEvPKT_PS0_S3_	468
3046	tests/benchmarks/shoc/src/cuda/level2/s3d/ratx.h	_Z12ratx2_kernelIdEvPKT_PS0_S3_	469
3047	tests/benchmarks/shoc/src/cuda/level2/s3d/ratx.h	_Z12ratx2_kernelIdEvPKT_PS0_S3_	470
3048	tests/benchmarks/shoc/src/cuda/level2/s3d/ratx.h	_Z12ratx2_kernelIdEvPKT_PS0_S3_	471
3049	tests/benchmarks/shoc/src/cuda/level2/s3d/ratx.h	_Z12ratx2_kernelIdEvPKT_PS0_S3_	472
3050	tests/benchmarks/shoc/src/cuda/level2/s3d/ratx.h	_Z12ratx2_kernelIdEvPKT_PS0_S3_	473
3051	tests/benchmarks/shoc/src/cuda/level2/s3d/ratx.h	_Z12ratx2_kernelIdEvPKT_PS0_S3_	474
3052	tests/benchmarks/shoc/src/cuda/level2/s3d/ratx.h	_Z12ratx2_kernelIdEvPKT_PS0_S3_	475
3053	tests/benchmarks/shoc/src/cuda/level2/s3d/ratx.h	_Z12ratx2_kernelIdEvPKT_PS0_S3_	476
3054	tests/benchmarks/shoc/src/cuda/level2/s3d/ratx.h	_Z12ratx2_kernelIdEvPKT_PS0_S3_	477
3055	tests/benchmarks/shoc/src/cuda/level2/s3d/ratx.h	_Z12ratx2_kernelIdEvPKT_PS0_S3_	478
3056	tests/benchmarks/shoc/src/cuda/level2/s3d/ratx.h	_Z12ratx2_kernelIdEvPKT_PS0_S3_	479
3057	tests/benchmarks/shoc/src/cuda/level2/s3d/ratx.h	_Z12ratx2_kernelIdEvPKT_PS0_S3_	480
3058	tests/benchmarks/shoc/src/cuda/level2/s3d/ratx.h	_Z12ratx2_kernelIdEvPKT_PS0_S3_	481
3059	tests/benchmarks/shoc/src/cuda/level2/s3d/ratx.h	_Z12ratx2_kernelIdEvPKT_PS0_S3_	482
3060	tests/benchmarks/shoc/src/cuda/level2/s3d/ratx.h	_Z12ratx2_kernelIdEvPKT_PS0_S3_	483
3061	tests/benchmarks/shoc/src/cuda/level2/s3d/ratx.h	_Z12ratx2_kernelIdEvPKT_PS0_S3_	484
3062	tests/benchmarks/shoc/src/cuda/level2/s3d/ratx.h	_Z12ratx2_kernelIdEvPKT_PS0_S3_	485
3063	tests/benchmarks/shoc/src/cuda/level2/s3d/ratx.h	_Z12ratx2_kernelIdEvPKT_PS0_S3_	486
3064	tests/benchmarks/shoc/src/cuda/level2/s3d/ratx.h	_Z12ratx2_kernelIdEvPKT_PS0_S3_	487
3065	tests/benchmarks/shoc/src/cuda/level2/s3d/ratx.h	_Z12ratx2_kernelIdEvPKT_PS0_S3_	488
3066	tests/benchmarks/shoc/src/cuda/level2/s3d/ratx.h	_Z12ratx2_kernelIdEvPKT_PS0_S3_	489
3067	tests/benchmarks/shoc/src/cuda/level2/s3d/ratx.h	_Z12ratx2_kernelIdEvPKT_PS0_S3_	490
3068	tests/benchmarks/shoc/src/cuda/level2/s3d/ratx.h	_Z12ratx2_kernelIdEvPKT_PS0_S3_	491
3069	tests/benchmarks/shoc/src/cuda/level2/s3d/ratx.h	_Z12ratx2_kernelIdEvPKT_PS0_S3_	492
3070	tests/benchmarks/shoc/src/cuda/level2/s3d/ratx.h	_Z12ratx2_kernelIdEvPKT_PS0_S3_	493
3071	tests/benchmarks/shoc/src/cuda/level2/s3d/ratx.h	_Z12ratx2_kernelIdEvPKT_PS0_S3_	494
3072	tests/benchmarks/shoc/src/cuda/level2/s3d/ratx.h	_Z12ratx2_kernelIdEvPKT_PS0_S3_	495
3073	tests/benchmarks/shoc/src/cuda/level2/s3d/ratx.h	_Z12ratx2_kernelIdEvPKT_PS0_S3_	496
3074	tests/benchmarks/shoc/src/cuda/level2/s3d/ratx.h	_Z12ratx2_kernelIdEvPKT_PS0_S3_	497
3075	tests/benchmarks/shoc/src/cuda/level2/s3d/ratx.h	_Z12ratx2_kernelIdEvPKT_PS0_S3_	498
3076	tests/benchmarks/shoc/src/cuda/level2/s3d/ratx.h	_Z12ratx2_kernelIdEvPKT_PS0_S3_	499
3077	tests/benchmarks/shoc/src/cuda/level2/s3d/ratx.h	_Z12ratx2_kernelIdEvPKT_PS0_S3_	500
3078	tests/benchmarks/shoc/src/cuda/level2/s3d/ratx.h	_Z12ratx2_kernelIdEvPKT_PS0_S3_	501
3079	tests/benchmarks/shoc/src/cuda/level2/s3d/ratx.h	_Z12ratx2_kernelIdEvPKT_PS0_S3_	502
3080	tests/benchmarks/shoc/src/cuda/level2/s3d/ratx.h	_Z12ratx2_kernelIdEvPKT_PS0_S3_	503
3081	tests/benchmarks/shoc/src/cuda/level2/s3d/ratx.h	_Z12ratx2_kernelIdEvPKT_PS0_S3_	504
3082	tests/benchmarks/shoc/src/cuda/level2/s3d/ratx.h	_Z12ratx2_kernelIdEvPKT_PS0_S3_	505
3083	tests/benchmarks/shoc/src/cuda/level2/s3d/ratx.h	_Z12ratx2_kernelIdEvPKT_PS0_S3_	506
3084	tests/benchmarks/shoc/src/cuda/level2/s3d/ratx.h	_Z12ratx2_kernelIdEvPKT_PS0_S3_	507
3085	tests/benchmarks/shoc/src/cuda/level2/s3d/ratx.h	_Z12ratx2_kernelIdEvPKT_PS0_S3_	508
3086	tests/benchmarks/shoc/src/cuda/level2/s3d/ratx.h	_Z12ratx2_kernelIdEvPKT_PS0_S3_	509
3087	tests/benchmarks/shoc/src/cuda/level2/s3d/ratx.h	_Z12ratx2_kernelIdEvPKT_PS0_S3_	510
3088	tests/benchmarks/shoc/src/cuda/level2/s3d/ratx.h	_Z12ratx2_kernelIdEvPKT_PS0_S3_	511
3089	tests/benchmarks/shoc/src/cuda/level2/s3d/ratx.h	_Z12ratx2_kernelIdEvPKT_PS0_S3_	512
3090	tests/benchmarks/shoc/src/cuda/level2/s3d/ratx.h	_Z12ratx2_kernelIdEvPKT_PS0_S3_	513
3091	tests/benchmarks/shoc/src/cuda/level2/s3d/ratx.h	_Z12ratx2_kernelIdEvPKT_PS0_S3_	514
3092	tests/benchmarks/shoc/src/cuda/level2/s3d/ratx.h	_Z12ratx2_kernelIdEvPKT_PS0_S3_	515
3093	tests/benchmarks/shoc/src/cuda/level2/s3d/ratx.h	_Z12ratx2_kernelIdEvPKT_PS0_S3_	516
3094	tests/benchmarks/shoc/src/cuda/level2/s3d/ratx.h	_Z12ratx2_kernelIdEvPKT_PS0_S3_	517
3095	tests/benchmarks/shoc/src/cuda/level2/s3d/ratx.h	_Z12ratx2_kernelIdEvPKT_PS0_S3_	518
3096	tests/benchmarks/shoc/src/cuda/level2/s3d/ratx.h	_Z12ratx2_kernelIdEvPKT_PS0_S3_	519
3097	tests/benchmarks/shoc/src/cuda/level2/s3d/ratx.h	_Z12ratx2_kernelIdEvPKT_PS0_S3_	520
3098	tests/benchmarks/shoc/src/cuda/level2/s3d/ratx.h	_Z12ratx2_kernelIdEvPKT_PS0_S3_	521
3099	tests/benchmarks/shoc/src/cuda/level2/s3d/ratx.h	_Z12ratx2_kernelIdEvPKT_PS0_S3_	522
3100	tests/benchmarks/shoc/src/cuda/level2/s3d/ratx.h	_Z12ratx2_kernelIdEvPKT_PS0_S3_	523
3101	tests/benchmarks/shoc/src/cuda/level2/s3d/ratx.h	_Z12ratx2_kernelIdEvPKT_PS0_S3_	524
3102	tests/benchmarks/shoc/src/cuda/level2/s3d/ratx.h	_Z12ratx2_kernelIdEvPKT_PS0_S3_	525
3103	tests/benchmarks/shoc/src/cuda/level2/s3d/ratx.h	_Z12ratx2_kernelIdEvPKT_PS0_S3_	526
3104	tests/benchmarks/shoc/src/cuda/level2/s3d/ratx.h	_Z12ratx2_kernelIdEvPKT_PS0_S3_	527
3105	tests/benchmarks/shoc/src/cuda/level2/s3d/ratx.h	_Z12ratx2_kernelIdEvPKT_PS0_S3_	528
3106	tests/benchmarks/shoc/src/cuda/level2/s3d/ratx.h	_Z12ratx2_kernelIdEvPKT_PS0_S3_	529
3107	tests/benchmarks/shoc/src/cuda/level2/s3d/ratx.h	_Z12ratx2_kernelIdEvPKT_PS0_S3_	530
3108	tests/benchmarks/shoc/src/cuda/level2/s3d/ratx.h	_Z12ratx2_kernelIdEvPKT_PS0_S3_	531
3109	tests/benchmarks/shoc/src/cuda/level2/s3d/ratx.h	_Z12ratx2_kernelIdEvPKT_PS0_S3_	532
3110	tests/benchmarks/shoc/src/cuda/level2/s3d/ratx.h	_Z12ratx2_kernelIdEvPKT_PS0_S3_	533
3111	tests/benchmarks/shoc/src/cuda/level2/s3d/ratx.h	_Z12ratx2_kernelIdEvPKT_PS0_S3_	534
3112	tests/benchmarks/shoc/src/cuda/level2/s3d/ratx.h	_Z12ratx2_kernelIdEvPKT_PS0_S3_	535
3113	tests/benchmarks/shoc/src/cuda/level2/s3d/ratx.h	_Z12ratx2_kernelIdEvPKT_PS0_S3_	536
3114	tests/benchmarks/shoc/src/cuda/level2/s3d/ratx.h	_Z12ratx2_kernelIdEvPKT_PS0_S3_	537
3115	tests/benchmarks/shoc/src/cuda/level2/s3d/ratx.h	_Z12ratx2_kernelIdEvPKT_PS0_S3_	538
3116	tests/benchmarks/shoc/src/cuda/level2/s3d/ratx.h	_Z12ratx2_kernelIdEvPKT_PS0_S3_	539
3117	tests/benchmarks/shoc/src/cuda/level2/s3d/ratx.h	_Z12ratx2_kernelIdEvPKT_PS0_S3_	540
3118	tests/benchmarks/shoc/src/cuda/level2/s3d/ratx.h	_Z12ratx2_kernelIdEvPKT_PS0_S3_	541
3119	tests/benchmarks/shoc/src/cuda/level2/s3d/ratx.h	_Z12ratx2_kernelIdEvPKT_PS0_S3_	542
3120	tests/benchmarks/shoc/src/cuda/level2/s3d/ratx.h	_Z12ratx2_kernelIdEvPKT_PS0_S3_	543
3121	tests/benchmarks/shoc/src/cuda/level2/s3d/ratx.h	_Z12ratx2_kernelIdEvPKT_PS0_S3_	544
3122	tests/benchmarks/shoc/src/cuda/level2/s3d/ratx.h	_Z12ratx2_kernelIdEvPKT_PS0_S3_	545
3123	tests/benchmarks/shoc/src/cuda/level2/s3d/ratx.h	_Z12ratx2_kernelIdEvPKT_PS0_S3_	546
3124	tests/benchmarks/shoc/src/cuda/level2/s3d/ratx.h	_Z12ratx2_kernelIdEvPKT_PS0_S3_	547
3125	tests/benchmarks/shoc/src/cuda/level2/s3d/ratx.h	_Z12ratx2_kernelIdEvPKT_PS0_S3_	548
3126	tests/benchmarks/shoc/src/cuda/level2/s3d/ratx.h	_Z12ratx2_kernelIdEvPKT_PS0_S3_	549
3127	tests/benchmarks/shoc/src/cuda/level2/s3d/ratx.h	_Z12ratx2_kernelIdEvPKT_PS0_S3_	550
3128	tests/benchmarks/shoc/src/cuda/level2/s3d/ratx.h	_Z12ratx2_kernelIdEvPKT_PS0_S3_	551
3129	tests/benchmarks/shoc/src/cuda/level2/s3d/ratx.h	_Z12ratx2_kernelIdEvPKT_PS0_S3_	552
3130	tests/benchmarks/shoc/src/cuda/level2/s3d/ratx.h	_Z12ratx2_kernelIdEvPKT_PS0_S3_	553
3131	tests/benchmarks/shoc/src/cuda/level2/s3d/ratx.h	_Z12ratx2_kernelIdEvPKT_PS0_S3_	554
3132	tests/benchmarks/shoc/src/cuda/level2/s3d/ratx.h	_Z12ratx2_kernelIdEvPKT_PS0_S3_	555
3133	tests/benchmarks/shoc/src/cuda/level2/s3d/ratx.h	_Z12ratx2_kernelIdEvPKT_PS0_S3_	556
3134	tests/benchmarks/shoc/src/cuda/level2/s3d/ratx.h	_Z12ratx2_kernelIdEvPKT_PS0_S3_	557
3135	tests/benchmarks/shoc/src/cuda/level2/s3d/ratx.h	_Z12ratx2_kernelIdEvPKT_PS0_S3_	558
3136	tests/benchmarks/shoc/src/cuda/level2/s3d/ratx.h	_Z12ratx2_kernelIdEvPKT_PS0_S3_	559
3137	tests/benchmarks/shoc/src/cuda/level2/s3d/ratx.h	_Z12ratx2_kernelIdEvPKT_PS0_S3_	560
3138	tests/benchmarks/shoc/src/cuda/level2/s3d/ratx.h	_Z12ratx2_kernelIdEvPKT_PS0_S3_	561
3139	tests/benchmarks/shoc/src/cuda/level2/s3d/ratx.h	_Z12ratx2_kernelIdEvPKT_PS0_S3_	562
3140	tests/benchmarks/shoc/src/cuda/level2/s3d/ratx.h	_Z12ratx2_kernelIdEvPKT_PS0_S3_	563
3141	tests/benchmarks/shoc/src/cuda/level2/s3d/ratx.h	_Z12ratx2_kernelIdEvPKT_PS0_S3_	564
3142	tests/benchmarks/shoc/src/cuda/level2/s3d/ratx.h	_Z12ratx2_kernelIdEvPKT_PS0_S3_	565
3143	tests/benchmarks/shoc/src/cuda/level2/s3d/ratx.h	_Z12ratx2_kernelIdEvPKT_PS0_S3_	566
3144	tests/benchmarks/shoc/src/cuda/level2/s3d/ratx.h	_Z12ratx2_kernelIdEvPKT_PS0_S3_	567
3145	tests/benchmarks/shoc/src/cuda/level2/s3d/ratx.h	_Z12ratx2_kernelIdEvPKT_PS0_S3_	568
3146	tests/benchmarks/shoc/src/cuda/level2/s3d/ratx.h	_Z12ratx2_kernelIdEvPKT_PS0_S3_	569
3147	tests/benchmarks/shoc/src/cuda/level2/s3d/ratx.h	_Z12ratx2_kernelIdEvPKT_PS0_S3_	570
3148	tests/benchmarks/shoc/src/cuda/level2/s3d/ratx.h	_Z12ratx2_kernelIdEvPKT_PS0_S3_	571
3149	tests/benchmarks/shoc/src/cuda/level2/s3d/ratx.h	_Z12ratx2_kernelIdEvPKT_PS0_S3_	572
3150	tests/benchmarks/shoc/src/cuda/level2/s3d/ratx.h	_Z12ratx2_kernelIdEvPKT_PS0_S3_	573
3151	tests/benchmarks/shoc/src/cuda/level2/s3d/ratx.h	_Z12ratx2_kernelIdEvPKT_PS0_S3_	574
3152	tests/benchmarks/shoc/src/cuda/level2/s3d/ratx.h	_Z12ratx2_kernelIdEvPKT_PS0_S3_	575
3153	tests/benchmarks/shoc/src/cuda/level2/s3d/ratx.h	_Z12ratx2_kernelIdEvPKT_PS0_S3_	576
3154	tests/benchmarks/shoc/src/cuda/level2/s3d/ratx.h	_Z12ratx2_kernelIdEvPKT_PS0_S3_	577
3155	tests/benchmarks/shoc/src/cuda/level2/s3d/ratx.h	_Z12ratx2_kernelIdEvPKT_PS0_S3_	578
3156	tests/benchmarks/shoc/src/cuda/level2/s3d/ratx.h	_Z12ratx2_kernelIdEvPKT_PS0_S3_	579
3157	tests/benchmarks/shoc/src/cuda/level2/s3d/ratx.h	_Z12ratx2_kernelIdEvPKT_PS0_S3_	580
3158	tests/benchmarks/shoc/src/cuda/level2/s3d/ratx.h	_Z12ratx2_kernelIdEvPKT_PS0_S3_	581
3159	tests/benchmarks/shoc/src/cuda/level2/s3d/ratx.h	_Z12ratx2_kernelIdEvPKT_PS0_S3_	582
3160	tests/benchmarks/shoc/src/cuda/level2/s3d/ratx.h	_Z12ratx2_kernelIdEvPKT_PS0_S3_	583
3161	tests/benchmarks/shoc/src/cuda/level2/s3d/ratx.h	_Z12ratx2_kernelIdEvPKT_PS0_S3_	584
3162	tests/benchmarks/shoc/src/cuda/level2/s3d/ratx.h	_Z12ratx2_kernelIdEvPKT_PS0_S3_	585
3163	tests/benchmarks/shoc/src/cuda/level2/s3d/ratx.h	_Z12ratx2_kernelIdEvPKT_PS0_S3_	586
3164	tests/benchmarks/shoc/src/cuda/level2/s3d/ratx.h	_Z12ratx2_kernelIdEvPKT_PS0_S3_	587
3165	tests/benchmarks/shoc/src/cuda/level2/s3d/ratx.h	_Z12ratx2_kernelIdEvPKT_PS0_S3_	588
3166	tests/benchmarks/shoc/src/cuda/level2/s3d/ratx.h	_Z12ratx2_kernelIdEvPKT_PS0_S3_	589
3167	tests/benchmarks/shoc/src/cuda/level2/s3d/ratx.h	_Z12ratx2_kernelIdEvPKT_PS0_S3_	590
3168	tests/benchmarks/shoc/src/cuda/level2/s3d/ratx.h	_Z12ratx2_kernelIdEvPKT_PS0_S3_	591
3169	tests/benchmarks/shoc/src/cuda/level2/s3d/ratx.h	_Z12ratx2_kernelIdEvPKT_PS0_S3_	592
3170	tests/benchmarks/shoc/src/cuda/level2/s3d/ratx.h	_Z12ratx2_kernelIdEvPKT_PS0_S3_	593
3171	tests/benchmarks/shoc/src/cuda/level2/s3d/ratx.h	_Z12ratx2_kernelIdEvPKT_PS0_S3_	594
3172	tests/benchmarks/shoc/src/cuda/level2/s3d/ratx.h	_Z12ratx4_kernelIdEvPKT_PS0_S3_	602
3173	tests/benchmarks/shoc/src/cuda/level2/s3d/ratx.h	_Z12ratx4_kernelIdEvPKT_PS0_S3_	603
3174	tests/benchmarks/shoc/src/cuda/level2/s3d/ratx.h	_Z12ratx4_kernelIdEvPKT_PS0_S3_	604
3175	tests/benchmarks/shoc/src/cuda/level2/s3d/ratx.h	_Z12ratx4_kernelIdEvPKT_PS0_S3_	605
3176	tests/benchmarks/shoc/src/cuda/level2/s3d/ratx.h	_Z12ratx4_kernelIdEvPKT_PS0_S3_	606
3177	tests/benchmarks/shoc/src/cuda/level2/s3d/ratx.h	_Z12ratx4_kernelIdEvPKT_PS0_S3_	607
3178	tests/benchmarks/shoc/src/cuda/level2/s3d/ratx.h	_Z12ratx4_kernelIdEvPKT_PS0_S3_	608
3179	tests/benchmarks/shoc/src/cuda/level2/s3d/ratx.h	_Z12ratx4_kernelIdEvPKT_PS0_S3_	609
3180	tests/benchmarks/shoc/src/cuda/level2/s3d/ratx.h	_Z12ratx4_kernelIdEvPKT_PS0_S3_	610
3181	tests/benchmarks/shoc/src/cuda/level2/s3d/ratx.h	_Z12ratx4_kernelIdEvPKT_PS0_S3_	611
3182	tests/benchmarks/shoc/src/cuda/level2/s3d/ratx.h	_Z12ratx4_kernelIdEvPKT_PS0_S3_	612
3183	tests/benchmarks/shoc/src/cuda/level2/s3d/ratx.h	_Z12ratx4_kernelIdEvPKT_PS0_S3_	613
3184	tests/benchmarks/shoc/src/cuda/level2/s3d/ratx.h	_Z12ratx4_kernelIdEvPKT_PS0_S3_	614
3185	tests/benchmarks/shoc/src/cuda/level2/s3d/ratx.h	_Z12ratx4_kernelIdEvPKT_PS0_S3_	615
3186	tests/benchmarks/shoc/src/cuda/level2/s3d/ratx.h	_Z12ratx4_kernelIdEvPKT_PS0_S3_	616
3187	tests/benchmarks/shoc/src/cuda/level2/s3d/ratx.h	_Z12ratx4_kernelIdEvPKT_PS0_S3_	617
3188	tests/benchmarks/shoc/src/cuda/level2/s3d/ratx.h	_Z12ratx4_kernelIdEvPKT_PS0_S3_	618
3189	tests/benchmarks/shoc/src/cuda/level2/s3d/ratx.h	_Z12ratx4_kernelIdEvPKT_PS0_S3_	619
3190	tests/benchmarks/shoc/src/cuda/level2/s3d/ratx.h	_Z12ratx4_kernelIdEvPKT_PS0_S3_	620
3191	tests/benchmarks/shoc/src/cuda/level2/s3d/ratx.h	_Z12ratx4_kernelIdEvPKT_PS0_S3_	621
3192	tests/benchmarks/shoc/src/cuda/level2/s3d/ratx.h	_Z12ratx4_kernelIdEvPKT_PS0_S3_	622
3193	tests/benchmarks/shoc/src/cuda/level2/s3d/ratx.h	_Z12ratx4_kernelIdEvPKT_PS0_S3_	623
3194	tests/benchmarks/shoc/src/cuda/level2/s3d/ratx.h	_Z12ratx4_kernelIdEvPKT_PS0_S3_	624
3195	tests/benchmarks/shoc/src/cuda/level2/s3d/ratx.h	_Z12ratx4_kernelIdEvPKT_PS0_S3_	625
3196	tests/benchmarks/shoc/src/cuda/level2/s3d/ratx.h	_Z12ratx4_kernelIdEvPKT_PS0_S3_	626
3197	tests/benchmarks/shoc/src/cuda/level2/s3d/ratx.h	_Z12ratx4_kernelIdEvPKT_PS0_S3_	627
3198	tests/benchmarks/shoc/src/cuda/level2/s3d/ratx.h	_Z12ratx4_kernelIdEvPKT_PS0_S3_	628
3199	tests/benchmarks/shoc/src/cuda/level2/s3d/ratx.h	_Z12ratx4_kernelIdEvPKT_PS0_S3_	629
3200	tests/benchmarks/shoc/src/cuda/level2/s3d/ratx.h	_Z12ratx4_kernelIdEvPKT_PS0_S3_	630
3201	tests/benchmarks/shoc/src/cuda/level2/s3d/ratx.h	_Z12ratx4_kernelIdEvPKT_PS0_S3_	631
3202	tests/benchmarks/shoc/src/cuda/level2/s3d/ratx.h	_Z12ratx4_kernelIdEvPKT_PS0_S3_	632
3203	tests/benchmarks/shoc/src/cuda/level2/s3d/ratx.h	_Z12ratx4_kernelIdEvPKT_PS0_S3_	633
3204	tests/benchmarks/shoc/src/cuda/level2/s3d/ratx.h	_Z12ratx4_kernelIdEvPKT_PS0_S3_	634
3205	tests/benchmarks/shoc/src/cuda/level2/s3d/ratx.h	_Z12ratx4_kernelIdEvPKT_PS0_S3_	635
3206	tests/benchmarks/shoc/src/cuda/level2/s3d/ratx.h	_Z12ratx4_kernelIdEvPKT_PS0_S3_	636
3207	tests/benchmarks/shoc/src/cuda/level2/s3d/ratx.h	_Z12ratx4_kernelIdEvPKT_PS0_S3_	637
3208	tests/benchmarks/shoc/src/cuda/level2/s3d/ratx.h	_Z12ratx4_kernelIdEvPKT_PS0_S3_	638
3209	tests/benchmarks/shoc/src/cuda/level2/s3d/ratx.h	_Z12ratx4_kernelIdEvPKT_PS0_S3_	639
3210	tests/benchmarks/shoc/src/cuda/level2/s3d/ratx.h	_Z12ratx4_kernelIdEvPKT_PS0_S3_	640
3211	tests/benchmarks/shoc/src/cuda/level2/s3d/ratx.h	_Z12ratx4_kernelIdEvPKT_PS0_S3_	641
3212	tests/benchmarks/shoc/src/cuda/level2/s3d/ratx.h	_Z12ratx4_kernelIdEvPKT_PS0_S3_	642
3213	tests/benchmarks/shoc/src/cuda/level2/s3d/ratx.h	_Z12ratx4_kernelIdEvPKT_PS0_S3_	643
3214	tests/benchmarks/shoc/src/cuda/level2/s3d/ratx.h	_Z12ratx4_kernelIdEvPKT_PS0_S3_	644
3215	tests/benchmarks/shoc/src/cuda/level2/s3d/ratx.h	_Z12ratx4_kernelIdEvPKT_PS0_S3_	645
3216	tests/benchmarks/shoc/src/cuda/level2/s3d/ratx.h	_Z12ratx4_kernelIdEvPKT_PS0_S3_	646
3217	tests/benchmarks/shoc/src/cuda/level2/s3d/ratx.h	_Z12ratx4_kernelIdEvPKT_PS0_S3_	647
3218	tests/benchmarks/shoc/src/cuda/level2/s3d/ratx.h	_Z12ratx4_kernelIdEvPKT_PS0_S3_	648
3219	tests/benchmarks/shoc/src/cuda/level2/s3d/ratx.h	_Z12ratx4_kernelIdEvPKT_PS0_S3_	649
3220	tests/benchmarks/shoc/src/cuda/level2/s3d/ratx.h	_Z12ratx4_kernelIdEvPKT_PS0_S3_	650
3221	tests/benchmarks/shoc/src/cuda/level2/s3d/ratx.h	_Z12ratx4_kernelIdEvPKT_PS0_S3_	651
3222	tests/benchmarks/shoc/src/cuda/level2/s3d/ratx.h	_Z12ratx4_kernelIdEvPKT_PS0_S3_	652
3223	tests/benchmarks/shoc/src/cuda/level2/s3d/ratx.h	_Z12ratx4_kernelIdEvPKT_PS0_S3_	653
3224	tests/benchmarks/shoc/src/cuda/level2/s3d/ratx.h	_Z12ratx4_kernelIdEvPKT_PS0_S3_	654
3225	tests/benchmarks/shoc/src/cuda/level2/s3d/ratx.h	_Z12ratx4_kernelIdEvPKT_PS0_S3_	655
3226	tests/benchmarks/shoc/src/cuda/level2/s3d/ratx.h	_Z12ratx4_kernelIdEvPKT_PS0_S3_	656
3227	tests/benchmarks/shoc/src/cuda/level2/s3d/ratx.h	_Z12ratx4_kernelIdEvPKT_PS0_S3_	657
3228	tests/benchmarks/shoc/src/cuda/level2/s3d/ratx.h	_Z12ratx4_kernelIdEvPKT_PS0_S3_	658
3229	tests/benchmarks/shoc/src/cuda/level2/s3d/ratx.h	_Z12ratx4_kernelIdEvPKT_PS0_S3_	659
3230	tests/benchmarks/shoc/src/cuda/level2/s3d/ratx.h	_Z12ratx4_kernelIdEvPKT_PS0_S3_	660
3231	tests/benchmarks/shoc/src/cuda/level2/s3d/ratx.h	_Z12ratx4_kernelIdEvPKT_PS0_S3_	661
3232	tests/benchmarks/shoc/src/cuda/level2/s3d/ratx.h	_Z12ratx4_kernelIdEvPKT_PS0_S3_	662
3233	tests/benchmarks/shoc/src/cuda/level2/s3d/ratx.h	_Z12ratx4_kernelIdEvPKT_PS0_S3_	663
3234	tests/benchmarks/shoc/src/cuda/level2/s3d/ratx.h	_Z12ratx4_kernelIdEvPKT_PS0_S3_	664
3235	tests/benchmarks/shoc/src/cuda/level2/s3d/ratx.h	_Z12ratx4_kernelIdEvPKT_PS0_S3_	665
3236	tests/benchmarks/shoc/src/cuda/level2/s3d/ratx.h	_Z12ratx4_kernelIdEvPKT_PS0_S3_	666
3237	tests/benchmarks/shoc/src/cuda/level2/s3d/ratx.h	_Z12ratx4_kernelIdEvPKT_PS0_S3_	667
3238	tests/benchmarks/shoc/src/cuda/level2/s3d/ratx.h	_Z12ratx4_kernelIdEvPKT_PS0_S3_	668
3239	tests/benchmarks/shoc/src/cuda/level2/s3d/ratx.h	_Z12ratx4_kernelIdEvPKT_PS0_S3_	669
3240	tests/benchmarks/shoc/src/cuda/level2/s3d/ratx.h	_Z12ratx4_kernelIdEvPKT_PS0_S3_	670
3241	tests/benchmarks/shoc/src/cuda/level2/s3d/ratx.h	_Z12ratx4_kernelIdEvPKT_PS0_S3_	671
3242	tests/benchmarks/shoc/src/cuda/level2/s3d/ratx.h	_Z12ratx4_kernelIdEvPKT_PS0_S3_	672
3243	tests/benchmarks/shoc/src/cuda/level2/s3d/ratx.h	_Z12ratx4_kernelIdEvPKT_PS0_S3_	673
3244	tests/benchmarks/shoc/src/cuda/level2/s3d/ratx.h	_Z12ratx4_kernelIdEvPKT_PS0_S3_	674
3245	tests/benchmarks/shoc/src/cuda/level2/s3d/ratx.h	_Z12ratx4_kernelIdEvPKT_PS0_S3_	675
3246	tests/benchmarks/shoc/src/cuda/level2/s3d/ratx.h	_Z12ratx4_kernelIdEvPKT_PS0_S3_	676
3247	tests/benchmarks/shoc/src/cuda/level2/s3d/ratx.h	_Z12ratx4_kernelIdEvPKT_PS0_S3_	677
3248	tests/benchmarks/shoc/src/cuda/level2/s3d/ratx.h	_Z12ratx4_kernelIdEvPKT_PS0_S3_	678
3249	tests/benchmarks/shoc/src/cuda/level2/s3d/ratx.h	_Z12ratx4_kernelIdEvPKT_PS0_S3_	679
3250	tests/benchmarks/shoc/src/cuda/level2/s3d/ratx.h	_Z12ratx4_kernelIdEvPKT_PS0_S3_	680
3251	tests/benchmarks/shoc/src/cuda/level2/s3d/ratx.h	_Z12ratx4_kernelIdEvPKT_PS0_S3_	681
3252	tests/benchmarks/shoc/src/cuda/level2/s3d/ratx.h	_Z12ratx4_kernelIdEvPKT_PS0_S3_	682
3253	tests/benchmarks/shoc/src/cuda/level2/s3d/ratx.h	_Z12ratx4_kernelIdEvPKT_PS0_S3_	683
3254	tests/benchmarks/shoc/src/cuda/level2/s3d/ratx.h	_Z12ratx4_kernelIdEvPKT_PS0_S3_	684
3255	tests/benchmarks/shoc/src/cuda/level2/s3d/ratx.h	_Z12ratx4_kernelIdEvPKT_PS0_S3_	685
3256	tests/benchmarks/shoc/src/cuda/level2/s3d/ratx.h	_Z12ratx4_kernelIdEvPKT_PS0_S3_	686
3257	tests/benchmarks/shoc/src/cuda/level2/s3d/ratx.h	_Z12ratx4_kernelIdEvPKT_PS0_S3_	687
3258	tests/benchmarks/shoc/src/cuda/level2/s3d/ratx.h	_Z12ratx4_kernelIdEvPKT_PS0_S3_	688
3259	tests/benchmarks/shoc/src/cuda/level2/s3d/ratx.h	_Z12ratx4_kernelIdEvPKT_PS0_S3_	689
3260	tests/benchmarks/shoc/src/cuda/level2/s3d/ratx.h	_Z12ratx4_kernelIdEvPKT_PS0_S3_	690
3261	tests/benchmarks/shoc/src/cuda/level2/s3d/ratx.h	_Z12ratx4_kernelIdEvPKT_PS0_S3_	691
3262	tests/benchmarks/shoc/src/cuda/level2/s3d/ratx.h	_Z12ratx4_kernelIdEvPKT_PS0_S3_	692
3263	tests/benchmarks/shoc/src/cuda/level2/s3d/ratx.h	_Z12ratx4_kernelIdEvPKT_PS0_S3_	693
3264	tests/benchmarks/shoc/src/cuda/level2/s3d/ratx.h	_Z12ratx4_kernelIdEvPKT_PS0_S3_	694
3265	tests/benchmarks/shoc/src/cuda/level2/s3d/ratx.h	_Z12ratx4_kernelIdEvPKT_PS0_S3_	695
3266	tests/benchmarks/shoc/src/cuda/level2/s3d/ratx.h	_Z12ratx4_kernelIdEvPKT_PS0_S3_	696
3267	tests/benchmarks/shoc/src/cuda/level2/s3d/ratx.h	_Z12ratx4_kernelIdEvPKT_PS0_S3_	697
3268	tests/benchmarks/shoc/src/cuda/level2/s3d/ratx.h	_Z12ratx4_kernelIdEvPKT_PS0_S3_	698
3269	tests/benchmarks/shoc/src/cuda/level2/s3d/ratx.h	_Z12ratx4_kernelIdEvPKT_PS0_S3_	699
3270	tests/benchmarks/shoc/src/cuda/level2/s3d/ratx.h	_Z12ratx4_kernelIdEvPKT_PS0_S3_	700
3271	tests/benchmarks/shoc/src/cuda/level2/s3d/ratx.h	_Z12ratx4_kernelIdEvPKT_PS0_S3_	701
3272	tests/benchmarks/shoc/src/cuda/level2/s3d/ratx.h	_Z12ratx4_kernelIdEvPKT_PS0_S3_	702
3273	tests/benchmarks/shoc/src/cuda/level2/s3d/ratx.h	_Z12ratx4_kernelIdEvPKT_PS0_S3_	703
3274	tests/benchmarks/shoc/src/cuda/level2/s3d/ratx.h	_Z12ratx4_kernelIdEvPKT_PS0_S3_	704
3275	tests/benchmarks/shoc/src/cuda/level2/s3d/ratx.h	_Z12ratx4_kernelIdEvPKT_PS0_S3_	705
3276	tests/benchmarks/shoc/src/cuda/level2/s3d/ratx.h	_Z12ratx4_kernelIdEvPKT_PS0_S3_	706
3277	tests/benchmarks/shoc/src/cuda/level2/s3d/ratx.h	_Z12ratx4_kernelIdEvPKT_PS0_S3_	707
3278	tests/benchmarks/shoc/src/cuda/level2/s3d/ratx.h	_Z12ratx4_kernelIdEvPKT_PS0_S3_	708
3279	tests/benchmarks/shoc/src/cuda/level2/s3d/ratx.h	_Z12ratx4_kernelIdEvPKT_PS0_S3_	709
3280	tests/benchmarks/shoc/src/cuda/level2/s3d/ratx.h	_Z12ratx4_kernelIdEvPKT_PS0_S3_	710
3281	tests/benchmarks/shoc/src/cuda/level2/s3d/ratx.h	_Z12ratx4_kernelIdEvPKT_PS0_S3_	711
3282	tests/benchmarks/shoc/src/cuda/level2/s3d/ratx.h	_Z12ratx4_kernelIdEvPKT_PS0_S3_	712
3283	tests/benchmarks/shoc/src/cuda/level2/s3d/ratx.h	_Z12ratx4_kernelIdEvPKT_PS0_S3_	713
3284	tests/benchmarks/shoc/src/cuda/level2/s3d/ratx.h	_Z12ratx4_kernelIdEvPKT_PS0_S3_	714
3285	tests/benchmarks/shoc/src/cuda/level2/s3d/ratx.h	_Z12ratx4_kernelIdEvPKT_PS0_S3_	715
3286	tests/benchmarks/shoc/src/cuda/level2/s3d/ratx.h	_Z12ratx4_kernelIdEvPKT_PS0_S3_	716
3287	tests/benchmarks/shoc/src/cuda/level2/s3d/ratx.h	_Z12ratx4_kernelIdEvPKT_PS0_S3_	717
3288	tests/benchmarks/shoc/src/cuda/level2/s3d/ratx.h	_Z12ratx4_kernelIdEvPKT_PS0_S3_	718
3289	tests/benchmarks/shoc/src/cuda/level2/s3d/ratx.h	_Z12ratx4_kernelIdEvPKT_PS0_S3_	719
3290	tests/benchmarks/shoc/src/cuda/level2/s3d/ratx.h	_Z12ratx4_kernelIdEvPKT_PS0_S3_	720
3291	tests/benchmarks/shoc/src/cuda/level2/s3d/ratx.h	_Z12ratx4_kernelIdEvPKT_PS0_S3_	721
3292	tests/benchmarks/shoc/src/cuda/level2/s3d/ratx.h	_Z12ratx4_kernelIdEvPKT_PS0_S3_	722
3293	tests/benchmarks/shoc/src/cuda/level2/s3d/ratx.h	_Z12ratx4_kernelIdEvPKT_PS0_S3_	723
3294	tests/benchmarks/shoc/src/cuda/level2/s3d/ratx.h	_Z12ratx4_kernelIdEvPKT_PS0_S3_	724
3295	tests/benchmarks/shoc/src/cuda/level2/s3d/ratx.h	_Z12ratx4_kernelIdEvPKT_PS0_S3_	725
3296	tests/benchmarks/shoc/src/cuda/level2/s3d/ratx.h	_Z12ratx4_kernelIdEvPKT_PS0_S3_	726
3297	tests/benchmarks/shoc/src/cuda/level2/s3d/ratx.h	_Z12ratx4_kernelIdEvPKT_PS0_S3_	727
3298	tests/benchmarks/shoc/src/cuda/level2/s3d/ratx.h	_Z12ratx4_kernelIdEvPKT_PS0_S3_	728
3299	tests/benchmarks/shoc/src/cuda/level2/s3d/ratx.h	_Z12ratx4_kernelIdEvPKT_PS0_S3_	729
3300	tests/benchmarks/shoc/src/cuda/level2/s3d/ratx.h	_Z12ratx4_kernelIdEvPKT_PS0_S3_	730
3301	tests/benchmarks/shoc/src/cuda/level2/s3d/ratx.h	_Z12ratx4_kernelIdEvPKT_PS0_S3_	731
3302	tests/benchmarks/shoc/src/cuda/level2/s3d/ratx.h	_Z12ratx4_kernelIdEvPKT_PS0_S3_	732
3303	tests/benchmarks/shoc/src/cuda/level2/s3d/ratx.h	_Z12ratx4_kernelIdEvPKT_PS0_S3_	733
3304	tests/benchmarks/shoc/src/cuda/level2/s3d/ratx.h	_Z12ratx4_kernelIdEvPKT_PS0_S3_	734
3305	tests/benchmarks/shoc/src/cuda/level2/s3d/ratx.h	_Z12ratx4_kernelIdEvPKT_PS0_S3_	735
3306	tests/benchmarks/shoc/src/cuda/level2/s3d/ratx.h	_Z12ratx4_kernelIdEvPKT_PS0_S3_	736
3307	tests/benchmarks/shoc/src/cuda/level2/s3d/ratx.h	_Z12ratx4_kernelIdEvPKT_PS0_S3_	737
3308	tests/benchmarks/shoc/src/cuda/level2/s3d/ratx.h	_Z12ratx4_kernelIdEvPKT_PS0_S3_	738
3309	tests/benchmarks/shoc/src/cuda/level2/s3d/ratx.h	_Z12ratx4_kernelIdEvPKT_PS0_S3_	739
3310	tests/benchmarks/shoc/src/cuda/level2/s3d/ratx.h	_Z12ratx4_kernelIdEvPKT_PS0_S3_	740
3311	tests/benchmarks/shoc/src/cuda/level2/s3d/ratx.h	_Z12ratx4_kernelIdEvPKT_PS0_S3_	741
3312	tests/benchmarks/shoc/src/cuda/level2/s3d/ratx.h	_Z12ratx4_kernelIdEvPKT_PS0_S3_	742
3313	tests/benchmarks/shoc/src/cuda/level2/s3d/ratx.h	_Z12ratx4_kernelIdEvPKT_PS0_S3_	743
3314	tests/benchmarks/shoc/src/cuda/level2/s3d/ratx.h	_Z12ratx4_kernelIdEvPKT_PS0_S3_	744
3315	tests/benchmarks/shoc/src/cuda/level2/s3d/ratx.h	_Z12ratx4_kernelIdEvPKT_PS0_S3_	745
3316	tests/benchmarks/shoc/src/cuda/level2/s3d/ratx.h	_Z12ratx4_kernelIdEvPKT_PS0_S3_	746
3317	tests/benchmarks/shoc/src/cuda/level2/s3d/ratx.h	_Z12ratx4_kernelIdEvPKT_PS0_S3_	747
3318	tests/benchmarks/shoc/src/cuda/level2/s3d/ratx.h	_Z12ratx4_kernelIdEvPKT_PS0_S3_	748
3319	tests/benchmarks/shoc/src/cuda/level2/s3d/ratx.h	_Z12ratx4_kernelIdEvPKT_PS0_S3_	749
3320	tests/benchmarks/shoc/src/cuda/level2/s3d/ratx.h	_Z12ratx4_kernelIdEvPKT_PS0_S3_	750
3321	tests/benchmarks/shoc/src/cuda/level2/s3d/ratx.h	_Z12ratx4_kernelIdEvPKT_PS0_S3_	751
3322	tests/benchmarks/shoc/src/cuda/level2/s3d/ratx.h	_Z12ratx4_kernelIdEvPKT_PS0_S3_	752
3323	tests/benchmarks/shoc/src/cuda/level2/s3d/ratx.h	_Z12ratx4_kernelIdEvPKT_PS0_S3_	753
3324	tests/benchmarks/shoc/src/cuda/level2/s3d/ratx.h	_Z12ratx4_kernelIdEvPKT_PS0_S3_	754
3325	tests/benchmarks/shoc/src/cuda/level2/s3d/ratx.h	_Z12ratx4_kernelIdEvPKT_PS0_S3_	755
3326	tests/benchmarks/shoc/src/cuda/level2/s3d/ratx.h	_Z12ratx4_kernelIdEvPKT_PS0_S3_	756
3327	tests/benchmarks/shoc/src/cuda/level2/s3d/ratx.h	_Z12ratx4_kernelIdEvPKT_PS0_S3_	757
3328	tests/benchmarks/shoc/src/cuda/level2/s3d/ratx.h	_Z12ratx4_kernelIdEvPKT_PS0_S3_	758
3329	tests/benchmarks/shoc/src/cuda/level2/s3d/ratx.h	_Z12ratx4_kernelIdEvPKT_PS0_S3_	759
3330	tests/benchmarks/shoc/src/cuda/level2/s3d/ratx.h	_Z12ratx4_kernelIdEvPKT_PS0_S3_	760
3331	tests/benchmarks/shoc/src/cuda/level2/s3d/ratx.h	_Z12ratx4_kernelIdEvPKT_PS0_S3_	761
3332	tests/benchmarks/shoc/src/cuda/level2/s3d/ratx.h	_Z12ratx4_kernelIdEvPKT_PS0_S3_	762
3333	tests/benchmarks/shoc/src/cuda/level2/s3d/ratx.h	_Z12ratx4_kernelIdEvPKT_PS0_S3_	763
3334	tests/benchmarks/shoc/src/cuda/level2/s3d/ratx.h	_Z12ratx4_kernelIdEvPKT_PS0_S3_	764
3335	tests/benchmarks/shoc/src/cuda/level2/s3d/ratx.h	_Z12ratx4_kernelIdEvPKT_PS0_S3_	765
3336	tests/benchmarks/shoc/src/cuda/level2/s3d/ratx.h	_Z12ratx4_kernelIdEvPKT_PS0_S3_	766
3337	tests/benchmarks/shoc/src/cuda/level2/s3d/ratx.h	_Z12ratx4_kernelIdEvPKT_PS0_S3_	767
3338	tests/benchmarks/shoc/src/cuda/level2/s3d/ratx.h	_Z12ratx4_kernelIdEvPKT_PS0_S3_	768
3339	tests/benchmarks/shoc/src/cuda/level2/s3d/ratx.h	_Z12ratx4_kernelIdEvPKT_PS0_S3_	769
3340	tests/benchmarks/shoc/src/cuda/level2/s3d/ratx.h	_Z12ratx4_kernelIdEvPKT_PS0_S3_	770
3341	tests/benchmarks/shoc/src/cuda/level2/s3d/ratx.h	_Z12ratx4_kernelIdEvPKT_PS0_S3_	771
3342	tests/benchmarks/shoc/src/cuda/level2/s3d/ratx.h	_Z12ratx4_kernelIdEvPKT_PS0_S3_	772
3343	tests/benchmarks/shoc/src/cuda/level2/s3d/ratx.h	_Z12ratx4_kernelIdEvPKT_PS0_S3_	773
3344	tests/benchmarks/shoc/src/cuda/level2/s3d/ratx.h	_Z12ratx4_kernelIdEvPKT_PS0_S3_	774
3345	tests/benchmarks/shoc/src/cuda/level2/s3d/ratx.h	_Z12ratx4_kernelIdEvPKT_PS0_S3_	775
3346	tests/benchmarks/shoc/src/cuda/level2/s3d/ratx.h	_Z12ratx4_kernelIdEvPKT_PS0_S3_	776
3347	tests/benchmarks/shoc/src/cuda/level2/s3d/ratx.h	_Z12ratx4_kernelIdEvPKT_PS0_S3_	777
3348	tests/benchmarks/shoc/src/cuda/level2/s3d/ratx.h	_Z12ratx4_kernelIdEvPKT_PS0_S3_	778
3349	tests/benchmarks/shoc/src/cuda/level2/s3d/ratx.h	_Z12ratx4_kernelIdEvPKT_PS0_S3_	779
3350	tests/benchmarks/shoc/src/cuda/level2/s3d/ratx.h	_Z12ratx4_kernelIdEvPKT_PS0_S3_	780
3351	tests/benchmarks/shoc/src/cuda/level2/s3d/ratx.h	_Z12ratx4_kernelIdEvPKT_PS0_S3_	781
3352	tests/benchmarks/shoc/src/cuda/level2/s3d/ratx.h	_Z12ratx4_kernelIdEvPKT_PS0_S3_	782
3353	tests/benchmarks/shoc/src/cuda/level2/s3d/ratx.h	_Z12ratx4_kernelIdEvPKT_PS0_S3_	783
3354	tests/benchmarks/shoc/src/cuda/level2/s3d/ratx.h	_Z12ratx4_kernelIdEvPKT_PS0_S3_	784
3355	tests/benchmarks/shoc/src/cuda/level2/s3d/ratx.h	_Z12ratx4_kernelIdEvPKT_PS0_S3_	785
3356	tests/benchmarks/shoc/src/cuda/level2/s3d/ratx.h	_Z12ratx4_kernelIdEvPKT_PS0_S3_	786
3357	tests/benchmarks/shoc/src/cuda/level2/s3d/ratx.h	_Z12ratx4_kernelIdEvPKT_PS0_S3_	787
3358	tests/benchmarks/shoc/src/cuda/level2/s3d/ratx.h	_Z12ratx4_kernelIdEvPKT_PS0_S3_	788
3359	tests/benchmarks/shoc/src/cuda/level2/s3d/ratx.h	_Z12ratx4_kernelIdEvPKT_PS0_S3_	789
3360	tests/benchmarks/shoc/src/cuda/level2/s3d/ratx.h	_Z12ratx4_kernelIdEvPKT_PS0_S3_	790
3361	tests/benchmarks/shoc/src/cuda/level2/s3d/ratx.h	_Z12ratx4_kernelIdEvPKT_PS0_S3_	791
3362	tests/benchmarks/shoc/src/cuda/level2/s3d/ratx.h	_Z12ratx4_kernelIdEvPKT_PS0_S3_	792
3363	tests/benchmarks/shoc/src/cuda/level2/s3d/qssa.h	_Z11qssa_kernelIdEvPT_S1_S1_	21
3364	tests/benchmarks/shoc/src/cuda/level2/s3d/qssa.h	_Z11qssa_kernelIdEvPT_S1_S1_	22
3365	tests/benchmarks/shoc/src/cuda/level2/s3d/qssa.h	_Z11qssa_kernelIdEvPT_S1_S1_	23
3366	tests/benchmarks/shoc/src/cuda/level2/s3d/qssa.h	_Z11qssa_kernelIdEvPT_S1_S1_	24
3367	tests/benchmarks/shoc/src/cuda/level2/s3d/qssa.h	_Z11qssa_kernelIdEvPT_S1_S1_	25
3368	tests/benchmarks/shoc/src/cuda/level2/s3d/S3D.h	_Z11qssa_kernelIdEvPT_S1_S1_	22
3369	tests/benchmarks/shoc/src/cuda/level2/s3d/qssa.h	_Z11qssa_kernelIdEvPT_S1_S1_	26
3370	tests/benchmarks/shoc/src/cuda/level2/s3d/qssa.h	_Z11qssa_kernelIdEvPT_S1_S1_	28
3371	tests/benchmarks/shoc/src/cuda/level2/s3d/qssa.h	_Z11qssa_kernelIdEvPT_S1_S1_	31
3372	tests/benchmarks/shoc/src/cuda/level2/s3d/qssa.h	_Z11qssa_kernelIdEvPT_S1_S1_	32
3373	tests/benchmarks/shoc/src/cuda/level2/s3d/qssa.h	_Z11qssa_kernelIdEvPT_S1_S1_	33
3374	tests/benchmarks/shoc/src/cuda/level2/s3d/qssa.h	_Z11qssa_kernelIdEvPT_S1_S1_	34
3375	tests/benchmarks/shoc/src/cuda/level2/s3d/qssa.h	_Z11qssa_kernelIdEvPT_S1_S1_	35
3376	tests/benchmarks/shoc/src/cuda/level2/s3d/qssa.h	_Z11qssa_kernelIdEvPT_S1_S1_	36
3377	tests/benchmarks/shoc/src/cuda/level2/s3d/qssa.h	_Z11qssa_kernelIdEvPT_S1_S1_	37
3378	tests/benchmarks/shoc/src/cuda/level2/s3d/qssa.h	_Z11qssa_kernelIdEvPT_S1_S1_	38
3379	tests/benchmarks/shoc/src/cuda/level2/s3d/qssa.h	_Z11qssa_kernelIdEvPT_S1_S1_	39
3380	tests/benchmarks/shoc/src/cuda/level2/s3d/qssa.h	_Z11qssa_kernelIdEvPT_S1_S1_	40
3381	tests/benchmarks/shoc/src/cuda/level2/s3d/qssa.h	_Z11qssa_kernelIdEvPT_S1_S1_	41
3382	tests/benchmarks/shoc/src/cuda/level2/s3d/qssa.h	_Z11qssa_kernelIdEvPT_S1_S1_	42
3383	tests/benchmarks/shoc/src/cuda/level2/s3d/qssa.h	_Z11qssa_kernelIdEvPT_S1_S1_	45
3384	tests/benchmarks/shoc/src/cuda/level2/s3d/qssa.h	_Z11qssa_kernelIdEvPT_S1_S1_	46
3385	tests/benchmarks/shoc/src/cuda/level2/s3d/qssa.h	_Z11qssa_kernelIdEvPT_S1_S1_	47
3386	tests/benchmarks/shoc/src/cuda/level2/s3d/qssa.h	_Z11qssa_kernelIdEvPT_S1_S1_	48
3387	tests/benchmarks/shoc/src/cuda/level2/s3d/qssa.h	_Z11qssa_kernelIdEvPT_S1_S1_	49
3388	tests/benchmarks/shoc/src/cuda/level2/s3d/qssa.h	_Z11qssa_kernelIdEvPT_S1_S1_	50
3389	tests/benchmarks/shoc/src/cuda/level2/s3d/qssa.h	_Z11qssa_kernelIdEvPT_S1_S1_	52
3390	tests/benchmarks/shoc/src/cuda/level2/s3d/qssa.h	_Z11qssa_kernelIdEvPT_S1_S1_	58
3391	tests/benchmarks/shoc/src/cuda/level2/s3d/qssa.h	_Z11qssa_kernelIdEvPT_S1_S1_	59
3392	tests/benchmarks/shoc/src/cuda/level2/s3d/qssa.h	_Z11qssa_kernelIdEvPT_S1_S1_	60
3393	tests/benchmarks/shoc/src/cuda/level2/s3d/qssa.h	_Z11qssa_kernelIdEvPT_S1_S1_	61
3394	tests/benchmarks/shoc/src/cuda/level2/s3d/qssa.h	_Z11qssa_kernelIdEvPT_S1_S1_	62
3395	tests/benchmarks/shoc/src/cuda/level2/s3d/qssa.h	_Z11qssa_kernelIdEvPT_S1_S1_	63
3396	tests/benchmarks/shoc/src/cuda/level2/s3d/qssa.h	_Z11qssa_kernelIdEvPT_S1_S1_	64
3397	tests/benchmarks/shoc/src/cuda/level2/s3d/qssa.h	_Z11qssa_kernelIdEvPT_S1_S1_	65
3398	tests/benchmarks/shoc/src/cuda/level2/s3d/qssa.h	_Z11qssa_kernelIdEvPT_S1_S1_	66
3399	tests/benchmarks/shoc/src/cuda/level2/s3d/qssa.h	_Z11qssa_kernelIdEvPT_S1_S1_	67
3400	tests/benchmarks/shoc/src/cuda/level2/s3d/qssa.h	_Z11qssa_kernelIdEvPT_S1_S1_	68
3401	tests/benchmarks/shoc/src/cuda/level2/s3d/qssa.h	_Z11qssa_kernelIdEvPT_S1_S1_	70
3402	tests/benchmarks/shoc/src/cuda/level2/s3d/qssa.h	_Z11qssa_kernelIdEvPT_S1_S1_	74
3403	tests/benchmarks/shoc/src/cuda/level2/s3d/qssa.h	_Z11qssa_kernelIdEvPT_S1_S1_	75
3404	tests/benchmarks/shoc/src/cuda/level2/s3d/qssa.h	_Z11qssa_kernelIdEvPT_S1_S1_	76
3405	tests/benchmarks/shoc/src/cuda/level2/s3d/qssa.h	_Z11qssa_kernelIdEvPT_S1_S1_	77
3406	tests/benchmarks/shoc/src/cuda/level2/s3d/qssa.h	_Z11qssa_kernelIdEvPT_S1_S1_	80
3407	tests/benchmarks/shoc/src/cuda/level2/s3d/qssa.h	_Z11qssa_kernelIdEvPT_S1_S1_	81
3408	tests/benchmarks/shoc/src/cuda/level2/s3d/qssa.h	_Z11qssa_kernelIdEvPT_S1_S1_	82
3409	tests/benchmarks/shoc/src/cuda/level2/s3d/qssa.h	_Z11qssa_kernelIdEvPT_S1_S1_	83
3410	tests/benchmarks/shoc/src/cuda/level2/s3d/qssa.h	_Z11qssa_kernelIdEvPT_S1_S1_	87
3411	tests/benchmarks/shoc/src/cuda/level2/s3d/qssa.h	_Z11qssa_kernelIdEvPT_S1_S1_	88
3412	tests/benchmarks/shoc/src/cuda/level2/s3d/qssa.h	_Z11qssa_kernelIdEvPT_S1_S1_	89
3413	tests/benchmarks/shoc/src/cuda/level2/s3d/qssa.h	_Z11qssa_kernelIdEvPT_S1_S1_	90
3414	tests/benchmarks/shoc/src/cuda/level2/s3d/qssa.h	_Z11qssa_kernelIdEvPT_S1_S1_	91
3415	tests/benchmarks/shoc/src/cuda/level2/s3d/qssa.h	_Z11qssa_kernelIdEvPT_S1_S1_	92
3416	tests/benchmarks/shoc/src/cuda/level2/s3d/qssa.h	_Z11qssa_kernelIdEvPT_S1_S1_	93
3417	tests/benchmarks/shoc/src/cuda/level2/s3d/qssa.h	_Z11qssa_kernelIdEvPT_S1_S1_	94
3418	tests/benchmarks/shoc/src/cuda/level2/s3d/qssa.h	_Z11qssa_kernelIdEvPT_S1_S1_	95
3419	tests/benchmarks/shoc/src/cuda/level2/s3d/qssa.h	_Z11qssa_kernelIdEvPT_S1_S1_	98
3420	tests/benchmarks/shoc/src/cuda/level2/s3d/qssa.h	_Z11qssa_kernelIdEvPT_S1_S1_	100
3421	tests/benchmarks/shoc/src/cuda/level2/s3d/qssa.h	_Z11qssa_kernelIdEvPT_S1_S1_	102
3422	tests/benchmarks/shoc/src/cuda/level2/s3d/qssa.h	_Z11qssa_kernelIdEvPT_S1_S1_	103
3423	tests/benchmarks/shoc/src/cuda/level2/s3d/qssa.h	_Z11qssa_kernelIdEvPT_S1_S1_	104
3424	tests/benchmarks/shoc/src/cuda/level2/s3d/qssa.h	_Z11qssa_kernelIdEvPT_S1_S1_	105
3425	tests/benchmarks/shoc/src/cuda/level2/s3d/qssa.h	_Z11qssa_kernelIdEvPT_S1_S1_	106
3426	tests/benchmarks/shoc/src/cuda/level2/s3d/qssa.h	_Z11qssa_kernelIdEvPT_S1_S1_	107
3427	tests/benchmarks/shoc/src/cuda/level2/s3d/qssa.h	_Z11qssa_kernelIdEvPT_S1_S1_	108
3428	tests/benchmarks/shoc/src/cuda/level2/s3d/qssa.h	_Z11qssa_kernelIdEvPT_S1_S1_	109
3429	tests/benchmarks/shoc/src/cuda/level2/s3d/qssa.h	_Z11qssa_kernelIdEvPT_S1_S1_	112
3430	tests/benchmarks/shoc/src/cuda/level2/s3d/qssa.h	_Z11qssa_kernelIdEvPT_S1_S1_	114
3431	tests/benchmarks/shoc/src/cuda/level2/s3d/qssa.h	_Z11qssa_kernelIdEvPT_S1_S1_	115
3432	tests/benchmarks/shoc/src/cuda/level2/s3d/qssa.h	_Z11qssa_kernelIdEvPT_S1_S1_	116
3433	tests/benchmarks/shoc/src/cuda/level2/s3d/qssa.h	_Z11qssa_kernelIdEvPT_S1_S1_	117
3434	tests/benchmarks/shoc/src/cuda/level2/s3d/qssa.h	_Z11qssa_kernelIdEvPT_S1_S1_	119
3435	tests/benchmarks/shoc/src/cuda/level2/s3d/qssa.h	_Z11qssa_kernelIdEvPT_S1_S1_	121
3436	tests/benchmarks/shoc/src/cuda/level2/s3d/qssa.h	_Z11qssa_kernelIdEvPT_S1_S1_	122
3437	tests/benchmarks/shoc/src/cuda/level2/s3d/qssa.h	_Z11qssa_kernelIdEvPT_S1_S1_	123
3438	tests/benchmarks/shoc/src/cuda/level2/s3d/qssa.h	_Z11qssa_kernelIdEvPT_S1_S1_	124
3439	tests/benchmarks/shoc/src/cuda/level2/s3d/qssa.h	_Z11qssa_kernelIdEvPT_S1_S1_	125
3440	tests/benchmarks/shoc/src/cuda/level2/s3d/qssa.h	_Z12qssab_kernelIdEvPT_S1_S1_	136
3441	tests/benchmarks/shoc/src/cuda/level2/s3d/qssa.h	_Z12qssab_kernelIdEvPT_S1_S1_	137
3442	tests/benchmarks/shoc/src/cuda/level2/s3d/S3D.h	_Z12qssab_kernelIdEvPT_S1_S1_	22
3443	tests/benchmarks/shoc/src/cuda/level2/s3d/qssa.h	_Z12qssab_kernelIdEvPT_S1_S1_	141
3444	tests/benchmarks/shoc/src/cuda/level2/s3d/qssa.h	_Z12qssab_kernelIdEvPT_S1_S1_	142
3445	tests/benchmarks/shoc/src/cuda/level2/s3d/qssa.h	_Z12qssab_kernelIdEvPT_S1_S1_	149
3446	tests/benchmarks/shoc/src/cuda/level2/s3d/qssa.h	_Z12qssab_kernelIdEvPT_S1_S1_	150
3447	tests/benchmarks/shoc/src/cuda/level2/s3d/qssa.h	_Z12qssab_kernelIdEvPT_S1_S1_	151
3448	tests/benchmarks/shoc/src/cuda/level2/s3d/qssa.h	_Z12qssab_kernelIdEvPT_S1_S1_	158
3449	tests/benchmarks/shoc/src/cuda/level2/s3d/qssa.h	_Z12qssab_kernelIdEvPT_S1_S1_	159
3450	tests/benchmarks/shoc/src/cuda/level2/s3d/qssa.h	_Z12qssab_kernelIdEvPT_S1_S1_	160
3451	tests/benchmarks/shoc/src/cuda/level2/s3d/qssa.h	_Z12qssab_kernelIdEvPT_S1_S1_	166
3452	tests/benchmarks/shoc/src/cuda/level2/s3d/qssa.h	_Z12qssab_kernelIdEvPT_S1_S1_	167
3453	tests/benchmarks/shoc/src/cuda/level2/s3d/qssa.h	_Z12qssab_kernelIdEvPT_S1_S1_	168
3454	tests/benchmarks/shoc/src/cuda/level2/s3d/qssa.h	_Z12qssab_kernelIdEvPT_S1_S1_	169
3455	tests/benchmarks/shoc/src/cuda/level2/s3d/qssa.h	_Z12qssab_kernelIdEvPT_S1_S1_	176
3456	tests/benchmarks/shoc/src/cuda/level2/s3d/qssa.h	_Z12qssab_kernelIdEvPT_S1_S1_	177
3457	tests/benchmarks/shoc/src/cuda/level2/s3d/qssa.h	_Z12qssab_kernelIdEvPT_S1_S1_	178
3458	tests/benchmarks/shoc/src/cuda/level2/s3d/qssa.h	_Z12qssab_kernelIdEvPT_S1_S1_	179
3459	tests/benchmarks/shoc/src/cuda/level2/s3d/qssa.h	_Z12qssab_kernelIdEvPT_S1_S1_	185
3460	tests/benchmarks/shoc/src/cuda/level2/s3d/qssa.h	_Z12qssab_kernelIdEvPT_S1_S1_	186
3461	tests/benchmarks/shoc/src/cuda/level2/s3d/qssa.h	_Z12qssab_kernelIdEvPT_S1_S1_	187
3462	tests/benchmarks/shoc/src/cuda/level2/s3d/qssa.h	_Z12qssab_kernelIdEvPT_S1_S1_	188
3463	tests/benchmarks/shoc/src/cuda/level2/s3d/qssa.h	_Z12qssab_kernelIdEvPT_S1_S1_	194
3464	tests/benchmarks/shoc/src/cuda/level2/s3d/qssa.h	_Z12qssab_kernelIdEvPT_S1_S1_	195
3465	tests/benchmarks/shoc/src/cuda/level2/s3d/qssa.h	_Z12qssab_kernelIdEvPT_S1_S1_	196
3466	tests/benchmarks/shoc/src/cuda/level2/s3d/qssa.h	_Z12qssab_kernelIdEvPT_S1_S1_	202
3467	tests/benchmarks/shoc/src/cuda/level2/s3d/qssa.h	_Z12qssab_kernelIdEvPT_S1_S1_	203
3468	tests/benchmarks/shoc/src/cuda/level2/s3d/qssa.h	_Z12qssab_kernelIdEvPT_S1_S1_	204
3469	tests/benchmarks/shoc/src/cuda/level2/s3d/qssa.h	_Z12qssab_kernelIdEvPT_S1_S1_	210
3470	tests/benchmarks/shoc/src/cuda/level2/s3d/qssa.h	_Z12qssab_kernelIdEvPT_S1_S1_	211
3471	tests/benchmarks/shoc/src/cuda/level2/s3d/qssa.h	_Z12qssab_kernelIdEvPT_S1_S1_	212
3472	tests/benchmarks/shoc/src/cuda/level2/s3d/qssa.h	_Z12qssab_kernelIdEvPT_S1_S1_	213
3473	tests/benchmarks/shoc/src/cuda/level2/s3d/qssa.h	_Z12qssab_kernelIdEvPT_S1_S1_	214
3474	tests/benchmarks/shoc/src/cuda/level2/s3d/qssa.h	_Z12qssab_kernelIdEvPT_S1_S1_	219
3475	tests/benchmarks/shoc/src/cuda/level2/s3d/qssa.h	_Z12qssab_kernelIdEvPT_S1_S1_	220
3476	tests/benchmarks/shoc/src/cuda/level2/s3d/qssa.h	_Z12qssab_kernelIdEvPT_S1_S1_	221
3477	tests/benchmarks/shoc/src/cuda/level2/s3d/qssa.h	_Z12qssab_kernelIdEvPT_S1_S1_	222
3478	tests/benchmarks/shoc/src/cuda/level2/s3d/qssa.h	_Z12qssab_kernelIdEvPT_S1_S1_	223
3479	tests/benchmarks/shoc/src/cuda/level2/s3d/qssa.h	_Z12qssab_kernelIdEvPT_S1_S1_	228
3480	tests/benchmarks/shoc/src/cuda/level2/s3d/qssa.h	_Z12qssab_kernelIdEvPT_S1_S1_	229
3481	tests/benchmarks/shoc/src/cuda/level2/s3d/qssa.h	_Z12qssab_kernelIdEvPT_S1_S1_	230
3482	tests/benchmarks/shoc/src/cuda/level2/s3d/qssa.h	_Z12qssab_kernelIdEvPT_S1_S1_	231
3483	tests/benchmarks/shoc/src/cuda/level2/s3d/qssa.h	_Z12qssab_kernelIdEvPT_S1_S1_	232
3484	tests/benchmarks/shoc/src/cuda/level2/s3d/qssa.h	_Z12qssab_kernelIdEvPT_S1_S1_	237
3485	tests/benchmarks/shoc/src/cuda/level2/s3d/qssa.h	_Z12qssab_kernelIdEvPT_S1_S1_	238
3486	tests/benchmarks/shoc/src/cuda/level2/s3d/qssa.h	_Z12qssab_kernelIdEvPT_S1_S1_	239
3487	tests/benchmarks/shoc/src/cuda/level2/s3d/qssa.h	_Z12qssab_kernelIdEvPT_S1_S1_	240
3488	tests/benchmarks/shoc/src/cuda/level2/s3d/qssa.h	_Z12qssab_kernelIdEvPT_S1_S1_	241
3489	tests/benchmarks/shoc/src/cuda/level2/s3d/qssa.h	_Z12qssab_kernelIdEvPT_S1_S1_	246
3490	tests/benchmarks/shoc/src/cuda/level2/s3d/qssa.h	_Z12qssab_kernelIdEvPT_S1_S1_	247
3491	tests/benchmarks/shoc/src/cuda/level2/s3d/qssa.h	_Z12qssab_kernelIdEvPT_S1_S1_	248
3492	tests/benchmarks/shoc/src/cuda/level2/s3d/qssa.h	_Z12qssab_kernelIdEvPT_S1_S1_	249
3493	tests/benchmarks/shoc/src/cuda/level2/s3d/qssa.h	_Z12qssab_kernelIdEvPT_S1_S1_	253
3494	tests/benchmarks/shoc/src/cuda/level2/s3d/qssa.h	_Z12qssab_kernelIdEvPT_S1_S1_	254
3495	tests/benchmarks/shoc/src/cuda/level2/s3d/qssa.h	_Z12qssab_kernelIdEvPT_S1_S1_	255
3496	tests/benchmarks/shoc/src/cuda/level2/s3d/qssa.h	_Z12qssab_kernelIdEvPT_S1_S1_	256
3497	tests/benchmarks/shoc/src/cuda/level2/s3d/qssa.h	_Z12qssab_kernelIdEvPT_S1_S1_	260
3498	tests/benchmarks/shoc/src/cuda/level2/s3d/qssa.h	_Z12qssab_kernelIdEvPT_S1_S1_	261
3499	tests/benchmarks/shoc/src/cuda/level2/s3d/qssa.h	_Z12qssab_kernelIdEvPT_S1_S1_	262
3500	tests/benchmarks/shoc/src/cuda/level2/s3d/qssa.h	_Z12qssab_kernelIdEvPT_S1_S1_	263
3501	tests/benchmarks/shoc/src/cuda/level2/s3d/qssa.h	_Z12qssab_kernelIdEvPT_S1_S1_	267
3502	tests/benchmarks/shoc/src/cuda/level2/s3d/qssa.h	_Z12qssab_kernelIdEvPT_S1_S1_	268
3503	tests/benchmarks/shoc/src/cuda/level2/s3d/qssa.h	_Z12qssab_kernelIdEvPT_S1_S1_	269
3504	tests/benchmarks/shoc/src/cuda/level2/s3d/qssa.h	_Z12qssab_kernelIdEvPT_S1_S1_	272
3505	tests/benchmarks/shoc/src/cuda/level2/s3d/qssa.h	_Z12qssab_kernelIdEvPT_S1_S1_	273
3506	tests/benchmarks/shoc/src/cuda/level2/s3d/qssa.h	_Z12qssab_kernelIdEvPT_S1_S1_	274
3507	tests/benchmarks/shoc/src/cuda/level2/s3d/qssa.h	_Z12qssab_kernelIdEvPT_S1_S1_	277
3508	tests/benchmarks/shoc/src/cuda/level2/s3d/qssa.h	_Z12qssab_kernelIdEvPT_S1_S1_	278
3509	tests/benchmarks/shoc/src/cuda/level2/s3d/qssa2.h	_Z12qssa2_kernelIdEvPT_S1_PKS0_	13
3510	tests/benchmarks/shoc/src/cuda/level2/s3d/qssa2.h	_Z12qssa2_kernelIdEvPT_S1_PKS0_	14
3511	tests/benchmarks/shoc/src/cuda/level2/s3d/qssa2.h	_Z12qssa2_kernelIdEvPT_S1_PKS0_	15
3512	tests/benchmarks/shoc/src/cuda/level2/s3d/qssa2.h	_Z12qssa2_kernelIdEvPT_S1_PKS0_	16
3513	tests/benchmarks/shoc/src/cuda/level2/s3d/qssa2.h	_Z12qssa2_kernelIdEvPT_S1_PKS0_	17
3514	tests/benchmarks/shoc/src/cuda/level2/s3d/qssa2.h	_Z12qssa2_kernelIdEvPT_S1_PKS0_	18
3515	tests/benchmarks/shoc/src/cuda/level2/s3d/qssa2.h	_Z12qssa2_kernelIdEvPT_S1_PKS0_	19
3516	tests/benchmarks/shoc/src/cuda/level2/s3d/qssa2.h	_Z12qssa2_kernelIdEvPT_S1_PKS0_	20
3517	tests/benchmarks/shoc/src/cuda/level2/s3d/qssa2.h	_Z12qssa2_kernelIdEvPT_S1_PKS0_	21
3518	tests/benchmarks/shoc/src/cuda/level2/s3d/qssa2.h	_Z12qssa2_kernelIdEvPT_S1_PKS0_	23
3519	tests/benchmarks/shoc/src/cuda/level2/s3d/qssa2.h	_Z12qssa2_kernelIdEvPT_S1_PKS0_	24
3520	tests/benchmarks/shoc/src/cuda/level2/s3d/qssa2.h	_Z12qssa2_kernelIdEvPT_S1_PKS0_	25
3521	tests/benchmarks/shoc/src/cuda/level2/s3d/qssa2.h	_Z12qssa2_kernelIdEvPT_S1_PKS0_	26
3522	tests/benchmarks/shoc/src/cuda/level2/s3d/qssa2.h	_Z12qssa2_kernelIdEvPT_S1_PKS0_	27
3523	tests/benchmarks/shoc/src/cuda/level2/s3d/qssa2.h	_Z12qssa2_kernelIdEvPT_S1_PKS0_	28
3524	tests/benchmarks/shoc/src/cuda/level2/s3d/qssa2.h	_Z12qssa2_kernelIdEvPT_S1_PKS0_	29
3525	tests/benchmarks/shoc/src/cuda/level2/s3d/qssa2.h	_Z12qssa2_kernelIdEvPT_S1_PKS0_	30
3526	tests/benchmarks/shoc/src/cuda/level2/s3d/qssa2.h	_Z12qssa2_kernelIdEvPT_S1_PKS0_	31
3527	tests/benchmarks/shoc/src/cuda/level2/s3d/qssa2.h	_Z12qssa2_kernelIdEvPT_S1_PKS0_	32
3528	tests/benchmarks/shoc/src/cuda/level2/s3d/qssa2.h	_Z12qssa2_kernelIdEvPT_S1_PKS0_	33
3529	tests/benchmarks/shoc/src/cuda/level2/s3d/qssa2.h	_Z12qssa2_kernelIdEvPT_S1_PKS0_	34
3530	tests/benchmarks/shoc/src/cuda/level2/s3d/qssa2.h	_Z12qssa2_kernelIdEvPT_S1_PKS0_	35
3531	tests/benchmarks/shoc/src/cuda/level2/s3d/qssa2.h	_Z12qssa2_kernelIdEvPT_S1_PKS0_	36
3532	tests/benchmarks/shoc/src/cuda/level2/s3d/qssa2.h	_Z12qssa2_kernelIdEvPT_S1_PKS0_	37
3533	tests/benchmarks/shoc/src/cuda/level2/s3d/qssa2.h	_Z12qssa2_kernelIdEvPT_S1_PKS0_	38
3534	tests/benchmarks/shoc/src/cuda/level2/s3d/qssa2.h	_Z12qssa2_kernelIdEvPT_S1_PKS0_	39
3535	tests/benchmarks/shoc/src/cuda/level2/s3d/qssa2.h	_Z12qssa2_kernelIdEvPT_S1_PKS0_	40
3536	tests/benchmarks/shoc/src/cuda/level2/s3d/qssa2.h	_Z12qssa2_kernelIdEvPT_S1_PKS0_	41
3537	tests/benchmarks/shoc/src/cuda/level2/s3d/qssa2.h	_Z12qssa2_kernelIdEvPT_S1_PKS0_	42
3538	tests/benchmarks/shoc/src/cuda/level2/s3d/qssa2.h	_Z12qssa2_kernelIdEvPT_S1_PKS0_	43
3539	tests/benchmarks/shoc/src/cuda/level2/s3d/qssa2.h	_Z12qssa2_kernelIdEvPT_S1_PKS0_	44
3540	tests/benchmarks/shoc/src/cuda/level2/s3d/qssa2.h	_Z12qssa2_kernelIdEvPT_S1_PKS0_	45
3541	tests/benchmarks/shoc/src/cuda/level2/s3d/qssa2.h	_Z12qssa2_kernelIdEvPT_S1_PKS0_	46
3542	tests/benchmarks/shoc/src/cuda/level2/s3d/qssa2.h	_Z12qssa2_kernelIdEvPT_S1_PKS0_	47
3543	tests/benchmarks/shoc/src/cuda/level2/s3d/qssa2.h	_Z12qssa2_kernelIdEvPT_S1_PKS0_	48
3544	tests/benchmarks/shoc/src/cuda/level2/s3d/qssa2.h	_Z12qssa2_kernelIdEvPT_S1_PKS0_	49
3545	tests/benchmarks/shoc/src/cuda/level2/s3d/qssa2.h	_Z12qssa2_kernelIdEvPT_S1_PKS0_	50
3546	tests/benchmarks/shoc/src/cuda/level2/s3d/qssa2.h	_Z12qssa2_kernelIdEvPT_S1_PKS0_	51
3547	tests/benchmarks/shoc/src/cuda/level2/s3d/qssa2.h	_Z12qssa2_kernelIdEvPT_S1_PKS0_	52
3548	tests/benchmarks/shoc/src/cuda/level2/s3d/qssa2.h	_Z12qssa2_kernelIdEvPT_S1_PKS0_	53
3549	tests/benchmarks/shoc/src/cuda/level2/s3d/qssa2.h	_Z12qssa2_kernelIdEvPT_S1_PKS0_	54
3550	tests/benchmarks/shoc/src/cuda/level2/s3d/qssa2.h	_Z12qssa2_kernelIdEvPT_S1_PKS0_	55
3551	tests/benchmarks/shoc/src/cuda/level2/s3d/qssa2.h	_Z12qssa2_kernelIdEvPT_S1_PKS0_	56
3552	tests/benchmarks/shoc/src/cuda/level2/s3d/qssa2.h	_Z12qssa2_kernelIdEvPT_S1_PKS0_	57
3553	tests/benchmarks/shoc/src/cuda/level2/s3d/qssa2.h	_Z12qssa2_kernelIdEvPT_S1_PKS0_	58
3554	tests/benchmarks/shoc/src/cuda/level2/s3d/qssa2.h	_Z12qssa2_kernelIdEvPT_S1_PKS0_	59
3555	tests/benchmarks/shoc/src/cuda/level2/s3d/qssa2.h	_Z12qssa2_kernelIdEvPT_S1_PKS0_	60
3556	tests/benchmarks/shoc/src/cuda/level2/s3d/qssa2.h	_Z12qssa2_kernelIdEvPT_S1_PKS0_	61
3557	tests/benchmarks/shoc/src/cuda/level2/s3d/qssa2.h	_Z12qssa2_kernelIdEvPT_S1_PKS0_	62
3558	tests/benchmarks/shoc/src/cuda/level2/s3d/qssa2.h	_Z12qssa2_kernelIdEvPT_S1_PKS0_	63
3559	tests/benchmarks/shoc/src/cuda/level2/s3d/qssa2.h	_Z12qssa2_kernelIdEvPT_S1_PKS0_	64
3560	tests/benchmarks/shoc/src/cuda/level2/s3d/qssa2.h	_Z12qssa2_kernelIdEvPT_S1_PKS0_	65
3561	tests/benchmarks/shoc/src/cuda/level2/s3d/qssa2.h	_Z12qssa2_kernelIdEvPT_S1_PKS0_	66
3562	tests/benchmarks/shoc/src/cuda/level2/s3d/qssa2.h	_Z12qssa2_kernelIdEvPT_S1_PKS0_	67
3563	tests/benchmarks/shoc/src/cuda/level2/s3d/qssa2.h	_Z12qssa2_kernelIdEvPT_S1_PKS0_	68
3564	tests/benchmarks/shoc/src/cuda/level2/s3d/qssa2.h	_Z12qssa2_kernelIdEvPT_S1_PKS0_	69
3565	tests/benchmarks/shoc/src/cuda/level2/s3d/qssa2.h	_Z12qssa2_kernelIdEvPT_S1_PKS0_	70
3566	tests/benchmarks/shoc/src/cuda/level2/s3d/qssa2.h	_Z12qssa2_kernelIdEvPT_S1_PKS0_	71
3567	tests/benchmarks/shoc/src/cuda/level2/s3d/qssa2.h	_Z12qssa2_kernelIdEvPT_S1_PKS0_	72
3568	tests/benchmarks/shoc/src/cuda/level2/s3d/qssa2.h	_Z12qssa2_kernelIdEvPT_S1_PKS0_	73
3569	tests/benchmarks/shoc/src/cuda/level2/s3d/qssa2.h	_Z12qssa2_kernelIdEvPT_S1_PKS0_	74
3570	tests/benchmarks/shoc/src/cuda/level2/s3d/qssa2.h	_Z12qssa2_kernelIdEvPT_S1_PKS0_	75
3571	tests/benchmarks/shoc/src/cuda/level2/s3d/qssa2.h	_Z12qssa2_kernelIdEvPT_S1_PKS0_	76
3572	tests/benchmarks/shoc/src/cuda/level2/s3d/qssa2.h	_Z12qssa2_kernelIdEvPT_S1_PKS0_	77
3573	tests/benchmarks/shoc/src/cuda/level2/s3d/qssa2.h	_Z12qssa2_kernelIdEvPT_S1_PKS0_	78
3574	tests/benchmarks/shoc/src/cuda/level2/s3d/qssa2.h	_Z12qssa2_kernelIdEvPT_S1_PKS0_	79
3575	tests/benchmarks/shoc/src/cuda/level2/s3d/qssa2.h	_Z12qssa2_kernelIdEvPT_S1_PKS0_	80
3576	tests/benchmarks/shoc/src/cuda/level2/s3d/qssa2.h	_Z12qssa2_kernelIdEvPT_S1_PKS0_	81
3577	tests/benchmarks/shoc/src/cuda/level2/s3d/qssa2.h	_Z12qssa2_kernelIdEvPT_S1_PKS0_	82
3578	tests/benchmarks/shoc/src/cuda/level2/s3d/qssa2.h	_Z12qssa2_kernelIdEvPT_S1_PKS0_	83
3579	tests/benchmarks/shoc/src/cuda/level2/s3d/qssa2.h	_Z12qssa2_kernelIdEvPT_S1_PKS0_	84
3580	tests/benchmarks/shoc/src/cuda/level2/s3d/qssa2.h	_Z12qssa2_kernelIdEvPT_S1_PKS0_	85
3581	tests/benchmarks/shoc/src/cuda/level2/s3d/qssa2.h	_Z12qssa2_kernelIdEvPT_S1_PKS0_	86
3582	tests/benchmarks/shoc/src/cuda/level2/s3d/qssa2.h	_Z12qssa2_kernelIdEvPT_S1_PKS0_	87
3583	tests/benchmarks/shoc/src/cuda/level2/s3d/qssa2.h	_Z12qssa2_kernelIdEvPT_S1_PKS0_	88
3584	tests/benchmarks/shoc/src/cuda/level2/s3d/qssa2.h	_Z12qssa2_kernelIdEvPT_S1_PKS0_	89
3585	tests/benchmarks/shoc/src/cuda/level2/s3d/qssa2.h	_Z12qssa2_kernelIdEvPT_S1_PKS0_	90
3586	tests/benchmarks/shoc/src/cuda/level2/s3d/qssa2.h	_Z12qssa2_kernelIdEvPT_S1_PKS0_	91
3587	tests/benchmarks/shoc/src/cuda/level2/s3d/qssa2.h	_Z12qssa2_kernelIdEvPT_S1_PKS0_	92
3588	tests/benchmarks/shoc/src/cuda/level2/s3d/qssa2.h	_Z12qssa2_kernelIdEvPT_S1_PKS0_	93
3589	tests/benchmarks/shoc/src/cuda/level2/s3d/qssa2.h	_Z12qssa2_kernelIdEvPT_S1_PKS0_	94
3590	tests/benchmarks/shoc/src/cuda/level2/s3d/qssa2.h	_Z12qssa2_kernelIdEvPT_S1_PKS0_	95
3591	tests/benchmarks/shoc/src/cuda/level2/s3d/qssa2.h	_Z12qssa2_kernelIdEvPT_S1_PKS0_	96
3592	tests/benchmarks/shoc/src/cuda/level2/s3d/qssa2.h	_Z12qssa2_kernelIdEvPT_S1_PKS0_	97
3593	tests/benchmarks/shoc/src/cuda/level2/s3d/qssa2.h	_Z12qssa2_kernelIdEvPT_S1_PKS0_	98
3594	tests/benchmarks/shoc/src/cuda/level2/s3d/qssa2.h	_Z12qssa2_kernelIdEvPT_S1_PKS0_	99
3595	tests/benchmarks/shoc/src/cuda/level2/s3d/qssa2.h	_Z12qssa2_kernelIdEvPT_S1_PKS0_	100
3596	tests/benchmarks/shoc/src/cuda/level2/s3d/qssa2.h	_Z12qssa2_kernelIdEvPT_S1_PKS0_	101
3597	tests/benchmarks/shoc/src/cuda/level2/s3d/qssa2.h	_Z12qssa2_kernelIdEvPT_S1_PKS0_	102
3598	tests/benchmarks/shoc/src/cuda/level2/s3d/qssa2.h	_Z12qssa2_kernelIdEvPT_S1_PKS0_	103
3599	tests/benchmarks/shoc/src/cuda/level2/s3d/qssa2.h	_Z12qssa2_kernelIdEvPT_S1_PKS0_	104
3600	tests/benchmarks/shoc/src/cuda/level2/s3d/qssa2.h	_Z12qssa2_kernelIdEvPT_S1_PKS0_	105
3601	tests/benchmarks/shoc/src/cuda/level2/s3d/qssa2.h	_Z12qssa2_kernelIdEvPT_S1_PKS0_	106
3602	tests/benchmarks/shoc/src/cuda/level2/s3d/qssa2.h	_Z12qssa2_kernelIdEvPT_S1_PKS0_	107
3603	tests/benchmarks/shoc/src/cuda/level2/s3d/qssa2.h	_Z12qssa2_kernelIdEvPT_S1_PKS0_	108
3604	tests/benchmarks/shoc/src/cuda/level2/s3d/qssa2.h	_Z12qssa2_kernelIdEvPT_S1_PKS0_	109
3605	tests/benchmarks/shoc/src/cuda/level2/s3d/qssa2.h	_Z12qssa2_kernelIdEvPT_S1_PKS0_	110
3606	tests/benchmarks/shoc/src/cuda/level2/s3d/qssa2.h	_Z12qssa2_kernelIdEvPT_S1_PKS0_	111
3607	tests/benchmarks/shoc/src/cuda/level2/s3d/qssa2.h	_Z12qssa2_kernelIdEvPT_S1_PKS0_	112
3608	tests/benchmarks/shoc/src/cuda/level2/s3d/qssa2.h	_Z12qssa2_kernelIdEvPT_S1_PKS0_	113
3609	tests/benchmarks/shoc/src/cuda/level2/s3d/qssa2.h	_Z12qssa2_kernelIdEvPT_S1_PKS0_	114
3610	tests/benchmarks/shoc/src/cuda/level2/s3d/qssa2.h	_Z12qssa2_kernelIdEvPT_S1_PKS0_	115
3611	tests/benchmarks/shoc/src/cuda/level2/s3d/qssa2.h	_Z12qssa2_kernelIdEvPT_S1_PKS0_	116
3612	tests/benchmarks/shoc/src/cuda/level2/s3d/qssa2.h	_Z12qssa2_kernelIdEvPT_S1_PKS0_	117
3613	tests/benchmarks/shoc/src/cuda/level2/s3d/qssa2.h	_Z12qssa2_kernelIdEvPT_S1_PKS0_	118
3614	tests/benchmarks/shoc/src/cuda/level2/s3d/qssa2.h	_Z12qssa2_kernelIdEvPT_S1_PKS0_	119
3615	tests/benchmarks/shoc/src/cuda/level2/s3d/qssa2.h	_Z12qssa2_kernelIdEvPT_S1_PKS0_	120
3616	tests/benchmarks/shoc/src/cuda/level2/s3d/qssa2.h	_Z12qssa2_kernelIdEvPT_S1_PKS0_	121
3617	tests/benchmarks/shoc/src/cuda/level2/s3d/qssa2.h	_Z12qssa2_kernelIdEvPT_S1_PKS0_	122
3618	tests/benchmarks/shoc/src/cuda/level2/s3d/qssa2.h	_Z12qssa2_kernelIdEvPT_S1_PKS0_	123
3619	tests/benchmarks/shoc/src/cuda/level2/s3d/qssa2.h	_Z12qssa2_kernelIdEvPT_S1_PKS0_	124
3620	tests/benchmarks/shoc/src/cuda/level2/s3d/qssa2.h	_Z12qssa2_kernelIdEvPT_S1_PKS0_	125
3621	tests/benchmarks/shoc/src/cuda/level2/s3d/qssa2.h	_Z12qssa2_kernelIdEvPT_S1_PKS0_	126
3622	tests/benchmarks/shoc/src/cuda/level2/s3d/qssa2.h	_Z12qssa2_kernelIdEvPT_S1_PKS0_	127
3623	tests/benchmarks/shoc/src/cuda/level2/s3d/qssa2.h	_Z12qssa2_kernelIdEvPT_S1_PKS0_	128
3624	tests/benchmarks/shoc/src/cuda/level2/s3d/qssa2.h	_Z12qssa2_kernelIdEvPT_S1_PKS0_	129
3625	tests/benchmarks/shoc/src/cuda/level2/s3d/qssa2.h	_Z12qssa2_kernelIdEvPT_S1_PKS0_	130
3626	tests/benchmarks/shoc/src/cuda/level2/s3d/qssa2.h	_Z12qssa2_kernelIdEvPT_S1_PKS0_	131
3627	tests/benchmarks/shoc/src/cuda/level2/s3d/qssa2.h	_Z12qssa2_kernelIdEvPT_S1_PKS0_	132
3628	tests/benchmarks/shoc/src/cuda/level2/s3d/qssa2.h	_Z12qssa2_kernelIdEvPT_S1_PKS0_	133
3629	tests/benchmarks/shoc/src/cuda/level2/s3d/qssa2.h	_Z12qssa2_kernelIdEvPT_S1_PKS0_	134
3630	tests/benchmarks/shoc/src/cuda/level2/s3d/qssa2.h	_Z12qssa2_kernelIdEvPT_S1_PKS0_	135
3631	tests/benchmarks/shoc/src/cuda/level2/s3d/qssa2.h	_Z12qssa2_kernelIdEvPT_S1_PKS0_	136
3632	tests/benchmarks/shoc/src/cuda/level2/s3d/qssa2.h	_Z12qssa2_kernelIdEvPT_S1_PKS0_	137
3633	tests/benchmarks/shoc/src/cuda/level2/s3d/qssa2.h	_Z12qssa2_kernelIdEvPT_S1_PKS0_	138
3634	tests/benchmarks/shoc/src/cuda/level2/s3d/qssa2.h	_Z12qssa2_kernelIdEvPT_S1_PKS0_	139
3635	tests/benchmarks/shoc/src/cuda/level2/s3d/qssa2.h	_Z12qssa2_kernelIdEvPT_S1_PKS0_	140
3636	tests/benchmarks/shoc/src/cuda/level2/s3d/qssa2.h	_Z12qssa2_kernelIdEvPT_S1_PKS0_	141
3637	tests/benchmarks/shoc/src/cuda/level2/s3d/qssa2.h	_Z12qssa2_kernelIdEvPT_S1_PKS0_	142
3638	tests/benchmarks/shoc/src/cuda/level2/s3d/qssa2.h	_Z12qssa2_kernelIdEvPT_S1_PKS0_	143
3639	tests/benchmarks/shoc/src/cuda/level2/s3d/qssa2.h	_Z12qssa2_kernelIdEvPT_S1_PKS0_	144
3640	tests/benchmarks/shoc/src/cuda/level2/s3d/qssa2.h	_Z12qssa2_kernelIdEvPT_S1_PKS0_	145
3641	tests/benchmarks/shoc/src/cuda/level2/s3d/qssa2.h	_Z12qssa2_kernelIdEvPT_S1_PKS0_	146
3642	tests/benchmarks/shoc/src/cuda/level2/s3d/qssa2.h	_Z12qssa2_kernelIdEvPT_S1_PKS0_	147
3643	tests/benchmarks/shoc/src/cuda/level2/s3d/qssa2.h	_Z12qssa2_kernelIdEvPT_S1_PKS0_	148
3644	tests/benchmarks/shoc/src/cuda/level2/s3d/qssa2.h	_Z12qssa2_kernelIdEvPT_S1_PKS0_	149
3645	tests/benchmarks/shoc/src/cuda/level2/s3d/qssa2.h	_Z12qssa2_kernelIdEvPT_S1_PKS0_	150
3646	tests/benchmarks/shoc/src/cuda/level2/s3d/qssa2.h	_Z12qssa2_kernelIdEvPT_S1_PKS0_	151
3647	tests/benchmarks/shoc/src/cuda/level2/s3d/qssa2.h	_Z12qssa2_kernelIdEvPT_S1_PKS0_	152
3648	tests/benchmarks/shoc/src/cuda/level2/s3d/qssa2.h	_Z12qssa2_kernelIdEvPT_S1_PKS0_	153
3649	tests/benchmarks/shoc/src/cuda/level2/s3d/qssa2.h	_Z12qssa2_kernelIdEvPT_S1_PKS0_	154
3650	tests/benchmarks/shoc/src/cuda/level2/s3d/qssa2.h	_Z12qssa2_kernelIdEvPT_S1_PKS0_	155
3651	tests/benchmarks/shoc/src/cuda/level2/s3d/qssa2.h	_Z12qssa2_kernelIdEvPT_S1_PKS0_	156
3652	tests/benchmarks/shoc/src/cuda/level2/s3d/qssa2.h	_Z12qssa2_kernelIdEvPT_S1_PKS0_	157
3653	tests/benchmarks/shoc/src/cuda/level2/s3d/qssa2.h	_Z12qssa2_kernelIdEvPT_S1_PKS0_	158
3654	tests/benchmarks/shoc/src/cuda/level2/s3d/qssa2.h	_Z12qssa2_kernelIdEvPT_S1_PKS0_	159
3655	tests/benchmarks/shoc/src/cuda/level2/s3d/qssa2.h	_Z12qssa2_kernelIdEvPT_S1_PKS0_	160
3656	tests/benchmarks/shoc/src/cuda/level2/s3d/qssa2.h	_Z12qssa2_kernelIdEvPT_S1_PKS0_	161
3657	tests/benchmarks/shoc/src/cuda/level2/s3d/qssa2.h	_Z12qssa2_kernelIdEvPT_S1_PKS0_	162
3658	tests/benchmarks/shoc/src/cuda/level2/s3d/qssa2.h	_Z12qssa2_kernelIdEvPT_S1_PKS0_	163
3659	tests/benchmarks/shoc/src/cuda/level2/s3d/qssa2.h	_Z12qssa2_kernelIdEvPT_S1_PKS0_	164
3660	tests/benchmarks/shoc/src/cuda/level2/s3d/qssa2.h	_Z12qssa2_kernelIdEvPT_S1_PKS0_	165
3661	tests/benchmarks/shoc/src/cuda/level2/s3d/qssa2.h	_Z12qssa2_kernelIdEvPT_S1_PKS0_	166
3662	tests/benchmarks/shoc/src/cuda/level2/s3d/qssa2.h	_Z12qssa2_kernelIdEvPT_S1_PKS0_	167
3663	tests/benchmarks/shoc/src/cuda/level2/s3d/qssa2.h	_Z12qssa2_kernelIdEvPT_S1_PKS0_	168
3664	tests/benchmarks/shoc/src/cuda/level2/s3d/qssa2.h	_Z12qssa2_kernelIdEvPT_S1_PKS0_	169
3665	tests/benchmarks/shoc/src/cuda/level2/s3d/qssa2.h	_Z12qssa2_kernelIdEvPT_S1_PKS0_	170
3666	tests/benchmarks/shoc/src/cuda/level2/s3d/qssa2.h	_Z12qssa2_kernelIdEvPT_S1_PKS0_	171
3667	tests/benchmarks/shoc/src/cuda/level2/s3d/qssa2.h	_Z12qssa2_kernelIdEvPT_S1_PKS0_	172
3668	tests/benchmarks/shoc/src/cuda/level2/s3d/qssa2.h	_Z12qssa2_kernelIdEvPT_S1_PKS0_	173
3669	tests/benchmarks/shoc/src/cuda/level2/s3d/qssa2.h	_Z12qssa2_kernelIdEvPT_S1_PKS0_	174
3670	tests/benchmarks/shoc/src/cuda/level2/s3d/qssa2.h	_Z12qssa2_kernelIdEvPT_S1_PKS0_	175
3671	tests/benchmarks/shoc/src/cuda/level2/s3d/qssa2.h	_Z12qssa2_kernelIdEvPT_S1_PKS0_	176
3672	tests/benchmarks/shoc/src/cuda/level2/s3d/qssa2.h	_Z12qssa2_kernelIdEvPT_S1_PKS0_	177
3673	tests/benchmarks/shoc/src/cuda/level2/s3d/qssa2.h	_Z12qssa2_kernelIdEvPT_S1_PKS0_	178
3674	tests/benchmarks/shoc/src/cuda/level2/s3d/qssa2.h	_Z12qssa2_kernelIdEvPT_S1_PKS0_	179
3675	tests/benchmarks/shoc/src/cuda/level2/s3d/qssa2.h	_Z12qssa2_kernelIdEvPT_S1_PKS0_	180
3676	tests/benchmarks/shoc/src/cuda/level2/s3d/qssa2.h	_Z12qssa2_kernelIdEvPT_S1_PKS0_	181
3677	tests/benchmarks/shoc/src/cuda/level2/s3d/qssa2.h	_Z12qssa2_kernelIdEvPT_S1_PKS0_	182
3678	tests/benchmarks/shoc/src/cuda/level2/s3d/qssa2.h	_Z12qssa2_kernelIdEvPT_S1_PKS0_	183
3679	tests/benchmarks/shoc/src/cuda/level2/s3d/qssa2.h	_Z12qssa2_kernelIdEvPT_S1_PKS0_	184
3680	tests/benchmarks/shoc/src/cuda/level2/s3d/qssa2.h	_Z12qssa2_kernelIdEvPT_S1_PKS0_	185
3681	tests/benchmarks/shoc/src/cuda/level2/s3d/qssa2.h	_Z12qssa2_kernelIdEvPT_S1_PKS0_	186
3682	tests/benchmarks/shoc/src/cuda/level2/s3d/qssa2.h	_Z12qssa2_kernelIdEvPT_S1_PKS0_	187
3683	tests/benchmarks/shoc/src/cuda/level2/s3d/qssa2.h	_Z12qssa2_kernelIdEvPT_S1_PKS0_	188
3684	tests/benchmarks/shoc/src/cuda/level2/s3d/rdwdot.h	_Z13rdwdot_kernelIdEvPKT_S2_PS0_S0_S2_	16
3685	tests/benchmarks/shoc/src/cuda/level2/s3d/rdwdot.h	_Z13rdwdot_kernelIdEvPKT_S2_PS0_S0_S2_	17
3686	tests/benchmarks/shoc/src/cuda/level2/s3d/rdwdot.h	_Z13rdwdot_kernelIdEvPKT_S2_PS0_S0_S2_	19
3687	tests/benchmarks/shoc/src/cuda/level2/s3d/rdwdot.h	_Z13rdwdot_kernelIdEvPKT_S2_PS0_S0_S2_	20
3688	tests/benchmarks/shoc/src/cuda/level2/s3d/rdwdot.h	_Z13rdwdot_kernelIdEvPKT_S2_PS0_S0_S2_	21
3689	tests/benchmarks/shoc/src/cuda/level2/s3d/rdwdot.h	_Z13rdwdot_kernelIdEvPKT_S2_PS0_S0_S2_	22
3690	tests/benchmarks/shoc/src/cuda/level2/s3d/rdwdot.h	_Z13rdwdot_kernelIdEvPKT_S2_PS0_S0_S2_	23
3691	tests/benchmarks/shoc/src/cuda/level2/s3d/rdwdot.h	_Z13rdwdot_kernelIdEvPKT_S2_PS0_S0_S2_	24
3692	tests/benchmarks/shoc/src/cuda/level2/s3d/rdwdot.h	_Z13rdwdot_kernelIdEvPKT_S2_PS0_S0_S2_	25
3693	tests/benchmarks/shoc/src/cuda/level2/s3d/rdwdot.h	_Z13rdwdot_kernelIdEvPKT_S2_PS0_S0_S2_	26
3694	tests/benchmarks/shoc/src/cuda/level2/s3d/rdwdot.h	_Z13rdwdot_kernelIdEvPKT_S2_PS0_S0_S2_	27
3695	tests/benchmarks/shoc/src/cuda/level2/s3d/rdwdot.h	_Z13rdwdot_kernelIdEvPKT_S2_PS0_S0_S2_	28
3696	tests/benchmarks/shoc/src/cuda/level2/s3d/rdwdot.h	_Z13rdwdot_kernelIdEvPKT_S2_PS0_S0_S2_	29
3697	tests/benchmarks/shoc/src/cuda/level2/s3d/rdwdot.h	_Z13rdwdot_kernelIdEvPKT_S2_PS0_S0_S2_	30
3698	tests/benchmarks/shoc/src/cuda/level2/s3d/rdwdot.h	_Z13rdwdot_kernelIdEvPKT_S2_PS0_S0_S2_	31
3699	tests/benchmarks/shoc/src/cuda/level2/s3d/rdwdot.h	_Z13rdwdot_kernelIdEvPKT_S2_PS0_S0_S2_	32
3700	tests/benchmarks/shoc/src/cuda/level2/s3d/rdwdot.h	_Z13rdwdot_kernelIdEvPKT_S2_PS0_S0_S2_	33
3701	tests/benchmarks/shoc/src/cuda/level2/s3d/rdwdot.h	_Z13rdwdot_kernelIdEvPKT_S2_PS0_S0_S2_	34
3702	tests/benchmarks/shoc/src/cuda/level2/s3d/rdwdot.h	_Z13rdwdot_kernelIdEvPKT_S2_PS0_S0_S2_	35
3703	tests/benchmarks/shoc/src/cuda/level2/s3d/rdwdot.h	_Z13rdwdot_kernelIdEvPKT_S2_PS0_S0_S2_	36
3704	tests/benchmarks/shoc/src/cuda/level2/s3d/rdwdot.h	_Z13rdwdot_kernelIdEvPKT_S2_PS0_S0_S2_	37
3705	tests/benchmarks/shoc/src/cuda/level2/s3d/rdwdot.h	_Z13rdwdot_kernelIdEvPKT_S2_PS0_S0_S2_	38
3706	tests/benchmarks/shoc/src/cuda/level2/s3d/rdwdot.h	_Z14rdwdot2_kernelIdEvPKT_S2_PS0_S0_S2_	48
3707	tests/benchmarks/shoc/src/cuda/level2/s3d/rdwdot.h	_Z14rdwdot2_kernelIdEvPKT_S2_PS0_S0_S2_	49
3708	tests/benchmarks/shoc/src/cuda/level2/s3d/rdwdot.h	_Z14rdwdot2_kernelIdEvPKT_S2_PS0_S0_S2_	50
3709	tests/benchmarks/shoc/src/cuda/level2/s3d/rdwdot.h	_Z14rdwdot2_kernelIdEvPKT_S2_PS0_S0_S2_	51
3710	tests/benchmarks/shoc/src/cuda/level2/s3d/rdwdot.h	_Z14rdwdot2_kernelIdEvPKT_S2_PS0_S0_S2_	52
3711	tests/benchmarks/shoc/src/cuda/level2/s3d/rdwdot.h	_Z14rdwdot2_kernelIdEvPKT_S2_PS0_S0_S2_	54
3712	tests/benchmarks/shoc/src/cuda/level2/s3d/rdwdot.h	_Z14rdwdot2_kernelIdEvPKT_S2_PS0_S0_S2_	55
3713	tests/benchmarks/shoc/src/cuda/level2/s3d/rdwdot.h	_Z14rdwdot2_kernelIdEvPKT_S2_PS0_S0_S2_	56
3714	tests/benchmarks/shoc/src/cuda/level2/s3d/rdwdot.h	_Z14rdwdot2_kernelIdEvPKT_S2_PS0_S0_S2_	57
3715	tests/benchmarks/shoc/src/cuda/level2/s3d/rdwdot.h	_Z14rdwdot3_kernelIdEvPKT_S2_PS0_S0_S2_	69
3716	tests/benchmarks/shoc/src/cuda/level2/s3d/rdwdot.h	_Z14rdwdot3_kernelIdEvPKT_S2_PS0_S0_S2_	71
3717	tests/benchmarks/shoc/src/cuda/level2/s3d/rdwdot.h	_Z14rdwdot3_kernelIdEvPKT_S2_PS0_S0_S2_	72
3718	tests/benchmarks/shoc/src/cuda/level2/s3d/rdwdot.h	_Z14rdwdot3_kernelIdEvPKT_S2_PS0_S0_S2_	73
3719	tests/benchmarks/shoc/src/cuda/level2/s3d/rdwdot.h	_Z14rdwdot3_kernelIdEvPKT_S2_PS0_S0_S2_	74
3720	tests/benchmarks/shoc/src/cuda/level2/s3d/rdwdot.h	_Z14rdwdot3_kernelIdEvPKT_S2_PS0_S0_S2_	75
3721	tests/benchmarks/shoc/src/cuda/level2/s3d/rdwdot.h	_Z14rdwdot3_kernelIdEvPKT_S2_PS0_S0_S2_	76
3722	tests/benchmarks/shoc/src/cuda/level2/s3d/rdwdot.h	_Z14rdwdot3_kernelIdEvPKT_S2_PS0_S0_S2_	77
3723	tests/benchmarks/shoc/src/cuda/level2/s3d/rdwdot.h	_Z14rdwdot3_kernelIdEvPKT_S2_PS0_S0_S2_	78
3724	tests/benchmarks/shoc/src/cuda/level2/s3d/rdwdot.h	_Z14rdwdot3_kernelIdEvPKT_S2_PS0_S0_S2_	79
3725	tests/benchmarks/shoc/src/cuda/level2/s3d/rdwdot.h	_Z14rdwdot3_kernelIdEvPKT_S2_PS0_S0_S2_	80
3726	tests/benchmarks/shoc/src/cuda/level2/s3d/rdwdot.h	_Z14rdwdot3_kernelIdEvPKT_S2_PS0_S0_S2_	81
3727	tests/benchmarks/shoc/src/cuda/level2/s3d/rdwdot.h	_Z14rdwdot3_kernelIdEvPKT_S2_PS0_S0_S2_	82
3728	tests/benchmarks/shoc/src/cuda/level2/s3d/rdwdot.h	_Z14rdwdot3_kernelIdEvPKT_S2_PS0_S0_S2_	84
3729	tests/benchmarks/shoc/src/cuda/level2/s3d/rdwdot.h	_Z14rdwdot3_kernelIdEvPKT_S2_PS0_S0_S2_	85
3730	tests/benchmarks/shoc/src/cuda/level2/s3d/rdwdot.h	_Z14rdwdot3_kernelIdEvPKT_S2_PS0_S0_S2_	86
3731	tests/benchmarks/shoc/src/cuda/level2/s3d/rdwdot.h	_Z14rdwdot3_kernelIdEvPKT_S2_PS0_S0_S2_	87
3732	tests/benchmarks/shoc/src/cuda/level2/s3d/rdwdot.h	_Z14rdwdot3_kernelIdEvPKT_S2_PS0_S0_S2_	88
3733	tests/benchmarks/shoc/src/cuda/level2/s3d/rdwdot.h	_Z14rdwdot3_kernelIdEvPKT_S2_PS0_S0_S2_	89
3734	tests/benchmarks/shoc/src/cuda/level2/s3d/rdwdot.h	_Z14rdwdot3_kernelIdEvPKT_S2_PS0_S0_S2_	90
3735	tests/benchmarks/shoc/src/cuda/level2/s3d/rdwdot.h	_Z14rdwdot3_kernelIdEvPKT_S2_PS0_S0_S2_	91
3736	tests/benchmarks/shoc/src/cuda/level2/s3d/rdwdot.h	_Z14rdwdot3_kernelIdEvPKT_S2_PS0_S0_S2_	92
3737	tests/benchmarks/shoc/src/cuda/level2/s3d/rdwdot.h	_Z14rdwdot3_kernelIdEvPKT_S2_PS0_S0_S2_	93
3738	tests/benchmarks/shoc/src/cuda/level2/s3d/rdwdot.h	_Z14rdwdot3_kernelIdEvPKT_S2_PS0_S0_S2_	95
3739	tests/benchmarks/shoc/src/cuda/level2/s3d/rdwdot.h	_Z14rdwdot3_kernelIdEvPKT_S2_PS0_S0_S2_	96
3740	tests/benchmarks/shoc/src/cuda/level2/s3d/rdwdot.h	_Z14rdwdot3_kernelIdEvPKT_S2_PS0_S0_S2_	97
3741	tests/benchmarks/shoc/src/cuda/level2/s3d/rdwdot.h	_Z14rdwdot3_kernelIdEvPKT_S2_PS0_S0_S2_	98
3742	tests/benchmarks/shoc/src/cuda/level2/s3d/rdwdot.h	_Z14rdwdot3_kernelIdEvPKT_S2_PS0_S0_S2_	99
3743	tests/benchmarks/shoc/src/cuda/level2/s3d/rdwdot.h	_Z14rdwdot3_kernelIdEvPKT_S2_PS0_S0_S2_	100
3744	tests/benchmarks/shoc/src/cuda/level2/s3d/rdwdot.h	_Z14rdwdot3_kernelIdEvPKT_S2_PS0_S0_S2_	101
3745	tests/benchmarks/shoc/src/cuda/level2/s3d/rdwdot.h	_Z14rdwdot3_kernelIdEvPKT_S2_PS0_S0_S2_	102
3746	tests/benchmarks/shoc/src/cuda/level2/s3d/rdwdot.h	_Z14rdwdot6_kernelIdEvPKT_S2_PS0_S0_S2_	112
3747	tests/benchmarks/shoc/src/cuda/level2/s3d/rdwdot.h	_Z14rdwdot6_kernelIdEvPKT_S2_PS0_S0_S2_	113
3748	tests/benchmarks/shoc/src/cuda/level2/s3d/rdwdot.h	_Z14rdwdot6_kernelIdEvPKT_S2_PS0_S0_S2_	114
3749	tests/benchmarks/shoc/src/cuda/level2/s3d/rdwdot.h	_Z14rdwdot6_kernelIdEvPKT_S2_PS0_S0_S2_	115
3750	tests/benchmarks/shoc/src/cuda/level2/s3d/rdwdot.h	_Z14rdwdot6_kernelIdEvPKT_S2_PS0_S0_S2_	116
3751	tests/benchmarks/shoc/src/cuda/level2/s3d/rdwdot.h	_Z14rdwdot6_kernelIdEvPKT_S2_PS0_S0_S2_	117
3752	tests/benchmarks/shoc/src/cuda/level2/s3d/rdwdot.h	_Z14rdwdot6_kernelIdEvPKT_S2_PS0_S0_S2_	118
3753	tests/benchmarks/shoc/src/cuda/level2/s3d/rdwdot.h	_Z14rdwdot6_kernelIdEvPKT_S2_PS0_S0_S2_	119
3754	tests/benchmarks/shoc/src/cuda/level2/s3d/rdwdot.h	_Z14rdwdot6_kernelIdEvPKT_S2_PS0_S0_S2_	120
3755	tests/benchmarks/shoc/src/cuda/level2/s3d/rdwdot.h	_Z14rdwdot6_kernelIdEvPKT_S2_PS0_S0_S2_	121
3756	tests/benchmarks/shoc/src/cuda/level2/s3d/rdwdot.h	_Z14rdwdot6_kernelIdEvPKT_S2_PS0_S0_S2_	122
3757	tests/benchmarks/shoc/src/cuda/level2/s3d/rdwdot.h	_Z14rdwdot6_kernelIdEvPKT_S2_PS0_S0_S2_	123
3758	tests/benchmarks/shoc/src/cuda/level2/s3d/rdwdot.h	_Z14rdwdot6_kernelIdEvPKT_S2_PS0_S0_S2_	124
3759	tests/benchmarks/shoc/src/cuda/level2/s3d/rdwdot.h	_Z14rdwdot7_kernelIdEvPKT_S2_PS0_S0_S2_	134
3760	tests/benchmarks/shoc/src/cuda/level2/s3d/rdwdot.h	_Z14rdwdot7_kernelIdEvPKT_S2_PS0_S0_S2_	135
3761	tests/benchmarks/shoc/src/cuda/level2/s3d/rdwdot.h	_Z14rdwdot7_kernelIdEvPKT_S2_PS0_S0_S2_	136
3762	tests/benchmarks/shoc/src/cuda/level2/s3d/rdwdot.h	_Z14rdwdot7_kernelIdEvPKT_S2_PS0_S0_S2_	137
3763	tests/benchmarks/shoc/src/cuda/level2/s3d/rdwdot.h	_Z14rdwdot7_kernelIdEvPKT_S2_PS0_S0_S2_	138
3764	tests/benchmarks/shoc/src/cuda/level2/s3d/rdwdot.h	_Z14rdwdot7_kernelIdEvPKT_S2_PS0_S0_S2_	139
3765	tests/benchmarks/shoc/src/cuda/level2/s3d/rdwdot.h	_Z14rdwdot7_kernelIdEvPKT_S2_PS0_S0_S2_	140
3766	tests/benchmarks/shoc/src/cuda/level2/s3d/rdwdot.h	_Z14rdwdot7_kernelIdEvPKT_S2_PS0_S0_S2_	141
3767	tests/benchmarks/shoc/src/cuda/level2/s3d/rdwdot.h	_Z14rdwdot7_kernelIdEvPKT_S2_PS0_S0_S2_	142
3768	tests/benchmarks/shoc/src/cuda/level2/s3d/rdwdot.h	_Z14rdwdot7_kernelIdEvPKT_S2_PS0_S0_S2_	143
3769	tests/benchmarks/shoc/src/cuda/level2/s3d/rdwdot.h	_Z14rdwdot7_kernelIdEvPKT_S2_PS0_S0_S2_	144
3770	tests/benchmarks/shoc/src/cuda/level2/s3d/rdwdot.h	_Z14rdwdot7_kernelIdEvPKT_S2_PS0_S0_S2_	145
3771	tests/benchmarks/shoc/src/cuda/level2/s3d/rdwdot.h	_Z14rdwdot7_kernelIdEvPKT_S2_PS0_S0_S2_	146
3772	tests/benchmarks/shoc/src/cuda/level2/s3d/rdwdot.h	_Z14rdwdot7_kernelIdEvPKT_S2_PS0_S0_S2_	147
3773	tests/benchmarks/shoc/src/cuda/level2/s3d/rdwdot.h	_Z14rdwdot7_kernelIdEvPKT_S2_PS0_S0_S2_	148
3774	tests/benchmarks/shoc/src/cuda/level2/s3d/rdwdot.h	_Z14rdwdot7_kernelIdEvPKT_S2_PS0_S0_S2_	149
3775	tests/benchmarks/shoc/src/cuda/level2/s3d/rdwdot.h	_Z14rdwdot7_kernelIdEvPKT_S2_PS0_S0_S2_	150
3776	tests/benchmarks/shoc/src/cuda/level2/s3d/rdwdot.h	_Z14rdwdot7_kernelIdEvPKT_S2_PS0_S0_S2_	151
3777	tests/benchmarks/shoc/src/cuda/level2/s3d/rdwdot.h	_Z14rdwdot8_kernelIdEvPKT_S2_PS0_S0_S2_	161
3778	tests/benchmarks/shoc/src/cuda/level2/s3d/rdwdot.h	_Z14rdwdot8_kernelIdEvPKT_S2_PS0_S0_S2_	162
3779	tests/benchmarks/shoc/src/cuda/level2/s3d/rdwdot.h	_Z14rdwdot8_kernelIdEvPKT_S2_PS0_S0_S2_	163
3780	tests/benchmarks/shoc/src/cuda/level2/s3d/rdwdot.h	_Z14rdwdot8_kernelIdEvPKT_S2_PS0_S0_S2_	165
3781	tests/benchmarks/shoc/src/cuda/level2/s3d/rdwdot.h	_Z14rdwdot8_kernelIdEvPKT_S2_PS0_S0_S2_	166
3782	tests/benchmarks/shoc/src/cuda/level2/s3d/rdwdot.h	_Z14rdwdot8_kernelIdEvPKT_S2_PS0_S0_S2_	167
3783	tests/benchmarks/shoc/src/cuda/level2/s3d/rdwdot.h	_Z14rdwdot8_kernelIdEvPKT_S2_PS0_S0_S2_	168
3784	tests/benchmarks/shoc/src/cuda/level2/s3d/rdwdot.h	_Z14rdwdot8_kernelIdEvPKT_S2_PS0_S0_S2_	169
3785	tests/benchmarks/shoc/src/cuda/level2/s3d/rdwdot.h	_Z14rdwdot8_kernelIdEvPKT_S2_PS0_S0_S2_	170
3786	tests/benchmarks/shoc/src/cuda/level2/s3d/rdwdot.h	_Z14rdwdot8_kernelIdEvPKT_S2_PS0_S0_S2_	171
3787	tests/benchmarks/shoc/src/cuda/level2/s3d/rdwdot.h	_Z14rdwdot8_kernelIdEvPKT_S2_PS0_S0_S2_	172
3788	tests/benchmarks/shoc/src/cuda/level2/s3d/rdwdot.h	_Z14rdwdot8_kernelIdEvPKT_S2_PS0_S0_S2_	173
3789	tests/benchmarks/shoc/src/cuda/level2/s3d/rdwdot.h	_Z14rdwdot8_kernelIdEvPKT_S2_PS0_S0_S2_	174
3790	tests/benchmarks/shoc/src/cuda/level2/s3d/rdwdot.h	_Z14rdwdot8_kernelIdEvPKT_S2_PS0_S0_S2_	175
3791	tests/benchmarks/shoc/src/cuda/level2/s3d/rdwdot.h	_Z14rdwdot8_kernelIdEvPKT_S2_PS0_S0_S2_	176
3792	tests/benchmarks/shoc/src/cuda/level2/s3d/rdwdot.h	_Z14rdwdot8_kernelIdEvPKT_S2_PS0_S0_S2_	177
3793	tests/benchmarks/shoc/src/cuda/level2/s3d/rdwdot.h	_Z14rdwdot8_kernelIdEvPKT_S2_PS0_S0_S2_	178
3794	tests/benchmarks/shoc/src/cuda/level2/s3d/rdwdot.h	_Z14rdwdot9_kernelIdEvPKT_S2_PS0_S0_S2_	187
3795	tests/benchmarks/shoc/src/cuda/level2/s3d/rdwdot.h	_Z14rdwdot9_kernelIdEvPKT_S2_PS0_S0_S2_	188
3796	tests/benchmarks/shoc/src/cuda/level2/s3d/rdwdot.h	_Z14rdwdot9_kernelIdEvPKT_S2_PS0_S0_S2_	189
3797	tests/benchmarks/shoc/src/cuda/level2/s3d/rdwdot.h	_Z14rdwdot9_kernelIdEvPKT_S2_PS0_S0_S2_	190
3798	tests/benchmarks/shoc/src/cuda/level2/s3d/rdwdot.h	_Z14rdwdot9_kernelIdEvPKT_S2_PS0_S0_S2_	191
3799	tests/benchmarks/shoc/src/cuda/level2/s3d/rdwdot.h	_Z14rdwdot9_kernelIdEvPKT_S2_PS0_S0_S2_	192
3800	tests/benchmarks/shoc/src/cuda/level2/s3d/rdwdot.h	_Z14rdwdot9_kernelIdEvPKT_S2_PS0_S0_S2_	193
3801	tests/benchmarks/shoc/src/cuda/level2/s3d/rdwdot.h	_Z14rdwdot9_kernelIdEvPKT_S2_PS0_S0_S2_	194
3802	tests/benchmarks/shoc/src/cuda/level2/s3d/rdwdot.h	_Z14rdwdot9_kernelIdEvPKT_S2_PS0_S0_S2_	195
3803	tests/benchmarks/shoc/src/cuda/level2/s3d/rdwdot.h	_Z14rdwdot9_kernelIdEvPKT_S2_PS0_S0_S2_	196
3804	tests/benchmarks/shoc/src/cuda/level2/s3d/rdwdot.h	_Z14rdwdot9_kernelIdEvPKT_S2_PS0_S0_S2_	197
3805	tests/benchmarks/shoc/src/cuda/level2/s3d/rdwdot.h	_Z14rdwdot9_kernelIdEvPKT_S2_PS0_S0_S2_	198
3806	tests/benchmarks/shoc/src/cuda/level2/s3d/rdwdot.h	_Z14rdwdot9_kernelIdEvPKT_S2_PS0_S0_S2_	199
3807	tests/benchmarks/shoc/src/cuda/level2/s3d/rdwdot.h	_Z14rdwdot9_kernelIdEvPKT_S2_PS0_S0_S2_	200
3808	tests/benchmarks/shoc/src/cuda/level2/s3d/rdwdot.h	_Z14rdwdot9_kernelIdEvPKT_S2_PS0_S0_S2_	201
3809	tests/benchmarks/shoc/src/cuda/level2/s3d/rdwdot.h	_Z14rdwdot9_kernelIdEvPKT_S2_PS0_S0_S2_	202
3810	tests/benchmarks/shoc/src/cuda/level2/s3d/rdwdot.h	_Z15rdwdot10_kernelIdEvPKT_S2_PS0_S0_S2_	212
3811	tests/benchmarks/shoc/src/cuda/level2/s3d/rdwdot.h	_Z15rdwdot10_kernelIdEvPKT_S2_PS0_S0_S2_	213
3812	tests/benchmarks/shoc/src/cuda/level2/s3d/rdwdot.h	_Z15rdwdot10_kernelIdEvPKT_S2_PS0_S0_S2_	214
3813	tests/benchmarks/shoc/src/cuda/level2/s3d/rdwdot.h	_Z15rdwdot10_kernelIdEvPKT_S2_PS0_S0_S2_	215
3814	tests/benchmarks/shoc/src/cuda/level2/s3d/rdwdot.h	_Z15rdwdot10_kernelIdEvPKT_S2_PS0_S0_S2_	217
3815	tests/benchmarks/shoc/src/cuda/level2/s3d/rdwdot.h	_Z15rdwdot10_kernelIdEvPKT_S2_PS0_S0_S2_	218
3816	tests/benchmarks/shoc/src/cuda/level2/s3d/rdwdot.h	_Z15rdwdot10_kernelIdEvPKT_S2_PS0_S0_S2_	219
3817	tests/benchmarks/shoc/src/cuda/level2/s3d/rdwdot.h	_Z15rdwdot10_kernelIdEvPKT_S2_PS0_S0_S2_	220
3818	tests/benchmarks/shoc/src/cuda/level2/s3d/rdwdot.h	_Z15rdwdot10_kernelIdEvPKT_S2_PS0_S0_S2_	221
3819	tests/benchmarks/shoc/src/cuda/level2/s3d/rdwdot.h	_Z15rdwdot10_kernelIdEvPKT_S2_PS0_S0_S2_	222
3820	tests/benchmarks/shoc/src/cuda/level2/s3d/rdwdot.h	_Z15rdwdot10_kernelIdEvPKT_S2_PS0_S0_S2_	223
3821	tests/benchmarks/shoc/src/cuda/level2/s3d/rdwdot.h	_Z15rdwdot10_kernelIdEvPKT_S2_PS0_S0_S2_	225
3822	tests/benchmarks/shoc/src/cuda/level2/s3d/rdwdot.h	_Z15rdwdot10_kernelIdEvPKT_S2_PS0_S0_S2_	226
3823	tests/benchmarks/shoc/src/cuda/level2/s3d/rdwdot.h	_Z15rdwdot10_kernelIdEvPKT_S2_PS0_S0_S2_	227
3824	tests/benchmarks/shoc/src/cuda/level2/s3d/rdwdot.h	_Z15rdwdot10_kernelIdEvPKT_S2_PS0_S0_S2_	228
3825	tests/benchmarks/shoc/src/cuda/level2/s3d/rdwdot.h	_Z15rdwdot10_kernelIdEvPKT_S2_PS0_S0_S2_	229
3826	tests/benchmarks/shoc/src/cuda/level2/s3d/rdwdot.h	_Z15rdwdot10_kernelIdEvPKT_S2_PS0_S0_S2_	230
3827	tests/benchmarks/shoc/src/cuda/level2/s3d/rdwdot.h	_Z15rdwdot10_kernelIdEvPKT_S2_PS0_S0_S2_	231
3828	tests/benchmarks/shoc/src/cuda/level2/s3d/rdwdot.h	_Z15rdwdot10_kernelIdEvPKT_S2_PS0_S0_S2_	232
3829	tests/benchmarks/shoc/src/cuda/level2/s3d/rdwdot.h	_Z15rdwdot10_kernelIdEvPKT_S2_PS0_S0_S2_	233
3830	tests/benchmarks/shoc/src/cuda/level2/s3d/rdwdot.h	_Z15rdwdot10_kernelIdEvPKT_S2_PS0_S0_S2_	234
3831	tests/benchmarks/shoc/src/cuda/level2/s3d/rdwdot.h	_Z15rdwdot10_kernelIdEvPKT_S2_PS0_S0_S2_	235
3832	tests/benchmarks/shoc/src/cuda/level2/s3d/rdwdot.h	_Z15rdwdot10_kernelIdEvPKT_S2_PS0_S0_S2_	237
3833	tests/benchmarks/shoc/src/cuda/level2/s3d/rdwdot.h	_Z15rdwdot10_kernelIdEvPKT_S2_PS0_S0_S2_	238
3834	tests/benchmarks/shoc/src/cuda/level2/s3d/rdwdot.h	_Z15rdwdot10_kernelIdEvPKT_S2_PS0_S0_S2_	239
3835	tests/benchmarks/shoc/src/cuda/level2/s3d/rdwdot.h	_Z15rdwdot10_kernelIdEvPKT_S2_PS0_S0_S2_	240
3836	tests/benchmarks/shoc/src/cuda/level2/s3d/rdwdot.h	_Z15rdwdot10_kernelIdEvPKT_S2_PS0_S0_S2_	241
3837	tests/benchmarks/shoc/src/cuda/level2/s3d/rdwdot.h	_Z15rdwdot10_kernelIdEvPKT_S2_PS0_S0_S2_	242
3838	tests/benchmarks/shoc/src/cuda/level2/s3d/rdwdot.h	_Z15rdwdot10_kernelIdEvPKT_S2_PS0_S0_S2_	243
3839	tests/benchmarks/shoc/src/cuda/level2/s3d/rdwdot.h	_Z15rdwdot10_kernelIdEvPKT_S2_PS0_S0_S2_	244
3840	tests/benchmarks/shoc/src/cuda/level2/s3d/rdwdot.h	_Z15rdwdot10_kernelIdEvPKT_S2_PS0_S0_S2_	245
3841	tests/benchmarks/shoc/src/cuda/level2/s3d/rdwdot.h	_Z15rdwdot10_kernelIdEvPKT_S2_PS0_S0_S2_	246
3842	tests/benchmarks/shoc/src/cuda/level2/s3d/rdwdot.h	_Z15rdwdot10_kernelIdEvPKT_S2_PS0_S0_S2_	247
3843	tests/benchmarks/shoc/src/cuda/level2/s3d/rdwdot.h	_Z15rdwdot10_kernelIdEvPKT_S2_PS0_S0_S2_	248
3844	tests/benchmarks/shoc/src/cuda/level2/s3d/rdwdot.h	_Z15rdwdot10_kernelIdEvPKT_S2_PS0_S0_S2_	249
3845	tests/benchmarks/shoc/src/cuda/level2/s3d/rdwdot.h	_Z15rdwdot10_kernelIdEvPKT_S2_PS0_S0_S2_	250
